-18.4207 0.333333 -6.69817e-06 -5.76164e-18 0.666667 -0.666667 -5.76164e-18 1 1 2.00945e-05 2.00945e-05 0 0 -0 0 
-18.417 0.333333 -6.72299e-06 -5.82513e-18 0.666667 -0.666667 -5.82513e-18 1 1 2.0169e-05 2.0169e-05 0 0 -0 0 
-18.4133 0.333333 -6.74783e-06 -5.88887e-18 0.666667 -0.666667 -5.88887e-18 1 1 2.02435e-05 2.02435e-05 0 0 -0 0 
-18.4096 0.333333 -6.77271e-06 -5.9531e-18 0.666667 -0.666667 -5.9531e-18 1 1 2.03181e-05 2.03181e-05 0 0 -0 0 
-18.4059 0.333333 -6.79767e-06 -6.01808e-18 0.666667 -0.666667 -6.01808e-18 1 1 2.0393e-05 2.0393e-05 0 0 -0 0 
-18.4023 0.333334 -6.82272e-06 -6.08404e-18 0.666666 -0.666666 -6.08404e-18 1 1 2.04682e-05 2.04682e-05 0 0 -0 0 
-18.3986 0.333334 -6.84789e-06 -6.15118e-18 0.666666 -0.666666 -6.15118e-18 1 1 2.05437e-05 2.05437e-05 0 0 -0 0 
-18.3949 0.333334 -6.87316e-06 -6.21945e-18 0.666666 -0.666666 -6.21945e-18 1 1 2.06195e-05 2.06195e-05 0 0 -0 0 
-18.3912 0.333334 -6.89854e-06 -6.28871e-18 0.666666 -0.666666 -6.28871e-18 1 1 2.06956e-05 2.06956e-05 0 0 -0 0 
-18.3875 0.333334 -6.92402e-06 -6.35887e-18 0.666666 -0.666666 -6.35887e-18 1 1 2.07721e-05 2.07721e-05 0 0 -0 0 
-18.3838 0.333334 -6.94959e-06 -6.42979e-18 0.666666 -0.666666 -6.42979e-18 1 1 2.08488e-05 2.08488e-05 0 0 -0 0 
-18.3801 0.333334 -6.97525e-06 -6.50139e-18 0.666666 -0.666666 -6.50139e-18 1 1 2.09258e-05 2.09258e-05 0 0 -0 0 
-18.3765 0.333334 -7.00101e-06 -6.57369e-18 0.666666 -0.666666 -6.57369e-18 1 1 2.1003e-05 2.1003e-05 0 0 -0 0 
-18.3728 0.333334 -7.02685e-06 -6.64673e-18 0.666666 -0.666666 -6.64673e-18 1 1 2.10805e-05 2.10805e-05 0 0 -0 0 
-18.3691 0.333334 -7.05279e-06 -6.72055e-18 0.666666 -0.666666 -6.72055e-18 1 1 2.11584e-05 2.11584e-05 0 0 -0 0 
-18.3654 0.333334 -7.07882e-06 -6.79519e-18 0.666666 -0.666666 -6.79519e-18 1 1 2.12365e-05 2.12365e-05 0 0 -0 0 
-18.3617 0.333334 -7.10495e-06 -6.87069e-18 0.666666 -0.666666 -6.87069e-18 1 1 2.13149e-05 2.13149e-05 0 0 -0 0 
-18.358 0.333334 -7.13118e-06 -6.94706e-18 0.666666 -0.666666 -6.94706e-18 1 1 2.13935e-05 2.13935e-05 0 0 -0 0 
-18.3544 0.333334 -7.15751e-06 -7.02429e-18 0.666666 -0.666666 -7.02429e-18 1 1 2.14725e-05 2.14725e-05 0 0 -0 0 
-18.3507 0.333334 -7.18393e-06 -7.10239e-18 0.666666 -0.666666 -7.10239e-18 1 1 2.15518e-05 2.15518e-05 0 0 -0 0 
-18.347 0.333334 -7.21045e-06 -7.18136e-18 0.666666 -0.666666 -7.18136e-18 1 1 2.16314e-05 2.16314e-05 0 0 -0 0 
-18.3433 0.333334 -7.23707e-06 -7.26119e-18 0.666666 -0.666666 -7.26119e-18 1 1 2.17112e-05 2.17112e-05 0 0 -0 0 
-18.3396 0.333334 -7.26379e-06 -7.34191e-18 0.666666 -0.666666 -7.34191e-18 1 1 2.17914e-05 2.17914e-05 0 0 -0 0 
-18.3359 0.333334 -7.2906e-06 -7.42352e-18 0.666666 -0.666666 -7.42352e-18 1 1 2.18718e-05 2.18718e-05 0 0 -0 0 
-18.3322 0.333334 -7.31752e-06 -7.50603e-18 0.666666 -0.666666 -7.50603e-18 1 1 2.19525e-05 2.19525e-05 0 0 -0 0 
-18.3286 0.333334 -7.34453e-06 -7.58946e-18 0.666666 -0.666666 -7.58946e-18 1 1 2.20336e-05 2.20336e-05 0 0 -0 0 
-18.3249 0.333334 -7.37164e-06 -7.67383e-18 0.666666 -0.666666 -7.67383e-18 1 1 2.21149e-05 2.21149e-05 0 0 -0 0 
-18.3212 0.333334 -7.39886e-06 -7.75913e-18 0.666666 -0.666666 -7.75913e-18 1 1 2.21966e-05 2.21966e-05 0 0 -0 0 
-18.3175 0.333334 -7.42617e-06 -7.84538e-18 0.666666 -0.666666 -7.84538e-18 1 1 2.22785e-05 2.22785e-05 0 0 -0 0 
-18.3138 0.333334 -7.45358e-06 -7.93259e-18 0.666666 -0.666666 -7.93259e-18 1 1 2.23608e-05 2.23608e-05 0 0 -0 0 
-18.3101 0.333334 -7.4811e-06 -8.02077e-18 0.666666 -0.666666 -8.02077e-18 1 1 2.24433e-05 2.24433e-05 0 0 -0 0 
-18.3064 0.333334 -7.50872e-06 -8.10993e-18 0.666666 -0.666666 -8.10993e-18 1 1 2.25262e-05 2.25262e-05 0 0 -0 0 
-18.3028 0.333334 -7.53644e-06 -8.20007e-18 0.666666 -0.666666 -8.20007e-18 1 1 2.26093e-05 2.26093e-05 0 0 -0 0 
-18.2991 0.333334 -7.56426e-06 -8.29123e-18 0.666666 -0.666666 -8.29123e-18 1 1 2.26928e-05 2.26928e-05 0 0 -0 0 
-18.2954 0.333334 -7.59218e-06 -8.38339e-18 0.666666 -0.666666 -8.38339e-18 1 1 2.27766e-05 2.27766e-05 0 0 -0 0 
-18.2917 0.333334 -7.62021e-06 -8.47658e-18 0.666666 -0.666666 -8.47658e-18 1 1 2.28606e-05 2.28606e-05 0 0 -0 0 
-18.288 0.333334 -7.64834e-06 -8.5708e-18 0.666666 -0.666666 -8.5708e-18 1 1 2.2945e-05 2.2945e-05 0 0 -0 0 
-18.2843 0.333334 -7.67658e-06 -8.66608e-18 0.666666 -0.666665 -8.66608e-18 1 1 2.30297e-05 2.30297e-05 0 0 -0 0 
-18.2807 0.333335 -7.70492e-06 -8.76241e-18 0.666665 -0.666665 -8.76241e-18 1 1 2.31147e-05 2.31147e-05 0 0 -0 0 
-18.277 0.333335 -7.73336e-06 -8.85981e-18 0.666665 -0.666665 -8.85981e-18 1 1 2.32001e-05 2.32001e-05 0 0 -0 0 
-18.2733 0.333335 -7.76191e-06 -8.95829e-18 0.666665 -0.666665 -8.95829e-18 1 1 2.32857e-05 2.32857e-05 0 0 -0 0 
-18.2696 0.333335 -7.79056e-06 -9.05787e-18 0.666665 -0.666665 -9.05787e-18 1 1 2.33717e-05 2.33717e-05 0 0 -0 0 
-18.2659 0.333335 -7.81932e-06 -9.15856e-18 0.666665 -0.666665 -9.15856e-18 1 1 2.3458e-05 2.3458e-05 0 0 -0 0 
-18.2622 0.333335 -7.84819e-06 -9.26037e-18 0.666665 -0.666665 -9.26037e-18 1 1 2.35446e-05 2.35446e-05 0 0 -0 0 
-18.2585 0.333335 -7.87716e-06 -9.3633e-18 0.666665 -0.666665 -9.3633e-18 1 1 2.36315e-05 2.36315e-05 0 0 -0 0 
-18.2549 0.333335 -7.90624e-06 -9.46739e-18 0.666665 -0.666665 -9.46739e-18 1 1 2.37187e-05 2.37187e-05 0 0 -0 0 
-18.2512 0.333335 -7.93543e-06 -9.57262e-18 0.666665 -0.666665 -9.57262e-18 1 1 2.38063e-05 2.38063e-05 0 0 -0 0 
-18.2475 0.333335 -7.96472e-06 -9.67903e-18 0.666665 -0.666665 -9.67903e-18 1 1 2.38942e-05 2.38942e-05 0 0 -0 0 
-18.2438 0.333335 -7.99413e-06 -9.78662e-18 0.666665 -0.666665 -9.78662e-18 1 1 2.39824e-05 2.39824e-05 0 0 -0 0 
-18.2401 0.333335 -8.02364e-06 -9.89541e-18 0.666665 -0.666665 -9.89541e-18 1 1 2.40709e-05 2.40709e-05 0 0 -0 0 
-18.2364 0.333335 -8.05326e-06 -1.00054e-17 0.666665 -0.666665 -1.00054e-17 1 1 2.41598e-05 2.41598e-05 0 0 -0 0 
-18.2328 0.333335 -8.08299e-06 -1.01166e-17 0.666665 -0.666665 -1.01166e-17 1 1 2.4249e-05 2.4249e-05 0 0 -0 0 
-18.2291 0.333335 -8.11283e-06 -1.02291e-17 0.666665 -0.666665 -1.02291e-17 1 1 2.43385e-05 2.43385e-05 0 0 -0 0 
-18.2254 0.333335 -8.14277e-06 -1.03428e-17 0.666665 -0.666665 -1.03428e-17 1 1 2.44283e-05 2.44283e-05 0 0 -0 0 
-18.2217 0.333335 -8.17283e-06 -1.04578e-17 0.666665 -0.666665 -1.04578e-17 1 1 2.45185e-05 2.45185e-05 0 0 -0 0 
-18.218 0.333335 -8.20301e-06 -1.0574e-17 0.666665 -0.666665 -1.0574e-17 1 1 2.4609e-05 2.4609e-05 0 0 -0 0 
-18.2143 0.333335 -8.23329e-06 -1.06915e-17 0.666665 -0.666665 -1.06915e-17 1 1 2.46999e-05 2.46999e-05 0 0 -0 0 
-18.2106 0.333335 -8.26368e-06 -1.08104e-17 0.666665 -0.666665 -1.08104e-17 1.00001 1.00001 2.4791e-05 2.4791e-05 0 0 -0 0 
-18.207 0.333335 -8.29419e-06 -1.09306e-17 0.666665 -0.666665 -1.09306e-17 1.00001 1.00001 2.48826e-05 2.48826e-05 0 0 -0 0 
-18.2033 0.333335 -8.32481e-06 -1.10521e-17 0.666665 -0.666665 -1.10521e-17 1.00001 1.00001 2.49744e-05 2.49744e-05 0 0 -0 0 
-18.1996 0.333335 -8.35554e-06 -1.11749e-17 0.666665 -0.666665 -1.11749e-17 1.00001 1.00001 2.50666e-05 2.50666e-05 0 0 -0 0 
-18.1959 0.333335 -8.38639e-06 -1.12991e-17 0.666665 -0.666665 -1.12991e-17 1.00001 1.00001 2.51592e-05 2.51592e-05 0 0 -0 0 
-18.1922 0.333335 -8.41734e-06 -1.14247e-17 0.666665 -0.666665 -1.14247e-17 1.00001 1.00001 2.5252e-05 2.5252e-05 0 0 -0 0 
-18.1885 0.333335 -8.44842e-06 -1.15517e-17 0.666665 -0.666665 -1.15517e-17 1.00001 1.00001 2.53453e-05 2.53453e-05 0 0 -0 0 
-18.1848 0.333335 -8.47961e-06 -1.16801e-17 0.666665 -0.666665 -1.16801e-17 1.00001 1.00001 2.54388e-05 2.54388e-05 0 0 -0 0 
-18.1812 0.333335 -8.51091e-06 -1.181e-17 0.666665 -0.666665 -1.181e-17 1.00001 1.00001 2.55327e-05 2.55327e-05 0 0 -0 0 
-18.1775 0.333335 -8.54233e-06 -1.19412e-17 0.666665 -0.666665 -1.19412e-17 1.00001 1.00001 2.5627e-05 2.5627e-05 0 0 -0 0 
-18.1738 0.333335 -8.57386e-06 -1.2074e-17 0.666665 -0.666665 -1.2074e-17 1.00001 1.00001 2.57216e-05 2.57216e-05 0 0 -0 0 
-18.1701 0.333335 -8.60551e-06 -1.22082e-17 0.666665 -0.666665 -1.22082e-17 1.00001 1.00001 2.58165e-05 2.58165e-05 0 0 -0 0 
-18.1664 0.333335 -8.63728e-06 -1.23439e-17 0.666665 -0.666665 -1.23439e-17 1.00001 1.00001 2.59118e-05 2.59118e-05 0 0 -0 0 
-18.1627 0.333335 -8.66917e-06 -1.24811e-17 0.666665 -0.666665 -1.24811e-17 1.00001 1.00001 2.60075e-05 2.60075e-05 0 0 -0 0 
-18.1591 0.333335 -8.70117e-06 -1.26199e-17 0.666665 -0.666665 -1.26199e-17 1.00001 1.00001 2.61035e-05 2.61035e-05 0 0 -0 0 
-18.1554 0.333335 -8.73329e-06 -1.27601e-17 0.666665 -0.666665 -1.27601e-17 1.00001 1.00001 2.61999e-05 2.61999e-05 0 0 -0 0 
-18.1517 0.333335 -8.76553e-06 -1.2902e-17 0.666665 -0.666665 -1.2902e-17 1.00001 1.00001 2.62966e-05 2.62966e-05 0 0 -0 0 
-18.148 0.333335 -8.79789e-06 -1.30454e-17 0.666665 -0.666665 -1.30454e-17 1.00001 1.00001 2.63937e-05 2.63937e-05 0 0 -0 0 
-18.1443 0.333335 -8.83037e-06 -1.31904e-17 0.666665 -0.666665 -1.31904e-17 1.00001 1.00001 2.64911e-05 2.64911e-05 0 0 -0 0 
-18.1406 0.333335 -8.86297e-06 -1.3337e-17 0.666665 -0.666665 -1.3337e-17 1.00001 1.00001 2.65889e-05 2.65889e-05 0 0 -0 0 
-18.1369 0.333335 -8.89569e-06 -1.34853e-17 0.666665 -0.666664 -1.34853e-17 1.00001 1.00001 2.66871e-05 2.66871e-05 0 0 -0 0 
-18.1333 0.333336 -8.92853e-06 -1.36352e-17 0.666664 -0.666664 -1.36352e-17 1.00001 1.00001 2.67856e-05 2.67856e-05 0 0 -0 0 
-18.1296 0.333336 -8.96149e-06 -1.37867e-17 0.666664 -0.666664 -1.37867e-17 1.00001 1.00001 2.68845e-05 2.68845e-05 0 0 -0 0 
-18.1259 0.333336 -8.99457e-06 -1.394e-17 0.666664 -0.666664 -1.394e-17 1.00001 1.00001 2.69837e-05 2.69837e-05 0 0 -0 0 
-18.1222 0.333336 -9.02777e-06 -1.4095e-17 0.666664 -0.666664 -1.4095e-17 1.00001 1.00001 2.70833e-05 2.70833e-05 0 0 -0 0 
-18.1185 0.333336 -9.0611e-06 -1.42516e-17 0.666664 -0.666664 -1.42516e-17 1.00001 1.00001 2.71833e-05 2.71833e-05 0 0 -0 0 
-18.1148 0.333336 -9.09455e-06 -1.44101e-17 0.666664 -0.666664 -1.44101e-17 1.00001 1.00001 2.72836e-05 2.72836e-05 0 0 -0 0 
-18.1112 0.333336 -9.12812e-06 -1.45702e-17 0.666664 -0.666664 -1.45702e-17 1.00001 1.00001 2.73844e-05 2.73844e-05 0 0 -0 0 
-18.1075 0.333336 -9.16182e-06 -1.47322e-17 0.666664 -0.666664 -1.47322e-17 1.00001 1.00001 2.74855e-05 2.74855e-05 0 0 -0 0 
-18.1038 0.333336 -9.19564e-06 -1.4896e-17 0.666664 -0.666664 -1.4896e-17 1.00001 1.00001 2.75869e-05 2.75869e-05 0 0 -0 0 
-18.1001 0.333336 -9.22959e-06 -1.50615e-17 0.666664 -0.666664 -1.50615e-17 1.00001 1.00001 2.76888e-05 2.76888e-05 0 0 -0 0 
-18.0964 0.333336 -9.26366e-06 -1.5229e-17 0.666664 -0.666664 -1.5229e-17 1.00001 1.00001 2.7791e-05 2.7791e-05 0 0 -0 0 
-18.0927 0.333336 -9.29786e-06 -1.53982e-17 0.666664 -0.666664 -1.53982e-17 1.00001 1.00001 2.78936e-05 2.78936e-05 0 0 -0 0 
-18.089 0.333336 -9.33218e-06 -1.55694e-17 0.666664 -0.666664 -1.55694e-17 1.00001 1.00001 2.79965e-05 2.79965e-05 0 0 -0 0 
-18.0854 0.333336 -9.36663e-06 -1.57425e-17 0.666664 -0.666664 -1.57425e-17 1.00001 1.00001 2.80999e-05 2.80999e-05 0 0 -0 0 
-18.0817 0.333336 -9.40121e-06 -1.59175e-17 0.666664 -0.666664 -1.59175e-17 1.00001 1.00001 2.82036e-05 2.82036e-05 0 0 -0 0 
-18.078 0.333336 -9.43592e-06 -1.60944e-17 0.666664 -0.666664 -1.60944e-17 1.00001 1.00001 2.83077e-05 2.83077e-05 0 0 -0 0 
-18.0743 0.333336 -9.47075e-06 -1.62733e-17 0.666664 -0.666664 -1.62733e-17 1.00001 1.00001 2.84122e-05 2.84122e-05 0 0 -0 0 
-18.0706 0.333336 -9.50571e-06 -1.64542e-17 0.666664 -0.666664 -1.64542e-17 1.00001 1.00001 2.85171e-05 2.85171e-05 0 0 -0 0 
-18.0669 0.333336 -9.5408e-06 -1.66371e-17 0.666664 -0.666664 -1.66371e-17 1.00001 1.00001 2.86224e-05 2.86224e-05 0 0 -0 0 
-18.0632 0.333336 -9.57602e-06 -1.6822e-17 0.666664 -0.666664 -1.6822e-17 1.00001 1.00001 2.87281e-05 2.87281e-05 0 0 -0 0 
-18.0596 0.333336 -9.61137e-06 -1.7009e-17 0.666664 -0.666664 -1.7009e-17 1.00001 1.00001 2.88341e-05 2.88341e-05 0 0 -0 0 
-18.0559 0.333336 -9.64685e-06 -1.71981e-17 0.666664 -0.666664 -1.71981e-17 1.00001 1.00001 2.89406e-05 2.89406e-05 0 0 -0 0 
-18.0522 0.333336 -9.68247e-06 -1.73893e-17 0.666664 -0.666664 -1.73893e-17 1.00001 1.00001 2.90474e-05 2.90474e-05 0 0 -0 0 
-18.0485 0.333336 -9.71821e-06 -1.75826e-17 0.666664 -0.666664 -1.75826e-17 1.00001 1.00001 2.91546e-05 2.91546e-05 0 0 -0 0 
-18.0448 0.333336 -9.75409e-06 -1.7778e-17 0.666664 -0.666664 -1.7778e-17 1.00001 1.00001 2.92623e-05 2.92623e-05 0 0 -0 0 
-18.0411 0.333336 -9.79009e-06 -1.79756e-17 0.666664 -0.666664 -1.79756e-17 1.00001 1.00001 2.93703e-05 2.93703e-05 0 0 -0 0 
-18.0375 0.333336 -9.82623e-06 -1.81754e-17 0.666664 -0.666664 -1.81754e-17 1.00001 1.00001 2.94787e-05 2.94787e-05 0 0 -0 0 
-18.0338 0.333336 -9.86251e-06 -1.83775e-17 0.666664 -0.666664 -1.83775e-17 1.00001 1.00001 2.95875e-05 2.95875e-05 0 0 -0 0 
-18.0301 0.333336 -9.89892e-06 -1.85818e-17 0.666664 -0.666664 -1.85818e-17 1.00001 1.00001 2.96968e-05 2.96968e-05 0 0 -0 0 
-18.0264 0.333336 -9.93546e-06 -1.87883e-17 0.666664 -0.666664 -1.87883e-17 1.00001 1.00001 2.98064e-05 2.98064e-05 0 0 -0 0 
-18.0227 0.333336 -9.97214e-06 -1.89972e-17 0.666664 -0.666664 -1.89972e-17 1.00001 1.00001 2.99164e-05 2.99164e-05 0 0 -0 0 
-18.019 0.333336 -1.0009e-05 -1.92083e-17 0.666664 -0.666664 -1.92083e-17 1.00001 1.00001 3.00269e-05 3.00269e-05 0 0 -0 0 
-18.0153 0.333336 -1.00459e-05 -1.94218e-17 0.666664 -0.666664 -1.94218e-17 1.00001 1.00001 3.01377e-05 3.01377e-05 0 0 -0 0 
-18.0117 0.333336 -1.0083e-05 -1.96377e-17 0.666664 -0.666664 -1.96377e-17 1.00001 1.00001 3.0249e-05 3.0249e-05 0 0 -0 0 
-18.008 0.333336 -1.01202e-05 -1.9856e-17 0.666664 -0.666664 -1.9856e-17 1.00001 1.00001 3.03606e-05 3.03606e-05 0 0 -0 0 
-18.0043 0.333336 -1.01576e-05 -2.00767e-17 0.666664 -0.666664 -2.00767e-17 1.00001 1.00001 3.04727e-05 3.04727e-05 0 0 -0 0 
-18.0006 0.333336 -1.01951e-05 -2.02999e-17 0.666664 -0.666664 -2.02999e-17 1.00001 1.00001 3.05852e-05 3.05852e-05 0 0 -0 0 
-17.9969 0.333336 -1.02327e-05 -2.05256e-17 0.666664 -0.666664 -2.05256e-17 1.00001 1.00001 3.06981e-05 3.06981e-05 0 0 -0 0 
-17.9932 0.333336 -1.02705e-05 -2.07537e-17 0.666664 -0.666664 -2.07537e-17 1.00001 1.00001 3.08114e-05 3.08114e-05 0 0 -0 0 
-17.9896 0.333336 -1.03084e-05 -2.09844e-17 0.666664 -0.666664 -2.09844e-17 1.00001 1.00001 3.09252e-05 3.09252e-05 0 0 -0 0 
-17.9859 0.333336 -1.03464e-05 -2.12177e-17 0.666664 -0.666664 -2.12177e-17 1.00001 1.00001 3.10393e-05 3.10393e-05 0 0 -0 0 
-17.9822 0.333336 -1.03846e-05 -2.14535e-17 0.666664 -0.666664 -2.14535e-17 1.00001 1.00001 3.11539e-05 3.11539e-05 0 0 -0 0 
-17.9785 0.333336 -1.0423e-05 -2.1692e-17 0.666664 -0.666664 -2.1692e-17 1.00001 1.00001 3.12689e-05 3.12689e-05 0 0 -0 0 
-17.9748 0.333336 -1.04614e-05 -2.19331e-17 0.666664 -0.666664 -2.19331e-17 1.00001 1.00001 3.13843e-05 3.13843e-05 0 0 -0 0 
-17.9711 0.333336 -1.05001e-05 -2.21769e-17 0.666664 -0.666664 -2.21769e-17 1.00001 1.00001 3.15002e-05 3.15002e-05 0 0 -0 0 
-17.9674 0.333336 -1.05388e-05 -2.24234e-17 0.666664 -0.666663 -2.24234e-17 1.00001 1.00001 3.16165e-05 3.16165e-05 0 0 -0 0 
-17.9638 0.333337 -1.05777e-05 -2.26727e-17 0.666663 -0.666663 -2.26727e-17 1.00001 1.00001 3.17332e-05 3.17332e-05 0 0 -0 0 
-17.9601 0.333337 -1.06168e-05 -2.29247e-17 0.666663 -0.666663 -2.29247e-17 1.00001 1.00001 3.18504e-05 3.18504e-05 0 0 -0 0 
-17.9564 0.333337 -1.0656e-05 -2.31796e-17 0.666663 -0.666663 -2.31796e-17 1.00001 1.00001 3.19679e-05 3.19679e-05 0 0 -0 0 
-17.9527 0.333337 -1.06953e-05 -2.34372e-17 0.666663 -0.666663 -2.34372e-17 1.00001 1.00001 3.20859e-05 3.20859e-05 0 0 -0 0 
-17.949 0.333337 -1.07348e-05 -2.36977e-17 0.666663 -0.666663 -2.36977e-17 1.00001 1.00001 3.22044e-05 3.22044e-05 0 0 -0 0 
-17.9453 0.333337 -1.07744e-05 -2.39612e-17 0.666663 -0.666663 -2.39612e-17 1.00001 1.00001 3.23233e-05 3.23233e-05 0 0 -0 0 
-17.9416 0.333337 -1.08142e-05 -2.42275e-17 0.666663 -0.666663 -2.42275e-17 1.00001 1.00001 3.24426e-05 3.24426e-05 0 0 -0 0 
-17.938 0.333337 -1.08541e-05 -2.44968e-17 0.666663 -0.666663 -2.44968e-17 1.00001 1.00001 3.25624e-05 3.25624e-05 0 0 -0 0 
-17.9343 0.333337 -1.08942e-05 -2.47691e-17 0.666663 -0.666663 -2.47691e-17 1.00001 1.00001 3.26826e-05 3.26826e-05 0 0 -0 0 
-17.9306 0.333337 -1.09344e-05 -2.50444e-17 0.666663 -0.666663 -2.50444e-17 1.00001 1.00001 3.28032e-05 3.28032e-05 0 0 -0 0 
-17.9269 0.333337 -1.09748e-05 -2.53228e-17 0.666663 -0.666663 -2.53228e-17 1.00001 1.00001 3.29243e-05 3.29243e-05 0 0 -0 0 
-17.9232 0.333337 -1.10153e-05 -2.56043e-17 0.666663 -0.666663 -2.56043e-17 1.00001 1.00001 3.30459e-05 3.30459e-05 0 0 -0 0 
-17.9195 0.333337 -1.10559e-05 -2.58889e-17 0.666663 -0.666663 -2.58889e-17 1.00001 1.00001 3.31678e-05 3.31678e-05 0 0 -0 0 
-17.9159 0.333337 -1.10968e-05 -2.61767e-17 0.666663 -0.666663 -2.61767e-17 1.00001 1.00001 3.32903e-05 3.32903e-05 0 0 -0 0 
-17.9122 0.333337 -1.11377e-05 -2.64677e-17 0.666663 -0.666663 -2.64677e-17 1.00001 1.00001 3.34132e-05 3.34132e-05 0 0 -0 0 
-17.9085 0.333337 -1.11788e-05 -2.67619e-17 0.666663 -0.666663 -2.67619e-17 1.00001 1.00001 3.35365e-05 3.35365e-05 0 0 -0 0 
-17.9048 0.333337 -1.12201e-05 -2.70594e-17 0.666663 -0.666663 -2.70594e-17 1.00001 1.00001 3.36603e-05 3.36603e-05 0 0 -0 0 
-17.9011 0.333337 -1.12615e-05 -2.73602e-17 0.666663 -0.666663 -2.73602e-17 1.00001 1.00001 3.37846e-05 3.37846e-05 0 0 -0 0 
-17.8974 0.333337 -1.13031e-05 -2.76643e-17 0.666663 -0.666663 -2.76643e-17 1.00001 1.00001 3.39093e-05 3.39093e-05 0 0 -0 0 
-17.8937 0.333337 -1.13448e-05 -2.79718e-17 0.666663 -0.666663 -2.79718e-17 1.00001 1.00001 3.40345e-05 3.40345e-05 0 0 -0 0 
-17.8901 0.333337 -1.13867e-05 -2.82827e-17 0.666663 -0.666663 -2.82827e-17 1.00001 1.00001 3.41601e-05 3.41601e-05 0 0 -0 0 
-17.8864 0.333337 -1.14287e-05 -2.85971e-17 0.666663 -0.666663 -2.85971e-17 1.00001 1.00001 3.42862e-05 3.42862e-05 0 0 -0 0 
-17.8827 0.333337 -1.14709e-05 -2.8915e-17 0.666663 -0.666663 -2.8915e-17 1.00001 1.00001 3.44128e-05 3.44128e-05 0 0 -0 0 
-17.879 0.333337 -1.15133e-05 -2.92364e-17 0.666663 -0.666663 -2.92364e-17 1.00001 1.00001 3.45398e-05 3.45398e-05 0 0 -0 0 
-17.8753 0.333337 -1.15558e-05 -2.95614e-17 0.666663 -0.666663 -2.95614e-17 1.00001 1.00001 3.46673e-05 3.46673e-05 0 0 -0 0 
-17.8716 0.333337 -1.15984e-05 -2.989e-17 0.666663 -0.666663 -2.989e-17 1.00001 1.00001 3.47953e-05 3.47953e-05 0 0 -0 0 
-17.8679 0.333337 -1.16413e-05 -3.02223e-17 0.666663 -0.666663 -3.02223e-17 1.00001 1.00001 3.49238e-05 3.49238e-05 0 0 -0 0 
-17.8643 0.333337 -1.16842e-05 -3.05582e-17 0.666663 -0.666663 -3.05582e-17 1.00001 1.00001 3.50527e-05 3.50527e-05 0 0 -0 0 
-17.8606 0.333337 -1.17274e-05 -3.08979e-17 0.666663 -0.666663 -3.08979e-17 1.00001 1.00001 3.51821e-05 3.51821e-05 0 0 -0 0 
-17.8569 0.333337 -1.17707e-05 -3.12413e-17 0.666663 -0.666663 -3.12413e-17 1.00001 1.00001 3.5312e-05 3.5312e-05 0 0 -0 0 
-17.8532 0.333337 -1.18141e-05 -3.15886e-17 0.666663 -0.666663 -3.15886e-17 1.00001 1.00001 3.54423e-05 3.54423e-05 0 0 -0 0 
-17.8495 0.333337 -1.18577e-05 -3.19397e-17 0.666663 -0.666663 -3.19397e-17 1.00001 1.00001 3.55731e-05 3.55731e-05 0 0 -0 0 
-17.8458 0.333337 -1.19015e-05 -3.22948e-17 0.666663 -0.666663 -3.22948e-17 1.00001 1.00001 3.57045e-05 3.57045e-05 0 0 -0 0 
-17.8422 0.333337 -1.19454e-05 -3.26538e-17 0.666663 -0.666663 -3.26538e-17 1.00001 1.00001 3.58363e-05 3.58363e-05 0 0 -0 0 
-17.8385 0.333337 -1.19895e-05 -3.30167e-17 0.666663 -0.666663 -3.30167e-17 1.00001 1.00001 3.59686e-05 3.59686e-05 0 0 -0 0 
-17.8348 0.333337 -1.20338e-05 -3.33837e-17 0.666663 -0.666663 -3.33837e-17 1.00001 1.00001 3.61013e-05 3.61013e-05 0 0 -0 0 
-17.8311 0.333337 -1.20782e-05 -3.37548e-17 0.666663 -0.666663 -3.37548e-17 1.00001 1.00001 3.62346e-05 3.62346e-05 0 0 -0 0 
-17.8274 0.333337 -1.21228e-05 -3.413e-17 0.666663 -0.666663 -3.413e-17 1.00001 1.00001 3.63684e-05 3.63684e-05 0 0 -0 0 
-17.8237 0.333337 -1.21675e-05 -3.45094e-17 0.666663 -0.666663 -3.45094e-17 1.00001 1.00001 3.65026e-05 3.65026e-05 0 0 -0 0 
-17.82 0.333337 -1.22125e-05 -3.4893e-17 0.666663 -0.666663 -3.4893e-17 1.00001 1.00001 3.66374e-05 3.66374e-05 0 0 -0 0 
-17.8164 0.333337 -1.22575e-05 -3.52809e-17 0.666663 -0.666663 -3.52809e-17 1.00001 1.00001 3.67726e-05 3.67726e-05 0 0 -0 0 
-17.8127 0.333337 -1.23028e-05 -3.56731e-17 0.666663 -0.666663 -3.56731e-17 1.00001 1.00001 3.69084e-05 3.69084e-05 0 0 -0 0 
-17.809 0.333337 -1.23482e-05 -3.60696e-17 0.666663 -0.666663 -3.60696e-17 1.00001 1.00001 3.70446e-05 3.70446e-05 0 0 -0 0 
-17.8053 0.333337 -1.23938e-05 -3.64705e-17 0.666663 -0.666663 -3.64705e-17 1.00001 1.00001 3.71814e-05 3.71814e-05 0 0 -0 0 
-17.8016 0.333337 -1.24395e-05 -3.68759e-17 0.666663 -0.666663 -3.68759e-17 1.00001 1.00001 3.73186e-05 3.73186e-05 0 0 -0 0 
-17.7979 0.333337 -1.24855e-05 -3.72859e-17 0.666663 -0.666663 -3.72859e-17 1.00001 1.00001 3.74564e-05 3.74564e-05 0 0 -0 0 
-17.7943 0.333337 -1.25316e-05 -3.77003e-17 0.666663 -0.666663 -3.77003e-17 1.00001 1.00001 3.75947e-05 3.75947e-05 0 0 -0 0 
-17.7906 0.333337 -1.25778e-05 -3.81194e-17 0.666663 -0.666662 -3.81194e-17 1.00001 1.00001 3.77334e-05 3.77334e-05 0 0 -0 0 
-17.7869 0.333337 -1.26242e-05 -3.85431e-17 0.666663 -0.666662 -3.85431e-17 1.00001 1.00001 3.78727e-05 3.78727e-05 0 0 -0 0 
-17.7832 0.333338 -1.26709e-05 -3.89716e-17 0.666662 -0.666662 -3.89716e-17 1.00001 1.00001 3.80126e-05 3.80126e-05 0 0 -0 0 
-17.7795 0.333338 -1.27176e-05 -3.94048e-17 0.666662 -0.666662 -3.94048e-17 1.00001 1.00001 3.81529e-05 3.81529e-05 0 0 -0 0 
-17.7758 0.333338 -1.27646e-05 -3.98428e-17 0.666662 -0.666662 -3.98428e-17 1.00001 1.00001 3.82937e-05 3.82937e-05 0 0 -0 0 
-17.7721 0.333338 -1.28117e-05 -4.02857e-17 0.666662 -0.666662 -4.02857e-17 1.00001 1.00001 3.84351e-05 3.84351e-05 0 0 -0 0 
-17.7685 0.333338 -1.2859e-05 -4.07335e-17 0.666662 -0.666662 -4.07335e-17 1.00001 1.00001 3.8577e-05 3.8577e-05 0 0 -0 0 
-17.7648 0.333338 -1.29065e-05 -4.11862e-17 0.666662 -0.666662 -4.11862e-17 1.00001 1.00001 3.87194e-05 3.87194e-05 0 0 -0 0 
-17.7611 0.333338 -1.29541e-05 -4.16441e-17 0.666662 -0.666662 -4.16441e-17 1.00001 1.00001 3.88623e-05 3.88623e-05 0 0 -0 0 
-17.7574 0.333338 -1.30019e-05 -4.2107e-17 0.666662 -0.666662 -4.2107e-17 1.00001 1.00001 3.90058e-05 3.90058e-05 0 0 -0 0 
-17.7537 0.333338 -1.30499e-05 -4.2575e-17 0.666662 -0.666662 -4.2575e-17 1.00001 1.00001 3.91498e-05 3.91498e-05 0 0 -0 0 
-17.75 0.333338 -1.30981e-05 -4.30483e-17 0.666662 -0.666662 -4.30483e-17 1.00001 1.00001 3.92943e-05 3.92943e-05 0 0 -0 0 
-17.7463 0.333338 -1.31464e-05 -4.35268e-17 0.666662 -0.666662 -4.35268e-17 1.00001 1.00001 3.94393e-05 3.94393e-05 0 0 -0 0 
-17.7427 0.333338 -1.3195e-05 -4.40106e-17 0.666662 -0.666662 -4.40106e-17 1.00001 1.00001 3.95849e-05 3.95849e-05 0 0 -0 0 
-17.739 0.333338 -1.32437e-05 -4.44998e-17 0.666662 -0.666662 -4.44998e-17 1.00001 1.00001 3.97311e-05 3.97311e-05 0 0 -0 0 
-17.7353 0.333338 -1.32926e-05 -4.49945e-17 0.666662 -0.666662 -4.49945e-17 1.00001 1.00001 3.98777e-05 3.98777e-05 0 0 -0 0 
-17.7316 0.333338 -1.33416e-05 -4.54946e-17 0.666662 -0.666662 -4.54946e-17 1.00001 1.00001 4.00249e-05 4.00249e-05 0 0 -0 0 
-17.7279 0.333338 -1.33909e-05 -4.60004e-17 0.666662 -0.666662 -4.60004e-17 1.00001 1.00001 4.01727e-05 4.01727e-05 0 0 -0 0 
-17.7242 0.333338 -1.34403e-05 -4.65117e-17 0.666662 -0.666662 -4.65117e-17 1.00001 1.00001 4.0321e-05 4.0321e-05 0 0 -0 0 
-17.7206 0.333338 -1.34899e-05 -4.70287e-17 0.666662 -0.666662 -4.70287e-17 1.00001 1.00001 4.04698e-05 4.04698e-05 0 0 -0 0 
-17.7169 0.333338 -1.35397e-05 -4.75515e-17 0.666662 -0.666662 -4.75515e-17 1.00001 1.00001 4.06192e-05 4.06192e-05 0 0 -0 0 
-17.7132 0.333338 -1.35897e-05 -4.808e-17 0.666662 -0.666662 -4.808e-17 1.00001 1.00001 4.07692e-05 4.07692e-05 0 0 -0 0 
-17.7095 0.333338 -1.36399e-05 -4.86145e-17 0.666662 -0.666662 -4.86145e-17 1.00001 1.00001 4.09197e-05 4.09197e-05 0 0 -0 0 
-17.7058 0.333338 -1.36902e-05 -4.91549e-17 0.666662 -0.666662 -4.91549e-17 1.00001 1.00001 4.10707e-05 4.10707e-05 0 0 -0 0 
-17.7021 0.333338 -1.37408e-05 -4.97013e-17 0.666662 -0.666662 -4.97013e-17 1.00001 1.00001 4.12223e-05 4.12223e-05 0 0 -0 0 
-17.6984 0.333338 -1.37915e-05 -5.02537e-17 0.666662 -0.666662 -5.02537e-17 1.00001 1.00001 4.13745e-05 4.13745e-05 0 0 -0 0 
-17.6948 0.333338 -1.38424e-05 -5.08123e-17 0.666662 -0.666662 -5.08123e-17 1.00001 1.00001 4.15273e-05 4.15273e-05 0 0 -0 0 
-17.6911 0.333338 -1.38935e-05 -5.13772e-17 0.666662 -0.666662 -5.13772e-17 1.00001 1.00001 4.16805e-05 4.16805e-05 0 0 -0 0 
-17.6874 0.333338 -1.39448e-05 -5.19483e-17 0.666662 -0.666662 -5.19483e-17 1.00001 1.00001 4.18344e-05 4.18344e-05 0 0 -0 0 
-17.6837 0.333338 -1.39963e-05 -5.25257e-17 0.666662 -0.666662 -5.25257e-17 1.00001 1.00001 4.19888e-05 4.19888e-05 0 0 -0 0 
-17.68 0.333338 -1.40479e-05 -5.31096e-17 0.666662 -0.666662 -5.31096e-17 1.00001 1.00001 4.21438e-05 4.21438e-05 0 0 -0 0 
-17.6763 0.333338 -1.40998e-05 -5.36999e-17 0.666662 -0.666662 -5.36999e-17 1.00001 1.00001 4.22994e-05 4.22994e-05 0 0 -0 0 
-17.6727 0.333338 -1.41519e-05 -5.42968e-17 0.666662 -0.666662 -5.42968e-17 1.00001 1.00001 4.24556e-05 4.24556e-05 0 0 -0 0 
-17.669 0.333338 -1.42041e-05 -5.49004e-17 0.666662 -0.666662 -5.49004e-17 1.00001 1.00001 4.26123e-05 4.26123e-05 0 0 -0 0 
-17.6653 0.333338 -1.42565e-05 -5.55107e-17 0.666662 -0.666662 -5.55107e-17 1.00001 1.00001 4.27696e-05 4.27696e-05 0 0 -0 0 
-17.6616 0.333338 -1.43092e-05 -5.61277e-17 0.666662 -0.666662 -5.61277e-17 1.00001 1.00001 4.29275e-05 4.29275e-05 0 0 -0 0 
-17.6579 0.333338 -1.4362e-05 -5.67516e-17 0.666662 -0.666662 -5.67516e-17 1.00001 1.00001 4.3086e-05 4.3086e-05 0 0 -0 0 
-17.6542 0.333338 -1.4415e-05 -5.73824e-17 0.666662 -0.666662 -5.73824e-17 1.00001 1.00001 4.3245e-05 4.3245e-05 0 0 -0 0 
-17.6505 0.333338 -1.44682e-05 -5.80203e-17 0.666662 -0.666662 -5.80203e-17 1.00001 1.00001 4.34046e-05 4.34046e-05 0 0 -0 0 
-17.6469 0.333338 -1.45216e-05 -5.86652e-17 0.666662 -0.666662 -5.86652e-17 1.00001 1.00001 4.35649e-05 4.35649e-05 0 0 -0 0 
-17.6432 0.333338 -1.45752e-05 -5.93173e-17 0.666662 -0.666662 -5.93173e-17 1.00001 1.00001 4.37257e-05 4.37257e-05 0 0 -0 0 
-17.6395 0.333338 -1.4629e-05 -5.99767e-17 0.666662 -0.666662 -5.99767e-17 1.00001 1.00001 4.38871e-05 4.38871e-05 0 0 -0 0 
-17.6358 0.333338 -1.4683e-05 -6.06434e-17 0.666662 -0.666662 -6.06434e-17 1.00002 1.00002 4.40491e-05 4.40491e-05 0 0 -0 0 
-17.6321 0.333338 -1.47372e-05 -6.13175e-17 0.666662 -0.666662 -6.13175e-17 1.00002 1.00002 4.42117e-05 4.42117e-05 0 0 -0 0 
-17.6284 0.333338 -1.47916e-05 -6.19991e-17 0.666662 -0.666662 -6.19991e-17 1.00002 1.00002 4.43749e-05 4.43749e-05 0 0 -0 0 
-17.6247 0.333338 -1.48462e-05 -6.26882e-17 0.666662 -0.666662 -6.26882e-17 1.00002 1.00002 4.45387e-05 4.45387e-05 0 0 -0 0 
-17.6211 0.333338 -1.49011e-05 -6.33851e-17 0.666662 -0.666662 -6.33851e-17 1.00002 1.00002 4.47032e-05 4.47032e-05 0 0 -0 0 
-17.6174 0.333338 -1.49561e-05 -6.40896e-17 0.666662 -0.666661 -6.40896e-17 1.00002 1.00002 4.48682e-05 4.48682e-05 0 0 -0 0 
-17.6137 0.333338 -1.50113e-05 -6.48021e-17 0.666662 -0.666661 -6.48021e-17 1.00002 1.00002 4.50338e-05 4.50338e-05 0 0 -0 0 
-17.61 0.333339 -1.50667e-05 -6.55224e-17 0.666661 -0.666661 -6.55224e-17 1.00002 1.00002 4.52e-05 4.52e-05 0 0 -0 0 
-17.6063 0.333339 -1.51223e-05 -6.62507e-17 0.666661 -0.666661 -6.62507e-17 1.00002 1.00002 4.53669e-05 4.53669e-05 0 0 -0 0 
-17.6026 0.333339 -1.51781e-05 -6.69871e-17 0.666661 -0.666661 -6.69871e-17 1.00002 1.00002 4.55344e-05 4.55344e-05 0 0 -0 0 
-17.599 0.333339 -1.52342e-05 -6.77318e-17 0.666661 -0.666661 -6.77318e-17 1.00002 1.00002 4.57025e-05 4.57025e-05 0 0 -0 0 
-17.5953 0.333339 -1.52904e-05 -6.84846e-17 0.666661 -0.666661 -6.84846e-17 1.00002 1.00002 4.58712e-05 4.58712e-05 0 0 -0 0 
-17.5916 0.333339 -1.53468e-05 -6.92459e-17 0.666661 -0.666661 -6.92459e-17 1.00002 1.00002 4.60405e-05 4.60405e-05 0 0 -0 0 
-17.5879 0.333339 -1.54035e-05 -7.00156e-17 0.666661 -0.666661 -7.00156e-17 1.00002 1.00002 4.62105e-05 4.62105e-05 0 0 -0 0 
-17.5842 0.333339 -1.54604e-05 -7.07939e-17 0.666661 -0.666661 -7.07939e-17 1.00002 1.00002 4.63811e-05 4.63811e-05 0 0 -0 0 
-17.5805 0.333339 -1.55174e-05 -7.15808e-17 0.666661 -0.666661 -7.15808e-17 1.00002 1.00002 4.65523e-05 4.65523e-05 0 0 -0 0 
-17.5768 0.333339 -1.55747e-05 -7.23765e-17 0.666661 -0.666661 -7.23765e-17 1.00002 1.00002 4.67241e-05 4.67241e-05 0 0 -0 0 
-17.5732 0.333339 -1.56322e-05 -7.3181e-17 0.666661 -0.666661 -7.3181e-17 1.00002 1.00002 4.68966e-05 4.68966e-05 0 0 -0 0 
-17.5695 0.333339 -1.56899e-05 -7.39945e-17 0.666661 -0.666661 -7.39945e-17 1.00002 1.00002 4.70697e-05 4.70697e-05 0 0 -0 0 
-17.5658 0.333339 -1.57478e-05 -7.4817e-17 0.666661 -0.666661 -7.4817e-17 1.00002 1.00002 4.72435e-05 4.72435e-05 0 0 -0 0 
-17.5621 0.333339 -1.5806e-05 -7.56486e-17 0.666661 -0.666661 -7.56486e-17 1.00002 1.00002 4.74179e-05 4.74179e-05 0 0 -0 0 
-17.5584 0.333339 -1.58643e-05 -7.64895e-17 0.666661 -0.666661 -7.64895e-17 1.00002 1.00002 4.75929e-05 4.75929e-05 0 0 -0 0 
-17.5547 0.333339 -1.59229e-05 -7.73398e-17 0.666661 -0.666661 -7.73398e-17 1.00002 1.00002 4.77686e-05 4.77686e-05 0 0 -0 0 
-17.5511 0.333339 -1.59816e-05 -7.81995e-17 0.666661 -0.666661 -7.81995e-17 1.00002 1.00002 4.79449e-05 4.79449e-05 0 0 -0 0 
-17.5474 0.333339 -1.60406e-05 -7.90687e-17 0.666661 -0.666661 -7.90687e-17 1.00002 1.00002 4.81219e-05 4.81219e-05 0 0 -0 0 
-17.5437 0.333339 -1.60999e-05 -7.99476e-17 0.666661 -0.666661 -7.99476e-17 1.00002 1.00002 4.82996e-05 4.82996e-05 0 0 -0 0 
-17.54 0.333339 -1.61593e-05 -8.08363e-17 0.666661 -0.666661 -8.08363e-17 1.00002 1.00002 4.84779e-05 4.84779e-05 0 0 -0 0 
-17.5363 0.333339 -1.62189e-05 -8.17349e-17 0.666661 -0.666661 -8.17349e-17 1.00002 1.00002 4.86568e-05 4.86568e-05 0 0 -0 0 
-17.5326 0.333339 -1.62788e-05 -8.26434e-17 0.666661 -0.666661 -8.26434e-17 1.00002 1.00002 4.88364e-05 4.88364e-05 0 0 -0 0 
-17.5289 0.333339 -1.63389e-05 -8.3562e-17 0.666661 -0.666661 -8.3562e-17 1.00002 1.00002 4.90167e-05 4.90167e-05 0 0 -0 0 
-17.5253 0.333339 -1.63992e-05 -8.44909e-17 0.666661 -0.666661 -8.44909e-17 1.00002 1.00002 4.91977e-05 4.91977e-05 0 0 -0 0 
-17.5216 0.333339 -1.64598e-05 -8.54301e-17 0.666661 -0.666661 -8.54301e-17 1.00002 1.00002 4.93793e-05 4.93793e-05 0 0 -0 0 
-17.5179 0.333339 -1.65205e-05 -8.63797e-17 0.666661 -0.666661 -8.63797e-17 1.00002 1.00002 4.95616e-05 4.95616e-05 0 0 -0 0 
-17.5142 0.333339 -1.65815e-05 -8.73399e-17 0.666661 -0.666661 -8.73399e-17 1.00002 1.00002 4.97445e-05 4.97445e-05 0 0 -0 0 
-17.5105 0.333339 -1.66427e-05 -8.83107e-17 0.666661 -0.666661 -8.83107e-17 1.00002 1.00002 4.99281e-05 4.99281e-05 0 0 -0 0 
-17.5068 0.333339 -1.67042e-05 -8.92924e-17 0.666661 -0.666661 -8.92924e-17 1.00002 1.00002 5.01125e-05 5.01125e-05 0 0 -0 0 
-17.5031 0.333339 -1.67658e-05 -9.02849e-17 0.666661 -0.666661 -9.02849e-17 1.00002 1.00002 5.02974e-05 5.02974e-05 0 0 -0 0 
-17.4995 0.333339 -1.68277e-05 -9.12885e-17 0.666661 -0.666661 -9.12885e-17 1.00002 1.00002 5.04831e-05 5.04831e-05 0 0 -0 0 
-17.4958 0.333339 -1.68898e-05 -9.23032e-17 0.666661 -0.666661 -9.23032e-17 1.00002 1.00002 5.06695e-05 5.06695e-05 0 0 -0 0 
-17.4921 0.333339 -1.69522e-05 -9.33293e-17 0.666661 -0.666661 -9.33293e-17 1.00002 1.00002 5.08565e-05 5.08565e-05 0 0 -0 0 
-17.4884 0.333339 -1.70147e-05 -9.43667e-17 0.666661 -0.666661 -9.43667e-17 1.00002 1.00002 5.10442e-05 5.10442e-05 0 0 -0 0 
-17.4847 0.333339 -1.70776e-05 -9.54156e-17 0.666661 -0.666661 -9.54156e-17 1.00002 1.00002 5.12327e-05 5.12327e-05 0 0 -0 0 
-17.481 0.333339 -1.71406e-05 -9.64763e-17 0.666661 -0.666661 -9.64763e-17 1.00002 1.00002 5.14218e-05 5.14218e-05 0 0 -0 0 
-17.4774 0.333339 -1.72039e-05 -9.75487e-17 0.666661 -0.666661 -9.75487e-17 1.00002 1.00002 5.16116e-05 5.16116e-05 0 0 -0 0 
-17.4737 0.333339 -1.72674e-05 -9.8633e-17 0.666661 -0.666661 -9.8633e-17 1.00002 1.00002 5.18021e-05 5.18021e-05 0 0 -0 0 
-17.47 0.333339 -1.73311e-05 -9.97294e-17 0.666661 -0.666661 -9.97294e-17 1.00002 1.00002 5.19934e-05 5.19934e-05 0 0 -0 0 
-17.4663 0.333339 -1.73951e-05 -1.00838e-16 0.666661 -0.666661 -1.00838e-16 1.00002 1.00002 5.21853e-05 5.21853e-05 0 0 -0 0 
-17.4626 0.333339 -1.74593e-05 -1.01959e-16 0.666661 -0.666661 -1.01959e-16 1.00002 1.00002 5.23779e-05 5.23779e-05 0 0 -0 0 
-17.4589 0.333339 -1.75238e-05 -1.03092e-16 0.666661 -0.66666 -1.03092e-16 1.00002 1.00002 5.25713e-05 5.25713e-05 0 0 -0 0 
-17.4552 0.333339 -1.75885e-05 -1.04238e-16 0.666661 -0.66666 -1.04238e-16 1.00002 1.00002 5.27654e-05 5.27654e-05 0 0 -0 0 
-17.4516 0.33334 -1.76534e-05 -1.05397e-16 0.66666 -0.66666 -1.05397e-16 1.00002 1.00002 5.29601e-05 5.29601e-05 0 0 -0 0 
-17.4479 0.33334 -1.77185e-05 -1.06568e-16 0.66666 -0.66666 -1.06568e-16 1.00002 1.00002 5.31556e-05 5.31556e-05 0 0 -0 0 
-17.4442 0.33334 -1.7784e-05 -1.07753e-16 0.66666 -0.66666 -1.07753e-16 1.00002 1.00002 5.33519e-05 5.33519e-05 0 0 -0 0 
-17.4405 0.33334 -1.78496e-05 -1.08951e-16 0.66666 -0.66666 -1.08951e-16 1.00002 1.00002 5.35488e-05 5.35488e-05 0 0 -0 0 
-17.4368 0.33334 -1.79155e-05 -1.10162e-16 0.66666 -0.66666 -1.10162e-16 1.00002 1.00002 5.37465e-05 5.37465e-05 0 0 -0 0 
-17.4331 0.33334 -1.79816e-05 -1.11386e-16 0.66666 -0.66666 -1.11386e-16 1.00002 1.00002 5.39449e-05 5.39449e-05 0 0 -0 0 
-17.4294 0.33334 -1.8048e-05 -1.12624e-16 0.66666 -0.66666 -1.12624e-16 1.00002 1.00002 5.4144e-05 5.4144e-05 0 0 -0 0 
-17.4258 0.33334 -1.81146e-05 -1.13876e-16 0.66666 -0.66666 -1.13876e-16 1.00002 1.00002 5.43439e-05 5.43439e-05 0 0 -0 0 
-17.4221 0.33334 -1.81815e-05 -1.15142e-16 0.66666 -0.66666 -1.15142e-16 1.00002 1.00002 5.45445e-05 5.45445e-05 0 0 -0 0 
-17.4184 0.33334 -1.82486e-05 -1.16422e-16 0.66666 -0.66666 -1.16422e-16 1.00002 1.00002 5.47459e-05 5.47459e-05 0 0 -0 0 
-17.4147 0.33334 -1.8316e-05 -1.17716e-16 0.66666 -0.66666 -1.17716e-16 1.00002 1.00002 5.49479e-05 5.49479e-05 0 0 -0 0 
-17.411 0.33334 -1.83836e-05 -1.19025e-16 0.66666 -0.66666 -1.19025e-16 1.00002 1.00002 5.51508e-05 5.51508e-05 -4.94066e-324 -0 0 -0 
-17.4073 0.33334 -1.84515e-05 -1.20348e-16 0.66666 -0.66666 -1.20348e-16 1.00002 1.00002 5.53544e-05 5.53544e-05 0 0 -0 0 
-17.4037 0.33334 -1.85196e-05 -1.21685e-16 0.66666 -0.66666 -1.21685e-16 1.00002 1.00002 5.55587e-05 5.55587e-05 0 0 -0 0 
-17.4 0.33334 -1.85879e-05 -1.23038e-16 0.66666 -0.66666 -1.23038e-16 1.00002 1.00002 5.57638e-05 5.57638e-05 0 0 -0 0 
-17.3963 0.33334 -1.86565e-05 -1.24406e-16 0.66666 -0.66666 -1.24406e-16 1.00002 1.00002 5.59696e-05 5.59696e-05 4.94066e-324 0 -0 0 
-17.3926 0.33334 -1.87254e-05 -1.25789e-16 0.66666 -0.66666 -1.25789e-16 1.00002 1.00002 5.61763e-05 5.61763e-05 4.94066e-324 0 -0 0 
-17.3889 0.33334 -1.87945e-05 -1.27187e-16 0.66666 -0.66666 -1.27187e-16 1.00002 1.00002 5.63836e-05 5.63836e-05 0 0 -0 0 
-17.3852 0.33334 -1.88639e-05 -1.28601e-16 0.66666 -0.66666 -1.28601e-16 1.00002 1.00002 5.65918e-05 5.65918e-05 0 0 -0 0 
-17.3815 0.33334 -1.89336e-05 -1.3003e-16 0.66666 -0.66666 -1.3003e-16 1.00002 1.00002 5.68007e-05 5.68007e-05 -9.88131e-324 -0 0 -0 
-17.3779 0.33334 -1.90034e-05 -1.31475e-16 0.66666 -0.66666 -1.31475e-16 1.00002 1.00002 5.70103e-05 5.70103e-05 -4.94066e-324 -0 0 -0 
-17.3742 0.33334 -1.90736e-05 -1.32937e-16 0.66666 -0.66666 -1.32937e-16 1.00002 1.00002 5.72208e-05 5.72208e-05 -4.94066e-324 -0 0 -0 
-17.3705 0.33334 -1.9144e-05 -1.34415e-16 0.66666 -0.66666 -1.34415e-16 1.00002 1.00002 5.7432e-05 5.7432e-05 -4.94066e-324 -0 0 -0 
-17.3668 0.33334 -1.92147e-05 -1.35909e-16 0.66666 -0.66666 -1.35909e-16 1.00002 1.00002 5.7644e-05 5.7644e-05 4.94066e-324 0 -0 0 
-17.3631 0.33334 -1.92856e-05 -1.37419e-16 0.66666 -0.66666 -1.37419e-16 1.00002 1.00002 5.78568e-05 5.78568e-05 1.97626e-323 0 -0 0 
-17.3594 0.33334 -1.93568e-05 -1.38947e-16 0.66666 -0.66666 -1.38947e-16 1.00002 1.00002 5.80704e-05 5.80704e-05 2.47033e-323 0 -0 0 
-17.3558 0.33334 -1.94283e-05 -1.40491e-16 0.66666 -0.66666 -1.40491e-16 1.00002 1.00002 5.82848e-05 5.82848e-05 1.97626e-323 0 -0 0 
-17.3521 0.33334 -1.95e-05 -1.42053e-16 0.66666 -0.66666 -1.42053e-16 1.00002 1.00002 5.84999e-05 5.84999e-05 9.88131e-324 0 -0 0 
-17.3484 0.33334 -1.9572e-05 -1.43632e-16 0.66666 -0.66666 -1.43632e-16 1.00002 1.00002 5.87159e-05 5.87159e-05 -2.47033e-323 -0 0 -0 
-17.3447 0.33334 -1.96442e-05 -1.45229e-16 0.66666 -0.66666 -1.45229e-16 1.00002 1.00002 5.89326e-05 5.89326e-05 -6.42285e-323 -0 0 -0 
-17.341 0.33334 -1.97167e-05 -1.46843e-16 0.66666 -0.66666 -1.46843e-16 1.00002 1.00002 5.91502e-05 5.91502e-05 -8.39912e-323 -0 0 -0 
-17.3373 0.33334 -1.97895e-05 -1.48475e-16 0.66666 -0.66666 -1.48475e-16 1.00002 1.00002 5.93685e-05 5.93685e-05 -7.41098e-323 -0 0 -0 
-17.3336 0.33334 -1.98626e-05 -1.50126e-16 0.66666 -0.66666 -1.50126e-16 1.00002 1.00002 5.95877e-05 5.95877e-05 -1.97626e-323 -0 0 -0 
-17.33 0.33334 -1.99359e-05 -1.51794e-16 0.66666 -0.66666 -1.51794e-16 1.00002 1.00002 5.98076e-05 5.98076e-05 9.38725e-323 0 -0 0 
-17.3263 0.33334 -2.00095e-05 -1.53482e-16 0.66666 -0.66666 -1.53482e-16 1.00002 1.00002 6.00284e-05 6.00284e-05 2.2727e-322 0 -0 0 
-17.3226 0.33334 -2.00833e-05 -1.55188e-16 0.66666 -0.66666 -1.55188e-16 1.00002 1.00002 6.025e-05 6.025e-05 3.21143e-322 0 -0 0 
-17.3189 0.33334 -2.01575e-05 -1.56913e-16 0.66666 -0.666659 -1.56913e-16 1.00002 1.00002 6.04724e-05 6.04724e-05 2.96439e-322 0 -0 0 
-17.3152 0.33334 -2.02319e-05 -1.58657e-16 0.66666 -0.666659 -1.58657e-16 1.00002 1.00002 6.06956e-05 6.06956e-05 8.89318e-323 0 -0 0 
-17.3115 0.333341 -2.03066e-05 -1.60421e-16 0.666659 -0.666659 -1.60421e-16 1.00002 1.00002 6.09197e-05 6.09197e-05 -3.50787e-322 -0 0 -0 
-17.3078 0.333341 -2.03815e-05 -1.62204e-16 0.666659 -0.666659 -1.62204e-16 1.00002 1.00002 6.11446e-05 6.11446e-05 -8.59674e-322 -0 4.94066e-324 -0 
-17.3042 0.333341 -2.04568e-05 -1.64007e-16 0.666659 -0.666659 -1.64007e-16 1.00002 1.00002 6.13703e-05 6.13703e-05 -1.18082e-321 -4.94066e-324 4.94066e-324 -0 
-17.3005 0.333341 -2.05323e-05 -1.6583e-16 0.666659 -0.666659 -1.6583e-16 1.00002 1.00002 6.15968e-05 6.15968e-05 -1.08694e-321 -0 4.94066e-324 -0 
-17.2968 0.333341 -2.06081e-05 -1.67673e-16 0.666659 -0.666659 -1.67673e-16 1.00002 1.00002 6.18242e-05 6.18242e-05 -3.16202e-322 -0 0 -0 
-17.2931 0.333341 -2.06841e-05 -1.69537e-16 0.666659 -0.666659 -1.69537e-16 1.00002 1.00002 6.20524e-05 6.20524e-05 1.28951e-321 4.94066e-324 -4.94066e-324 0 
-17.2894 0.333341 -2.07605e-05 -1.71422e-16 0.666659 -0.666659 -1.71422e-16 1.00002 1.00002 6.22815e-05 6.22815e-05 3.1719e-321 4.94066e-324 -1.4822e-323 0 
-17.2857 0.333341 -2.08371e-05 -1.73327e-16 0.666659 -0.666659 -1.73327e-16 1.00002 1.00002 6.25114e-05 6.25114e-05 4.41695e-321 9.88131e-324 -2.47033e-323 0 
-17.2821 0.333341 -2.0914e-05 -1.75254e-16 0.666659 -0.666659 -1.75254e-16 1.00002 1.00002 6.27421e-05 6.27421e-05 4.06122e-321 9.88131e-324 -1.97626e-323 0 
-17.2784 0.333341 -2.09913e-05 -1.77202e-16 0.666659 -0.666659 -1.77202e-16 1.00002 1.00002 6.29738e-05 6.29738e-05 1.22034e-321 4.94066e-324 -4.94066e-324 0 
-17.2747 0.333341 -2.10687e-05 -1.79171e-16 0.666659 -0.666659 -1.79171e-16 1.00002 1.00002 6.32062e-05 6.32062e-05 -4.79244e-321 -9.88131e-324 2.47033e-323 -0 
-17.271 0.333341 -2.11465e-05 -1.81163e-16 0.666659 -0.666659 -1.81163e-16 1.00002 1.00002 6.34395e-05 6.34395e-05 -1.18378e-320 -2.47033e-323 5.92879e-323 -0 
-17.2673 0.333341 -2.12246e-05 -1.83177e-16 0.666659 -0.666659 -1.83177e-16 1.00002 1.00002 6.36737e-05 6.36737e-05 -1.6482e-320 -3.45846e-323 8.39912e-323 -0 
-17.2636 0.333341 -2.13029e-05 -1.85213e-16 0.666659 -0.666659 -1.85213e-16 1.00002 1.00002 6.39088e-05 6.39088e-05 -1.52222e-320 -2.96439e-323 7.90505e-323 -0 
-17.2599 0.333341 -2.13816e-05 -1.87272e-16 0.666659 -0.666659 -1.87272e-16 1.00002 1.00002 6.41447e-05 6.41447e-05 -4.58987e-321 -9.88131e-324 2.47033e-323 -0 
-17.2563 0.333341 -2.14605e-05 -1.89353e-16 0.666659 -0.666659 -1.89353e-16 1.00002 1.00002 6.43815e-05 6.43815e-05 1.77715e-320 3.95253e-323 -8.89318e-323 0 
-17.2526 0.333341 -2.15397e-05 -1.91458e-16 0.666659 -0.666659 -1.91458e-16 1.00002 1.00002 6.46191e-05 6.46191e-05 4.41052e-320 9.38725e-323 -2.2727e-322 0 
-17.2489 0.333341 -2.16192e-05 -1.93586e-16 0.666659 -0.666659 -1.93586e-16 1.00002 1.00002 6.48577e-05 6.48577e-05 6.14815e-320 1.28457e-322 -3.11261e-322 0 
-17.2452 0.333341 -2.1699e-05 -1.95738e-16 0.666659 -0.666659 -1.95738e-16 1.00002 1.00002 6.50971e-05 6.50971e-05 5.68719e-320 1.18576e-322 -2.91499e-322 0 
-17.2415 0.333341 -2.17791e-05 -1.97914e-16 0.666659 -0.666659 -1.97914e-16 1.00002 1.00002 6.53374e-05 6.53374e-05 1.73318e-320 3.45846e-323 -8.89318e-323 0 
-17.2378 0.333341 -2.18595e-05 -2.00114e-16 0.666659 -0.666659 -2.00114e-16 1.00002 1.00002 6.55786e-05 6.55786e-05 -6.59528e-320 -1.38338e-322 3.35965e-322 -0 
-17.2342 0.333341 -2.19402e-05 -2.02338e-16 0.666659 -0.666659 -2.02338e-16 1.00002 1.00002 6.58206e-05 6.58206e-05 -1.64262e-319 -3.45846e-322 8.34971e-322 -0 
-17.2305 0.333341 -2.20212e-05 -2.04587e-16 0.666659 -0.666659 -2.04587e-16 1.00002 1.00002 6.60636e-05 6.60636e-05 -2.29306e-319 -4.84184e-322 1.17094e-321 -0 
-17.2268 0.333341 -2.21025e-05 -2.06862e-16 0.666659 -0.666659 -2.06862e-16 1.00002 1.00002 6.63075e-05 6.63075e-05 -2.12587e-319 -4.44659e-322 1.082e-321 -0 
-17.2231 0.333341 -2.21841e-05 -2.09161e-16 0.666659 -0.666659 -2.09161e-16 1.00002 1.00002 6.65522e-05 6.65522e-05 -6.55971e-320 -1.38338e-322 3.35965e-322 -0 
-17.2194 0.333341 -2.2266e-05 -2.11486e-16 0.666659 -0.666659 -2.11486e-16 1.00002 1.00002 6.67979e-05 6.67979e-05 2.44637e-319 5.13828e-322 -1.24505e-321 0 
-17.2157 0.333341 -2.23482e-05 -2.13837e-16 0.666659 -0.666659 -2.13837e-16 1.00002 1.00002 6.70445e-05 6.70445e-05 6.11708e-319 1.28457e-321 -3.11755e-321 0 
-17.212 0.333341 -2.24307e-05 -2.16214e-16 0.666659 -0.666659 -2.16214e-16 1.00002 1.00002 6.7292e-05 6.7292e-05 8.55312e-319 1.7984e-321 -4.35766e-321 0 
-17.2084 0.333341 -2.25135e-05 -2.18617e-16 0.666659 -0.666659 -2.18617e-16 1.00002 1.00002 6.75404e-05 6.75404e-05 7.94482e-319 1.66994e-321 -4.05134e-321 0 
-17.2047 0.333341 -2.25966e-05 -2.21047e-16 0.666659 -0.666659 -2.21047e-16 1.00002 1.00002 6.77897e-05 6.77897e-05 2.48253e-319 5.2371e-322 -1.26481e-321 0 
-17.201 0.333341 -2.268e-05 -2.23504e-16 0.666659 -0.666659 -2.23504e-16 1.00002 1.00002 6.80399e-05 6.80399e-05 -9.075e-319 -1.90709e-321 4.62445e-321 -0 
-17.1973 0.333341 -2.27637e-05 -2.25989e-16 0.666659 -0.666659 -2.25989e-16 1.00002 1.00002 6.82911e-05 6.82911e-05 -2.27791e-318 -4.7875e-321 1.16105e-320 -0 
-17.1936 0.333341 -2.28477e-05 -2.28501e-16 0.666659 -0.666658 -2.28501e-16 1.00002 1.00002 6.85432e-05 6.85432e-05 -3.19023e-318 -6.70447e-321 1.62597e-320 -0 
-17.1899 0.333341 -2.29321e-05 -2.31041e-16 0.666659 -0.666658 -2.31041e-16 1.00002 1.00002 6.87962e-05 6.87962e-05 -2.96911e-318 -6.24005e-321 1.51332e-320 -0 
-17.1862 0.333341 -2.30167e-05 -2.33609e-16 0.666659 -0.666658 -2.33609e-16 1.00002 1.00002 6.90502e-05 6.90502e-05 -9.3916e-319 -1.97626e-321 4.7875e-321 -0 
-17.1826 0.333342 -2.31017e-05 -2.36205e-16 0.666658 -0.666658 -2.36205e-16 1.00002 1.00002 6.93051e-05 6.93051e-05 3.36631e-318 7.07502e-321 -1.71589e-320 0 
-17.1789 0.333342 -2.3187e-05 -2.38831e-16 0.666658 -0.666658 -2.38831e-16 1.00002 1.00002 6.95609e-05 6.95609e-05 8.48253e-318 1.78308e-320 -4.32357e-320 0 
-17.1752 0.333342 -2.32726e-05 -2.41486e-16 0.666658 -0.666658 -2.41486e-16 1.00002 1.00002 6.98177e-05 6.98177e-05 1.18992e-317 2.50096e-320 -6.06515e-320 0 
-17.1715 0.333342 -2.33585e-05 -2.4417e-16 0.666658 -0.666658 -2.4417e-16 1.00002 1.00002 7.00754e-05 7.00754e-05 1.1096e-317 2.33248e-320 -5.65557e-320 0 
-17.1678 0.333342 -2.34447e-05 -2.46884e-16 0.666658 -0.666658 -2.46884e-16 1.00002 1.00002 7.03341e-05 7.03341e-05 3.55212e-318 7.46533e-321 -1.81026e-320 0 
-17.1641 0.333342 -2.35312e-05 -2.49629e-16 0.666658 -0.666658 -2.49629e-16 1.00003 1.00003 7.05937e-05 7.05937e-05 -1.24867e-317 -2.62448e-320 6.36455e-320 -0 
-17.1605 0.333342 -2.36181e-05 -2.52403e-16 0.666658 -0.666658 -2.52403e-16 1.00003 1.00003 7.08543e-05 7.08543e-05 -3.15871e-317 -6.63925e-320 1.60996e-319 -0 
-17.1568 0.333342 -2.37053e-05 -2.55209e-16 0.666658 -0.666658 -2.55209e-16 1.00003 1.00003 7.11158e-05 7.11158e-05 -4.43827e-317 -9.32895e-320 2.26218e-319 -0 
-17.1531 0.333342 -2.37928e-05 -2.58046e-16 0.666658 -0.666658 -2.58046e-16 1.00003 1.00003 7.13784e-05 7.13784e-05 -4.14666e-317 -8.71581e-320 2.11351e-319 -0 
-17.1494 0.333342 -2.38806e-05 -2.60914e-16 0.666658 -0.666658 -2.60914e-16 1.00003 1.00003 7.16418e-05 7.16418e-05 -1.3432e-317 -2.82309e-320 6.84627e-320 -0 
-17.1457 0.333342 -2.39688e-05 -2.63814e-16 0.666658 -0.666658 -2.63814e-16 1.00003 1.00003 7.19063e-05 7.19063e-05 4.63153e-317 9.73507e-320 -2.36065e-319 0 
-17.142 0.333342 -2.40572e-05 -2.66747e-16 0.666658 -0.666658 -2.66747e-16 1.00003 1.00003 7.21717e-05 7.21717e-05 1.17623e-316 2.47235e-319 -5.99519e-319 0 
-17.1383 0.333342 -2.41461e-05 -2.69712e-16 0.666658 -0.666658 -2.69712e-16 1.00003 1.00003 7.24382e-05 7.24382e-05 1.65541e-316 3.47961e-319 -8.4375e-319 0 
-17.1347 0.333342 -2.42352e-05 -2.7271e-16 0.666658 -0.666658 -2.7271e-16 1.00003 1.00003 7.27056e-05 7.27055e-05 1.54962e-316 3.25723e-319 -7.89833e-319 0 
-17.131 0.333342 -2.43246e-05 -2.75741e-16 0.666658 -0.666658 -2.75741e-16 1.00003 1.00003 7.29739e-05 7.29739e-05 5.07815e-317 1.06743e-319 -2.58831e-319 0 
-17.1273 0.333342 -2.44144e-05 -2.78806e-16 0.666658 -0.666658 -2.78806e-16 1.00003 1.00003 7.32433e-05 7.32433e-05 -1.71786e-316 -3.61088e-319 8.75578e-319 -0 
-17.1236 0.333342 -2.45046e-05 -2.81905e-16 0.666658 -0.666658 -2.81905e-16 1.00003 1.00003 7.35137e-05 7.35137e-05 -4.37996e-316 -9.20657e-319 2.23243e-318 -0 
-17.1199 0.333342 -2.4595e-05 -2.85039e-16 0.666658 -0.666658 -2.85039e-16 1.00003 1.00003 7.3785e-05 7.3785e-05 -6.17438e-316 -1.29784e-318 3.14703e-318 -0 
-17.1162 0.333342 -2.46858e-05 -2.88207e-16 0.666658 -0.666658 -2.88207e-16 1.00003 1.00003 7.40574e-05 7.40574e-05 -5.79095e-316 -1.21725e-318 2.95159e-318 -0 
-17.1126 0.333342 -2.47769e-05 -2.91411e-16 0.666658 -0.666658 -2.91411e-16 1.00003 1.00003 7.43308e-05 7.43308e-05 -1.91946e-316 -4.03469e-319 9.78334e-319 -0 
-17.1089 0.333342 -2.48684e-05 -2.9465e-16 0.666658 -0.666658 -2.9465e-16 1.00003 1.00003 7.46052e-05 7.46052e-05 6.37142e-316 1.33927e-318 -3.24745e-318 0 
-17.1052 0.333342 -2.49602e-05 -2.97925e-16 0.666658 -0.666658 -2.97925e-16 1.00003 1.00003 7.48806e-05 7.48806e-05 1.63096e-315 3.42829e-318 -8.31286e-318 0 
-17.1015 0.333342 -2.50523e-05 -3.01237e-16 0.666658 -0.666658 -3.01237e-16 1.00003 1.00003 7.5157e-05 7.5157e-05 2.30292e-315 4.84076e-318 -1.17378e-317 0 
-17.0978 0.333342 -2.51448e-05 -3.04586e-16 0.666658 -0.666658 -3.04586e-16 1.00003 1.00003 7.54344e-05 7.54344e-05 2.16405e-315 4.54887e-318 -1.10299e-317 0 
-17.0941 0.333342 -2.52376e-05 -3.07971e-16 0.666658 -0.666658 -3.07971e-16 1.00003 1.00003 7.57129e-05 7.57129e-05 7.25383e-316 1.52477e-318 -3.6972e-318 0 
-17.0904 0.333342 -2.53308e-05 -3.11394e-16 0.666658 -0.666658 -3.11394e-16 1.00003 1.00003 7.59924e-05 7.59924e-05 -2.36303e-315 -4.96715e-318 1.20441e-317 -0 
-17.0868 0.333342 -2.54243e-05 -3.14856e-16 0.666658 -0.666658 -3.14856e-16 1.00003 1.00003 7.62729e-05 7.62729e-05 -6.07316e-315 -1.2766e-317 3.09542e-317 -0 
-17.0831 0.333342 -2.55181e-05 -3.18356e-16 0.666658 -0.666658 -3.18356e-16 1.00003 1.00003 7.65544e-05 7.65544e-05 -8.5894e-315 -1.80552e-317 4.37791e-317 -0 
-17.0794 0.333342 -2.56123e-05 -3.21894e-16 0.666658 -0.666657 -3.21894e-16 1.00003 1.00003 7.6837e-05 7.6837e-05 -8.08689e-315 -1.6999e-317 4.12178e-317 -0 
-17.0757 0.333342 -2.57069e-05 -3.25472e-16 0.666658 -0.666657 -3.25472e-16 1.00003 1.00003 7.71206e-05 7.71206e-05 -2.74076e-315 -5.76121e-318 1.39693e-317 -0 
-17.072 0.333343 -2.58018e-05 -3.2909e-16 0.666657 -0.666657 -3.2909e-16 1.00003 1.00003 7.74053e-05 7.74053e-05 8.7637e-315 1.84218e-317 -4.46674e-317 0 
-17.0683 0.333343 -2.5897e-05 -3.32748e-16 0.666657 -0.666657 -3.32748e-16 1.00003 1.00003 7.76911e-05 7.76911e-05 2.26143e-314 4.75365e-317 -1.15262e-316 0 
-17.0646 0.333343 -2.59926e-05 -3.36447e-16 0.666657 -0.666657 -3.36447e-16 1.00003 1.00003 7.79778e-05 7.79778e-05 3.20364e-314 6.73426e-317 -1.63285e-316 0 
-17.061 0.333343 -2.60886e-05 -3.40187e-16 0.666657 -0.666657 -3.40187e-16 1.00003 1.00003 7.82657e-05 7.82657e-05 3.02197e-314 6.35239e-317 -1.54025e-316 0 
-17.0573 0.333343 -2.61849e-05 -3.43968e-16 0.666657 -0.666657 -3.43968e-16 1.00003 1.00003 7.85546e-05 7.85546e-05 1.03536e-314 2.17641e-317 -5.27708e-317 0 
-17.0536 0.333343 -2.62815e-05 -3.47792e-16 0.666657 -0.666657 -3.47792e-16 1.00003 1.00003 7.88446e-05 7.88446e-05 -3.25005e-314 -6.83187e-317 1.6565e-316 -0 
-17.0499 0.333343 -2.63785e-05 -3.51658e-16 0.666657 -0.666657 -3.51658e-16 1.00003 1.00003 7.91356e-05 7.91356e-05 -8.42066e-314 -1.7701e-316 4.29187e-316 -0 
-17.0462 0.333343 -2.64759e-05 -3.55566e-16 0.666657 -0.666657 -3.55566e-16 1.00003 1.00003 7.94277e-05 7.94277e-05 -1.19487e-313 -2.51174e-316 6.09007e-316 -0 
-17.0425 0.333343 -2.65736e-05 -3.59519e-16 0.666657 -0.666657 -3.59519e-16 1.00003 1.00003 7.97209e-05 7.97209e-05 -1.12926e-313 -2.37381e-316 5.75564e-316 -0 
-17.0389 0.333343 -2.66717e-05 -3.63515e-16 0.666657 -0.666657 -3.63515e-16 1.00003 1.00003 8.00152e-05 8.00152e-05 -3.91051e-314 -8.22031e-317 1.99312e-316 -0 
-17.0352 0.333343 -2.67702e-05 -3.67556e-16 0.666657 -0.666657 -3.67556e-16 1.00003 1.00003 8.03106e-05 8.03106e-05 1.20525e-313 2.53357e-316 -6.14294e-316 0 
-17.0315 0.333343 -2.6869e-05 -3.71641e-16 0.666657 -0.666657 -3.71641e-16 1.00003 1.00003 8.0607e-05 8.0607e-05 3.1355e-313 6.59118e-316 -1.5981e-315 0 
-17.0278 0.333343 -2.69682e-05 -3.75772e-16 0.666657 -0.666657 -3.75772e-16 1.00003 1.00003 8.09046e-05 8.09046e-05 4.45654e-313 9.36819e-316 -2.27141e-315 0 
-17.0241 0.333343 -2.70677e-05 -3.79949e-16 0.666657 -0.666657 -3.79949e-16 1.00003 1.00003 8.12032e-05 8.12032e-05 4.2198e-313 8.87057e-316 -2.15075e-315 0 
-17.0204 0.333343 -2.71677e-05 -3.84173e-16 0.666657 -0.666657 -3.84173e-16 1.00003 1.00003 8.1503e-05 8.1503e-05 1.47672e-313 3.10426e-316 -7.52654e-316 0 
-17.0167 0.333343 -2.72679e-05 -3.88443e-16 0.666657 -0.666657 -3.88443e-16 1.00003 1.00003 8.18038e-05 8.18038e-05 -4.46939e-313 -9.3953e-316 2.27796e-315 -0 
-17.0131 0.333343 -2.73686e-05 -3.92761e-16 0.666657 -0.666657 -3.92761e-16 1.00003 1.00003 8.21058e-05 8.21058e-05 -1.16752e-312 -2.45429e-315 5.95059e-315 -0 
-17.0094 0.333343 -2.74696e-05 -3.97127e-16 0.666657 -0.666657 -3.97127e-16 1.00003 1.00003 8.24089e-05 8.24089e-05 -1.66215e-312 -3.4941e-315 8.47164e-315 -0 
-17.0057 0.333343 -2.7571e-05 -4.01541e-16 0.666657 -0.666657 -4.01541e-16 1.00003 1.00003 8.27131e-05 8.27131e-05 -1.57683e-312 -3.31476e-315 8.03679e-315 -0 
-17.002 0.333343 -2.76728e-05 -4.06004e-16 0.666657 -0.666657 -4.06004e-16 1.00003 1.00003 8.30184e-05 8.30184e-05 -5.57552e-313 -1.17207e-315 2.84172e-315 -0 
-16.9983 0.333343 -2.77749e-05 -4.10517e-16 0.666657 -0.666657 -4.10517e-16 1.00003 1.00003 8.33248e-05 8.33248e-05 1.65731e-312 3.48395e-315 -8.44695e-315 0 
-16.9946 0.333343 -2.78775e-05 -4.1508e-16 0.666657 -0.666657 -4.1508e-16 1.00003 1.00003 8.36324e-05 8.36324e-05 4.34726e-312 9.13871e-315 -2.2157e-314 0 
-16.9909 0.333343 -2.79804e-05 -4.19694e-16 0.666657 -0.666657 -4.19694e-16 1.00003 1.00003 8.39411e-05 8.39411e-05 6.19928e-312 1.3032e-314 -3.15963e-314 0 
-16.9873 0.333343 -2.80837e-05 -4.2436e-16 0.666657 -0.666657 -4.2436e-16 1.00003 1.00003 8.4251e-05 8.4251e-05 5.89217e-312 1.23865e-314 -3.0031e-314 0 
-16.9836 0.333343 -2.81873e-05 -4.29077e-16 0.666657 -0.666657 -4.29077e-16 1.00003 1.00003 8.4562e-05 8.4562e-05 2.10475e-312 4.4246e-315 -1.07274e-314 0 
-16.9799 0.333343 -2.82914e-05 -4.33846e-16 0.666657 -0.666657 -4.33846e-16 1.00003 1.00003 8.48741e-05 8.48741e-05 -6.14531e-312 -1.29187e-314 3.13212e-314 -0 
-16.9762 0.333343 -2.83958e-05 -4.38668e-16 0.666657 -0.666656 -4.38668e-16 1.00003 1.00003 8.51874e-05 8.51874e-05 -1.61869e-311 -3.40283e-314 8.25008e-314 -0 
-16.9725 0.333343 -2.85006e-05 -4.43545e-16 0.666657 -0.666656 -4.43545e-16 1.00003 1.00003 8.55019e-05 8.55019e-05 -2.31211e-311 -4.86056e-314 1.17842e-313 -0 
-16.9688 0.333344 -2.86058e-05 -4.48475e-16 0.666656 -0.666656 -4.48475e-16 1.00003 1.00003 8.58175e-05 8.58175e-05 -2.20171e-311 -4.62848e-314 1.12215e-313 -0 
-16.9652 0.333344 -2.87114e-05 -4.5346e-16 0.666656 -0.666656 -4.5346e-16 1.00003 1.00003 8.61343e-05 8.61343e-05 -7.94407e-312 -1.67002e-314 4.04888e-314 -0 
-16.9615 0.333344 -2.88174e-05 -4.585e-16 0.666656 -0.666656 -4.585e-16 1.00003 1.00003 8.64522e-05 8.64522e-05 2.2786e-311 4.79014e-314 -1.16134e-313 0 
-16.9578 0.333344 -2.89238e-05 -4.63597e-16 0.666656 -0.666656 -4.63597e-16 1.00003 1.00003 8.67714e-05 8.67714e-05 6.02713e-311 1.26705e-313 -3.07186e-313 0 
-16.9541 0.333344 -2.90306e-05 -4.6875e-16 0.666656 -0.666656 -4.6875e-16 1.00003 1.00003 8.70917e-05 8.70917e-05 8.62331e-311 1.81283e-313 -4.39506e-313 0 
-16.9504 0.333344 -2.91377e-05 -4.7396e-16 0.666656 -0.666656 -4.7396e-16 1.00003 1.00003 8.74131e-05 8.74131e-05 8.22696e-311 1.72952e-313 -4.19305e-313 0 
-16.9467 0.333344 -2.92453e-05 -4.79229e-16 0.666656 -0.666656 -4.79229e-16 1.00003 1.00003 8.77358e-05 8.77358e-05 2.99789e-311 6.30234e-314 -1.52794e-313 0 
-16.943 0.333344 -2.93532e-05 -4.84556e-16 0.666656 -0.666656 -4.84556e-16 1.00003 1.00003 8.80597e-05 8.80597e-05 -8.4484e-311 -1.77608e-313 4.3059e-313 -0 
-16.9394 0.333344 -2.94616e-05 -4.89942e-16 0.666656 -0.666656 -4.89942e-16 1.00003 1.00003 8.83847e-05 8.83847e-05 -2.24415e-310 -4.71782e-313 1.14378e-312 -0 
-16.9357 0.333344 -2.95703e-05 -4.95388e-16 0.666656 -0.666656 -4.95388e-16 1.00003 1.00003 8.8711e-05 8.8711e-05 -3.21615e-310 -6.76125e-313 1.63918e-312 -0 
-16.932 0.333344 -2.96795e-05 -5.00894e-16 0.666656 -0.666656 -5.00894e-16 1.00003 1.00003 8.90384e-05 8.90384e-05 -3.07407e-310 -6.46258e-313 1.56676e-312 -0 
-16.9283 0.333344 -2.9789e-05 -5.06462e-16 0.666656 -0.666656 -5.06462e-16 1.00003 1.00003 8.93671e-05 8.93671e-05 -1.13115e-310 -2.37801e-313 5.76511e-313 -0 
-16.9246 0.333344 -2.9899e-05 -5.12092e-16 0.666656 -0.666656 -5.12092e-16 1.00003 1.00003 8.9697e-05 8.9697e-05 3.13231e-310 6.58506e-313 -1.59644e-312 0 
-16.9209 0.333344 -3.00094e-05 -5.17784e-16 0.666656 -0.666656 -5.17784e-16 1.00003 1.00003 9.00281e-05 9.00281e-05 8.35585e-310 1.75666e-312 -4.25871e-312 0 
-16.9173 0.333344 -3.01201e-05 -5.23539e-16 0.666656 -0.666656 -5.23539e-16 1.00003 1.00003 9.03604e-05 9.03604e-05 1.19949e-309 2.5217e-312 -6.11341e-312 0 
-16.9136 0.333344 -3.02313e-05 -5.29359e-16 0.666656 -0.666656 -5.29359e-16 1.00003 1.00003 9.0694e-05 9.0694e-05 1.14864e-309 2.41481e-312 -5.85425e-312 0 
-16.9099 0.333344 -3.03429e-05 -5.35243e-16 0.666656 -0.666656 -5.35243e-16 1.00003 1.00003 9.10287e-05 9.10287e-05 4.26734e-310 8.97134e-313 -2.17492e-312 0 
-16.9062 0.333344 -3.04549e-05 -5.41192e-16 0.666656 -0.666656 -5.41192e-16 1.00003 1.00003 9.13648e-05 9.13648e-05 -1.16128e-309 -2.44141e-312 5.91867e-312 -0 
-16.9025 0.333344 -3.05673e-05 -5.47208e-16 0.666656 -0.666656 -5.47208e-16 1.00003 1.00003 9.1702e-05 9.1702e-05 -3.11118e-309 -6.54076e-312 1.58566e-311 -0 
-16.8988 0.333344 -3.06802e-05 -5.53291e-16 0.666656 -0.666656 -5.53291e-16 1.00003 1.00003 9.20405e-05 9.20405e-05 -4.47357e-309 -9.40499e-312 2.28002e-311 -0 
-16.8951 0.333344 -3.07934e-05 -5.59441e-16 0.666656 -0.666656 -5.59441e-16 1.00003 1.00003 9.23803e-05 9.23803e-05 -4.2919e-309 -9.0231e-312 2.18743e-311 -0 
-16.8915 0.333344 -3.09071e-05 -5.65659e-16 0.666656 -0.666656 -5.65659e-16 1.00003 1.00003 9.27213e-05 9.27213e-05 -1.60964e-309 -3.38405e-312 8.20377e-312 -0 
-16.8878 0.333344 -3.10212e-05 -5.71947e-16 0.666656 -0.666656 -5.71947e-16 1.00003 1.00003 9.30635e-05 9.30635e-05 4.30522e-309 9.05116e-312 -2.19422e-311 0 
-16.8841 0.333344 -3.11357e-05 -5.78304e-16 0.666656 -0.666655 -5.78304e-16 1.00003 1.00003 9.34071e-05 9.34071e-05 1.15839e-308 2.43538e-311 -5.90391e-311 0 
-16.8804 0.333344 -3.12506e-05 -5.84733e-16 0.666656 -0.666655 -5.84733e-16 1.00003 1.00003 9.37519e-05 9.37519e-05 1.66843e-308 3.50768e-311 -8.50338e-311 0 
-16.8767 0.333345 -3.1366e-05 -5.91232e-16 0.666655 -0.666655 -5.91232e-16 1.00003 1.00003 9.40979e-05 9.40979e-05 1.60365e-308 3.3715e-311 -8.17322e-311 0 
-16.873 0.333345 -3.14818e-05 -5.97804e-16 0.666655 -0.666655 -5.97804e-16 1.00003 1.00003 9.44453e-05 9.44453e-05 6.07069e-309 1.2763e-311 -3.094e-311 0 
-16.8693 0.333345 -3.1598e-05 -6.04449e-16 0.666655 -0.666655 -6.04449e-16 1.00003 1.00003 9.47939e-05 9.47939e-05 -1.59601e-308 -3.35545e-311 8.13424e-311 -0 
-16.8657 0.333345 -3.17146e-05 -6.11168e-16 0.666655 -0.666655 -6.11168e-16 1.00003 1.00003 9.51438e-05 9.51438e-05 -4.31304e-308 -9.06778e-311 2.19819e-310 -0 
-16.862 0.333345 -3.18317e-05 -6.17961e-16 0.666655 -0.666655 -6.17961e-16 1.00003 1.00003 9.5495e-05 9.5495e-05 -6.22244e-308 -1.30822e-310 3.17133e-310 -0 
-16.8583 0.333345 -3.19492e-05 -6.2483e-16 0.666655 -0.666655 -6.2483e-16 1.00003 1.00003 9.58475e-05 9.58475e-05 -5.99193e-308 -1.25976e-310 3.05385e-310 -0 
-16.8546 0.333345 -3.20671e-05 -6.31776e-16 0.666655 -0.666655 -6.31776e-16 1.00003 1.00003 9.62013e-05 9.62013e-05 -2.28921e-308 -4.8129e-311 1.16672e-310 -0 
-16.8509 0.333345 -3.21855e-05 -6.38798e-16 0.666655 -0.666655 -6.38798e-16 1.00003 1.00003 9.65564e-05 9.65564e-05 5.9164e-308 1.24389e-310 -3.01535e-310 0 
-16.8472 0.333345 -3.23043e-05 -6.45899e-16 0.666655 -0.666655 -6.45899e-16 1.00003 1.00003 9.69128e-05 9.69128e-05 1.60586e-307 3.37623e-310 -8.18439e-310 0 
-16.8436 0.333345 -3.24235e-05 -6.53078e-16 0.666655 -0.666655 -6.53078e-16 1.00003 1.00003 9.72706e-05 9.72706e-05 2.32066e-307 4.87907e-310 -1.18274e-309 0 
-16.8399 0.333345 -3.25432e-05 -6.60338e-16 0.666655 -0.666655 -6.60338e-16 1.00003 1.00003 9.76296e-05 9.76296e-05 2.23882e-307 4.70702e-310 -1.14103e-309 0 
-16.8362 0.333345 -3.26633e-05 -6.67678e-16 0.666655 -0.666655 -6.67678e-16 1.00003 1.00003 9.799e-05 9.799e-05 8.6312e-308 1.81468e-310 -4.39895e-310 0 
-16.8325 0.333345 -3.27839e-05 -6.75099e-16 0.666655 -0.666655 -6.75099e-16 1.00004 1.00004 9.83517e-05 9.83517e-05 -2.19312e-307 -4.61098e-310 1.11774e-309 -0 
-16.8288 0.333345 -3.29049e-05 -6.82603e-16 0.666655 -0.666655 -6.82603e-16 1.00004 1.00004 9.87147e-05 9.87147e-05 -5.97898e-307 -1.25707e-309 3.04722e-309 -0 
-16.8251 0.333345 -3.30264e-05 -6.90191e-16 0.666655 -0.666655 -6.90191e-16 1.00004 1.00004 9.90791e-05 9.90791e-05 -8.65481e-307 -1.81966e-309 4.41097e-309 -0 
-16.8214 0.333345 -3.31483e-05 -6.97863e-16 0.666655 -0.666655 -6.97863e-16 1.00004 1.00004 9.94449e-05 9.94449e-05 -8.36499e-307 -1.75874e-309 4.26325e-309 -0 
-16.8178 0.333345 -3.32706e-05 -7.0562e-16 0.666655 -0.666655 -7.0562e-16 1.00004 1.00004 9.98119e-05 9.98119e-05 -3.25386e-307 -6.84125e-310 1.65834e-309 -0 
-16.8141 0.333345 -3.33935e-05 -7.13463e-16 0.666655 -0.666655 -7.13463e-16 1.00004 1.00004 0.00010018 0.00010018 8.12924e-307 1.70918e-309 -4.14309e-309 0 
-16.8104 0.333345 -3.35167e-05 -7.21394e-16 0.666655 -0.666655 -7.21394e-16 1.00004 1.00004 0.00010055 0.00010055 2.22609e-306 4.6804e-309 -1.13453e-308 0 
-16.8067 0.333345 -3.36404e-05 -7.29413e-16 0.666655 -0.666655 -7.29413e-16 1.00004 1.00004 0.000100921 0.000100921 3.22777e-306 6.78646e-309 -1.64504e-308 0 
-16.803 0.333345 -3.37646e-05 -7.3752e-16 0.666655 -0.666655 -7.3752e-16 1.00004 1.00004 0.000101294 0.000101294 3.12541e-306 6.57129e-309 -1.59287e-308 0 
-16.7993 0.333345 -3.38893e-05 -7.45718e-16 0.666655 -0.666654 -7.45718e-16 1.00004 1.00004 0.000101668 0.000101668 1.2265e-306 2.57877e-309 -6.25087e-309 0 
-16.7957 0.333345 -3.40143e-05 -7.54007e-16 0.666655 -0.666654 -7.54007e-16 1.00004 1.00004 0.000102043 0.000102043 -3.01314e-306 -6.33527e-309 1.53565e-308 -0 
-16.792 0.333346 -3.41399e-05 -7.62389e-16 0.666654 -0.666654 -7.62389e-16 1.00004 1.00004 0.00010242 0.00010242 -8.2881e-306 -1.74262e-308 4.22404e-308 -0 
-16.7883 0.333346 -3.42659e-05 -7.70863e-16 0.666654 -0.666654 -7.70863e-16 1.00004 1.00004 0.000102798 0.000102798 -1.20377e-305 -2.53101e-308 6.13502e-308 -0 
-16.7846 0.333346 -3.43924e-05 -7.79431e-16 0.666654 -0.666654 -7.79431e-16 1.00004 1.00004 0.000103177 0.000103177 -1.16774e-305 -2.45525e-308 5.95137e-308 -0 
-16.7809 0.333346 -3.45194e-05 -7.88095e-16 0.666654 -0.666654 -7.88095e-16 1.00004 1.00004 0.000103558 0.000103558 -4.62253e-306 -9.71924e-309 2.35587e-308 -0 
-16.7772 0.333346 -3.46468e-05 -7.96855e-16 0.666654 -0.666654 -7.96855e-16 1.00004 1.00004 0.00010394 0.00010394 1.11679e-305 2.34814e-308 -5.69169e-308 0 
-16.7735 0.333346 -3.47747e-05 -8.05713e-16 0.666654 -0.666654 -8.05713e-16 1.00004 1.00004 0.000104324 0.000104324 3.08577e-305 6.48813e-308 -1.57266e-307 0 
-16.7699 0.333346 -3.4903e-05 -8.14669e-16 0.666654 -0.666654 -8.14669e-16 1.00004 1.00004 0.000104709 0.000104709 4.48935e-305 9.43931e-308 -2.28798e-307 0 
-16.7662 0.333346 -3.50319e-05 -8.23724e-16 0.666654 -0.666654 -8.23724e-16 1.00004 1.00004 0.000105096 0.000105096 4.36293e-305 9.17355e-308 -2.22355e-307 0 
-16.7625 0.333346 -3.51612e-05 -8.3288e-16 0.666654 -0.666654 -8.3288e-16 1.00004 1.00004 0.000105484 0.000105484 1.74196e-305 3.66267e-308 -8.87781e-308 0 
-16.7588 0.333346 -3.5291e-05 -8.42138e-16 0.666654 -0.666654 -8.42138e-16 1.00004 1.00004 0.000105873 0.000105873 -4.13908e-305 -8.70293e-308 2.10946e-307 -0 
-16.7551 0.333346 -3.54212e-05 -8.51499e-16 0.666654 -0.666654 -8.51499e-16 1.00004 1.00004 0.000106264 0.000106264 -1.14886e-304 -2.41564e-307 5.85513e-307 -0 
-16.7514 0.333346 -3.5552e-05 -8.60964e-16 0.666654 -0.666654 -8.60964e-16 1.00004 1.00004 0.000106656 0.000106656 -1.67425e-304 -3.52034e-307 8.53271e-307 -0 
-16.7477 0.333346 -3.56832e-05 -8.70534e-16 0.666654 -0.666654 -8.70534e-16 1.00004 1.00004 0.00010705 0.00010705 -1.63007e-304 -3.42747e-307 8.30757e-307 -0 
-16.7441 0.333346 -3.58149e-05 -8.8021e-16 0.666654 -0.666654 -8.8021e-16 1.00004 1.00004 0.000107445 0.000107445 -6.56358e-305 -1.3801e-307 3.34508e-307 -0 
-16.7404 0.333346 -3.59471e-05 -8.89994e-16 0.666654 -0.666654 -8.89994e-16 1.00004 1.00004 0.000107841 0.000107841 1.53397e-304 3.22543e-307 -7.81778e-307 0 
-16.7367 0.333346 -3.60798e-05 -8.99887e-16 0.666654 -0.666654 -8.99887e-16 1.00004 1.00004 0.000108239 0.000108239 4.2773e-304 8.99376e-307 -2.17989e-306 0 
-16.733 0.333346 -3.6213e-05 -9.0989e-16 0.666654 -0.666654 -9.0989e-16 1.00004 1.00004 0.000108639 0.000108639 6.24387e-304 1.31289e-306 -3.18213e-306 0 
-16.7293 0.333346 -3.63467e-05 -9.20004e-16 0.666654 -0.666654 -9.20004e-16 1.00004 1.00004 0.00010904 0.00010904 6.0902e-304 1.28058e-306 -3.10381e-306 0 
-16.7256 0.333346 -3.64808e-05 -9.3023e-16 0.666654 -0.666654 -9.3023e-16 1.00004 1.00004 0.000109442 0.000109442 2.47281e-304 5.19957e-307 -1.26024e-306 0 
-16.722 0.333346 -3.66155e-05 -9.4057e-16 0.666654 -0.666653 -9.4057e-16 1.00004 1.00004 0.000109846 0.000109846 -5.68478e-304 -1.19534e-306 2.89719e-306 -0 
-16.7183 0.333346 -3.67506e-05 -9.51025e-16 0.666654 -0.666653 -9.51025e-16 1.00004 1.00004 0.000110252 0.000110252 -1.59245e-303 -3.34847e-306 8.11577e-306 -0 
-16.7146 0.333347 -3.68863e-05 -9.61596e-16 0.666654 -0.666653 -9.61596e-16 1.00004 1.00004 0.000110659 0.000110659 -2.32855e-303 -4.89629e-306 1.18672e-305 -0 
-16.7109 0.333347 -3.70225e-05 -9.72285e-16 0.666653 -0.666653 -9.72285e-16 1.00004 1.00004 0.000111067 0.000111067 -2.27537e-303 -4.78448e-306 1.15961e-305 -0 
-16.7072 0.333347 -3.71591e-05 -9.83092e-16 0.666653 -0.666653 -9.83092e-16 1.00004 1.00004 0.000111477 0.000111477 -9.31514e-304 -1.95873e-306 4.74734e-306 -0 
-16.7035 0.333347 -3.72963e-05 -9.9402e-16 0.666653 -0.666653 -9.9402e-16 1.00004 1.00004 0.000111889 0.000111889 2.10664e-303 4.42973e-306 -1.07362e-305 0 
-16.6998 0.333347 -3.74339e-05 -1.00507e-15 0.666653 -0.666653 -1.00507e-15 1.00004 1.00004 0.000112302 0.000112302 5.92871e-303 1.24666e-305 -3.02149e-305 0 
-16.6962 0.333347 -3.75721e-05 -1.01624e-15 0.666653 -0.666653 -1.01624e-15 1.00004 1.00004 0.000112716 0.000112716 8.68388e-303 1.82602e-305 -4.42562e-305 0 
-16.6925 0.333347 -3.77108e-05 -1.02754e-15 0.666653 -0.666653 -1.02754e-15 1.00004 1.00004 0.000113132 0.000113132 8.50093e-303 1.78755e-305 -4.33237e-305 0 
-16.6888 0.333347 -3.785e-05 -1.03896e-15 0.666653 -0.666653 -1.03896e-15 1.00004 1.00004 0.00011355 0.00011355 3.50862e-303 7.37787e-306 -1.78812e-305 0 
-16.6851 0.333347 -3.79897e-05 -1.05051e-15 0.666653 -0.666653 -1.05051e-15 1.00004 1.00004 0.000113969 0.000113969 -7.80635e-303 -1.64151e-305 3.97838e-305 -0 
-16.6814 0.333347 -3.813e-05 -1.06218e-15 0.666653 -0.666653 -1.06218e-15 1.00004 1.00004 0.00011439 0.00011439 -2.20724e-302 -4.64138e-305 1.12488e-304 -0 
-16.6777 0.333347 -3.82707e-05 -1.07399e-15 0.666653 -0.666653 -1.07399e-15 1.00004 1.00004 0.000114812 0.000114812 -3.23847e-302 -6.80988e-305 1.65043e-304 -0 
-16.6741 0.333347 -3.8412e-05 -1.08593e-15 0.666653 -0.666653 -1.08593e-15 1.00004 1.00004 0.000115236 0.000115236 -3.17598e-302 -6.67849e-305 1.61858e-304 -0 
-16.6704 0.333347 -3.85538e-05 -1.098e-15 0.666653 -0.666653 -1.098e-15 1.00004 1.00004 0.000115661 0.000115661 -1.3214e-302 -2.77867e-305 6.73428e-305 -0 
-16.6667 0.333347 -3.86961e-05 -1.1102e-15 0.666653 -0.666653 -1.1102e-15 1.00004 1.00004 0.000116088 0.000116088 2.89258e-302 6.08261e-305 -1.47415e-304 0 
-16.663 0.333347 -3.88389e-05 -1.12254e-15 0.666653 -0.666653 -1.12254e-15 1.00004 1.00004 0.000116517 0.000116517 8.21742e-302 1.72799e-304 -4.18785e-304 0 
-16.6593 0.333347 -3.89823e-05 -1.13502e-15 0.666653 -0.666653 -1.13502e-15 1.00004 1.00004 0.000116947 0.000116947 1.20771e-301 2.53964e-304 -6.15487e-304 0 
-16.6556 0.333347 -3.91262e-05 -1.14764e-15 0.666653 -0.666653 -1.14764e-15 1.00004 1.00004 0.000117378 0.000117378 1.18654e-301 2.49513e-304 -6.04697e-304 0 
-16.6519 0.333347 -3.92706e-05 -1.16039e-15 0.666653 -0.666653 -1.16039e-15 1.00004 1.00004 0.000117812 0.000117812 4.97605e-302 1.0464e-304 -2.53593e-304 0 
-16.6483 0.333347 -3.94155e-05 -1.17329e-15 0.666653 -0.666652 -1.17329e-15 1.00004 1.00004 0.000118247 0.000118247 -1.07178e-301 -2.25381e-304 5.46207e-304 -0 
-16.6446 0.333347 -3.9561e-05 -1.18633e-15 0.666653 -0.666652 -1.18633e-15 1.00004 1.00004 0.000118683 0.000118683 -3.05927e-301 -6.43328e-304 1.55909e-303 -0 
-16.6409 0.333348 -3.9707e-05 -1.19952e-15 0.666652 -0.666652 -1.19952e-15 1.00004 1.00004 0.000119121 0.000119121 -4.50386e-301 -9.47114e-304 2.29529e-303 -0 
-16.6372 0.333348 -3.98536e-05 -1.21285e-15 0.666652 -0.666652 -1.21285e-15 1.00004 1.00004 0.000119561 0.000119561 -4.43288e-301 -9.32191e-304 2.25911e-303 -0 
-16.6335 0.333348 -4.00007e-05 -1.22634e-15 0.666652 -0.666652 -1.22634e-15 1.00004 1.00004 0.000120002 0.000120002 -1.87364e-301 -3.9401e-304 9.54854e-304 -0 
-16.6298 0.333348 -4.01484e-05 -1.23997e-15 0.666652 -0.666652 -1.23997e-15 1.00004 1.00004 0.000120445 0.000120445 3.97103e-301 8.35075e-304 -2.02373e-303 0 
-16.6261 0.333348 -4.02966e-05 -1.25375e-15 0.666652 -0.666652 -1.25375e-15 1.00004 1.00004 0.00012089 0.00012089 1.13893e-300 2.39508e-303 -5.80424e-303 0 
-16.6225 0.333348 -4.04453e-05 -1.26769e-15 0.666652 -0.666652 -1.26769e-15 1.00004 1.00004 0.000121336 0.000121336 1.67959e-300 3.53207e-303 -8.55959e-303 0 
-16.6188 0.333348 -4.05946e-05 -1.28178e-15 0.666652 -0.666652 -1.28178e-15 1.00004 1.00004 0.000121784 0.000121784 1.65609e-300 3.48266e-303 -8.4398e-303 0 
-16.6151 0.333348 -4.07444e-05 -1.29602e-15 0.666652 -0.666652 -1.29602e-15 1.00004 1.00004 0.000122233 0.000122233 7.0541e-301 1.48344e-303 -3.59492e-303 0 
-16.6114 0.333348 -4.08948e-05 -1.31043e-15 0.666652 -0.666652 -1.31043e-15 1.00004 1.00004 0.000122685 0.000122685 -1.47123e-300 -3.09395e-303 7.49771e-303 -0 
-16.6077 0.333348 -4.10458e-05 -1.325e-15 0.666652 -0.666652 -1.325e-15 1.00004 1.00004 0.000123137 0.000123137 -4.24004e-300 -8.91668e-303 2.16081e-302 -0 
-16.604 0.333348 -4.11973e-05 -1.33972e-15 0.666652 -0.666652 -1.33972e-15 1.00004 1.00004 0.000123592 0.000123592 -6.26353e-300 -1.31721e-302 3.19202e-302 -0 
-16.6004 0.333348 -4.13494e-05 -1.35462e-15 0.666652 -0.666652 -1.35462e-15 1.00004 1.00004 0.000124048 0.000124048 -6.18695e-300 -1.30111e-302 3.15299e-302 -0 
-16.5967 0.333348 -4.1502e-05 -1.36967e-15 0.666652 -0.666652 -1.36967e-15 1.00004 1.00004 0.000124506 0.000124506 -2.65553e-300 -5.58458e-303 1.35331e-302 -0 
-16.593 0.333348 -4.16552e-05 -1.3849e-15 0.666652 -0.666652 -1.3849e-15 1.00004 1.00004 0.000124966 0.000124966 5.45054e-300 1.14625e-302 -2.77769e-302 0 
-16.5893 0.333348 -4.18089e-05 -1.40029e-15 0.666652 -0.666652 -1.40029e-15 1.00004 1.00004 0.000125427 0.000125427 1.57848e-299 3.31958e-302 -8.04422e-302 0 
-16.5856 0.333348 -4.19633e-05 -1.41586e-15 0.666652 -0.666652 -1.41586e-15 1.00004 1.00004 0.00012589 0.00012589 2.33578e-299 4.91222e-302 -1.19035e-301 0 
-16.5819 0.333348 -4.21182e-05 -1.43159e-15 0.666652 -0.666652 -1.43159e-15 1.00005 1.00005 0.000126354 0.000126354 2.31135e-299 4.86086e-302 -1.1779e-301 0 
-16.5782 0.333348 -4.22736e-05 -1.44751e-15 0.666652 -0.666651 -1.44751e-15 1.00005 1.00005 0.000126821 0.000126821 9.99575e-300 2.10215e-302 -5.09399e-302 0 
-16.5746 0.333348 -4.24297e-05 -1.4636e-15 0.666652 -0.666651 -1.4636e-15 1.00005 1.00005 0.000127289 0.000127289 -2.01919e-299 -4.24647e-302 1.02901e-301 -0 
-16.5709 0.333349 -4.25863e-05 -1.47987e-15 0.666651 -0.666651 -1.47987e-15 1.00005 1.00005 0.000127759 0.000127759 -5.87633e-299 -1.23583e-301 2.99466e-301 -0 
-16.5672 0.333349 -4.27435e-05 -1.49631e-15 0.666651 -0.666651 -1.49631e-15 1.00005 1.00005 0.00012823 0.00012823 -8.71051e-299 -1.83189e-301 4.43899e-301 -0 
-16.5635 0.333349 -4.29012e-05 -1.51295e-15 0.666651 -0.666651 -1.51295e-15 1.00005 1.00005 0.000128704 0.000128704 -8.63476e-299 -1.81596e-301 4.40038e-301 -0 
-16.5598 0.333349 -4.30596e-05 -1.52976e-15 0.666651 -0.666651 -1.52976e-15 1.00005 1.00005 0.000129179 0.000129179 -3.76215e-299 -7.91216e-302 1.91724e-301 -0 
-16.5561 0.333349 -4.32185e-05 -1.54677e-15 0.666651 -0.666651 -1.54677e-15 1.00005 1.00005 0.000129656 0.000129656 7.47986e-299 1.57309e-301 -3.81182e-301 0 
-16.5525 0.333349 -4.33781e-05 -1.56396e-15 0.666651 -0.666651 -1.56396e-15 1.00005 1.00005 0.000130134 0.000130134 2.1876e-298 4.60078e-301 -1.11483e-300 0 
-16.5488 0.333349 -4.35382e-05 -1.58134e-15 0.666651 -0.666651 -1.58134e-15 1.00005 1.00005 0.000130615 0.000130615 3.24827e-298 6.8315e-301 -1.65535e-300 0 
-16.5451 0.333349 -4.36989e-05 -1.59892e-15 0.666651 -0.666651 -1.59892e-15 1.00005 1.00005 0.000131097 0.000131097 3.22575e-298 6.78418e-301 -1.64387e-300 0 
-16.5414 0.333349 -4.38602e-05 -1.61669e-15 0.666651 -0.666651 -1.61669e-15 1.00005 1.00005 0.000131581 0.000131581 1.41584e-298 2.97771e-301 -7.21524e-301 0 
-16.5377 0.333349 -4.40221e-05 -1.63467e-15 0.666651 -0.666651 -1.63467e-15 1.00005 1.00005 0.000132066 0.000132066 -2.77069e-298 -5.82719e-301 1.41197e-300 -0 
-16.534 0.333349 -4.41846e-05 -1.65284e-15 0.666651 -0.666651 -1.65284e-15 1.00005 1.00005 0.000132554 0.000132554 -8.14381e-298 -1.71277e-300 4.15014e-300 -0 
-16.5303 0.333349 -4.43477e-05 -1.67121e-15 0.666651 -0.666651 -1.67121e-15 1.00005 1.00005 0.000133043 0.000133043 -1.21132e-297 -2.5476e-300 6.17294e-300 -0 
-16.5267 0.333349 -4.45114e-05 -1.68978e-15 0.666651 -0.666651 -1.68978e-15 1.00005 1.00005 0.000133534 0.000133534 -1.20505e-297 -2.53445e-300 6.14103e-300 -0 
-16.523 0.333349 -4.46756e-05 -1.70857e-15 0.666651 -0.666651 -1.70857e-15 1.00005 1.00005 0.000134027 0.000134027 -5.32782e-298 -1.12054e-300 2.71508e-300 -0 
-16.5193 0.333349 -4.48406e-05 -1.72756e-15 0.666651 -0.666651 -1.72756e-15 1.00005 1.00005 0.000134522 0.000134522 1.02627e-297 2.15846e-300 -5.22992e-300 0 
-16.5156 0.333349 -4.50061e-05 -1.74676e-15 0.666651 -0.66665 -1.74676e-15 1.00005 1.00005 0.000135018 0.000135018 3.03167e-297 6.37625e-300 -1.54495e-299 0 
-16.5119 0.333349 -4.51722e-05 -1.76618e-15 0.666651 -0.66665 -1.76618e-15 1.00005 1.00005 0.000135517 0.000135517 4.5171e-297 9.50047e-300 -2.30193e-299 0 
-16.5082 0.33335 -4.53389e-05 -1.78581e-15 0.66665 -0.66665 -1.78581e-15 1.00005 1.00005 0.000136017 0.000136017 4.50172e-297 9.46817e-300 -2.29409e-299 0 
-16.5045 0.33335 -4.55063e-05 -1.80566e-15 0.66665 -0.66665 -1.80566e-15 1.00005 1.00005 0.000136519 0.000136519 2.00467e-297 4.21631e-300 -1.02158e-299 0 
-16.5009 0.33335 -4.56742e-05 -1.82573e-15 0.66665 -0.66665 -1.82573e-15 1.00005 1.00005 0.000137023 0.000137023 -3.80115e-297 -7.99477e-300 1.93707e-299 -0 
-16.4972 0.33335 -4.58428e-05 -1.84602e-15 0.66665 -0.66665 -1.84602e-15 1.00005 1.00005 0.000137529 0.000137529 -1.12858e-296 -2.3737e-299 5.75125e-299 -0 
-16.4935 0.33335 -4.6012e-05 -1.86654e-15 0.66665 -0.66665 -1.86654e-15 1.00005 1.00005 0.000138036 0.000138036 -1.68446e-296 -3.54288e-299 8.58399e-299 -0 
-16.4898 0.33335 -4.61819e-05 -1.88729e-15 0.66665 -0.66665 -1.88729e-15 1.00005 1.00005 0.000138546 0.000138546 -1.68169e-296 -3.53707e-299 8.56987e-299 -0 
-16.4861 0.33335 -4.63523e-05 -1.90827e-15 0.66665 -0.66665 -1.90827e-15 1.00005 1.00005 0.000139057 0.000139057 -7.54218e-297 -1.58634e-299 3.84348e-299 -0 
-16.4824 0.33335 -4.65234e-05 -1.92948e-15 0.66665 -0.66665 -1.92948e-15 1.00005 1.00005 0.00013957 0.00013957 1.40781e-296 2.96106e-299 -7.17417e-299 0 
-16.4788 0.33335 -4.66952e-05 -1.95092e-15 0.66665 -0.66665 -1.95092e-15 1.00005 1.00005 0.000140085 0.000140085 4.20126e-296 8.83657e-299 -2.14095e-298 0 
-16.4751 0.33335 -4.68675e-05 -1.97261e-15 0.66665 -0.66665 -1.97261e-15 1.00005 1.00005 0.000140603 0.000140603 6.28143e-296 1.32119e-298 -3.20099e-298 0 
-16.4714 0.33335 -4.70405e-05 -1.99454e-15 0.66665 -0.66665 -1.99454e-15 1.00005 1.00005 0.000141122 0.000141122 6.28217e-296 1.32135e-298 -3.20136e-298 0 
-16.4677 0.33335 -4.72141e-05 -2.01671e-15 0.66665 -0.66665 -2.01671e-15 1.00005 1.00005 0.000141642 0.000141642 2.83733e-296 5.96789e-299 -1.44589e-298 0 
-16.464 0.33335 -4.73884e-05 -2.03912e-15 0.66665 -0.66665 -2.03912e-15 1.00005 1.00005 0.000142165 0.000142165 -5.21378e-296 -1.09664e-298 2.65691e-298 -0 
-16.4603 0.33335 -4.75633e-05 -2.06179e-15 0.66665 -0.66665 -2.06179e-15 1.00005 1.00005 0.00014269 0.00014269 -1.56395e-295 -3.28955e-298 7.96976e-298 -0 
-16.4566 0.33335 -4.77389e-05 -2.08471e-15 0.66665 -0.666649 -2.08471e-15 1.00005 1.00005 0.000143217 0.000143217 -2.34236e-295 -4.92686e-298 1.19365e-297 -0 
-16.453 0.33335 -4.79151e-05 -2.10788e-15 0.66665 -0.666649 -2.10788e-15 1.00005 1.00005 0.000143745 0.000143745 -2.34676e-295 -4.93614e-298 1.19589e-297 -0 
-16.4493 0.333351 -4.8092e-05 -2.13131e-15 0.666649 -0.666649 -2.13131e-15 1.00005 1.00005 0.000144276 0.000144276 -1.06729e-295 -2.24495e-298 5.43883e-298 -0 
-16.4456 0.333351 -4.82695e-05 -2.155e-15 0.666649 -0.666649 -2.155e-15 1.00005 1.00005 0.000144808 0.000144808 1.9308e-295 4.06127e-298 -9.83917e-298 0 
-16.4419 0.333351 -4.84476e-05 -2.17895e-15 0.666649 -0.666649 -2.17895e-15 1.00005 1.00005 0.000145343 0.000145343 5.82185e-295 1.22458e-297 -2.96675e-297 0 
-16.4382 0.333351 -4.86265e-05 -2.20317e-15 0.666649 -0.666649 -2.20317e-15 1.00005 1.00005 0.000145879 0.000145879 8.73466e-295 1.83728e-297 -4.45108e-297 0 
-16.4345 0.333351 -4.8806e-05 -2.22766e-15 0.666649 -0.666649 -2.22766e-15 1.00005 1.00005 0.000146418 0.000146418 8.76644e-295 1.84397e-297 -4.46727e-297 0 
-16.4308 0.333351 -4.89861e-05 -2.25242e-15 0.666649 -0.666649 -2.25242e-15 1.00005 1.00005 0.000146958 0.000146958 4.0144e-295 8.44409e-298 -2.04568e-297 0 
-16.4272 0.333351 -4.91669e-05 -2.27746e-15 0.666649 -0.666649 -2.27746e-15 1.00005 1.00005 0.000147501 0.000147501 -7.14991e-295 -1.50396e-297 3.64349e-297 -0 
-16.4235 0.333351 -4.93484e-05 -2.30277e-15 0.666649 -0.666649 -2.30277e-15 1.00005 1.00005 0.000148045 0.000148045 -2.16718e-294 -4.55861e-297 1.10436e-296 -0 
-16.4198 0.333351 -4.95305e-05 -2.32837e-15 0.666649 -0.666649 -2.32837e-15 1.00005 1.00005 0.000148592 0.000148592 -3.25714e-294 -6.85134e-297 1.65978e-296 -0 
-16.4161 0.333351 -4.97134e-05 -2.35425e-15 0.666649 -0.666649 -2.35425e-15 1.00005 1.00005 0.00014914 0.00014914 -3.27472e-294 -6.88836e-297 1.66874e-296 -0 
-16.4124 0.333351 -4.98969e-05 -2.38042e-15 0.666649 -0.666649 -2.38042e-15 1.00005 1.00005 0.000149691 0.000149691 -1.5098e-294 -3.17587e-297 7.69365e-297 -0 
-16.4087 0.333351 -5.0081e-05 -2.40688e-15 0.666649 -0.666649 -2.40688e-15 1.00005 1.00005 0.000150243 0.000150243 2.64752e-294 5.56911e-297 -1.34913e-296 0 
-16.4051 0.333351 -5.02659e-05 -2.43363e-15 0.666649 -0.666649 -2.43363e-15 1.00005 1.00005 0.000150798 0.000150798 8.06726e-294 1.69697e-296 -4.11092e-296 0 
-16.4014 0.333351 -5.04514e-05 -2.46068e-15 0.666649 -0.666649 -2.46068e-15 1.00005 1.00005 0.000151354 0.000151354 1.21457e-293 2.5549e-296 -6.18922e-296 0 
-16.3977 0.333351 -5.06376e-05 -2.48803e-15 0.666649 -0.666648 -2.48803e-15 1.00005 1.00005 0.000151913 0.000151913 1.22327e-293 2.5732e-296 -6.23351e-296 0 
-16.394 0.333351 -5.08245e-05 -2.51569e-15 0.666649 -0.666648 -2.51569e-15 1.00005 1.00005 0.000152474 0.000152474 5.67779e-294 1.19436e-296 -2.89328e-296 0 
-16.3903 0.333352 -5.10121e-05 -2.54365e-15 0.666648 -0.666648 -2.54365e-15 1.00005 1.00005 0.000153036 0.000153036 -9.80292e-294 -2.06212e-296 4.99535e-296 -0 
-16.3866 0.333352 -5.12004e-05 -2.57192e-15 0.666648 -0.666648 -2.57192e-15 1.00005 1.00005 0.000153601 0.000153601 -3.00298e-293 -6.31703e-296 1.53025e-295 -0 
-16.3829 0.333352 -5.13894e-05 -2.60051e-15 0.666648 -0.666648 -2.60051e-15 1.00006 1.00006 0.000154168 0.000154168 -4.52906e-293 -9.52732e-296 2.3079e-295 -0 
-16.3793 0.333352 -5.15791e-05 -2.62942e-15 0.666648 -0.666648 -2.62942e-15 1.00006 1.00006 0.000154737 0.000154737 -4.56944e-293 -9.61232e-296 2.32847e-295 -0 
-16.3756 0.333352 -5.17695e-05 -2.65864e-15 0.666648 -0.666648 -2.65864e-15 1.00006 1.00006 0.000155308 0.000155308 -2.13503e-293 -4.49129e-296 1.08796e-295 -0 
-16.3719 0.333352 -5.19606e-05 -2.6882e-15 0.666648 -0.666648 -2.6882e-15 1.00006 1.00006 0.000155882 0.000155882 3.6295e-293 7.63514e-296 -1.8495e-295 0 
-16.3682 0.333352 -5.21523e-05 -2.71808e-15 0.666648 -0.666648 -2.71808e-15 1.00006 1.00006 0.000156457 0.000156457 1.11783e-292 2.35151e-295 -5.69615e-295 0 
-16.3645 0.333352 -5.23448e-05 -2.74829e-15 0.666648 -0.666648 -2.74829e-15 1.00006 1.00006 0.000157035 0.000157035 1.68885e-292 3.55275e-295 -8.60589e-295 0 
-16.3608 0.333352 -5.25381e-05 -2.77884e-15 0.666648 -0.666648 -2.77884e-15 1.00006 1.00006 0.000157614 0.000157614 1.70687e-292 3.59069e-295 -8.69773e-295 0 
-16.3572 0.333352 -5.2732e-05 -2.80972e-15 0.666648 -0.666648 -2.80972e-15 1.00006 1.00006 0.000158196 0.000158196 8.02773e-293 1.68878e-295 -4.09069e-295 0 
-16.3535 0.333352 -5.29266e-05 -2.84095e-15 0.666648 -0.666648 -2.84095e-15 1.00006 1.00006 0.00015878 0.00015878 -1.34374e-292 -2.82681e-295 6.84729e-295 -0 
-16.3498 0.333352 -5.3122e-05 -2.87253e-15 0.666648 -0.666648 -2.87253e-15 1.00006 1.00006 0.000159366 0.000159366 -4.16096e-292 -8.75343e-295 2.1203e-294 -0 
-16.3461 0.333352 -5.3318e-05 -2.90446e-15 0.666648 -0.666647 -2.90446e-15 1.00006 1.00006 0.000159954 0.000159954 -6.29753e-292 -1.32482e-294 3.20902e-294 -0 
-16.3424 0.333352 -5.35148e-05 -2.93675e-15 0.666648 -0.666647 -2.93675e-15 1.00006 1.00006 0.000160545 0.000160545 -6.37581e-292 -1.3413e-294 3.2489e-294 -0 
-16.3387 0.333353 -5.37124e-05 -2.96939e-15 0.666647 -0.666647 -2.96939e-15 1.00006 1.00006 0.000161137 0.000161137 -3.01819e-292 -6.34948e-295 1.53797e-294 -0 
-16.335 0.333353 -5.39106e-05 -3.00239e-15 0.666647 -0.666647 -3.00239e-15 1.00006 1.00006 0.000161732 0.000161732 4.9746e-292 1.04653e-294 -2.53488e-294 0 
-16.3314 0.333353 -5.41096e-05 -3.03577e-15 0.666647 -0.666647 -3.03577e-15 1.00006 1.00006 0.000162329 0.000162329 1.54885e-291 3.2584e-294 -7.89237e-294 0 
-16.3277 0.333353 -5.43093e-05 -3.06951e-15 0.666647 -0.666647 -3.06951e-15 1.00006 1.00006 0.000162928 0.000162928 2.34827e-291 4.94022e-294 -1.19659e-293 0 
-16.324 0.333353 -5.45098e-05 -3.10363e-15 0.666647 -0.666647 -3.10363e-15 1.00006 1.00006 0.000163529 0.000163529 2.38158e-291 5.01034e-294 -1.21357e-293 0 
-16.3203 0.333353 -5.4711e-05 -3.13813e-15 0.666647 -0.666647 -3.13813e-15 1.00006 1.00006 0.000164133 0.000164133 1.13466e-291 2.3871e-294 -5.78179e-294 0 
-16.3166 0.333353 -5.49129e-05 -3.17301e-15 0.666647 -0.666647 -3.17301e-15 1.00006 1.00006 0.000164739 0.000164739 -1.84152e-291 -3.87421e-294 9.38368e-294 -0 
-16.3129 0.333353 -5.51156e-05 -3.20828e-15 0.666647 -0.666647 -3.20828e-15 1.00006 1.00006 0.000165347 0.000165347 -5.76526e-291 -1.21291e-293 2.93774e-293 -0 
-16.3092 0.333353 -5.5319e-05 -3.24394e-15 0.666647 -0.666647 -3.24394e-15 1.00006 1.00006 0.000165957 0.000165957 -8.75632e-291 -1.84219e-293 4.46186e-293 -0 
-16.3056 0.333353 -5.55232e-05 -3.28e-15 0.666647 -0.666647 -3.28e-15 1.00006 1.00006 0.00016657 0.00016657 -8.89594e-291 -1.87157e-293 4.533e-293 -0 
-16.3019 0.333353 -5.57281e-05 -3.31645e-15 0.666647 -0.666647 -3.31645e-15 1.00006 1.00006 0.000167184 0.000167184 -4.26531e-291 -8.97362e-294 2.17342e-293 -0 
-16.2982 0.333353 -5.59338e-05 -3.35332e-15 0.666647 -0.666647 -3.35332e-15 1.00006 1.00006 0.000167802 0.000167802 6.81664e-291 1.43413e-293 -3.47346e-293 0 
-16.2945 0.333353 -5.61403e-05 -3.39059e-15 0.666647 -0.666646 -3.39059e-15 1.00006 1.00006 0.000168421 0.000168421 2.14598e-290 4.51488e-293 -1.09349e-292 0 
-16.2908 0.333353 -5.63475e-05 -3.42828e-15 0.666647 -0.666646 -3.42828e-15 1.00006 1.00006 0.000169043 0.000169043 3.26508e-290 6.86939e-293 -1.66374e-292 0 
-16.2871 0.333354 -5.65555e-05 -3.46638e-15 0.666646 -0.666646 -3.46638e-15 1.00006 1.00006 0.000169666 0.000169666 3.32287e-290 6.99102e-293 -1.69318e-292 0 
-16.2835 0.333354 -5.67642e-05 -3.50491e-15 0.666646 -0.666646 -3.50491e-15 1.00006 1.00006 0.000170293 0.000170293 1.60326e-290 3.37313e-293 -8.16944e-293 0 
-16.2798 0.333354 -5.69737e-05 -3.54387e-15 0.666646 -0.666646 -3.54387e-15 1.00006 1.00006 0.000170921 0.000170921 -2.52312e-290 -5.30849e-293 1.28566e-292 -0 
-16.2761 0.333354 -5.7184e-05 -3.58326e-15 0.666646 -0.666646 -3.58326e-15 1.00006 1.00006 0.000171552 0.000171552 -7.9878e-290 -1.68059e-292 4.07019e-292 -0 
-16.2724 0.333354 -5.73951e-05 -3.62309e-15 0.666646 -0.666646 -3.62309e-15 1.00006 1.00006 0.000172185 0.000172185 -1.21748e-289 -2.56154e-292 6.20369e-292 -0 
-16.2687 0.333354 -5.76069e-05 -3.66336e-15 0.666646 -0.666646 -3.66336e-15 1.00006 1.00006 0.000172821 0.000172821 -1.24117e-289 -2.61139e-292 6.32437e-292 -0 
-16.265 0.333354 -5.78196e-05 -3.70408e-15 0.666646 -0.666646 -3.70408e-15 1.00006 1.00006 0.000173459 0.000173459 -6.0259e-290 -1.26784e-292 3.07049e-292 -0 
-16.2613 0.333354 -5.8033e-05 -3.74525e-15 0.666646 -0.666646 -3.74525e-15 1.00006 1.00006 0.000174099 0.000174099 9.33857e-290 1.96483e-292 -4.75844e-292 0 
-16.2577 0.333354 -5.82472e-05 -3.78688e-15 0.666646 -0.666646 -3.78688e-15 1.00006 1.00006 0.000174742 0.000174742 2.97321e-289 6.25566e-292 -1.51499e-291 0 
-16.254 0.333354 -5.84622e-05 -3.82897e-15 0.666646 -0.666646 -3.82897e-15 1.00006 1.00006 0.000175387 0.000175387 4.53973e-289 9.55169e-292 -2.3132e-291 0 
-16.2503 0.333354 -5.8678e-05 -3.87153e-15 0.666646 -0.666646 -3.87153e-15 1.00006 1.00006 0.000176034 0.000176034 4.63602e-289 9.75436e-292 -2.36226e-291 0 
-16.2466 0.333354 -5.88945e-05 -3.91457e-15 0.666646 -0.666645 -3.91457e-15 1.00006 1.00006 0.000176684 0.000176684 2.26469e-289 4.76503e-292 -1.15396e-291 0 
-16.2429 0.333354 -5.91119e-05 -3.95808e-15 0.666646 -0.666645 -3.95808e-15 1.00006 1.00006 0.000177336 0.000177336 -3.45618e-289 -7.27202e-292 1.76107e-291 -0 
-16.2392 0.333355 -5.93301e-05 -4.00207e-15 0.666645 -0.666645 -4.00207e-15 1.00006 1.00006 0.00017799 0.00017799 -1.10667e-288 -2.32852e-291 5.63895e-291 -0 
-16.2356 0.333355 -5.95491e-05 -4.04656e-15 0.666645 -0.666645 -4.04656e-15 1.00006 1.00006 0.000178647 0.000178647 -1.69275e-288 -3.56171e-291 8.62527e-291 -0 
-16.2319 0.333355 -5.97689e-05 -4.09154e-15 0.666645 -0.666645 -4.09154e-15 1.00006 1.00006 0.000179307 0.000179307 -1.73163e-288 -3.64353e-291 8.82335e-291 -0 
-16.2282 0.333355 -5.99895e-05 -4.13702e-15 0.666645 -0.666645 -4.13702e-15 1.00006 1.00006 0.000179968 0.000179968 -8.51068e-289 -1.79075e-291 4.33652e-291 -0 
-16.2245 0.333355 -6.02109e-05 -4.183e-15 0.666645 -0.666645 -4.183e-15 1.00006 1.00006 0.000180633 0.000180633 1.27904e-288 2.69127e-291 -6.51721e-291 0 
-16.2208 0.333355 -6.04331e-05 -4.22949e-15 0.666645 -0.666645 -4.22949e-15 1.00006 1.00006 0.000181299 0.000181299 4.11916e-288 8.66729e-291 -2.09886e-290 0 
-16.2171 0.333355 -6.06562e-05 -4.27651e-15 0.666645 -0.666645 -4.27651e-15 1.00007 1.00007 0.000181969 0.000181969 6.31183e-288 1.32811e-290 -3.2161e-290 0 
-16.2134 0.333355 -6.08801e-05 -4.32404e-15 0.666645 -0.666645 -4.32404e-15 1.00007 1.00007 0.00018264 0.00018264 6.46787e-288 1.36095e-290 -3.2956e-290 0 
-16.2098 0.333355 -6.11048e-05 -4.3721e-15 0.666645 -0.666645 -4.3721e-15 1.00007 1.00007 0.000183314 0.000183314 3.19807e-288 6.72933e-291 -1.62953e-290 0 
-16.2061 0.333355 -6.13303e-05 -4.4207e-15 0.666645 -0.666645 -4.4207e-15 1.00007 1.00007 0.000183991 0.000183991 -4.73312e-288 -9.95942e-291 2.41168e-290 -0 
-16.2024 0.333355 -6.15567e-05 -4.46984e-15 0.666645 -0.666645 -4.46984e-15 1.00007 1.00007 0.00018467 0.00018467 -1.53318e-287 -3.22614e-290 7.81205e-290 -0 
-16.1987 0.333355 -6.17839e-05 -4.51952e-15 0.666645 -0.666644 -4.51952e-15 1.00007 1.00007 0.000185352 0.000185352 -2.3535e-287 -4.95229e-290 1.19918e-289 -0 
-16.195 0.333356 -6.20119e-05 -4.56976e-15 0.666645 -0.666644 -4.56976e-15 1.00007 1.00007 0.000186036 0.000186036 -2.41581e-287 -5.08344e-290 1.23093e-289 -0 
-16.1913 0.333356 -6.22408e-05 -4.62055e-15 0.666644 -0.666644 -4.62055e-15 1.00007 1.00007 0.000186722 0.000186722 -1.20166e-287 -2.5286e-290 6.12281e-290 -0 
-16.1876 0.333356 -6.24705e-05 -4.67191e-15 0.666644 -0.666644 -4.67191e-15 1.00007 1.00007 0.000187412 0.000187412 1.75139e-287 3.68539e-290 -8.92382e-290 0 
-16.184 0.333356 -6.27011e-05 -4.72384e-15 0.666644 -0.666644 -4.72384e-15 1.00007 1.00007 0.000188103 0.000188103 5.70657e-287 1.20082e-289 -2.90765e-289 0 
-16.1803 0.333356 -6.29325e-05 -4.77634e-15 0.666644 -0.666644 -4.77634e-15 1.00007 1.00007 0.000188798 0.000188798 8.77547e-287 1.84662e-289 -4.47133e-289 0 
-16.1766 0.333356 -6.31648e-05 -4.82943e-15 0.666644 -0.666644 -4.82943e-15 1.00007 1.00007 0.000189494 0.000189494 9.02321e-287 1.89876e-289 -4.59755e-289 0 
-16.1729 0.333356 -6.33979e-05 -4.88311e-15 0.666644 -0.666644 -4.88311e-15 1.00007 1.00007 0.000190194 0.000190194 4.51487e-287 9.50074e-290 -2.30043e-289 0 
-16.1692 0.333356 -6.36319e-05 -4.93739e-15 0.666644 -0.666644 -4.93739e-15 1.00007 1.00007 0.000190896 0.000190896 -6.48021e-287 -1.36365e-289 3.30182e-289 -0 
-16.1655 0.333356 -6.38668e-05 -4.99227e-15 0.666644 -0.666644 -4.99227e-15 1.00007 1.00007 0.0001916 0.0001916 -2.12399e-286 -4.46961e-289 1.08222e-288 -0 
-16.1619 0.333356 -6.41025e-05 -5.04776e-15 0.666644 -0.666644 -5.04776e-15 1.00007 1.00007 0.000192308 0.000192308 -3.27208e-286 -6.88565e-289 1.6672e-288 -0 
-16.1582 0.333356 -6.43391e-05 -5.10387e-15 0.666644 -0.666643 -5.10387e-15 1.00007 1.00007 0.000193017 0.000193017 -3.37019e-286 -7.09216e-289 1.71718e-288 -0 
-16.1545 0.333356 -6.45766e-05 -5.1606e-15 0.666644 -0.666643 -5.1606e-15 1.00007 1.00007 0.00019373 0.00019373 -1.69621e-286 -3.56948e-289 8.64249e-289 -0 
-16.1508 0.333357 -6.48149e-05 -5.21796e-15 0.666644 -0.666643 -5.21796e-15 1.00007 1.00007 0.000194445 0.000194445 2.39755e-286 5.04543e-289 -1.2216e-288 0 
-16.1471 0.333357 -6.50541e-05 -5.27596e-15 0.666643 -0.666643 -5.27596e-15 1.00007 1.00007 0.000195162 0.000195162 7.90541e-286 1.66363e-288 -4.02794e-288 0 
-16.1434 0.333357 -6.52943e-05 -5.3346e-15 0.666643 -0.666643 -5.3346e-15 1.00007 1.00007 0.000195883 0.000195883 1.22004e-285 2.5675e-288 -6.21632e-288 0 
-16.1397 0.333357 -6.55352e-05 -5.39389e-15 0.666643 -0.666643 -5.39389e-15 1.00007 1.00007 0.000196606 0.000196606 1.25877e-285 2.64901e-288 -6.4136e-288 0 
-16.1361 0.333357 -6.57771e-05 -5.45385e-15 0.666643 -0.666643 -5.45385e-15 1.00007 1.00007 0.000197331 0.000197331 6.3721e-286 1.34099e-288 -3.24668e-288 0 
-16.1324 0.333357 -6.60199e-05 -5.51447e-15 0.666643 -0.666643 -5.51447e-15 1.00007 1.00007 0.00019806 0.00019806 -8.86989e-286 -1.86665e-288 4.51932e-288 -0 
-16.1287 0.333357 -6.62636e-05 -5.57576e-15 0.666643 -0.666643 -5.57576e-15 1.00007 1.00007 0.000198791 0.000198791 -2.94234e-285 -6.19214e-288 1.49916e-287 -0 
-16.125 0.333357 -6.65082e-05 -5.63774e-15 0.666643 -0.666643 -5.63774e-15 1.00007 1.00007 0.000199524 0.000199524 -4.54908e-285 -9.57359e-288 2.31781e-287 -0 
-16.1213 0.333357 -6.67536e-05 -5.7004e-15 0.666643 -0.666643 -5.7004e-15 1.00007 1.00007 0.000200261 0.000200261 -4.70144e-285 -9.8943e-288 2.39543e-287 -0 
-16.1176 0.333357 -6.7e-05 -5.76376e-15 0.666643 -0.666643 -5.76376e-15 1.00007 1.00007 0.000201 0.000201 -2.39364e-285 -5.0375e-288 1.21958e-287 -0 
-16.114 0.333357 -6.72473e-05 -5.82783e-15 0.666643 -0.666642 -5.82783e-15 1.00007 1.00007 0.000201742 0.000201742 3.28125e-285 6.90557e-288 -1.67182e-287 0 
-16.1103 0.333357 -6.74955e-05 -5.8926e-15 0.666643 -0.666642 -5.8926e-15 1.00007 1.00007 0.000202486 0.000202486 1.09511e-284 2.30473e-287 -5.57965e-287 0 
-16.1066 0.333358 -6.77446e-05 -5.9581e-15 0.666642 -0.666642 -5.9581e-15 1.00007 1.00007 0.000203234 0.000203234 1.69617e-284 3.56974e-287 -8.64209e-287 0 
-16.1029 0.333358 -6.79946e-05 -6.02433e-15 0.666642 -0.666642 -6.02433e-15 1.00007 1.00007 0.000203984 0.000203984 1.75595e-284 3.69558e-287 -8.94666e-287 0 
-16.0992 0.333358 -6.82456e-05 -6.09129e-15 0.666642 -0.666642 -6.09129e-15 1.00007 1.00007 0.000204737 0.000204737 8.99095e-285 1.89225e-287 -4.58092e-287 0 
-16.0955 0.333358 -6.84975e-05 -6.15899e-15 0.666642 -0.666642 -6.15899e-15 1.00007 1.00007 0.000205492 0.000205492 -1.21375e-284 -2.5545e-287 6.1841e-287 -0 
-16.0918 0.333358 -6.87503e-05 -6.22745e-15 0.666642 -0.666642 -6.22745e-15 1.00007 1.00007 0.000206251 0.000206251 -4.07584e-284 -8.5782e-287 2.07664e-286 -0 
-16.0882 0.333358 -6.90041e-05 -6.29667e-15 0.666642 -0.666642 -6.29667e-15 1.00007 1.00007 0.000207012 0.000207012 -6.32431e-284 -1.33105e-286 3.22224e-286 -0 
-16.0845 0.333358 -6.92587e-05 -6.36666e-15 0.666642 -0.666642 -6.36666e-15 1.00007 1.00007 0.000207776 0.000207776 -6.5583e-284 -1.38031e-286 3.34145e-286 -0 
-16.0808 0.333358 -6.95144e-05 -6.43743e-15 0.666642 -0.666642 -6.43743e-15 1.00007 1.00007 0.000208543 0.000208543 -3.37695e-284 -7.10744e-287 1.72055e-286 -0 
-16.0771 0.333358 -6.97709e-05 -6.50898e-15 0.666642 -0.666642 -6.50898e-15 1.00007 1.00007 0.000209313 0.000209313 4.48944e-284 9.44895e-287 -2.28735e-286 0 
-16.0734 0.333358 -7.00284e-05 -6.58133e-15 0.666642 -0.666641 -6.58133e-15 1.00008 1.00008 0.000210085 0.000210085 1.51695e-283 3.19277e-286 -7.72882e-286 0 
-16.0697 0.333358 -7.02869e-05 -6.65448e-15 0.666642 -0.666641 -6.65448e-15 1.00008 1.00008 0.000210861 0.000210861 2.35806e-283 4.96309e-286 -1.20142e-285 0 
-16.066 0.333359 -7.05463e-05 -6.72844e-15 0.666641 -0.666641 -6.72844e-15 1.00008 1.00008 0.000211639 0.000211639 2.44944e-283 5.15546e-286 -1.24797e-285 0 
-16.0624 0.333359 -7.08067e-05 -6.80323e-15 0.666641 -0.666641 -6.80323e-15 1.00008 1.00008 0.00021242 0.00021242 1.26828e-283 2.66945e-286 -6.46181e-286 0 
-16.0587 0.333359 -7.1068e-05 -6.87885e-15 0.666641 -0.666641 -6.87885e-15 1.00008 1.00008 0.000213204 0.000213204 -1.66044e-283 -3.49487e-286 8.45979e-286 -0 
-16.055 0.333359 -7.13303e-05 -6.95531e-15 0.666641 -0.666641 -6.95531e-15 1.00008 1.00008 0.000213991 0.000213991 -5.64578e-283 -1.18832e-285 2.87647e-285 -0 
-16.0513 0.333359 -7.15936e-05 -7.03262e-15 0.666641 -0.666641 -7.03262e-15 1.00008 1.00008 0.000214781 0.000214781 -8.79209e-283 -1.85057e-285 4.47947e-285 -0 
-16.0476 0.333359 -7.18578e-05 -7.11078e-15 0.666641 -0.666641 -7.11078e-15 1.00008 1.00008 0.000215574 0.000215573 -9.14822e-283 -1.92555e-285 4.66091e-285 -0 
-16.0439 0.333359 -7.2123e-05 -7.18982e-15 0.666641 -0.666641 -7.18982e-15 1.00008 1.00008 0.000216369 0.000216369 -4.76301e-283 -1.00254e-285 2.42669e-285 -0 
-16.0403 0.333359 -7.23892e-05 -7.26974e-15 0.666641 -0.666641 -7.26974e-15 1.00008 1.00008 0.000217168 0.000217168 6.14077e-283 1.29255e-285 -3.12864e-285 0 
-16.0366 0.333359 -7.26564e-05 -7.35054e-15 0.666641 -0.666641 -7.35054e-15 1.00008 1.00008 0.000217969 0.000217969 2.10122e-282 4.42281e-285 -1.07054e-284 0 
-16.0329 0.333359 -7.29246e-05 -7.43224e-15 0.666641 -0.66664 -7.43224e-15 1.00008 1.00008 0.000218774 0.000218774 3.27814e-282 6.90015e-285 -1.67016e-284 0 
-16.0292 0.33336 -7.31937e-05 -7.51485e-15 0.666641 -0.66664 -7.51485e-15 1.00008 1.00008 0.000219581 0.000219581 3.41667e-282 7.1918e-285 -1.74073e-284 0 
-16.0255 0.33336 -7.34639e-05 -7.59838e-15 0.66664 -0.66664 -7.59838e-15 1.00008 1.00008 0.000220392 0.000220392 1.78863e-282 3.76493e-285 -9.11271e-285 0 
-16.0218 0.33336 -7.3735e-05 -7.68284e-15 0.66664 -0.66664 -7.68284e-15 1.00008 1.00008 0.000221205 0.000221205 -2.27087e-282 -4.78005e-285 1.15696e-284 -0 
-16.0181 0.33336 -7.40071e-05 -7.76823e-15 0.66664 -0.66664 -7.76823e-15 1.00008 1.00008 0.000222021 0.000222021 -7.82012e-282 -1.64611e-284 3.98418e-284 -0 
-16.0145 0.33336 -7.42803e-05 -7.85458e-15 0.66664 -0.66664 -7.85458e-15 1.00008 1.00008 0.000222841 0.000222841 -1.22225e-281 -2.57281e-284 6.2271e-284 -0 
-16.0108 0.33336 -7.45544e-05 -7.94188e-15 0.66664 -0.66664 -7.94188e-15 1.00008 1.00008 0.000223663 0.000223663 -1.27605e-281 -2.68607e-284 6.50115e-284 -0 
-16.0071 0.33336 -7.48296e-05 -8.03016e-15 0.66664 -0.66664 -8.03016e-15 1.00008 1.00008 0.000224489 0.000224489 -6.71633e-282 -1.41379e-284 3.4218e-284 -0 
-16.0034 0.33336 -7.51058e-05 -8.11941e-15 0.66664 -0.66664 -8.11941e-15 1.00008 1.00008 0.000225317 0.000225317 8.39708e-282 1.76761e-284 -4.27809e-284 0 
-15.9997 0.33336 -7.5383e-05 -8.20966e-15 0.66664 -0.66664 -8.20966e-15 1.00008 1.00008 0.000226149 0.000226149 2.91039e-281 6.12651e-284 -1.48277e-283 0 
-15.996 0.33336 -7.56612e-05 -8.30091e-15 0.66664 -0.666639 -8.30091e-15 1.00008 1.00008 0.000226984 0.000226984 4.55713e-281 9.59304e-284 -2.32173e-283 0 
-15.9923 0.33336 -7.59405e-05 -8.39317e-15 0.66664 -0.666639 -8.39317e-15 1.00008 1.00008 0.000227821 0.000227821 4.76568e-281 1.00321e-283 -2.42797e-283 0 
-15.9887 0.333361 -7.62207e-05 -8.48646e-15 0.666639 -0.666639 -8.48646e-15 1.00008 1.00008 0.000228662 0.000228662 2.52184e-281 5.30872e-284 -1.2848e-283 0 
-15.985 0.333361 -7.6502e-05 -8.58079e-15 0.666639 -0.666639 -8.58079e-15 1.00008 1.00008 0.000229506 0.000229506 -3.10479e-281 -6.53594e-284 1.58179e-283 -0 
-15.9813 0.333361 -7.67844e-05 -8.67617e-15 0.666639 -0.666639 -8.67617e-15 1.00008 1.00008 0.000230353 0.000230353 -1.08314e-280 -2.28016e-283 5.51825e-283 -0 
-15.9776 0.333361 -7.70678e-05 -8.7726e-15 0.666639 -0.666639 -8.7726e-15 1.00008 1.00008 0.000231203 0.000231203 -1.6991e-280 -3.57686e-283 8.65632e-283 -0 
-15.9739 0.333361 -7.73522e-05 -8.87011e-15 0.666639 -0.666639 -8.87011e-15 1.00008 1.00008 0.000232057 0.000232057 -1.77984e-280 -3.74685e-283 9.06764e-283 -0 
-15.9702 0.333361 -7.76377e-05 -8.9687e-15 0.666639 -0.666639 -8.9687e-15 1.00008 1.00008 0.000232913 0.000232913 -9.46845e-281 -1.99328e-283 4.82382e-283 -0 
-15.9666 0.333361 -7.79243e-05 -9.06839e-15 0.666639 -0.666639 -9.06839e-15 1.00008 1.00008 0.000233773 0.000233773 1.1479e-280 2.41656e-283 -5.84811e-283 0 
-15.9629 0.333361 -7.82119e-05 -9.16918e-15 0.666639 -0.666639 -9.16918e-15 1.00008 1.00008 0.000234636 0.000234636 4.03102e-280 8.48617e-283 -2.05364e-282 0 
-15.9592 0.333361 -7.85005e-05 -9.2711e-15 0.666639 -0.666638 -9.2711e-15 1.00008 1.00008 0.000235502 0.000235502 6.33496e-280 1.33366e-282 -3.2274e-282 0 
-15.9555 0.333362 -7.87902e-05 -9.37415e-15 0.666639 -0.666638 -9.37415e-15 1.00008 1.00008 0.000236371 0.000236371 6.6471e-280 1.39938e-282 -3.38642e-282 0 
-15.9518 0.333362 -7.9081e-05 -9.47834e-15 0.666638 -0.666638 -9.47834e-15 1.00008 1.00008 0.000237243 0.000237243 3.55479e-280 7.4838e-283 -1.81101e-282 0 
-15.9481 0.333362 -7.93729e-05 -9.58369e-15 0.666638 -0.666638 -9.58369e-15 1.00009 1.00009 0.000238119 0.000238119 -4.24367e-280 -8.93415e-283 2.16196e-282 -0 
-15.9444 0.333362 -7.96658e-05 -9.69022e-15 0.666638 -0.666638 -9.69022e-15 1.00009 1.00009 0.000238998 0.000238998 -1.50017e-279 -3.15831e-282 7.64266e-282 -0 
-15.9408 0.333362 -7.99599e-05 -9.79792e-15 0.666638 -0.666638 -9.79792e-15 1.00009 1.00009 0.00023988 0.00023988 -2.36193e-279 -4.97262e-282 1.20329e-281 -0 
-15.9371 0.333362 -8.0255e-05 -9.90683e-15 0.666638 -0.666638 -9.90683e-15 1.00009 1.00009 0.000240765 0.000240765 -2.48245e-279 -5.22639e-282 1.26469e-281 -0 
-15.9334 0.333362 -8.05512e-05 -1.00169e-14 0.666638 -0.666638 -1.00169e-14 1.00009 1.00009 0.000241654 0.000241654 -1.33452e-279 -2.80964e-282 6.79872e-282 -0 
-15.9297 0.333362 -8.08485e-05 -1.01283e-14 0.666638 -0.666638 -1.01283e-14 1.00009 1.00009 0.000242545 0.000242545 1.56872e-279 3.30275e-282 -7.99183e-282 0 
-15.926 0.333362 -8.11468e-05 -1.02409e-14 0.666638 -0.666637 -1.02409e-14 1.00009 1.00009 0.000243441 0.000243441 5.58291e-279 1.17542e-281 -2.8442e-281 0 
-15.9223 0.333362 -8.14463e-05 -1.03547e-14 0.666638 -0.666637 -1.03547e-14 1.00009 1.00009 0.000244339 0.000244339 8.80616e-279 1.85406e-281 -4.48627e-281 0 
-15.9187 0.333363 -8.17469e-05 -1.04698e-14 0.666637 -0.666637 -1.04698e-14 1.00009 1.00009 0.000245241 0.000245241 9.27094e-279 1.95193e-281 -4.72303e-281 0 
-15.915 0.333363 -8.20486e-05 -1.05861e-14 0.666637 -0.666637 -1.05861e-14 1.00009 1.00009 0.000246146 0.000246146 5.0097e-279 1.05477e-281 -2.55216e-281 0 
-15.9113 0.333363 -8.23515e-05 -1.07038e-14 0.666637 -0.666637 -1.07038e-14 1.00009 1.00009 0.000247054 0.000247054 -5.79849e-279 -1.22085e-281 2.954e-281 -0 
-15.9076 0.333363 -8.26554e-05 -1.08228e-14 0.666637 -0.666637 -1.08228e-14 1.00009 1.00009 0.000247966 0.000247966 -2.07767e-278 -4.3745e-281 1.05845e-280 -0 
-15.9039 0.333363 -8.29604e-05 -1.09431e-14 0.666637 -0.666637 -1.09431e-14 1.00009 1.00009 0.000248881 0.000248881 -3.28325e-278 -6.91289e-281 1.67262e-280 -0 
-15.9002 0.333363 -8.32666e-05 -1.10647e-14 0.666637 -0.666637 -1.10647e-14 1.00009 1.00009 0.0002498 0.0002498 -3.46229e-278 -7.28994e-281 1.76383e-280 -0 
-15.8965 0.333363 -8.35739e-05 -1.11877e-14 0.666637 -0.666637 -1.11877e-14 1.00009 1.00009 0.000250722 0.000250722 -1.88051e-278 -3.95948e-281 9.57999e-281 -0 
-15.8929 0.333363 -8.38824e-05 -1.1312e-14 0.666637 -0.666636 -1.1312e-14 1.00009 1.00009 0.000251647 0.000251647 2.14313e-278 4.51249e-281 -1.09179e-280 0 
-15.8892 0.333363 -8.4192e-05 -1.14378e-14 0.666637 -0.666636 -1.14378e-14 1.00009 1.00009 0.000252576 0.000252576 7.73193e-278 1.62802e-280 -3.93891e-280 0 
-15.8855 0.333364 -8.45027e-05 -1.15649e-14 0.666636 -0.666636 -1.15649e-14 1.00009 1.00009 0.000253508 0.000253508 1.22411e-277 2.57747e-280 -6.236e-280 0 
-15.8818 0.333364 -8.48146e-05 -1.16934e-14 0.666636 -0.666636 -1.16934e-14 1.00009 1.00009 0.000254444 0.000254444 1.29301e-277 2.72257e-280 -6.58698e-280 0 
-15.8781 0.333364 -8.51276e-05 -1.18234e-14 0.666636 -0.666636 -1.18234e-14 1.00009 1.00009 0.000255383 0.000255383 7.05852e-278 1.48627e-280 -3.59582e-280 0 
-15.8744 0.333364 -8.54417e-05 -1.19548e-14 0.666636 -0.666636 -1.19548e-14 1.00009 1.00009 0.000256325 0.000256325 -7.92039e-278 -1.66776e-280 4.03488e-280 -0 
-15.8707 0.333364 -8.57571e-05 -1.20877e-14 0.666636 -0.666636 -1.20877e-14 1.00009 1.00009 0.000257271 0.000257271 -2.87737e-277 -6.05879e-280 1.46581e-279 -0 
-15.8671 0.333364 -8.60736e-05 -1.22221e-14 0.666636 -0.666636 -1.22221e-14 1.00009 1.00009 0.000258221 0.000258221 -4.56384e-277 -9.61005e-280 2.32494e-279 -0 
-15.8634 0.333364 -8.63912e-05 -1.23579e-14 0.666636 -0.666636 -1.23579e-14 1.00009 1.00009 0.000259174 0.000259174 -4.82873e-277 -1.01679e-279 2.45988e-279 -0 
-15.8597 0.333364 -8.67101e-05 -1.24953e-14 0.666636 -0.666635 -1.24953e-14 1.00009 1.00009 0.00026013 0.00026013 -2.64929e-277 -5.57868e-280 1.34961e-279 -0 
-15.856 0.333364 -8.70301e-05 -1.26342e-14 0.666636 -0.666635 -1.26342e-14 1.00009 1.00009 0.00026109 0.00026109 2.9269e-277 6.16332e-280 -1.49103e-279 0 
-15.8523 0.333365 -8.73513e-05 -1.27746e-14 0.666635 -0.666635 -1.27746e-14 1.00009 1.00009 0.000262054 0.000262054 1.07077e-276 2.2548e-279 -5.45474e-279 0 
-15.8486 0.333365 -8.76737e-05 -1.29166e-14 0.666635 -0.666635 -1.29166e-14 1.00009 1.00009 0.000263021 0.000263021 1.70153e-276 3.58307e-279 -8.66794e-279 0 
-15.845 0.333365 -8.79973e-05 -1.30601e-14 0.666635 -0.666635 -1.30601e-14 1.00009 1.00009 0.000263992 0.000263992 1.80328e-276 3.79735e-279 -9.18622e-279 0 
-15.8413 0.333365 -8.8322e-05 -1.32053e-14 0.666635 -0.666635 -1.32053e-14 1.00009 1.00009 0.000264966 0.000264966 9.9431e-277 2.09384e-279 -5.06518e-279 0 
-15.8376 0.333365 -8.8648e-05 -1.33521e-14 0.666635 -0.666635 -1.33521e-14 1.0001 1.0001 0.000265944 0.000265944 -1.08151e-276 -2.2775e-279 5.5094e-279 -0 
-15.8339 0.333365 -8.89751e-05 -1.35005e-14 0.666635 -0.666635 -1.35005e-14 1.0001 1.0001 0.000266925 0.000266925 -3.9847e-276 -8.39124e-279 2.02986e-278 -0 
-15.8302 0.333365 -8.93035e-05 -1.36505e-14 0.666635 -0.666635 -1.36505e-14 1.0001 1.0001 0.000267911 0.000267911 -6.34377e-276 -1.33593e-278 3.23159e-278 -0 
-15.8265 0.333365 -8.96331e-05 -1.38023e-14 0.666635 -0.666634 -1.38023e-14 1.0001 1.0001 0.000268899 0.000268899 -6.73423e-276 -1.41816e-278 3.43049e-278 -0 
-15.8228 0.333366 -8.99639e-05 -1.39557e-14 0.666635 -0.666634 -1.39557e-14 1.0001 1.0001 0.000269892 0.000269892 -3.73157e-276 -7.85841e-279 1.9009e-278 -0 
-15.8192 0.333366 -9.02959e-05 -1.41108e-14 0.666634 -0.666634 -1.41108e-14 1.0001 1.0001 0.000270888 0.000270888 3.99594e-276 8.41524e-279 -2.03557e-278 0 
-15.8155 0.333366 -9.06292e-05 -1.42676e-14 0.666634 -0.666634 -1.42676e-14 1.0001 1.0001 0.000271888 0.000271887 1.48282e-275 3.12277e-278 -7.55359e-278 0 
-15.8118 0.333366 -9.09636e-05 -1.44262e-14 0.666634 -0.666634 -1.44262e-14 1.0001 1.0001 0.000272891 0.000272891 2.36511e-275 4.98089e-278 -1.2048e-277 0 
-15.8081 0.333366 -9.12993e-05 -1.45866e-14 0.666634 -0.666634 -1.45866e-14 1.0001 1.0001 0.000273898 0.000273898 2.51483e-275 5.29626e-278 -1.28107e-277 0 
-15.8044 0.333366 -9.16363e-05 -1.47487e-14 0.666634 -0.666634 -1.47487e-14 1.0001 1.0001 0.000274909 0.000274909 1.40036e-275 2.94919e-278 -7.13346e-278 0 
-15.8007 0.333366 -9.19745e-05 -1.49126e-14 0.666634 -0.666634 -1.49126e-14 1.0001 1.0001 0.000275923 0.000275923 -1.47628e-275 -3.10911e-278 7.52016e-278 -0 
-15.7971 0.333366 -9.23139e-05 -1.50784e-14 0.666634 -0.666633 -1.50784e-14 1.0001 1.0001 0.000276942 0.000276942 -5.51795e-275 -1.16212e-277 2.81084e-277 -0 
-15.7934 0.333366 -9.26546e-05 -1.5246e-14 0.666634 -0.666633 -1.5246e-14 1.0001 1.0001 0.000277964 0.000277964 -8.81766e-275 -1.85708e-277 4.4917e-277 -0 
-15.7897 0.333367 -9.29966e-05 -1.54154e-14 0.666633 -0.666633 -1.54154e-14 1.0001 1.0001 0.00027899 0.00027899 -9.39133e-275 -1.97792e-277 4.78391e-277 -0 
-15.786 0.333367 -9.33398e-05 -1.55868e-14 0.666633 -0.666633 -1.55868e-14 1.0001 1.0001 0.000280019 0.000280019 -5.2549e-275 -1.10675e-277 2.67682e-277 -0 
-15.7823 0.333367 -9.36843e-05 -1.576e-14 0.666633 -0.666633 -1.576e-14 1.0001 1.0001 0.000281053 0.000281053 5.45352e-275 1.14859e-277 -2.77799e-277 0 
-15.7786 0.333367 -9.403e-05 -1.59352e-14 0.666633 -0.666633 -1.59352e-14 1.0001 1.0001 0.00028209 0.00028209 2.05335e-274 4.3247e-277 -1.04596e-276 0 
-15.7749 0.333367 -9.4377e-05 -1.61123e-14 0.666633 -0.666633 -1.61123e-14 1.0001 1.0001 0.000283131 0.000283131 3.2874e-274 6.92389e-277 -1.67457e-276 0 
-15.7713 0.333367 -9.47253e-05 -1.62914e-14 0.666633 -0.666633 -1.62914e-14 1.0001 1.0001 0.000284176 0.000284176 3.50705e-274 7.38659e-277 -1.78645e-276 0 
-15.7676 0.333367 -9.50749e-05 -1.64724e-14 0.666633 -0.666632 -1.64724e-14 1.0001 1.0001 0.000285225 0.000285225 1.97182e-274 4.15312e-277 -1.00442e-276 0 
-15.7639 0.333367 -9.54258e-05 -1.66555e-14 0.666633 -0.666632 -1.66555e-14 1.0001 1.0001 0.000286277 0.000286277 -2.0144e-274 -4.24284e-277 1.02611e-276 -0 
-15.7602 0.333368 -9.5778e-05 -1.68407e-14 0.666632 -0.666632 -1.68407e-14 1.0001 1.0001 0.000287334 0.000287334 -7.64085e-274 -1.60937e-276 3.89213e-276 -0 
-15.7565 0.333368 -9.61314e-05 -1.70278e-14 0.666632 -0.666632 -1.70278e-14 1.0001 1.0001 0.000288394 0.000288394 -1.2256e-273 -2.58148e-276 6.243e-276 -0 
-15.7528 0.333368 -9.64862e-05 -1.72171e-14 0.666632 -0.666632 -1.72171e-14 1.0001 1.0001 0.000289459 0.000289459 -1.30964e-273 -2.75852e-276 6.67107e-276 -0 
-15.7491 0.333368 -9.68423e-05 -1.74085e-14 0.666632 -0.666632 -1.74085e-14 1.0001 1.0001 0.000290527 0.000290527 -7.39862e-274 -1.5584e-276 3.76871e-276 -0 
-15.7455 0.333368 -9.71997e-05 -1.7602e-14 0.666632 -0.666632 -1.7602e-14 1.0001 1.0001 0.000291599 0.000291599 7.44003e-274 1.56714e-276 -3.78979e-276 0 
-15.7418 0.333368 -9.75584e-05 -1.77976e-14 0.666632 -0.666632 -1.77976e-14 1.0001 1.0001 0.000292675 0.000292675 2.84326e-273 5.989e-276 -1.44829e-275 0 
-15.7381 0.333368 -9.79184e-05 -1.79954e-14 0.666632 -0.666631 -1.79954e-14 1.00011 1.00011 0.000293755 0.000293755 4.56923e-273 9.62465e-276 -2.32745e-275 0 
-15.7344 0.333368 -9.82798e-05 -1.81954e-14 0.666632 -0.666631 -1.81954e-14 1.00011 1.00011 0.000294839 0.000294839 4.89057e-273 1.03016e-275 -2.49113e-275 0 
-15.7307 0.333369 -9.86425e-05 -1.83977e-14 0.666631 -0.666631 -1.83977e-14 1.00011 1.00011 0.000295928 0.000295928 2.77595e-273 5.8474e-276 -1.41399e-275 0 
-15.727 0.333369 -9.90066e-05 -1.86021e-14 0.666631 -0.666631 -1.86021e-14 1.00011 1.00011 0.00029702 0.00029702 -2.74766e-273 -5.78786e-276 1.39958e-275 -0 
-15.7234 0.333369 -9.93719e-05 -1.88089e-14 0.666631 -0.666631 -1.88089e-14 1.00011 1.00011 0.000298116 0.000298116 -1.058e-272 -2.22868e-275 5.38914e-275 -0 
-15.7197 0.333369 -9.97387e-05 -1.9018e-14 0.666631 -0.666631 -1.9018e-14 1.00011 1.00011 0.000299216 0.000299216 -1.70347e-272 -3.58838e-275 8.67691e-275 -0 
-15.716 0.333369 -0.000100107 -1.92293e-14 0.666631 -0.666631 -1.92293e-14 1.00011 1.00011 0.00030032 0.00030032 -1.82626e-272 -3.84709e-275 9.30235e-275 -0 
-15.7123 0.333369 -0.000100476 -1.94431e-14 0.666631 -0.66663 -1.94431e-14 1.00011 1.00011 0.000301429 0.000301429 -1.04148e-272 -2.19394e-275 5.30493e-275 -0 
-15.7086 0.333369 -0.000100847 -1.96592e-14 0.666631 -0.66663 -1.96592e-14 1.00011 1.00011 0.000302541 0.000302541 1.01463e-272 2.1374e-275 -5.16815e-275 0 
-15.7049 0.33337 -0.000101219 -1.98777e-14 0.666631 -0.66663 -1.98777e-14 1.00011 1.00011 0.000303658 0.000303657 3.93689e-272 8.29346e-275 -2.0053e-274 0 
-15.7012 0.33337 -0.000101593 -2.00986e-14 0.66663 -0.66663 -2.00986e-14 1.00011 1.00011 0.000304778 0.000304778 6.35072e-272 1.33786e-274 -3.2348e-274 0 
-15.6976 0.33337 -0.000101968 -2.0322e-14 0.66663 -0.66663 -2.0322e-14 1.00011 1.00011 0.000305903 0.000305903 6.81966e-272 1.43666e-274 -3.47365e-274 0 
-15.6939 0.33337 -0.000102344 -2.05479e-14 0.66663 -0.66663 -2.05479e-14 1.00011 1.00011 0.000307032 0.000307032 3.90725e-272 8.23129e-275 -1.99018e-274 0 
-15.6902 0.33337 -0.000102722 -2.07763e-14 0.66663 -0.66663 -2.07763e-14 1.00011 1.00011 0.000308165 0.000308165 -3.74637e-272 -7.89246e-275 1.90823e-274 -0 
-15.6865 0.33337 -0.000103101 -2.10072e-14 0.66663 -0.66663 -2.10072e-14 1.00011 1.00011 0.000309302 0.000309302 -1.46492e-271 -3.08617e-274 7.46161e-274 -0 
-15.6828 0.33337 -0.000103481 -2.12407e-14 0.66663 -0.666629 -2.12407e-14 1.00011 1.00011 0.000310444 0.000310444 -2.3676e-271 -4.98793e-274 1.20594e-273 -0 
-15.6791 0.33337 -0.000103863 -2.14768e-14 0.66663 -0.666629 -2.14768e-14 1.00011 1.00011 0.000311589 0.000311589 -2.54659e-271 -5.36506e-274 1.2971e-273 -0 
-15.6755 0.333371 -0.000104246 -2.17155e-14 0.666629 -0.666629 -2.17155e-14 1.00011 1.00011 0.000312739 0.000312739 -1.46578e-271 -3.0881e-274 7.46594e-274 -0 
-15.6718 0.333371 -0.000104631 -2.19568e-14 0.666629 -0.666629 -2.19568e-14 1.00011 1.00011 0.000313893 0.000313893 1.38315e-271 2.91404e-274 -7.04503e-274 0 
-15.6681 0.333371 -0.000105017 -2.22009e-14 0.666629 -0.666629 -2.22009e-14 1.00011 1.00011 0.000315052 0.000315052 5.45092e-271 1.14842e-273 -2.7764e-273 0 
-15.6644 0.333371 -0.000105405 -2.24476e-14 0.666629 -0.666629 -2.24476e-14 1.00011 1.00011 0.000316214 0.000316214 8.82657e-271 1.85963e-273 -4.49575e-273 0 
-15.6607 0.333371 -0.000105794 -2.26971e-14 0.666629 -0.666629 -2.26971e-14 1.00011 1.00011 0.000317381 0.000317381 9.50936e-271 2.00351e-273 -4.84351e-273 0 
-15.657 0.333371 -0.000106184 -2.29494e-14 0.666629 -0.666628 -2.29494e-14 1.00011 1.00011 0.000318553 0.000318553 5.49856e-271 1.15849e-273 -2.80064e-273 0 
-15.6533 0.333371 -0.000106576 -2.32045e-14 0.666629 -0.666628 -2.32045e-14 1.00011 1.00011 0.000319728 0.000319728 -5.10604e-271 -1.07581e-273 2.6007e-273 -0 
-15.6497 0.333372 -0.000106969 -2.34624e-14 0.666628 -0.666628 -2.34624e-14 1.00011 1.00011 0.000320908 0.000320908 -2.02825e-270 -4.27343e-273 1.03306e-272 -0 
-15.646 0.333372 -0.000107364 -2.37232e-14 0.666628 -0.666628 -2.37232e-14 1.00012 1.00012 0.000322092 0.000322092 -3.29058e-270 -6.93318e-273 1.67601e-272 -0 
-15.6423 0.333372 -0.00010776 -2.39868e-14 0.666628 -0.666628 -2.39868e-14 1.00012 1.00012 0.000323281 0.000323281 -3.55092e-270 -7.48178e-273 1.8086e-272 -0 
-15.6386 0.333372 -0.000108158 -2.42534e-14 0.666628 -0.666628 -2.42534e-14 1.00012 1.00012 0.000324474 0.000324474 -2.06257e-270 -4.34588e-273 1.05053e-272 -0 
-15.6349 0.333372 -0.000108557 -2.4523e-14 0.666628 -0.666628 -2.4523e-14 1.00012 1.00012 0.000325672 0.000325672 1.88475e-270 3.97125e-273 -9.59957e-273 0 
-15.6312 0.333372 -0.000108958 -2.47956e-14 0.666628 -0.666627 -2.47956e-14 1.00012 1.00012 0.000326873 0.000326873 7.54689e-270 1.59018e-272 -3.84384e-272 0 
-15.6275 0.333372 -0.00010936 -2.50712e-14 0.666628 -0.666627 -2.50712e-14 1.00012 1.00012 0.00032808 0.00032808 1.22674e-269 2.58485e-272 -6.24808e-272 0 
-15.6239 0.333373 -0.000109763 -2.53498e-14 0.666627 -0.666627 -2.53498e-14 1.00012 1.00012 0.00032929 0.00032929 1.32595e-269 2.79393e-272 -6.75337e-272 0 
-15.6202 0.333373 -0.000110169 -2.56316e-14 0.666627 -0.666627 -2.56316e-14 1.00012 1.00012 0.000330506 0.000330506 7.73656e-270 1.63021e-272 -3.9404e-272 0 
-15.6165 0.333373 -0.000110575 -2.59165e-14 0.666627 -0.666627 -2.59165e-14 1.00012 1.00012 0.000331725 0.000331725 -6.95626e-270 -1.4658e-272 3.54297e-272 -0 
-15.6128 0.333373 -0.000110983 -2.62045e-14 0.666627 -0.666627 -2.62045e-14 1.00012 1.00012 0.00033295 0.000332949 -2.80808e-269 -5.91718e-272 1.43021e-271 -0 
-15.6091 0.333373 -0.000111393 -2.64958e-14 0.666627 -0.666627 -2.64958e-14 1.00012 1.00012 0.000334178 0.000334178 -4.57327e-269 -9.63687e-272 2.32924e-271 -0 
-15.6054 0.333373 -0.000111804 -2.67903e-14 0.666627 -0.666626 -2.67903e-14 1.00012 1.00012 0.000335411 0.000335411 -4.95117e-269 -1.04333e-271 2.52171e-271 -0 
-15.6018 0.333373 -0.000112216 -2.7088e-14 0.666627 -0.666626 -2.7088e-14 1.00012 1.00012 0.000336649 0.000336649 -2.9018e-269 -6.11488e-272 1.47793e-271 -0 
-15.5981 0.333374 -0.000112631 -2.73891e-14 0.666626 -0.666626 -2.73891e-14 1.00012 1.00012 0.000337892 0.000337892 2.56715e-269 5.40974e-272 -1.30748e-271 0 
-15.5944 0.333374 -0.000113046 -2.76935e-14 0.666626 -0.666626 -2.76935e-14 1.00012 1.00012 0.000339138 0.000339138 1.04483e-268 2.2018e-271 -5.32145e-271 0 
-15.5907 0.333374 -0.000113463 -2.80013e-14 0.666626 -0.666626 -2.80013e-14 1.00012 1.00012 0.00034039 0.00034039 1.7049e-268 3.59281e-271 -8.68321e-271 0 
-15.587 0.333374 -0.000113882 -2.83125e-14 0.666626 -0.666626 -2.83125e-14 1.00012 1.00012 0.000341646 0.000341646 1.84879e-268 3.89607e-271 -9.41598e-271 0 
-15.5833 0.333374 -0.000114302 -2.86272e-14 0.666626 -0.666625 -2.86272e-14 1.00012 1.00012 0.000342907 0.000342907 1.08835e-268 2.29359e-271 -5.54303e-271 0 
-15.5796 0.333374 -0.000114724 -2.89454e-14 0.666626 -0.666625 -2.89454e-14 1.00012 1.00012 0.000344172 0.000344172 -9.47282e-269 -1.99632e-271 4.82453e-271 -0 
-15.576 0.333375 -0.000115147 -2.92671e-14 0.666626 -0.666625 -2.92671e-14 1.00012 1.00012 0.000345442 0.000345442 -3.88758e-268 -8.19287e-271 1.97995e-270 -0 
-15.5723 0.333375 -0.000115572 -2.95924e-14 0.666625 -0.666625 -2.95924e-14 1.00012 1.00012 0.000346717 0.000346717 -6.35579e-268 -1.33946e-270 3.237e-270 -0 
-15.5686 0.333375 -0.000115999 -2.99213e-14 0.666625 -0.666625 -2.99213e-14 1.00012 1.00012 0.000347997 0.000347997 -6.90337e-268 -1.45488e-270 3.51587e-270 -0 
-15.5649 0.333375 -0.000116427 -3.02539e-14 0.666625 -0.666625 -3.02539e-14 1.00012 1.00012 0.000349281 0.000349281 -4.0818e-268 -8.60248e-271 2.07884e-270 -0 
-15.5612 0.333375 -0.000116857 -3.05901e-14 0.666625 -0.666625 -3.05901e-14 1.00013 1.00013 0.00035057 0.00035057 3.49508e-268 7.36606e-271 -1.78002e-270 0 
-15.5575 0.333375 -0.000117288 -3.09301e-14 0.666625 -0.666624 -3.09301e-14 1.00013 1.00013 0.000351864 0.000351864 1.44646e-267 3.04853e-270 -7.36672e-270 0 
-15.5538 0.333375 -0.000117721 -3.12739e-14 0.666625 -0.666624 -3.12739e-14 1.00013 1.00013 0.000353162 0.000353162 2.36939e-267 4.99374e-270 -1.20671e-269 0 
-15.5502 0.333376 -0.000118155 -3.16215e-14 0.666624 -0.666624 -3.16215e-14 1.00013 1.00013 0.000354465 0.000354465 2.5777e-267 5.43284e-270 -1.31279e-269 0 
-15.5465 0.333376 -0.000118591 -3.19729e-14 0.666624 -0.666624 -3.19729e-14 1.00013 1.00013 0.000355773 0.000355773 1.53079e-267 3.22637e-270 -7.79609e-270 0 
-15.5428 0.333376 -0.000119029 -3.23283e-14 0.666624 -0.666624 -3.23283e-14 1.00013 1.00013 0.000357086 0.000357086 -1.28939e-267 -2.71763e-270 6.56668e-270 -0 
-15.5391 0.333376 -0.000119468 -3.26876e-14 0.666624 -0.666624 -3.26876e-14 1.00013 1.00013 0.000358404 0.000358404 -5.38183e-267 -1.13433e-269 2.74087e-269 -0 
-15.5354 0.333376 -0.000119909 -3.30509e-14 0.666624 -0.666623 -3.30509e-14 1.00013 1.00013 0.000359727 0.000359727 -8.83288e-267 -1.86173e-269 4.49841e-269 -0 
-15.5317 0.333376 -0.000120351 -3.34183e-14 0.666624 -0.666623 -3.34183e-14 1.00013 1.00013 0.000361054 0.000361054 -9.625e-267 -2.02872e-269 4.9018e-269 -0 
-15.5281 0.333377 -0.000120795 -3.37897e-14 0.666624 -0.666623 -3.37897e-14 1.00013 1.00013 0.000362386 0.000362386 -5.74064e-267 -1.21001e-269 2.92358e-269 -0 
-15.5244 0.333377 -0.000121241 -3.41653e-14 0.666623 -0.666623 -3.41653e-14 1.00013 1.00013 0.000363724 0.000363724 4.75623e-267 1.00252e-269 -2.42223e-269 0 
-15.5207 0.333377 -0.000121689 -3.4545e-14 0.666623 -0.666623 -3.4545e-14 1.00013 1.00013 0.000365066 0.000365066 2.00239e-266 4.22071e-269 -1.01976e-268 0 
-15.517 0.333377 -0.000122138 -3.49289e-14 0.666623 -0.666623 -3.49289e-14 1.00013 1.00013 0.000366413 0.000366413 3.29279e-266 6.94077e-269 -1.67692e-268 0 
-15.5133 0.333377 -0.000122588 -3.53172e-14 0.666623 -0.666623 -3.53172e-14 1.00013 1.00013 0.000367765 0.000367765 3.59389e-266 7.57555e-269 -1.83026e-268 0 
-15.5096 0.333377 -0.000123041 -3.57097e-14 0.666623 -0.666622 -3.57097e-14 1.00013 1.00013 0.000369122 0.000369122 2.15272e-266 4.53777e-269 -1.09631e-268 0 
-15.5059 0.333378 -0.000123495 -3.61066e-14 0.666623 -0.666622 -3.61066e-14 1.00013 1.00013 0.000370485 0.000370485 -1.75423e-266 -3.69784e-269 8.9337e-269 -0 
-15.5023 0.333378 -0.000123951 -3.65079e-14 0.666622 -0.666622 -3.65079e-14 1.00013 1.00013 0.000371852 0.000371852 -7.45007e-266 -1.57046e-268 3.79405e-268 -0 
-15.4986 0.333378 -0.000124408 -3.69137e-14 0.666622 -0.666622 -3.69137e-14 1.00013 1.00013 0.000373224 0.000373224 -1.22751e-265 -2.58759e-268 6.25122e-268 -0 
-15.4949 0.333378 -0.000124867 -3.73239e-14 0.666622 -0.666622 -3.73239e-14 1.00013 1.00013 0.000374601 0.000374601 -1.34192e-265 -2.82881e-268 6.83384e-268 -0 
-15.4912 0.333378 -0.000125328 -3.77388e-14 0.666622 -0.666622 -3.77388e-14 1.00013 1.00013 0.000375984 0.000375984 -8.07229e-266 -1.70169e-268 4.11087e-268 -0 
-15.4875 0.333378 -0.00012579 -3.81582e-14 0.666622 -0.666621 -3.81582e-14 1.00014 1.00014 0.000377371 0.000377371 6.46933e-266 1.36379e-268 -3.29454e-268 0 
-15.4838 0.333379 -0.000126255 -3.85823e-14 0.666622 -0.666621 -3.85823e-14 1.00014 1.00014 0.000378764 0.000378764 2.77184e-265 5.84337e-268 -1.41157e-267 0 
-15.4802 0.333379 -0.00012672 -3.90111e-14 0.666621 -0.666621 -3.90111e-14 1.00014 1.00014 0.000380161 0.000380161 4.57595e-265 9.64677e-268 -2.33031e-267 0 
-15.4765 0.333379 -0.000127188 -3.94447e-14 0.666621 -0.666621 -3.94447e-14 1.00014 1.00014 0.000381564 0.000381564 5.01053e-265 1.05631e-267 -2.55161e-267 0 
-15.4728 0.333379 -0.000127657 -3.98831e-14 0.666621 -0.666621 -3.98831e-14 1.00014 1.00014 0.000382972 0.000382972 3.02683e-265 6.38117e-268 -1.5414e-267 0 
-15.4691 0.333379 -0.000128128 -4.03264e-14 0.666621 -0.666621 -4.03264e-14 1.00014 1.00014 0.000384385 0.000384385 -2.38548e-265 -5.02914e-268 1.21479e-267 -0 
-15.4654 0.333379 -0.000128601 -4.07746e-14 0.666621 -0.66662 -4.07746e-14 1.00014 1.00014 0.000385804 0.000385804 -1.03127e-264 -2.17418e-267 5.25166e-267 -0 
-15.4617 0.33338 -0.000129076 -4.12278e-14 0.666621 -0.66662 -4.12278e-14 1.00014 1.00014 0.000387227 0.000387227 -1.70583e-264 -3.59638e-267 8.68679e-267 -0 
-15.458 0.33338 -0.000129552 -4.1686e-14 0.66662 -0.66662 -4.1686e-14 1.00014 1.00014 0.000388656 0.000388656 -1.87084e-264 -3.94433e-267 9.52706e-267 -0 
-15.4544 0.33338 -0.00013003 -4.21493e-14 0.66662 -0.66662 -4.21493e-14 1.00014 1.00014 0.000390091 0.000390091 -1.13491e-264 -2.39279e-267 5.77939e-267 -0 
-15.4507 0.33338 -0.00013051 -4.26178e-14 0.66662 -0.66662 -4.26178e-14 1.00014 1.00014 0.00039153 0.00039153 8.79503e-265 1.85432e-267 -4.47873e-267 0 
-15.447 0.33338 -0.000130992 -4.30915e-14 0.66662 -0.666619 -4.30915e-14 1.00014 1.00014 0.000392975 0.000392975 3.8368e-264 8.08952e-267 -1.95383e-266 0 
-15.4433 0.33338 -0.000131475 -4.35704e-14 0.66662 -0.666619 -4.35704e-14 1.00014 1.00014 0.000394425 0.000394425 6.35898e-264 1.34075e-266 -3.23819e-266 0 
-15.4396 0.333381 -0.00013196 -4.40547e-14 0.66662 -0.666619 -4.40547e-14 1.00014 1.00014 0.00039588 0.00039588 6.98534e-264 1.47283e-266 -3.55714e-266 0 
-15.4359 0.333381 -0.000132447 -4.45443e-14 0.666619 -0.666619 -4.45443e-14 1.00014 1.00014 0.000397341 0.000397341 4.25519e-264 8.97202e-267 -2.16685e-266 0 
-15.4322 0.333381 -0.000132936 -4.50394e-14 0.666619 -0.666619 -4.50394e-14 1.00014 1.00014 0.000398808 0.000398807 -3.24221e-264 -6.83627e-267 1.65101e-266 -0 
-15.4286 0.333381 -0.000133426 -4.554e-14 0.666619 -0.666619 -4.554e-14 1.00014 1.00014 0.000400279 0.000400279 -1.42746e-263 -3.00986e-266 7.26892e-266 -0 
-15.4249 0.333381 -0.000133919 -4.60461e-14 0.666619 -0.666618 -4.60461e-14 1.00014 1.00014 0.000401756 0.000401756 -2.37048e-263 -4.99835e-266 1.2071e-265 -0 
-15.4212 0.333381 -0.000134413 -4.65579e-14 0.666619 -0.666618 -4.65579e-14 1.00014 1.00014 0.000403239 0.000403239 -2.60816e-263 -5.4996e-266 1.32812e-265 -0 
-15.4175 0.333382 -0.000134909 -4.70753e-14 0.666618 -0.666618 -4.70753e-14 1.00014 1.00014 0.000404727 0.000404727 -1.59536e-263 -3.36404e-266 8.12382e-266 -0 
-15.4138 0.333382 -0.000135407 -4.75985e-14 0.666618 -0.666618 -4.75985e-14 1.00015 1.00015 0.00040622 0.00040622 1.19505e-263 2.51997e-266 -6.08538e-266 0 
-15.4101 0.333382 -0.000135906 -4.81276e-14 0.666618 -0.666618 -4.81276e-14 1.00015 1.00015 0.000407719 0.000407719 5.31068e-263 1.11986e-265 -2.70426e-265 0 
-15.4065 0.333382 -0.000136408 -4.86625e-14 0.666618 -0.666618 -4.86625e-14 1.00015 1.00015 0.000409224 0.000409224 8.83656e-263 1.86339e-265 -4.49966e-265 0 
-15.4028 0.333382 -0.000136911 -4.92033e-14 0.666618 -0.666617 -4.92033e-14 1.00015 1.00015 0.000410734 0.000410734 9.7382e-263 2.05355e-265 -4.95876e-265 0 
-15.3991 0.333383 -0.000137416 -4.97502e-14 0.666618 -0.666617 -4.97502e-14 1.00015 1.00015 0.000412249 0.000412249 5.9811e-263 1.26129e-265 -3.04561e-265 0 
-15.3954 0.333383 -0.000137923 -5.03031e-14 0.666617 -0.666617 -5.03031e-14 1.00015 1.00015 0.000413771 0.00041377 -4.40428e-263 -9.28783e-266 2.24267e-265 -0 
-15.3917 0.333383 -0.000138432 -5.08622e-14 0.666617 -0.666617 -5.08622e-14 1.00015 1.00015 0.000415297 0.000415297 -1.97576e-262 -4.16658e-265 1.00606e-264 -0 
-15.388 0.333383 -0.000138943 -5.14275e-14 0.666617 -0.666617 -5.14275e-14 1.00015 1.00015 0.00041683 0.00041683 -3.29403e-262 -6.94671e-265 1.67731e-264 -0 
-15.3843 0.333383 -0.000139456 -5.19991e-14 0.666617 -0.666616 -5.19991e-14 1.00015 1.00015 0.000418368 0.000418368 -3.63596e-262 -7.66792e-265 1.85142e-264 -0 
-15.3807 0.333383 -0.000139971 -5.2577e-14 0.666617 -0.666616 -5.2577e-14 1.00015 1.00015 0.000419912 0.000419912 -2.24227e-262 -4.72881e-265 1.14175e-264 -0 
-15.377 0.333384 -0.000140487 -5.31614e-14 0.666616 -0.666616 -5.31614e-14 1.00015 1.00015 0.000421461 0.000421461 1.62293e-262 3.42272e-265 -8.26383e-265 0 
-15.3733 0.333384 -0.000141005 -5.37522e-14 0.666616 -0.666616 -5.37522e-14 1.00015 1.00015 0.000423016 0.000423016 7.35041e-262 1.55021e-264 -3.74275e-264 0 
-15.3696 0.333384 -0.000141526 -5.43496e-14 0.666616 -0.666616 -5.43496e-14 1.00015 1.00015 0.000424577 0.000424577 1.22792e-261 2.58972e-264 -6.25239e-264 0 
-15.3659 0.333384 -0.000142048 -5.49537e-14 0.666616 -0.666616 -5.49537e-14 1.00015 1.00015 0.000426144 0.000426144 1.35755e-261 2.86317e-264 -6.91244e-264 0 
-15.3622 0.333384 -0.000142572 -5.55645e-14 0.666616 -0.666615 -5.55645e-14 1.00015 1.00015 0.000427716 0.000427716 8.40575e-262 1.77286e-264 -4.28006e-264 0 
-15.3586 0.333385 -0.000143098 -5.6182e-14 0.666616 -0.666615 -5.6182e-14 1.00015 1.00015 0.000429295 0.000429295 -5.97949e-262 -1.26115e-264 3.04464e-264 -0 
-15.3549 0.333385 -0.000143626 -5.68064e-14 0.666615 -0.666615 -5.68064e-14 1.00015 1.00015 0.000430879 0.000430879 -2.73454e-261 -5.76759e-264 1.39237e-263 -0 
-15.3512 0.333385 -0.000144156 -5.74378e-14 0.666615 -0.666615 -5.74378e-14 1.00015 1.00015 0.000432469 0.000432469 -4.57727e-261 -9.65437e-264 2.33064e-263 -0 
-15.3475 0.333385 -0.000144688 -5.80762e-14 0.666615 -0.666615 -5.80762e-14 1.00016 1.00016 0.000434064 0.000434064 -5.06861e-261 -1.06909e-263 2.5808e-263 -0 
-15.3438 0.333385 -0.000145222 -5.87216e-14 0.666615 -0.666614 -5.87216e-14 1.00016 1.00016 0.000435666 0.000435666 -3.15101e-261 -6.6463e-264 1.6044e-263 -0 
-15.3401 0.333386 -0.000145758 -5.93743e-14 0.666615 -0.666614 -5.93743e-14 1.00016 1.00016 0.000437274 0.000437274 2.20274e-261 4.64623e-264 -1.12157e-263 0 
-15.3364 0.333386 -0.000146296 -6.00342e-14 0.666614 -0.666614 -6.00342e-14 1.00016 1.00016 0.000438887 0.000438887 1.01731e-260 2.14583e-263 -5.17978e-263 0 
-15.3328 0.333386 -0.000146836 -6.07014e-14 0.666614 -0.666614 -6.07014e-14 1.00016 1.00016 0.000440507 0.000440507 1.70625e-260 3.59909e-263 -8.68762e-263 0 
-15.3291 0.333386 -0.000147377 -6.13761e-14 0.666614 -0.666614 -6.13761e-14 1.00016 1.00016 0.000442132 0.000442132 1.89243e-260 3.99187e-263 -9.63552e-263 0 
-15.3254 0.333386 -0.000147921 -6.20582e-14 0.666614 -0.666613 -6.20582e-14 1.00016 1.00016 0.000443764 0.000443763 1.18115e-260 2.49155e-263 -6.01396e-263 0 
-15.3217 0.333386 -0.000148467 -6.27479e-14 0.666614 -0.666613 -6.27479e-14 1.00016 1.00016 0.000445401 0.000445401 -8.11331e-261 -1.71147e-263 4.13095e-263 -0 
-15.318 0.333387 -0.000149015 -6.34453e-14 0.666613 -0.666613 -6.34453e-14 1.00016 1.00016 0.000447044 0.000447044 -3.78455e-260 -7.98347e-263 1.92692e-262 -0 
-15.3143 0.333387 -0.000149565 -6.41505e-14 0.666613 -0.666613 -6.41505e-14 1.00016 1.00016 0.000448694 0.000448694 -6.36028e-260 -1.34172e-262 3.23835e-262 -0 
-15.3106 0.333387 -0.000150117 -6.48634e-14 0.666613 -0.666613 -6.48634e-14 1.00016 1.00016 0.00045035 0.00045035 -7.06555e-260 -1.49052e-262 3.59742e-262 -0 
-15.307 0.333387 -0.00015067 -6.55843e-14 0.666613 -0.666612 -6.55843e-14 1.00016 1.00016 0.000452011 0.000452011 -4.42739e-260 -9.33997e-263 2.25419e-262 -0 
-15.3033 0.333387 -0.000151226 -6.63133e-14 0.666613 -0.666612 -6.63133e-14 1.00016 1.00016 0.000453679 0.000453679 2.9879e-260 6.30334e-263 -1.52128e-262 0 
-15.2996 0.333388 -0.000151784 -6.70503e-14 0.666612 -0.666612 -6.70503e-14 1.00016 1.00016 0.000455353 0.000455353 1.4079e-259 2.97018e-262 -7.16822e-262 0 
-15.2959 0.333388 -0.000152344 -6.77955e-14 0.666612 -0.666612 -6.77955e-14 1.00016 1.00016 0.000457033 0.000457033 2.37086e-259 5.00179e-262 -1.2071e-261 0 
-15.2922 0.333388 -0.000152907 -6.8549e-14 0.666612 -0.666612 -6.8549e-14 1.00016 1.00016 0.00045872 0.00045872 2.63797e-259 5.56538e-262 -1.34309e-261 0 
-15.2885 0.333388 -0.000153471 -6.93108e-14 0.666612 -0.666611 -6.93108e-14 1.00016 1.00016 0.000460412 0.000460412 1.65948e-259 3.50111e-262 -8.44902e-262 0 
-15.2849 0.333388 -0.000154037 -7.00811e-14 0.666612 -0.666611 -7.00811e-14 1.00017 1.00017 0.000462111 0.000462111 -1.10018e-259 -2.32116e-262 5.6014e-262 -0 
-15.2812 0.333389 -0.000154605 -7.086e-14 0.666611 -0.666611 -7.086e-14 1.00017 1.00017 0.000463816 0.000463816 -5.2375e-259 -1.10502e-261 2.66657e-261 -0 
-15.2775 0.333389 -0.000155176 -7.16476e-14 0.666611 -0.666611 -7.16476e-14 1.00017 1.00017 0.000465528 0.000465528 -8.83761e-259 -1.86461e-261 4.49947e-261 -0 
-15.2738 0.333389 -0.000155748 -7.24439e-14 0.666611 -0.666611 -7.24439e-14 1.00017 1.00017 0.000467246 0.000467245 -9.84893e-259 -2.07802e-261 5.01434e-261 -0 
-15.2701 0.333389 -0.000156323 -7.3249e-14 0.666611 -0.66661 -7.3249e-14 1.00017 1.00017 0.00046897 0.000468969 -6.21989e-259 -1.31235e-261 3.16669e-261 -0 
-15.2664 0.33339 -0.0001569 -7.40631e-14 0.666611 -0.66661 -7.40631e-14 1.00017 1.00017 0.0004707 0.0004707 4.05037e-259 8.54614e-262 -2.06213e-261 0 
-15.2627 0.33339 -0.000157479 -7.48863e-14 0.66661 -0.66661 -7.48863e-14 1.00017 1.00017 0.000472437 0.000472437 1.94837e-258 4.11105e-261 -9.91949e-261 0 
-15.2591 0.33339 -0.00015806 -7.57185e-14 0.66661 -0.66661 -7.57185e-14 1.00017 1.00017 0.00047418 0.00047418 3.29428e-258 6.95104e-261 -1.67717e-260 0 
-15.2554 0.33339 -0.000158643 -7.65601e-14 0.66661 -0.66661 -7.65601e-14 1.00017 1.00017 0.00047593 0.000475929 3.6771e-258 7.75894e-261 -1.87206e-260 0 
-15.2517 0.33339 -0.000159229 -7.7411e-14 0.66661 -0.666609 -7.7411e-14 1.00017 1.00017 0.000477686 0.000477686 2.33119e-258 4.91905e-261 -1.18683e-260 0 
-15.248 0.333391 -0.000159816 -7.82713e-14 0.66661 -0.666609 -7.82713e-14 1.00017 1.00017 0.000479448 0.000479448 -1.49091e-258 -3.14604e-261 7.59036e-261 -0 
-15.2443 0.333391 -0.000160406 -7.91412e-14 0.666609 -0.666609 -7.91412e-14 1.00017 1.00017 0.000481217 0.000481217 -7.2479e-258 -1.52944e-260 3.68995e-260 -0 
-15.2406 0.333391 -0.000160998 -8.00208e-14 0.666609 -0.666609 -8.00208e-14 1.00017 1.00017 0.000482993 0.000482993 -1.22795e-257 -2.59125e-260 6.25156e-260 -0 
-15.237 0.333391 -0.000161592 -8.09102e-14 0.666609 -0.666608 -8.09102e-14 1.00017 1.00017 0.000484775 0.000484775 -1.37284e-257 -2.89703e-260 6.98912e-260 -0 
-15.2333 0.333391 -0.000162188 -8.18094e-14 0.666609 -0.666608 -8.18094e-14 1.00017 1.00017 0.000486564 0.000486564 -8.73687e-258 -1.84373e-260 4.44792e-260 -0 
-15.2296 0.333392 -0.000162786 -8.27186e-14 0.666608 -0.666608 -8.27186e-14 1.00017 1.00017 0.000488359 0.000488359 5.48701e-258 1.15794e-260 -2.79341e-260 0 
-15.2259 0.333392 -0.000163387 -8.3638e-14 0.666608 -0.666608 -8.3638e-14 1.00018 1.00018 0.000490161 0.000490161 2.69618e-257 5.6899e-260 -1.37261e-259 0 
-15.2222 0.333392 -0.00016399 -8.45675e-14 0.666608 -0.666608 -8.45675e-14 1.00018 1.00018 0.000491969 0.000491969 4.57723e-257 9.65975e-260 -2.33022e-259 0 
-15.2185 0.333392 -0.000164595 -8.55074e-14 0.666608 -0.666607 -8.55074e-14 1.00018 1.00018 0.000493785 0.000493785 5.12541e-257 1.08168e-259 -2.60928e-259 0 
-15.2148 0.333392 -0.000165202 -8.64577e-14 0.666608 -0.666607 -8.64577e-14 1.00018 1.00018 0.000495607 0.000495606 3.27431e-257 6.91033e-260 -1.6669e-259 0 
-15.2112 0.333393 -0.000165812 -8.74186e-14 0.666607 -0.666607 -8.74186e-14 1.00018 1.00018 0.000497435 0.000497435 -2.01904e-257 -4.26118e-260 1.02785e-259 -0 
-15.2075 0.333393 -0.000166423 -8.83902e-14 0.666607 -0.666607 -8.83902e-14 1.00018 1.00018 0.000499271 0.00049927 -1.00295e-256 -2.11677e-259 5.10582e-259 -0 
-15.2038 0.333393 -0.000167038 -8.93725e-14 0.666607 -0.666606 -8.93725e-14 1.00018 1.00018 0.000501113 0.000501113 -1.70616e-256 -3.60098e-259 8.68566e-259 -0 
-15.2001 0.333393 -0.000167654 -9.03658e-14 0.666607 -0.666606 -9.03658e-14 1.00018 1.00018 0.000502962 0.000502962 -1.91353e-256 -4.03873e-259 9.74129e-259 -0 
-15.1964 0.333394 -0.000168272 -9.13701e-14 0.666607 -0.666606 -9.13701e-14 1.00018 1.00018 0.000504817 0.000504817 -1.22707e-256 -2.58992e-259 6.24666e-259 -0 
-15.1927 0.333394 -0.000168893 -9.23856e-14 0.666606 -0.666606 -9.23856e-14 1.00018 1.00018 0.00050668 0.00050668 7.42804e-257 1.56783e-259 -3.78139e-259 0 
-15.189 0.333394 -0.000169516 -9.34124e-14 0.666606 -0.666606 -9.34124e-14 1.00018 1.00018 0.000508549 0.000508549 3.73083e-256 7.87477e-259 -1.89924e-258 0 
-15.1854 0.333394 -0.000170142 -9.44506e-14 0.666606 -0.666605 -9.44506e-14 1.00018 1.00018 0.000510426 0.000510426 6.35966e-256 1.34238e-258 -3.23747e-258 0 
-15.1817 0.333394 -0.00017077 -9.55003e-14 0.666606 -0.666605 -9.55003e-14 1.00018 1.00018 0.000512309 0.000512309 7.14396e-256 1.50795e-258 -3.63671e-258 0 
-15.178 0.333395 -0.0001714 -9.65617e-14 0.666605 -0.666605 -9.65617e-14 1.00018 1.00018 0.000514199 0.000514199 4.59837e-256 9.70642e-259 -2.34084e-258 0 
-15.1743 0.333395 -0.000172032 -9.76348e-14 0.666605 -0.666605 -9.76348e-14 1.00018 1.00018 0.000516097 0.000516096 -2.73228e-256 -5.76752e-259 1.39088e-258 -0 
-15.1706 0.333395 -0.000172667 -9.87199e-14 0.666605 -0.666604 -9.87199e-14 1.00019 1.00019 0.000518001 0.000518001 -1.3878e-255 -2.92953e-258 7.06462e-258 -0 
-15.1669 0.333395 -0.000173304 -9.98171e-14 0.666605 -0.666604 -9.98171e-14 1.00019 1.00019 0.000519912 0.000519912 -2.37053e-255 -5.00409e-258 1.20672e-257 -0 
-15.1633 0.333396 -0.000173943 -1.00926e-13 0.666605 -0.666604 -1.00926e-13 1.00019 1.00019 0.00052183 0.00052183 -2.6671e-255 -5.63023e-258 1.35768e-257 -0 
-15.1596 0.333396 -0.000174585 -1.02048e-13 0.666604 -0.666604 -1.02048e-13 1.00019 1.00019 0.000523756 0.000523756 -1.72315e-255 -3.63763e-258 8.7716e-258 -0 
-15.1559 0.333396 -0.000175229 -1.03182e-13 0.666604 -0.666604 -1.03182e-13 1.00019 1.00019 0.000525688 0.000525688 1.00484e-255 2.12128e-258 -5.11503e-258 0 
-15.1522 0.333396 -0.000175876 -1.04329e-13 0.666604 -0.666603 -1.04329e-13 1.00019 1.00019 0.000527628 0.000527628 5.16228e-255 1.08981e-257 -2.6278e-257 0 
-15.1485 0.333397 -0.000176525 -1.05489e-13 0.666604 -0.666603 -1.05489e-13 1.00019 1.00019 0.000529574 0.000529574 8.83599e-255 1.86541e-257 -4.49784e-257 0 
-15.1448 0.333397 -0.000177176 -1.06661e-13 0.666603 -0.666603 -1.06661e-13 1.00019 1.00019 0.000531528 0.000531528 9.95716e-255 2.10214e-257 -5.06852e-257 0 
-15.1411 0.333397 -0.00017783 -1.07846e-13 0.666603 -0.666603 -1.07846e-13 1.00019 1.00019 0.000533489 0.000533489 6.45697e-255 1.36321e-257 -3.28679e-257 0 
-15.1375 0.333397 -0.000178486 -1.09045e-13 0.666603 -0.666602 -1.09045e-13 1.00019 1.00019 0.000535458 0.000535458 -3.69471e-255 -7.80052e-258 1.88071e-257 -0 
-15.1338 0.333397 -0.000179144 -1.10257e-13 0.666603 -0.666602 -1.10257e-13 1.00019 1.00019 0.000537433 0.000537433 -1.92022e-254 -4.05418e-257 9.7744e-257 -0 
-15.1301 0.333398 -0.000179805 -1.11482e-13 0.666602 -0.666602 -1.11482e-13 1.00019 1.00019 0.000539416 0.000539416 -3.29353e-254 -6.95379e-257 1.67648e-256 -0 
-15.1264 0.333398 -0.000180469 -1.12721e-13 0.666602 -0.666602 -1.12721e-13 1.00019 1.00019 0.000541406 0.000541406 -3.71731e-254 -7.84869e-257 1.89218e-256 -0 
-15.1227 0.333398 -0.000181135 -1.13974e-13 0.666602 -0.666601 -1.13974e-13 1.00019 1.00019 0.000543404 0.000543404 -2.41947e-254 -5.10853e-257 1.23155e-256 -0 
-15.119 0.333398 -0.000181803 -1.15241e-13 0.666602 -0.666601 -1.15241e-13 1.0002 1.0002 0.000545409 0.000545409 1.35825e-254 2.8679e-257 -6.91367e-257 0 
-15.1153 0.333399 -0.000182474 -1.16521e-13 0.666601 -0.666601 -1.16521e-13 1.0002 1.0002 0.000547421 0.000547421 7.14259e-254 1.50816e-256 -3.63565e-256 0 
-15.1117 0.333399 -0.000183147 -1.17816e-13 0.666601 -0.666601 -1.17816e-13 1.0002 1.0002 0.000549441 0.000549441 1.22762e-253 2.59219e-256 -6.2487e-256 0 
-15.108 0.333399 -0.000183823 -1.19126e-13 0.666601 -0.6666 -1.19126e-13 1.0002 1.0002 0.000551468 0.000551468 1.38777e-253 2.93041e-256 -7.06384e-256 0 
-15.1043 0.333399 -0.000184501 -1.2045e-13 0.666601 -0.6666 -1.2045e-13 1.0002 1.0002 0.000553503 0.000553502 9.0656e-254 1.91432e-256 -4.61441e-256 0 
-15.1006 0.3334 -0.000185182 -1.21788e-13 0.6666 -0.6666 -1.21788e-13 1.0002 1.0002 0.000555545 0.000555545 -4.99218e-254 -1.05418e-256 2.54101e-256 -0 
-15.0969 0.3334 -0.000185865 -1.23142e-13 0.6666 -0.6666 -1.23142e-13 1.0002 1.0002 0.000557594 0.000557594 -2.65677e-253 -5.61034e-256 1.35229e-255 -0 
-15.0932 0.3334 -0.00018655 -1.2451e-13 0.6666 -0.666599 -1.2451e-13 1.0002 1.0002 0.000559652 0.000559651 -4.5758e-253 -9.66296e-256 2.32905e-255 -0 
-15.0896 0.3334 -0.000187239 -1.25894e-13 0.6666 -0.666599 -1.25894e-13 1.0002 1.0002 0.000561716 0.000561716 -5.18091e-253 -1.0941e-255 2.63703e-255 -0 
-15.0859 0.333401 -0.00018793 -1.27293e-13 0.6666 -0.666599 -1.27293e-13 1.0002 1.0002 0.000563789 0.000563789 -3.39672e-253 -7.17332e-256 1.72888e-255 -0 
-15.0822 0.333401 -0.000188623 -1.28708e-13 0.666599 -0.666599 -1.28708e-13 1.0002 1.0002 0.000565869 0.000565869 1.83446e-253 3.87417e-256 -9.33712e-256 0 
-15.0785 0.333401 -0.000189319 -1.30138e-13 0.666599 -0.666598 -1.30138e-13 1.0002 1.0002 0.000567957 0.000567956 9.88207e-253 2.08702e-255 -5.02978e-255 0 
-15.0748 0.333401 -0.000190017 -1.31585e-13 0.666599 -0.666598 -1.31585e-13 1.0002 1.0002 0.000570052 0.000570052 1.70555e-252 3.60207e-255 -8.68089e-255 0 
-15.0711 0.333402 -0.000190718 -1.33047e-13 0.666599 -0.666598 -1.33047e-13 1.0002 1.0002 0.000572155 0.000572155 1.93415e-252 4.08493e-255 -9.84432e-255 0 
-15.0674 0.333402 -0.000191422 -1.34526e-13 0.666598 -0.666598 -1.34526e-13 1.00021 1.00021 0.000574266 0.000574266 1.27265e-252 2.6879e-255 -6.47742e-255 0 
-15.0638 0.333402 -0.000192128 -1.36021e-13 0.666598 -0.666597 -1.36021e-13 1.00021 1.00021 0.000576385 0.000576385 -6.73961e-253 -1.42347e-255 3.43025e-255 -0 
-15.0601 0.333402 -0.000192837 -1.37533e-13 0.666598 -0.666597 -1.37533e-13 1.00021 1.00021 0.000578511 0.000578511 -3.67566e-252 -7.76349e-255 1.87079e-254 -0 
-15.0564 0.333403 -0.000193548 -1.39061e-13 0.666597 -0.666597 -1.39061e-13 1.00021 1.00021 0.000580646 0.000580645 -6.35713e-252 -1.34274e-254 3.23554e-254 -0 
-15.0527 0.333403 -0.000194263 -1.40606e-13 0.666597 -0.666597 -1.40606e-13 1.00021 1.00021 0.000582788 0.000582788 -7.22054e-252 -1.52514e-254 3.67496e-254 -0 
-15.049 0.333403 -0.000194979 -1.42169e-13 0.666597 -0.666596 -1.42169e-13 1.00021 1.00021 0.000584938 0.000584938 -4.76809e-252 -1.00715e-254 2.42675e-254 -0 
-15.0453 0.333403 -0.000195699 -1.43749e-13 0.666597 -0.666596 -1.43749e-13 1.00021 1.00021 0.000587096 0.000587096 2.47551e-252 5.22903e-255 -1.25992e-254 0 
-15.0417 0.333404 -0.000196421 -1.45347e-13 0.666596 -0.666596 -1.45347e-13 1.00021 1.00021 0.000589262 0.000589262 1.36716e-251 2.88791e-254 -6.95814e-254 0 
-15.038 0.333404 -0.000197145 -1.46962e-13 0.666596 -0.666596 -1.46962e-13 1.00021 1.00021 0.000591436 0.000591436 2.36949e-251 5.00529e-254 -1.20594e-253 0 
-15.0343 0.333404 -0.000197873 -1.48595e-13 0.666596 -0.666595 -1.48595e-13 1.00021 1.00021 0.000593618 0.000593618 2.69555e-251 5.69418e-254 -1.37188e-253 0 
-15.0306 0.333404 -0.000198603 -1.50247e-13 0.666596 -0.666595 -1.50247e-13 1.00021 1.00021 0.000595808 0.000595808 1.78635e-251 3.77363e-254 -9.09145e-254 0 
-15.0269 0.333405 -0.000199335 -1.51917e-13 0.666595 -0.666595 -1.51917e-13 1.00021 1.00021 0.000598006 0.000598006 -9.09062e-252 -1.92042e-254 4.62656e-254 -0 
-15.0232 0.333405 -0.000200071 -1.53605e-13 0.666595 -0.666595 -1.53605e-13 1.00022 1.00022 0.000600212 0.000600212 -5.08505e-251 -1.07425e-253 2.58795e-253 -0 
-15.0195 0.333405 -0.000200809 -1.55312e-13 0.666595 -0.666594 -1.55312e-13 1.00022 1.00022 0.000602427 0.000602426 -8.83171e-251 -1.8658e-253 4.49473e-253 -0 
-15.0159 0.333406 -0.00020155 -1.57038e-13 0.666595 -0.666594 -1.57038e-13 1.00022 1.00022 0.000604649 0.000604649 -1.00629e-250 -2.12594e-253 5.12127e-253 -0 
-15.0122 0.333406 -0.000202293 -1.58783e-13 0.666594 -0.666594 -1.58783e-13 1.00022 1.00022 0.00060688 0.00060688 -6.69229e-251 -1.41388e-253 3.40587e-253 -0 
-15.0085 0.333406 -0.00020304 -1.60548e-13 0.666594 -0.666594 -1.60548e-13 1.00022 1.00022 0.000609119 0.000609119 3.3375e-251 7.0513e-254 -1.69852e-253 0 
-15.0048 0.333406 -0.000203789 -1.62332e-13 0.666594 -0.666593 -1.62332e-13 1.00022 1.00022 0.000611366 0.000611366 1.89132e-250 3.99598e-253 -9.62529e-253 0 
-15.0011 0.333407 -0.00020454 -1.64136e-13 0.666594 -0.666593 -1.64136e-13 1.00022 1.00022 0.000613621 0.000613621 3.29179e-250 6.95503e-253 -1.67524e-252 0 
-14.9974 0.333407 -0.000205295 -1.6596e-13 0.666593 -0.666593 -1.6596e-13 1.00022 1.00022 0.000615885 0.000615885 3.75657e-250 7.93721e-253 -1.91176e-252 0 
-14.9937 0.333407 -0.000206052 -1.67805e-13 0.666593 -0.666592 -1.67805e-13 1.00022 1.00022 0.000618157 0.000618157 2.50709e-250 5.29731e-253 -1.27588e-252 0 
-14.9901 0.333407 -0.000206813 -1.6967e-13 0.666593 -0.666592 -1.6967e-13 1.00022 1.00022 0.000620438 0.000620438 -1.22502e-250 -2.58844e-253 6.23418e-253 -0 
-14.9864 0.333408 -0.000207576 -1.71555e-13 0.666592 -0.666592 -1.71555e-13 1.00022 1.00022 0.000622727 0.000622727 -7.03447e-250 -1.4864e-252 3.57986e-252 -0 
-14.9827 0.333408 -0.000208341 -1.73462e-13 0.666592 -0.666592 -1.73462e-13 1.00022 1.00022 0.000625024 0.000625024 -1.22692e-249 -2.59257e-252 6.24379e-252 -0 
-14.979 0.333408 -0.00020911 -1.7539e-13 0.666592 -0.666591 -1.7539e-13 1.00022 1.00022 0.00062733 0.00062733 -1.40236e-249 -2.96335e-252 7.13654e-252 -0 
-14.9753 0.333409 -0.000209881 -1.77339e-13 0.666592 -0.666591 -1.77339e-13 1.00023 1.00023 0.000629644 0.000629644 -9.39187e-250 -1.98466e-252 4.77945e-252 -0 
-14.9716 0.333409 -0.000210656 -1.7931e-13 0.666591 -0.666591 -1.7931e-13 1.00023 1.00023 0.000631967 0.000631967 4.49527e-250 9.49945e-253 -2.28759e-252 0 
-14.968 0.333409 -0.000211433 -1.81302e-13 0.666591 -0.666591 -1.81302e-13 1.00023 1.00023 0.000634299 0.000634298 2.61632e-249 5.52896e-252 -1.33141e-251 0 
-14.9643 0.333409 -0.000212213 -1.83317e-13 0.666591 -0.66659 -1.83317e-13 1.00023 1.00023 0.000636639 0.000636638 4.57298e-249 9.6641e-252 -2.32711e-251 0 
-14.9606 0.33341 -0.000212996 -1.85354e-13 0.666591 -0.66659 -1.85354e-13 1.00023 1.00023 0.000638987 0.000638987 5.23508e-249 1.10636e-251 -2.66402e-251 0 
-14.9569 0.33341 -0.000213781 -1.87414e-13 0.66659 -0.66659 -1.87414e-13 1.00023 1.00023 0.000641345 0.000641344 3.51821e-249 7.43537e-252 -1.79033e-251 0 
-14.9532 0.33341 -0.00021457 -1.89497e-13 0.66659 -0.666589 -1.89497e-13 1.00023 1.00023 0.000643711 0.00064371 -1.64914e-249 -3.48536e-252 8.39199e-252 -0 
-14.9495 0.333411 -0.000215362 -1.91603e-13 0.66659 -0.666589 -1.91603e-13 1.00023 1.00023 0.000646085 0.000646085 -9.73074e-249 -2.05659e-251 4.95166e-251 -0 
-14.9458 0.333411 -0.000216156 -1.93733e-13 0.666589 -0.666589 -1.93733e-13 1.00023 1.00023 0.000648469 0.000648469 -1.70443e-248 -3.60238e-251 8.67324e-251 -0 
-14.9422 0.333411 -0.000216954 -1.95886e-13 0.666589 -0.666589 -1.95886e-13 1.00023 1.00023 0.000650861 0.000650861 -1.95427e-248 -4.13053e-251 9.94453e-251 -0 
-14.9385 0.333411 -0.000217754 -1.98062e-13 0.666589 -0.666588 -1.98062e-13 1.00023 1.00023 0.000653262 0.000653262 -1.31789e-248 -2.78553e-251 6.70616e-251 -0 
-14.9348 0.333412 -0.000218557 -2.00264e-13 0.666589 -0.666588 -2.00264e-13 1.00023 1.00023 0.000655672 0.000655672 6.04841e-249 1.27845e-251 -3.07776e-251 0 
-14.9311 0.333412 -0.000219364 -2.02489e-13 0.666588 -0.666588 -2.02489e-13 1.00024 1.00024 0.000658091 0.000658091 3.61905e-248 7.64971e-251 -1.84156e-250 0 
-14.9274 0.333412 -0.000220173 -2.0474e-13 0.666588 -0.666587 -2.0474e-13 1.00024 1.00024 0.000660519 0.000660518 6.35266e-248 1.34282e-250 -3.23254e-250 0 
-14.9237 0.333413 -0.000220985 -2.07015e-13 0.666588 -0.666587 -2.07015e-13 1.00024 1.00024 0.000662955 0.000662955 7.29529e-248 1.5421e-250 -3.71216e-250 0 
-14.9201 0.333413 -0.0002218 -2.09315e-13 0.666587 -0.666587 -2.09315e-13 1.00024 1.00024 0.000665401 0.000665401 4.93652e-248 1.04352e-250 -2.5119e-250 0 
-14.9164 0.333413 -0.000222618 -2.11642e-13 0.666587 -0.666586 -2.11642e-13 1.00024 1.00024 0.000667856 0.000667855 -2.21772e-248 -4.68811e-251 1.12846e-250 -0 
-14.9127 0.333413 -0.00022344 -2.13994e-13 0.666587 -0.666586 -2.13994e-13 1.00024 1.00024 0.000670319 0.000670319 -1.34598e-247 -2.84537e-250 6.84877e-250 -0 
-14.909 0.333414 -0.000224264 -2.16372e-13 0.666587 -0.666586 -2.16372e-13 1.00024 1.00024 0.000672792 0.000672792 -2.36772e-247 -5.00543e-250 1.20477e-249 -0 
-14.9053 0.333414 -0.000225091 -2.18776e-13 0.666586 -0.666586 -2.18776e-13 1.00024 1.00024 0.000675274 0.000675274 -2.72331e-247 -5.7573e-250 1.38569e-249 -0 
-14.9016 0.333414 -0.000225922 -2.21208e-13 0.666586 -0.666585 -2.21208e-13 1.00024 1.00024 0.000677765 0.000677765 -1.84907e-247 -3.90917e-250 9.40846e-250 -0 
-14.8979 0.333415 -0.000226755 -2.23666e-13 0.666586 -0.666585 -2.23666e-13 1.00024 1.00024 0.000680265 0.000680265 8.12922e-248 1.71866e-250 -4.1363e-250 0 
-14.8943 0.333415 -0.000227592 -2.26152e-13 0.666585 -0.666585 -2.26152e-13 1.00024 1.00024 0.000682775 0.000682775 5.00581e-247 1.05834e-249 -2.54703e-249 0 
-14.8906 0.333415 -0.000228431 -2.28665e-13 0.666585 -0.666584 -2.28665e-13 1.00025 1.00025 0.000685294 0.000685293 8.82473e-247 1.8658e-249 -4.49013e-249 0 
-14.8869 0.333416 -0.000229274 -2.31206e-13 0.666585 -0.666584 -2.31206e-13 1.00025 1.00025 0.000687822 0.000687821 1.0166e-246 2.14943e-249 -5.17253e-249 0 
-14.8832 0.333416 -0.00023012 -2.33776e-13 0.666584 -0.666584 -2.33776e-13 1.00025 1.00025 0.000690359 0.000690359 6.92581e-247 1.46438e-249 -3.52388e-249 0 
-14.8795 0.333416 -0.000230968 -2.36374e-13 0.666584 -0.666583 -2.36374e-13 1.00025 1.00025 0.000692906 0.000692905 -2.97895e-247 -6.29879e-250 1.51569e-249 -0 
-14.8758 0.333416 -0.00023182 -2.39e-13 0.666584 -0.666583 -2.39e-13 1.00025 1.00025 0.000695462 0.000695461 -1.86168e-246 -3.9365e-249 9.47219e-249 -0 
-14.8721 0.333417 -0.000232676 -2.41657e-13 0.666584 -0.666583 -2.41657e-13 1.00025 1.00025 0.000698027 0.000698027 -3.28905e-246 -6.95482e-249 1.67345e-248 -0 
-14.8685 0.333417 -0.000233534 -2.44342e-13 0.666583 -0.666583 -2.44342e-13 1.00025 1.00025 0.000700602 0.000700602 -3.79487e-246 -8.0246e-249 1.93079e-248 -0 
-14.8648 0.333417 -0.000234395 -2.47058e-13 0.666583 -0.666582 -2.47058e-13 1.00025 1.00025 0.000703187 0.000703186 -2.59404e-246 -5.48547e-249 1.31981e-248 -0 
-14.8611 0.333418 -0.00023526 -2.49803e-13 0.666583 -0.666582 -2.49803e-13 1.00025 1.00025 0.000705781 0.00070578 1.0913e-246 2.30777e-249 -5.55235e-249 0 
-14.8574 0.333418 -0.000236128 -2.52579e-13 0.666582 -0.666582 -2.52579e-13 1.00025 1.00025 0.000708384 0.000708384 6.92359e-246 1.46416e-248 -3.52257e-248 0 
-14.8537 0.333418 -0.000236999 -2.55386e-13 0.666582 -0.666581 -2.55386e-13 1.00025 1.00025 0.000710997 0.000710997 1.22585e-245 2.59242e-248 -6.2368e-248 0 
-14.85 0.333419 -0.000237873 -2.58224e-13 0.666582 -0.666581 -2.58224e-13 1.00026 1.00026 0.00071362 0.00071362 1.41658e-245 2.99587e-248 -7.20717e-248 0 
-14.8464 0.333419 -0.000238751 -2.61094e-13 0.666581 -0.666581 -2.61094e-13 1.00026 1.00026 0.000716252 0.000716252 9.71562e-246 2.05476e-248 -4.94299e-248 0 
-14.8427 0.333419 -0.000239631 -2.63995e-13 0.666581 -0.66658 -2.63995e-13 1.00026 1.00026 0.000718894 0.000718894 -3.99659e-246 -8.45262e-249 2.03332e-248 -0 
-14.839 0.33342 -0.000240515 -2.66929e-13 0.666581 -0.66658 -2.66929e-13 1.00026 1.00026 0.000721546 0.000721546 -2.57484e-245 -5.44582e-248 1.30998e-247 -0 
-14.8353 0.33342 -0.000241403 -2.69896e-13 0.66658 -0.66658 -2.69896e-13 1.00026 1.00026 0.000724208 0.000724208 -4.56877e-245 -9.66325e-248 2.32439e-247 -0 
-14.8316 0.33342 -0.000242293 -2.72895e-13 0.66658 -0.666579 -2.72895e-13 1.00026 1.00026 0.000726879 0.000726879 -5.28792e-245 -1.11846e-247 2.69024e-247 -0 
-14.8279 0.333421 -0.000243187 -2.75928e-13 0.66658 -0.666579 -2.75928e-13 1.00026 1.00026 0.000729561 0.00072956 -3.63875e-245 -7.69659e-248 1.85121e-247 -0 
-14.8242 0.333421 -0.000244084 -2.78994e-13 0.666579 -0.666579 -2.78994e-13 1.00026 1.00026 0.000732252 0.000732252 1.46316e-245 3.09492e-248 -7.44376e-248 0 
-14.8206 0.333421 -0.000244984 -2.82095e-13 0.666579 -0.666578 -2.82095e-13 1.00026 1.00026 0.000734953 0.000734953 9.57556e-245 2.0255e-247 -4.87147e-247 0 
-14.8169 0.333421 -0.000245888 -2.85229e-13 0.666579 -0.666578 -2.85229e-13 1.00026 1.00026 0.000737664 0.000737664 1.70279e-244 3.60196e-247 -8.66269e-247 0 
-14.8132 0.333422 -0.000246795 -2.88399e-13 0.666578 -0.666578 -2.88399e-13 1.00027 1.00027 0.000740385 0.000740385 1.97389e-244 4.17555e-247 -1.00418e-246 0 
-14.8095 0.333422 -0.000247705 -2.91604e-13 0.666578 -0.666577 -2.91604e-13 1.00027 1.00027 0.000743116 0.000743116 1.36277e-244 2.88286e-247 -6.93279e-247 0 
-14.8058 0.333422 -0.000248619 -2.94845e-13 0.666578 -0.666577 -2.94845e-13 1.00027 1.00027 0.000745857 0.000745857 -5.35487e-245 -1.13282e-247 2.72416e-247 -0 
-14.8021 0.333423 -0.000249536 -2.98121e-13 0.666577 -0.666577 -2.98121e-13 1.00027 1.00027 0.000748609 0.000748608 -3.561e-244 -7.5335e-247 1.81155e-246 -0 
-14.7985 0.333423 -0.000250457 -3.01434e-13 0.666577 -0.666576 -3.01434e-13 1.00027 1.00027 0.00075137 0.00075137 -6.34626e-244 -1.34262e-246 3.22845e-246 -0 
-14.7948 0.333423 -0.00025138 -3.04784e-13 0.666577 -0.666576 -3.04784e-13 1.00027 1.00027 0.000754142 0.000754141 -7.36817e-244 -1.55886e-246 3.74828e-246 -0 
-14.7911 0.333424 -0.000252308 -3.08171e-13 0.666576 -0.666576 -3.08171e-13 1.00027 1.00027 0.000756923 0.000756923 -5.10364e-244 -1.07979e-246 2.59627e-246 -0 
-14.7874 0.333424 -0.000253238 -3.11596e-13 0.666576 -0.666575 -3.11596e-13 1.00027 1.00027 0.000759715 0.000759715 1.95909e-244 4.14499e-247 -9.96596e-247 0 
-14.7837 0.333424 -0.000254172 -3.15059e-13 0.666576 -0.666575 -3.15059e-13 1.00027 1.00027 0.000762518 0.000762517 1.32426e-243 2.80192e-246 -6.73653e-246 0 
-14.78 0.333425 -0.00025511 -3.1856e-13 0.666575 -0.666575 -3.1856e-13 1.00027 1.00027 0.00076533 0.00076533 2.36523e-243 5.00456e-246 -1.20318e-245 0 
-14.7763 0.333425 -0.000256051 -3.221e-13 0.666575 -0.666574 -3.221e-13 1.00028 1.00028 0.000768153 0.000768153 2.75038e-243 5.81966e-246 -1.3991e-245 0 
-14.7727 0.333425 -0.000256995 -3.25679e-13 0.666575 -0.666574 -3.25679e-13 1.00028 1.00028 0.000770987 0.000770986 1.91129e-243 4.0443e-246 -9.7225e-246 0 
-14.769 0.333426 -0.000257943 -3.29299e-13 0.666574 -0.666574 -3.29299e-13 1.00028 1.00028 0.000773831 0.00077383 -7.16472e-244 -1.5161e-246 3.64458e-246 -0 
-14.7653 0.333426 -0.000258895 -3.32958e-13 0.666574 -0.666573 -3.32958e-13 1.00028 1.00028 0.000776685 0.000776685 -4.92459e-243 -1.0421e-245 2.50504e-245 -0 
-14.7616 0.333427 -0.00025985 -3.36658e-13 0.666574 -0.666573 -3.36658e-13 1.00028 1.00028 0.00077955 0.000779549 -8.81505e-243 -1.86542e-245 4.48401e-245 -0 
-14.7579 0.333427 -0.000260808 -3.40399e-13 0.666573 -0.666573 -3.40399e-13 1.00028 1.00028 0.000782425 0.000782425 -1.02665e-242 -2.17263e-245 5.22227e-245 -0 
-14.7542 0.333427 -0.00026177 -3.44182e-13 0.666573 -0.666572 -3.44182e-13 1.00028 1.00028 0.000785311 0.000785311 -7.15749e-243 -1.51474e-245 3.64078e-245 -0 
-14.7505 0.333428 -0.000262736 -3.48007e-13 0.666573 -0.666572 -3.48007e-13 1.00028 1.00028 0.000788208 0.000788208 2.61928e-243 5.54331e-246 -1.33233e-245 0 
-14.7469 0.333428 -0.000263705 -3.51874e-13 0.666572 -0.666572 -3.51874e-13 1.00028 1.00028 0.000791115 0.000791115 1.8313e-242 3.87579e-245 -9.31508e-245 0 
-14.7432 0.333428 -0.000264678 -3.55785e-13 0.666572 -0.666571 -3.55785e-13 1.00028 1.00028 0.000794033 0.000794033 3.2853e-242 6.95323e-245 -1.67108e-244 0 
-14.7395 0.333429 -0.000265654 -3.59738e-13 0.666572 -0.666571 -3.59738e-13 1.00029 1.00029 0.000796962 0.000796962 3.8322e-242 8.11096e-245 -1.94925e-244 0 
-14.7358 0.333429 -0.000266634 -3.63736e-13 0.666571 -0.666571 -3.63736e-13 1.00029 1.00029 0.000799902 0.000799901 2.6803e-242 5.67309e-245 -1.36333e-244 0 
-14.7321 0.333429 -0.000267617 -3.67778e-13 0.666571 -0.66657 -3.67778e-13 1.00029 1.00029 0.000802852 0.000802852 -9.57177e-243 -2.02601e-245 4.86861e-245 -0 
-14.7284 0.33343 -0.000268604 -3.71865e-13 0.666571 -0.66657 -3.71865e-13 1.00029 1.00029 0.000805813 0.000805813 -6.80994e-242 -1.44147e-244 3.4638e-244 -0 
-14.7248 0.33343 -0.000269595 -3.75998e-13 0.66657 -0.66657 -3.75998e-13 1.00029 1.00029 0.000808786 0.000808785 -1.22439e-241 -2.59176e-244 6.22768e-244 -0 
-14.7211 0.33343 -0.000270589 -3.80176e-13 0.66657 -0.666569 -3.80176e-13 1.00029 1.00029 0.000811769 0.000811768 -1.43045e-241 -3.02801e-244 7.27567e-244 -0 
-14.7174 0.333431 -0.000271588 -3.84401e-13 0.66657 -0.666569 -3.84401e-13 1.00029 1.00029 0.000814763 0.000814763 -1.00368e-241 -2.12468e-244 5.10497e-244 -0 
-14.7137 0.333431 -0.000272589 -3.88673e-13 0.666569 -0.666568 -3.88673e-13 1.00029 1.00029 0.000817768 0.000817768 3.49644e-242 7.40178e-245 -1.77836e-244 0 
-14.71 0.333431 -0.000273595 -3.92992e-13 0.666569 -0.666568 -3.92992e-13 1.00029 1.00029 0.000820784 0.000820784 2.53234e-241 5.36097e-244 -1.28799e-243 0 
-14.7063 0.333432 -0.000274604 -3.97359e-13 0.666569 -0.666568 -3.97359e-13 1.0003 1.0003 0.000823812 0.000823811 4.56316e-241 9.66052e-244 -2.32088e-243 0 
-14.7026 0.333432 -0.000275617 -4.01775e-13 0.666568 -0.666567 -4.01775e-13 1.0003 1.0003 0.00082685 0.00082685 5.33939e-241 1.13042e-243 -2.71566e-243 0 
-14.699 0.333433 -0.000276633 -4.06239e-13 0.666568 -0.666567 -4.06239e-13 1.0003 1.0003 0.0008299 0.0008299 3.75833e-241 7.95711e-244 -1.9115e-243 0 
-14.6953 0.333433 -0.000277654 -4.10754e-13 0.666567 -0.666567 -4.10754e-13 1.0003 1.0003 0.000832961 0.000832961 -1.27666e-241 -2.70301e-244 6.49308e-244 -0 
-14.6916 0.333433 -0.000278678 -4.15318e-13 0.666567 -0.666566 -4.15318e-13 1.0003 1.0003 0.000836033 0.000836033 -9.41657e-241 -1.99378e-243 4.78922e-243 -0 
-14.6879 0.333434 -0.000279705 -4.19934e-13 0.666567 -0.666566 -4.19934e-13 1.0003 1.0003 0.000839117 0.000839116 -1.70062e-240 -3.60085e-243 8.64917e-243 -0 
-14.6842 0.333434 -0.000280737 -4.246e-13 0.666566 -0.666566 -4.246e-13 1.0003 1.0003 0.000842212 0.000842211 -1.99301e-240 -4.22007e-243 1.01362e-242 -0 
-14.6805 0.333434 -0.000281773 -4.29319e-13 0.666566 -0.666565 -4.29319e-13 1.0003 1.0003 0.000845318 0.000845318 -1.40729e-240 -2.97994e-243 7.15722e-243 -0 
-14.6768 0.333435 -0.000282812 -4.34089e-13 0.666566 -0.666565 -4.34089e-13 1.0003 1.0003 0.000848436 0.000848436 4.65942e-241 9.86661e-244 -2.36967e-243 0 
-14.6732 0.333435 -0.000283855 -4.38913e-13 0.666565 -0.666564 -4.38913e-13 1.00031 1.00031 0.000851565 0.000851565 3.50153e-240 7.41494e-243 -1.78078e-242 0 
-14.6695 0.333436 -0.000284902 -4.43791e-13 0.666565 -0.666564 -4.43791e-13 1.00031 1.00031 0.000854706 0.000854706 6.3379e-240 1.34217e-242 -3.22325e-242 0 
-14.6658 0.333436 -0.000285953 -4.48722e-13 0.666564 -0.666564 -4.48722e-13 1.00031 1.00031 0.000857859 0.000857858 7.43915e-240 1.57543e-242 -3.78328e-242 0 
-14.6621 0.333436 -0.000287007 -4.53709e-13 0.666564 -0.666563 -4.53709e-13 1.00031 1.00031 0.000861023 0.000861022 5.26941e-240 1.11596e-242 -2.6798e-242 0 
-14.6584 0.333437 -0.000288066 -4.58751e-13 0.666564 -0.666563 -4.58751e-13 1.00031 1.00031 0.000864198 0.000864198 -1.69976e-240 -3.59989e-243 8.64419e-243 -0 
-14.6547 0.333437 -0.000289128 -4.63848e-13 0.666563 -0.666562 -4.63848e-13 1.00031 1.00031 0.000867386 0.000867385 -1.30202e-239 -2.75761e-242 6.62141e-242 -0 
-14.6511 0.333437 -0.000290195 -4.69003e-13 0.666563 -0.666562 -4.69003e-13 1.00031 1.00031 0.000870585 0.000870584 -2.36201e-239 -5.00275e-242 1.20119e-241 -0 
-14.6474 0.333438 -0.000291265 -4.74215e-13 0.666563 -0.666562 -4.74215e-13 1.00031 1.00031 0.000873796 0.000873795 -2.77673e-239 -5.88133e-242 1.41208e-241 -0 
-14.6437 0.333438 -0.000292339 -4.79484e-13 0.666562 -0.666561 -4.79484e-13 1.00031 1.00031 0.000877018 0.000877018 -1.97301e-239 -4.1791e-242 1.00334e-241 -0 
-14.64 0.333439 -0.000293417 -4.84813e-13 0.666562 -0.666561 -4.84813e-13 1.00032 1.00032 0.000880253 0.000880252 6.19774e-240 1.31281e-242 -3.15174e-242 0 
-14.6363 0.333439 -0.0002945 -4.902e-13 0.666561 -0.666561 -4.902e-13 1.00032 1.00032 0.000883499 0.000883499 4.8414e-239 1.02554e-241 -2.46198e-241 0 
-14.6326 0.333439 -0.000295586 -4.95647e-13 0.666561 -0.66656 -4.95647e-13 1.00032 1.00032 0.000886758 0.000886757 8.80266e-239 1.8647e-241 -4.47634e-241 0 
-14.6289 0.33344 -0.000296676 -5.01155e-13 0.666561 -0.66656 -5.01155e-13 1.00032 1.00032 0.000890028 0.000890028 1.03644e-238 2.19559e-241 -5.27045e-241 0 
-14.6253 0.33344 -0.00029777 -5.06724e-13 0.66656 -0.666559 -5.06724e-13 1.00032 1.00032 0.000893311 0.00089331 7.38728e-239 1.56497e-241 -3.75652e-241 0 
-14.6216 0.333441 -0.000298868 -5.12355e-13 0.66656 -0.666559 -5.12355e-13 1.00032 1.00032 0.000896606 0.000896605 -2.25871e-239 -4.78515e-242 1.14857e-241 -0 
-14.6179 0.333441 -0.000299971 -5.18049e-13 0.666559 -0.666559 -5.18049e-13 1.00032 1.00032 0.000899912 0.000899912 -1.80019e-238 -3.81387e-241 9.15399e-241 -0 
-14.6142 0.333441 -0.000301077 -5.23805e-13 0.666559 -0.666558 -5.23805e-13 1.00032 1.00032 0.000903231 0.000903231 -3.28053e-238 -6.95035e-241 1.66814e-240 -0 
-14.6105 0.333442 -0.000302187 -5.29626e-13 0.666559 -0.666558 -5.29626e-13 1.00033 1.00033 0.000906562 0.000906562 -3.86854e-238 -8.19641e-241 1.96713e-240 -0 
-14.6068 0.333442 -0.000303302 -5.35511e-13 0.666558 -0.666557 -5.35511e-13 1.00033 1.00033 0.000909906 0.000909905 -2.76585e-238 -5.8603e-241 1.4064e-240 -0 
-14.6032 0.333443 -0.00030442 -5.41462e-13 0.666558 -0.666557 -5.41462e-13 1.00033 1.00033 0.000913262 0.000913261 8.22732e-239 1.74326e-241 -4.18346e-241 0 
-14.5995 0.333443 -0.000305543 -5.47479e-13 0.666557 -0.666557 -5.47479e-13 1.00033 1.00033 0.00091663 0.000916629 6.69357e-238 1.41833e-240 -3.40354e-240 0 
-14.5958 0.333443 -0.00030667 -5.53563e-13 0.666557 -0.666556 -5.53563e-13 1.00033 1.00033 0.00092001 0.00092001 1.22256e-237 2.59062e-240 -6.21641e-240 0 
-14.5921 0.333444 -0.000307801 -5.59714e-13 0.666557 -0.666556 -5.59714e-13 1.00033 1.00033 0.000923403 0.000923403 1.44394e-237 3.05981e-240 -7.34198e-240 0 
-14.5884 0.333444 -0.000308936 -5.65934e-13 0.666556 -0.666555 -5.65934e-13 1.00033 1.00033 0.000926809 0.000926808 1.03553e-237 2.19444e-240 -5.26531e-240 0 
-14.5847 0.333445 -0.000310075 -5.72223e-13 0.666556 -0.666555 -5.72223e-13 1.00033 1.00033 0.000930227 0.000930226 -2.99514e-238 -6.34733e-241 1.52291e-240 -0 
-14.581 0.333445 -0.000311219 -5.78581e-13 0.666555 -0.666555 -5.78581e-13 1.00034 1.00034 0.000933658 0.000933657 -2.48881e-237 -5.27449e-240 1.26545e-239 -0 
-14.5774 0.333445 -0.000312367 -5.8501e-13 0.666555 -0.666554 -5.8501e-13 1.00034 1.00034 0.000937101 0.0009371 -4.55613e-237 -9.65603e-240 2.31656e-239 -0 
-14.5737 0.333446 -0.000313519 -5.91511e-13 0.666555 -0.666554 -5.91511e-13 1.00034 1.00034 0.000940557 0.000940556 -5.38949e-237 -1.14226e-239 2.74026e-239 -0 
-14.57 0.333446 -0.000314675 -5.98084e-13 0.666554 -0.666553 -5.98084e-13 1.00034 1.00034 0.000944026 0.000944025 -3.87692e-237 -8.21709e-240 1.97118e-239 -0 
-14.5663 0.333447 -0.000315835 -6.0473e-13 0.666554 -0.666553 -6.0473e-13 1.00034 1.00034 0.000947507 0.000947506 1.08974e-237 2.30977e-240 -5.54063e-240 0 
-14.5626 0.333447 -0.000317 -6.1145e-13 0.666553 -0.666552 -6.1145e-13 1.00034 1.00034 0.000951001 0.000951001 9.2538e-237 1.96146e-239 -4.7049e-239 0 
-14.5589 0.333448 -0.000318169 -6.18245e-13 0.666553 -0.666552 -6.18245e-13 1.00034 1.00034 0.000954509 0.000954508 1.69792e-236 3.59908e-239 -8.63265e-239 0 
-14.5552 0.333448 -0.000319343 -6.25115e-13 0.666553 -0.666552 -6.25115e-13 1.00034 1.00034 0.000958029 0.000958028 2.01161e-236 4.26415e-239 -1.02274e-238 0 
-14.5516 0.333448 -0.00032052 -6.32061e-13 0.666552 -0.666551 -6.32061e-13 1.00035 1.00035 0.000961562 0.000961561 1.45144e-236 3.07683e-239 -7.37934e-239 0 
-14.5479 0.333449 -0.000321702 -6.39084e-13 0.666552 -0.666551 -6.39084e-13 1.00035 1.00035 0.000965108 0.000965107 -3.96249e-237 -8.40012e-240 2.01456e-239 -0 
-14.5442 0.333449 -0.000322889 -6.46186e-13 0.666551 -0.66655 -6.46186e-13 1.00035 1.00035 0.000968667 0.000968666 -3.44066e-236 -7.29414e-239 1.74924e-238 -0 
-14.5405 0.33345 -0.00032408 -6.53366e-13 0.666551 -0.66655 -6.53366e-13 1.00035 1.00035 0.000972239 0.000972239 -6.32757e-236 -1.34148e-238 3.21693e-238 -0 
-14.5368 0.33345 -0.000325275 -6.60627e-13 0.66655 -0.666549 -6.60627e-13 1.00035 1.00035 0.000975825 0.000975824 -7.50821e-236 -1.59184e-238 3.81712e-238 -0 
-14.5331 0.333451 -0.000326474 -6.67968e-13 0.66655 -0.666549 -6.67968e-13 1.00035 1.00035 0.000979423 0.000979423 -5.43379e-236 -1.15207e-238 2.76247e-238 -0 
-14.5295 0.333451 -0.000327678 -6.7539e-13 0.66655 -0.666549 -6.7539e-13 1.00035 1.00035 0.000983035 0.000983035 1.43991e-236 3.05299e-239 -7.32024e-239 0 
-14.5258 0.333451 -0.000328887 -6.82895e-13 0.666549 -0.666548 -6.82895e-13 1.00035 1.00035 0.00098666 0.00098666 1.27925e-235 2.71246e-238 -6.50343e-238 0 
-14.5221 0.333452 -0.000330099 -6.90483e-13 0.666549 -0.666548 -6.90483e-13 1.00036 1.00036 0.000990299 0.000990298 2.35805e-235 5.00006e-238 -1.19877e-237 0 
-14.5184 0.333452 -0.000331317 -6.98156e-13 0.666548 -0.666547 -6.98156e-13 1.00036 1.00036 0.000993951 0.00099395 2.80237e-235 5.94241e-238 -1.42463e-237 0 
-14.5147 0.333453 -0.000332539 -7.05914e-13 0.666548 -0.666547 -7.05914e-13 1.00036 1.00036 0.000997616 0.000997616 2.03421e-235 4.31367e-238 -1.03411e-237 0 
-14.511 0.333453 -0.000333765 -7.13758e-13 0.666547 -0.666546 -7.13758e-13 1.00036 1.00036 0.0010013 0.00100129 -5.22889e-236 -1.10886e-238 2.65814e-238 -0 
-14.5073 0.333454 -0.000334996 -7.21689e-13 0.666547 -0.666546 -7.21689e-13 1.00036 1.00036 0.00100499 0.00100499 -4.75625e-235 -1.00867e-237 2.41785e-237 -0 
-14.5037 0.333454 -0.000336231 -7.29709e-13 0.666546 -0.666546 -7.29709e-13 1.00036 1.00036 0.00100869 0.00100869 -8.78753e-235 -1.86365e-237 4.4671e-237 -0 
-14.5 0.333454 -0.000337471 -7.37817e-13 0.666546 -0.666545 -7.37817e-13 1.00036 1.00036 0.00101241 0.00101241 -1.04595e-234 -2.21833e-237 5.31701e-237 -0 
-14.4963 0.333455 -0.000338715 -7.46016e-13 0.666546 -0.666545 -7.46016e-13 1.00036 1.00036 0.00101615 0.00101615 -7.61513e-235 -1.61512e-237 3.87104e-237 -0 
-14.4926 0.333455 -0.000339964 -7.54305e-13 0.666545 -0.666544 -7.54305e-13 1.00037 1.00037 0.00101989 0.00101989 1.89748e-235 4.02458e-238 -9.64546e-238 0 
-14.4889 0.333456 -0.000341218 -7.62687e-13 0.666545 -0.666544 -7.62687e-13 1.00037 1.00037 0.00102366 0.00102365 1.76835e-234 3.75082e-237 -8.98893e-237 0 
-14.4852 0.333456 -0.000342476 -7.71162e-13 0.666544 -0.666543 -7.71162e-13 1.00037 1.00037 0.00102743 0.00102743 3.27475e-234 6.94628e-237 -1.66461e-236 0 
-14.4816 0.333457 -0.000343739 -7.79731e-13 0.666544 -0.666543 -7.79731e-13 1.00037 1.00037 0.00103122 0.00103122 3.90388e-234 8.28108e-237 -1.9844e-236 0 
-14.4779 0.333457 -0.000345007 -7.88395e-13 0.666543 -0.666542 -7.88395e-13 1.00037 1.00037 0.00103502 0.00103502 2.85068e-234 6.04721e-237 -1.44903e-236 0 
-14.4742 0.333458 -0.000346279 -7.97155e-13 0.666543 -0.666542 -7.97155e-13 1.00037 1.00037 0.00103884 0.00103884 -6.88053e-235 -1.45963e-237 3.49739e-237 -0 
-14.4705 0.333458 -0.000347556 -8.06013e-13 0.666542 -0.666541 -8.06013e-13 1.00037 1.00037 0.00104267 0.00104267 -6.5745e-234 -1.39476e-236 3.3418e-236 -0 
-14.4668 0.333459 -0.000348838 -8.14969e-13 0.666542 -0.666541 -8.14969e-13 1.00038 1.00038 0.00104651 0.00104651 -1.22035e-233 -2.58904e-236 6.20295e-236 -0 
-14.4631 0.333459 -0.000350124 -8.24025e-13 0.666541 -0.66654 -8.24025e-13 1.00038 1.00038 0.00105037 0.00105037 -1.45706e-233 -3.09134e-236 7.40603e-236 -0 
-14.4594 0.33346 -0.000351415 -8.33182e-13 0.666541 -0.66654 -8.33182e-13 1.00038 1.00038 0.00105425 0.00105425 -1.06711e-233 -2.2641e-236 5.42393e-236 -0 
-14.4558 0.33346 -0.000352711 -8.4244e-13 0.666541 -0.66654 -8.4244e-13 1.00038 1.00038 0.00105813 0.00105813 2.49301e-234 5.28963e-237 -1.26713e-236 0 
-14.4521 0.33346 -0.000354011 -8.51801e-13 0.66654 -0.666539 -8.51801e-13 1.00038 1.00038 0.00106204 0.00106203 2.44428e-233 5.18643e-236 -1.24235e-235 0 
-14.4484 0.333461 -0.000355317 -8.61265e-13 0.66654 -0.666539 -8.61265e-13 1.00038 1.00038 0.00106595 0.00106595 4.54769e-233 9.64992e-236 -2.31142e-235 0 
-14.4447 0.333461 -0.000356627 -8.70836e-13 0.666539 -0.666538 -8.70836e-13 1.00038 1.00038 0.00106988 0.00106988 5.4382e-233 1.154e-235 -2.76401e-235 0 
-14.441 0.333462 -0.000357942 -8.80512e-13 0.666539 -0.666538 -8.80512e-13 1.00039 1.00039 0.00107383 0.00107383 3.9945e-233 8.47673e-236 -2.03021e-235 0 
-14.4373 0.333462 -0.000359262 -8.90296e-13 0.666538 -0.666537 -8.90296e-13 1.00039 1.00039 0.00107779 0.00107779 -9.02537e-234 -1.91534e-236 4.58711e-236 -0 
-14.4336 0.333463 -0.000360587 -9.00189e-13 0.666538 -0.666537 -9.00189e-13 1.00039 1.00039 0.00108176 0.00108176 -9.08728e-233 -1.92855e-235 4.61852e-235 -0 
-14.43 0.333463 -0.000361916 -9.10191e-13 0.666537 -0.666536 -9.10191e-13 1.00039 1.00039 0.00108575 0.00108575 -1.6947e-232 -3.59673e-235 8.61305e-235 -0 
-14.4263 0.333464 -0.000363251 -9.20305e-13 0.666537 -0.666536 -9.20305e-13 1.00039 1.00039 0.00108975 0.00108975 -2.02969e-232 -4.30785e-235 1.03155e-234 -0 
-14.4226 0.333464 -0.00036459 -9.30531e-13 0.666536 -0.666535 -9.30531e-13 1.00039 1.00039 0.00109377 0.00109377 -1.49522e-232 -3.1736e-235 7.59904e-235 -0 
-14.4189 0.333465 -0.000365935 -9.40871e-13 0.666536 -0.666535 -9.40871e-13 1.00039 1.00039 0.0010978 0.0010978 3.26454e-233 6.92925e-236 -1.6591e-235 0 
-14.4152 0.333465 -0.000367284 -9.51325e-13 0.666535 -0.666534 -9.51325e-13 1.0004 1.0004 0.00110185 0.00110185 3.37839e-232 7.17117e-235 -1.71693e-234 0 
-14.4115 0.333466 -0.000368638 -9.61896e-13 0.666535 -0.666534 -9.61896e-13 1.0004 1.0004 0.00110592 0.00110591 6.31528e-232 1.34057e-234 -3.20946e-234 0 
-14.4079 0.333466 -0.000369997 -9.72584e-13 0.666534 -0.666533 -9.72584e-13 1.0004 1.0004 0.00110999 0.00110999 7.57533e-232 1.60811e-234 -3.84978e-234 0 
-14.4042 0.333467 -0.000371362 -9.83391e-13 0.666534 -0.666533 -9.83391e-13 1.0004 1.0004 0.00111409 0.00111409 5.59676e-232 1.18814e-234 -2.84424e-234 0 
-14.4005 0.333467 -0.000372731 -9.94318e-13 0.666533 -0.666532 -9.94318e-13 1.0004 1.0004 0.00111819 0.00111819 -1.1797e-232 -2.50449e-235 5.9951e-235 -0 
-14.3968 0.333468 -0.000374105 -1.00537e-12 0.666533 -0.666532 -1.00537e-12 1.0004 1.0004 0.00112232 0.00112232 -1.25597e-231 -2.66651e-234 6.3826e-234 -0 
-14.3931 0.333468 -0.000375485 -1.01654e-12 0.666532 -0.666531 -1.01654e-12 1.0004 1.0004 0.00112646 0.00112645 -2.35336e-231 -4.99656e-234 1.19592e-233 -0 
-14.3894 0.333469 -0.000376869 -1.02783e-12 0.666532 -0.666531 -1.02783e-12 1.00041 1.00041 0.00113061 0.00113061 -2.82729e-231 -6.00302e-234 1.43674e-233 -0 
-14.3857 0.333469 -0.000378259 -1.03925e-12 0.666531 -0.66653 -1.03925e-12 1.00041 1.00041 0.00113478 0.00113478 -2.09488e-231 -4.44811e-234 1.06454e-233 -0 
-14.3821 0.33347 -0.000379654 -1.0508e-12 0.666531 -0.66653 -1.0508e-12 1.00041 1.00041 0.00113896 0.00113896 4.25881e-232 9.0432e-235 -2.16415e-234 0 
-14.3784 0.33347 -0.000381053 -1.06248e-12 0.66653 -0.666529 -1.06248e-12 1.00041 1.00041 0.00114316 0.00114316 4.66918e-231 9.91497e-234 -2.37265e-233 0 
-14.3747 0.333471 -0.000382458 -1.07428e-12 0.66653 -0.666529 -1.07428e-12 1.00041 1.00041 0.00114738 0.00114738 8.76966e-231 1.86231e-233 -4.45627e-233 0 
-14.371 0.333471 -0.000383869 -1.08622e-12 0.666529 -0.666528 -1.08622e-12 1.00041 1.00041 0.00115161 0.00115161 1.0552e-230 2.2409e-233 -5.36191e-233 0 
-14.3673 0.333472 -0.000385284 -1.09829e-12 0.666529 -0.666528 -1.09829e-12 1.00042 1.00042 0.00115585 0.00115585 7.841e-231 1.66523e-233 -3.98428e-233 0 
-14.3636 0.333472 -0.000386704 -1.11049e-12 0.666528 -0.666527 -1.11049e-12 1.00042 1.00042 0.00116011 0.00116011 -1.53583e-231 -3.26185e-234 7.80398e-234 -0 
-14.36 0.333473 -0.00038813 -1.12283e-12 0.666528 -0.666527 -1.12283e-12 1.00042 1.00042 0.00116439 0.00116439 -1.73578e-230 -3.68667e-233 8.81989e-233 -0 
-14.3563 0.333473 -0.000389561 -1.13531e-12 0.666527 -0.666526 -1.13531e-12 1.00042 1.00042 0.00116869 0.00116868 -3.26794e-230 -6.94112e-233 1.66049e-232 -0 
-14.3526 0.333474 -0.000390998 -1.14792e-12 0.666527 -0.666526 -1.14792e-12 1.00042 1.00042 0.00117299 0.00117299 -3.93821e-230 -8.36513e-233 2.00104e-232 -0 
-14.3489 0.333474 -0.000392439 -1.16068e-12 0.666526 -0.666525 -1.16068e-12 1.00042 1.00042 0.00117732 0.00117732 -2.93477e-230 -6.23399e-233 1.49117e-232 -0 
-14.3452 0.333475 -0.000393886 -1.17357e-12 0.666526 -0.666525 -1.17357e-12 1.00042 1.00042 0.00118166 0.00118166 5.5323e-231 1.17521e-233 -2.81094e-233 0 
-14.3415 0.333475 -0.000395338 -1.18661e-12 0.666525 -0.666524 -1.18661e-12 1.00043 1.00043 0.00118602 0.00118602 6.45274e-230 1.37079e-232 -3.27858e-232 0 
-14.3378 0.333476 -0.000396796 -1.1998e-12 0.666525 -0.666524 -1.1998e-12 1.00043 1.00043 0.00119039 0.00119039 1.21776e-229 2.58706e-232 -6.18724e-232 0 
-14.3342 0.333476 -0.000398259 -1.21313e-12 0.666524 -0.666523 -1.21313e-12 1.00043 1.00043 0.00119478 0.00119478 1.4698e-229 3.12264e-232 -7.46773e-232 0 
-14.3305 0.333477 -0.000399727 -1.22661e-12 0.666524 -0.666523 -1.22661e-12 1.00043 1.00043 0.00119918 0.00119918 1.09842e-229 2.33372e-232 -5.58075e-232 0 
-14.3268 0.333478 -0.000401201 -1.24024e-12 0.666523 -0.666522 -1.24024e-12 1.00043 1.00043 0.0012036 0.0012036 -1.9904e-230 -4.22901e-233 1.01125e-232 -0 
-14.3231 0.333478 -0.00040268 -1.25402e-12 0.666523 -0.666522 -1.25402e-12 1.00043 1.00043 0.00120804 0.00120804 -2.39876e-229 -5.09687e-232 1.21871e-231 -0 
-14.3194 0.333479 -0.000404165 -1.26795e-12 0.666522 -0.666521 -1.26795e-12 1.00044 1.00044 0.0012125 0.00121249 -4.53782e-229 -9.64236e-232 2.30545e-231 -0 
-14.3157 0.333479 -0.000405655 -1.28204e-12 0.666522 -0.66652 -1.28204e-12 1.00044 1.00044 0.00121697 0.00121696 -5.4855e-229 -1.16566e-231 2.78688e-231 -0 
-14.312 0.33348 -0.00040715 -1.29628e-12 0.666521 -0.66652 -1.29628e-12 1.00044 1.00044 0.00122145 0.00122145 -4.11105e-229 -8.73625e-232 2.08857e-231 -0 
-14.3084 0.33348 -0.000408652 -1.31069e-12 0.666521 -0.666519 -1.31069e-12 1.00044 1.00044 0.00122596 0.00122595 7.15166e-230 1.51984e-232 -3.63328e-232 0 
-14.3047 0.333481 -0.000410158 -1.32525e-12 0.66652 -0.666519 -1.32525e-12 1.00044 1.00044 0.00123048 0.00123047 8.91705e-229 1.8951e-231 -4.53009e-231 0 
-14.301 0.333481 -0.00041167 -1.33997e-12 0.666519 -0.666518 -1.33997e-12 1.00044 1.00044 0.00123501 0.00123501 1.69095e-228 3.59384e-231 -8.59033e-231 0 
-14.2973 0.333482 -0.000413188 -1.35486e-12 0.666519 -0.666518 -1.35486e-12 1.00045 1.00045 0.00123957 0.00123956 2.04725e-228 4.35128e-231 -1.04003e-230 0 
-14.2936 0.333482 -0.000414711 -1.36992e-12 0.666518 -0.666517 -1.36992e-12 1.00045 1.00045 0.00124414 0.00124413 1.53861e-228 3.27034e-231 -7.81621e-231 0 
-14.2899 0.333483 -0.00041624 -1.38514e-12 0.666518 -0.666517 -1.38514e-12 1.00045 1.00045 0.00124872 0.00124872 -2.56605e-229 -5.45444e-232 1.30355e-231 -0 
-14.2863 0.333484 -0.000417775 -1.40053e-12 0.666517 -0.666516 -1.40053e-12 1.00045 1.00045 0.00125333 0.00125332 -3.31474e-228 -7.04616e-231 1.68386e-230 -0 
-14.2826 0.333484 -0.000419315 -1.41609e-12 0.666517 -0.666516 -1.41609e-12 1.00045 1.00045 0.00125795 0.00125795 -6.301e-228 -1.33947e-230 3.20082e-230 -0 
-14.2789 0.333485 -0.000420861 -1.43182e-12 0.666516 -0.666515 -1.43182e-12 1.00045 1.00045 0.00126258 0.00126258 -7.64048e-228 -1.62429e-230 3.88121e-230 -0 
-14.2752 0.333485 -0.000422412 -1.44773e-12 0.666516 -0.666514 -1.44773e-12 1.00046 1.00046 0.00126724 0.00126724 -5.75828e-228 -1.2242e-230 2.92505e-230 -0 
-14.2715 0.333486 -0.00042397 -1.46382e-12 0.666515 -0.666514 -1.46382e-12 1.00046 1.00046 0.00127191 0.00127191 9.19318e-229 1.95455e-231 -4.66982e-231 0 
-14.2678 0.333486 -0.000425533 -1.48008e-12 0.666515 -0.666513 -1.48008e-12 1.00046 1.00046 0.0012766 0.0012766 1.23217e-227 2.61981e-230 -6.25891e-230 0 
-14.2641 0.333487 -0.000427102 -1.49653e-12 0.666514 -0.666513 -1.49653e-12 1.00046 1.00046 0.00128131 0.0012813 2.34794e-227 4.99235e-230 -1.19264e-229 0 
-14.2605 0.333487 -0.000428676 -1.51315e-12 0.666513 -0.666512 -1.51315e-12 1.00046 1.00046 0.00128603 0.00128603 2.85147e-227 6.06327e-230 -1.44839e-229 0 
-14.2568 0.333488 -0.000430256 -1.52997e-12 0.666513 -0.666512 -1.52997e-12 1.00046 1.00046 0.00129077 0.00129077 2.15501e-227 4.58255e-230 -1.09461e-229 0 
-14.2531 0.333489 -0.000431843 -1.54697e-12 0.666512 -0.666511 -1.54697e-12 1.00047 1.00047 0.00129553 0.00129553 -3.28817e-228 -6.99249e-231 1.67017e-230 -0 
-14.2494 0.333489 -0.000433435 -1.56415e-12 0.666512 -0.66651 -1.56415e-12 1.00047 1.00047 0.00130031 0.0013003 -4.58019e-227 -9.74048e-230 2.32639e-229 -0 
-14.2457 0.33349 -0.000435032 -1.58153e-12 0.666511 -0.66651 -1.58153e-12 1.00047 1.00047 0.0013051 0.0013051 -8.74903e-227 -1.8607e-229 4.44379e-229 -0 
-14.242 0.33349 -0.000436636 -1.5991e-12 0.666511 -0.666509 -1.5991e-12 1.00047 1.00047 0.00130991 0.00130991 -1.06418e-226 -2.26334e-229 5.40508e-229 -0 
-14.2383 0.333491 -0.000438246 -1.61687e-12 0.66651 -0.666509 -1.61687e-12 1.00047 1.00047 0.00131474 0.00131474 -8.06485e-227 -1.71535e-229 4.09617e-229 -0 
-14.2347 0.333491 -0.000439861 -1.63484e-12 0.666509 -0.666508 -1.63484e-12 1.00047 1.00047 0.00131959 0.00131958 1.17401e-227 2.49716e-230 -5.96274e-230 0 
-14.231 0.333492 -0.000441483 -1.653e-12 0.666509 -0.666508 -1.653e-12 1.00048 1.00048 0.00132445 0.00132445 1.70251e-226 3.62148e-229 -8.6469e-229 0 
-14.2273 0.333493 -0.00044311 -1.67137e-12 0.666508 -0.666507 -1.67137e-12 1.00048 1.00048 0.00132933 0.00132933 3.2601e-226 6.93501e-229 -1.65575e-228 0 
-14.2236 0.333493 -0.000444744 -1.68994e-12 0.666508 -0.666506 -1.68994e-12 1.00048 1.00048 0.00133423 0.00133423 3.97152e-226 8.44875e-229 -2.01704e-228 0 
-14.2199 0.333494 -0.000446383 -1.70871e-12 0.666507 -0.666506 -1.70871e-12 1.00048 1.00048 0.00133915 0.00133915 3.01811e-226 6.42083e-229 -1.5328e-228 0 
-14.2162 0.333494 -0.000448029 -1.7277e-12 0.666506 -0.666505 -1.7277e-12 1.00048 1.00048 0.00134409 0.00134409 -4.18354e-227 -8.90063e-230 2.12466e-229 -0 
-14.2126 0.333495 -0.00044968 -1.74689e-12 0.666506 -0.666505 -1.74689e-12 1.00049 1.00049 0.00134904 0.00134904 -6.32834e-226 -1.34644e-228 3.21388e-228 -0 
-14.2089 0.333496 -0.000451338 -1.7663e-12 0.666505 -0.666504 -1.7663e-12 1.00049 1.00049 0.00135402 0.00135401 -1.21478e-225 -2.58474e-228 6.16926e-228 -0 
-14.2052 0.333496 -0.000453002 -1.78593e-12 0.666505 -0.666503 -1.78593e-12 1.00049 1.00049 0.00135901 0.00135901 -1.48216e-225 -3.1538e-228 7.52702e-228 -0 
-14.2015 0.333497 -0.000454672 -1.80577e-12 0.666504 -0.666503 -1.80577e-12 1.00049 1.00049 0.00136402 0.00136402 -1.12944e-225 -2.40338e-228 5.73568e-228 -0 
-14.1978 0.333497 -0.000456348 -1.82583e-12 0.666503 -0.666502 -1.82583e-12 1.00049 1.00049 0.00136905 0.00136904 1.48764e-226 3.16575e-229 -7.5546e-229 0 
-14.1941 0.333498 -0.00045803 -1.84612e-12 0.666503 -0.666502 -1.84612e-12 1.00049 1.00049 0.00137409 0.00137409 2.35225e-225 5.0059e-228 -1.19451e-227 0 
-14.1904 0.333499 -0.000459718 -1.86663e-12 0.666502 -0.666501 -1.86663e-12 1.0005 1.0005 0.00137916 0.00137915 4.52652e-225 9.63353e-228 -2.29862e-227 0 
-14.1868 0.333499 -0.000461413 -1.88737e-12 0.666502 -0.6665 -1.88737e-12 1.0005 1.0005 0.00138424 0.00138424 5.53136e-225 1.17726e-227 -2.80885e-227 0 
-14.1831 0.3335 -0.000463114 -1.90834e-12 0.666501 -0.6665 -1.90834e-12 1.0005 1.0005 0.00138934 0.00138934 4.22653e-225 8.99594e-228 -2.14622e-227 0 
-14.1794 0.333501 -0.000464821 -1.92954e-12 0.6665 -0.666499 -1.92954e-12 1.0005 1.0005 0.00139446 0.00139446 -5.27761e-226 -1.12337e-228 2.67991e-228 -0 
-14.1757 0.333501 -0.000466534 -1.95098e-12 0.6665 -0.666499 -1.95098e-12 1.0005 1.0005 0.0013996 0.0013996 -8.74315e-225 -1.86111e-227 4.43961e-227 -0 
-14.172 0.333502 -0.000468254 -1.97265e-12 0.666499 -0.666498 -1.97265e-12 1.00051 1.00051 0.00140476 0.00140476 -1.68666e-224 -3.59048e-227 8.56442e-227 -0 
-14.1683 0.333502 -0.00046998 -1.99457e-12 0.666499 -0.666497 -1.99457e-12 1.00051 1.00051 0.00140994 0.00140994 -2.06427e-224 -4.39453e-227 1.04817e-226 -0 
-14.1647 0.333503 -0.000471712 -2.01673e-12 0.666498 -0.666497 -2.01673e-12 1.00051 1.00051 0.00141514 0.00141514 -1.5816e-224 -3.36716e-227 8.0307e-227 -0 
-14.161 0.333504 -0.000473451 -2.03914e-12 0.666497 -0.666496 -2.03914e-12 1.00051 1.00051 0.00142036 0.00142035 1.8675e-225 3.97604e-228 -9.48227e-228 0 
-14.1573 0.333504 -0.000475196 -2.06179e-12 0.666497 -0.666495 -2.06179e-12 1.00051 1.00051 0.00142559 0.00142559 3.24972e-224 6.91922e-227 -1.65003e-226 0 
-14.1536 0.333505 -0.000476948 -2.0847e-12 0.666496 -0.666495 -2.0847e-12 1.00051 1.00051 0.00143085 0.00143084 6.28473e-224 1.3382e-226 -3.19099e-226 0 
-14.1499 0.333506 -0.000478706 -2.10786e-12 0.666495 -0.666494 -2.10786e-12 1.00052 1.00052 0.00143612 0.00143612 7.70364e-224 1.6404e-226 -3.91136e-226 0 
-14.1462 0.333506 -0.00048047 -2.13128e-12 0.666495 -0.666493 -2.13128e-12 1.00052 1.00052 0.00144141 0.00144141 5.91832e-224 1.2603e-226 -3.00486e-226 0 
-14.1425 0.333507 -0.000482241 -2.15496e-12 0.666494 -0.666493 -2.15496e-12 1.00052 1.00052 0.00144673 0.00144672 -6.58939e-225 -1.40328e-227 3.34552e-227 -0 
-14.1389 0.333507 -0.000484019 -2.1789e-12 0.666494 -0.666492 -2.1789e-12 1.00052 1.00052 0.00145206 0.00145206 -1.20786e-223 -2.57239e-226 6.13238e-226 -0 
-14.1352 0.333508 -0.000485803 -2.20311e-12 0.666493 -0.666492 -2.20311e-12 1.00052 1.00052 0.00145741 0.00145741 -2.34177e-223 -4.98753e-226 1.18891e-225 -0 
-14.1315 0.333509 -0.000487593 -2.22758e-12 0.666492 -0.666491 -2.22758e-12 1.00053 1.00053 0.00146278 0.00146278 -2.87491e-223 -6.12333e-226 1.45956e-225 -0 
-14.1278 0.333509 -0.000489391 -2.25233e-12 0.666492 -0.66649 -2.25233e-12 1.00053 1.00053 0.00146817 0.00146817 -2.21458e-223 -4.71713e-226 1.12431e-225 -0 
-14.1241 0.33351 -0.000491194 -2.27736e-12 0.666491 -0.66649 -2.27736e-12 1.00053 1.00053 0.00147359 0.00147358 2.31764e-224 4.93691e-227 -1.17661e-226 0 
-14.1204 0.333511 -0.000493005 -2.30266e-12 0.66649 -0.666489 -2.30266e-12 1.00053 1.00053 0.00147902 0.00147901 4.48932e-223 9.56336e-226 -2.27908e-225 0 
-14.1167 0.333511 -0.000494822 -2.32824e-12 0.66649 -0.666488 -2.32824e-12 1.00053 1.00053 0.00148447 0.00148447 8.72564e-223 1.85887e-225 -4.42965e-225 0 
-14.1131 0.333512 -0.000496646 -2.35411e-12 0.666489 -0.666488 -2.35411e-12 1.00054 1.00054 0.00148994 0.00148994 1.07287e-222 2.28572e-225 -5.44646e-225 0 
-14.1094 0.333513 -0.000498476 -2.38026e-12 0.666488 -0.666487 -2.38026e-12 1.00054 1.00054 0.00149543 0.00149543 8.28663e-223 1.76553e-225 -4.20665e-225 0 
-14.1057 0.333513 -0.000500313 -2.40671e-12 0.666488 -0.666486 -2.40671e-12 1.00054 1.00054 0.00150094 0.00150094 -8.1226e-224 -1.73068e-226 4.12332e-226 -0 
-14.102 0.333514 -0.000502157 -2.43344e-12 0.666487 -0.666486 -2.43344e-12 1.00054 1.00054 0.00150647 0.00150647 -1.66854e-222 -3.55532e-225 8.46996e-225 -0 
-14.0983 0.333515 -0.000504008 -2.46048e-12 0.666486 -0.666485 -2.46048e-12 1.00054 1.00054 0.00151203 0.00151202 -3.25123e-222 -6.9281e-225 1.65039e-224 -0 
-14.0946 0.333515 -0.000505866 -2.48781e-12 0.666486 -0.666484 -2.48781e-12 1.00055 1.00055 0.0015176 0.0015176 -4.00378e-222 -8.53217e-225 2.03237e-224 -0 
-14.091 0.333516 -0.00050773 -2.51545e-12 0.666485 -0.666484 -2.51545e-12 1.00055 1.00055 0.00152319 0.00152319 -3.10066e-222 -6.60794e-225 1.57391e-224 -0 
-14.0873 0.333517 -0.000509602 -2.5434e-12 0.666484 -0.666483 -2.5434e-12 1.00055 1.00055 0.00152881 0.0015288 2.83522e-223 6.04257e-226 -1.43915e-225 0 
-14.0836 0.333517 -0.00051148 -2.57166e-12 0.666484 -0.666482 -2.57166e-12 1.00055 1.00055 0.00153444 0.00153444 6.20133e-222 1.32173e-224 -3.14771e-224 0 
-14.0799 0.333518 -0.000513365 -2.60023e-12 0.666483 -0.666482 -2.60023e-12 1.00055 1.00055 0.0015401 0.00154009 1.21142e-221 2.58212e-224 -6.14893e-224 0 
-14.0762 0.333519 -0.000515257 -2.62912e-12 0.666482 -0.666481 -2.62912e-12 1.00056 1.00056 0.00154577 0.00154577 1.49413e-221 3.18489e-224 -7.58379e-224 0 
-14.0725 0.333519 -0.000517156 -2.65832e-12 0.666482 -0.66648 -2.65832e-12 1.00056 1.00056 0.00155147 0.00155147 1.16017e-221 2.47315e-224 -5.88861e-224 0 
-14.0688 0.33352 -0.000519062 -2.68786e-12 0.666481 -0.66648 -2.68786e-12 1.00056 1.00056 0.00155719 0.00155719 -9.85091e-223 -2.10004e-225 4.99987e-225 -0 
-14.0652 0.333521 -0.000520975 -2.71772e-12 0.66648 -0.666479 -2.71772e-12 1.00056 1.00056 0.00156293 0.00156292 -2.30476e-221 -4.9136e-224 1.16977e-223 -0 
-14.0615 0.333522 -0.000522895 -2.74791e-12 0.66648 -0.666478 -2.74791e-12 1.00056 1.00056 0.00156869 0.00156868 -4.51379e-221 -9.62364e-224 2.29092e-223 -0 
-14.0578 0.333522 -0.000524822 -2.77844e-12 0.666479 -0.666477 -2.77844e-12 1.00057 1.00057 0.00157447 0.00157447 -5.57578e-221 -1.18885e-223 2.82987e-223 -0 
-14.0541 0.333523 -0.000526756 -2.80931e-12 0.666478 -0.666477 -2.80931e-12 1.00057 1.00057 0.00158027 0.00158027 -4.34093e-221 -9.25611e-224 2.20311e-223 -0 
-14.0504 0.333524 -0.000528697 -2.84052e-12 0.666478 -0.666476 -2.84052e-12 1.00057 1.00057 0.0015861 0.00158609 3.40455e-222 7.25988e-225 -1.72785e-224 0 
-14.0467 0.333524 -0.000530646 -2.87208e-12 0.666477 -0.666475 -2.87208e-12 1.00057 1.00057 0.00159194 0.00159194 8.56563e-221 1.82664e-223 -4.34709e-223 0 
-14.0431 0.333525 -0.000532601 -2.90398e-12 0.666476 -0.666475 -2.90398e-12 1.00058 1.00058 0.00159781 0.0015978 1.68184e-220 3.58675e-223 -8.53524e-223 0 
-14.0394 0.333526 -0.000534564 -2.93624e-12 0.666475 -0.666474 -2.93624e-12 1.00058 1.00058 0.0016037 0.00160369 2.08075e-220 4.43773e-223 -1.05595e-222 0 
-14.0357 0.333527 -0.000536534 -2.96886e-12 0.666475 -0.666473 -2.96886e-12 1.00058 1.00058 0.00160961 0.0016096 1.62418e-220 3.46418e-223 -8.24237e-223 0 
-14.032 0.333527 -0.000538512 -3.00185e-12 0.666474 -0.666473 -3.00185e-12 1.00058 1.00058 0.00161554 0.00161553 -1.1694e-221 -2.49432e-224 5.93433e-224 -0 
-14.0283 0.333528 -0.000540496 -3.0352e-12 0.666473 -0.666472 -3.0352e-12 1.00058 1.00058 0.00162149 0.00162149 -3.18336e-220 -6.79047e-223 1.61543e-222 -0 
-14.0246 0.333529 -0.000542488 -3.06892e-12 0.666473 -0.666471 -3.06892e-12 1.00059 1.00059 0.00162747 0.00162746 -6.26647e-220 -1.33678e-222 3.17993e-222 -0 
-14.0209 0.333529 -0.000544487 -3.10301e-12 0.666472 -0.66647 -3.10301e-12 1.00059 1.00059 0.00163346 0.00163346 -7.76479e-220 -1.65651e-222 3.9402e-222 -0 
-14.0173 0.33353 -0.000546494 -3.13748e-12 0.666471 -0.66647 -3.13748e-12 1.00059 1.00059 0.00163948 0.00163948 -6.07684e-220 -1.29648e-222 3.0836e-222 -0 
-14.0136 0.333531 -0.000548508 -3.17234e-12 0.66647 -0.666469 -3.17234e-12 1.00059 1.00059 0.00164553 0.00164552 3.98753e-221 8.50778e-224 -2.02338e-223 0 
-14.0099 0.333532 -0.000550529 -3.20758e-12 0.66647 -0.666468 -3.20758e-12 1.00059 1.00059 0.00165159 0.00165159 1.18305e-219 2.5243e-222 -6.00301e-222 0 
-14.0062 0.333532 -0.000552558 -3.24321e-12 0.666469 -0.666467 -3.24321e-12 1.0006 1.0006 0.00165768 0.00165767 2.33485e-219 4.9822e-222 -1.18472e-221 0 
-14.0025 0.333533 -0.000554594 -3.27924e-12 0.666468 -0.666467 -3.27924e-12 1.0006 1.0006 0.00166378 0.00166378 2.89759e-219 6.18336e-222 -1.47024e-221 0 
-13.9988 0.333534 -0.000556637 -3.31567e-12 0.666468 -0.666466 -3.31567e-12 1.0006 1.0006 0.00166992 0.00166991 2.27359e-219 4.85205e-222 -1.1536e-221 0 
-13.9951 0.333535 -0.000558689 -3.35251e-12 0.666467 -0.666465 -3.35251e-12 1.0006 1.0006 0.00167607 0.00167607 -1.34794e-220 -2.87678e-223 6.83919e-223 -0 
-13.9915 0.333535 -0.000560747 -3.38975e-12 0.666466 -0.666465 -3.38975e-12 1.00061 1.00061 0.00168225 0.00168224 -4.39657e-219 -9.38377e-222 2.2307e-221 -0 
-13.9878 0.333536 -0.000562814 -3.42741e-12 0.666465 -0.666464 -3.42741e-12 1.00061 1.00061 0.00168844 0.00168844 -8.69946e-219 -1.85687e-221 4.4138e-221 -0 
-13.9841 0.333537 -0.000564888 -3.46549e-12 0.666465 -0.666463 -3.46549e-12 1.00061 1.00061 0.00169467 0.00169466 -1.08129e-218 -2.30811e-221 5.48598e-221 -0 
-13.9804 0.333538 -0.000566969 -3.50398e-12 0.666464 -0.666462 -3.50398e-12 1.00061 1.00061 0.00170091 0.00170091 -8.50629e-219 -1.81585e-221 4.31563e-221 -0 
-13.9767 0.333538 -0.000569059 -3.54291e-12 0.666463 -0.666462 -3.54291e-12 1.00062 1.00062 0.00170718 0.00170718 4.50858e-220 9.62509e-223 -2.28737e-222 0 
-13.973 0.333539 -0.000571155 -3.58227e-12 0.666462 -0.666461 -3.58227e-12 1.00062 1.00062 0.00171347 0.00171347 1.63387e-218 3.48825e-221 -8.28908e-221 0 
-13.9694 0.33354 -0.00057326 -3.62206e-12 0.666462 -0.66646 -3.62206e-12 1.00062 1.00062 0.00171978 0.00171978 3.24133e-218 6.92053e-221 -1.64439e-220 0 
-13.9657 0.333541 -0.000575372 -3.6623e-12 0.666461 -0.666459 -3.6623e-12 1.00062 1.00062 0.00172612 0.00172612 4.035e-218 8.61562e-221 -2.047e-220 0 
-13.962 0.333541 -0.000577493 -3.70299e-12 0.66646 -0.666458 -3.70299e-12 1.00062 1.00062 0.00173248 0.00173248 3.18243e-218 6.79559e-221 -1.61445e-220 0 
-13.9583 0.333542 -0.00057962 -3.74412e-12 0.666459 -0.666458 -3.74412e-12 1.00063 1.00063 0.00173887 0.00173886 -1.48833e-219 -3.17828e-222 7.55015e-222 -0 
-13.9546 0.333543 -0.000581756 -3.78572e-12 0.666459 -0.666457 -3.78572e-12 1.00063 1.00063 0.00174527 0.00174527 -6.07173e-218 -1.29668e-220 3.08008e-220 -0 
-13.9509 0.333544 -0.0005839 -3.82777e-12 0.666458 -0.666456 -3.82777e-12 1.00063 1.00063 0.0017517 0.0017517 -1.20768e-217 -2.57928e-220 6.12622e-220 -0 
-13.9472 0.333545 -0.000586051 -3.87029e-12 0.666457 -0.666455 -3.87029e-12 1.00063 1.00063 0.00175816 0.00175815 -1.50572e-217 -3.216e-220 7.63795e-220 -0 
-13.9436 0.333545 -0.000588211 -3.91329e-12 0.666456 -0.666455 -3.91329e-12 1.00064 1.00064 0.00176464 0.00176463 -1.19061e-217 -2.54314e-220 6.03942e-220 -0 
-13.9399 0.333546 -0.000590378 -3.95676e-12 0.666455 -0.666454 -3.95676e-12 1.00064 1.00064 0.00177114 0.00177113 4.83128e-219 1.03202e-221 -2.45064e-221 0 
-13.9362 0.333547 -0.000592553 -4.00072e-12 0.666455 -0.666453 -4.00072e-12 1.00064 1.00064 0.00177766 0.00177766 2.25631e-217 4.82006e-220 -1.14448e-219 0 
-13.9325 0.333548 -0.000594737 -4.04516e-12 0.666454 -0.666452 -4.04516e-12 1.00064 1.00064 0.00178421 0.00178421 4.49961e-217 9.61292e-220 -2.28232e-219 0 
-13.9288 0.333548 -0.000596928 -4.0901e-12 0.666453 -0.666451 -4.0901e-12 1.00065 1.00065 0.00179079 0.00179078 5.61874e-217 1.20046e-219 -2.84992e-219 0 
-13.9251 0.333549 -0.000599127 -4.13553e-12 0.666452 -0.666451 -4.13553e-12 1.00065 1.00065 0.00179739 0.00179738 4.45423e-217 9.51714e-220 -2.25922e-219 0 
-13.9215 0.33355 -0.000601335 -4.18147e-12 0.666452 -0.66645 -4.18147e-12 1.00065 1.00065 0.00180401 0.001804 -1.53386e-218 -3.27754e-221 7.77972e-221 -0 
-13.9178 0.333551 -0.000603551 -4.22792e-12 0.666451 -0.666449 -4.22792e-12 1.00065 1.00065 0.00181066 0.00181065 -8.38453e-217 -1.79171e-219 4.25253e-219 -0 
-13.9141 0.333552 -0.000605774 -4.27489e-12 0.66645 -0.666448 -4.27489e-12 1.00066 1.00066 0.00181733 0.00181732 -1.67647e-216 -3.58272e-219 8.50271e-219 -0 
-13.9104 0.333552 -0.000608006 -4.32238e-12 0.666449 -0.666447 -4.32238e-12 1.00066 1.00066 0.00182402 0.00182402 -2.09668e-216 -4.481e-219 1.06337e-218 -0 
-13.9067 0.333553 -0.000610246 -4.37039e-12 0.666448 -0.666447 -4.37039e-12 1.00066 1.00066 0.00183074 0.00183074 -1.66635e-216 -3.56154e-219 8.45106e-219 -0 
-13.903 0.333554 -0.000612495 -4.41894e-12 0.666448 -0.666446 -4.41894e-12 1.00066 1.00066 0.00183749 0.00183748 4.72248e-218 1.00941e-220 -2.395e-220 0 
-13.8993 0.333555 -0.000614751 -4.46803e-12 0.666447 -0.666445 -4.46803e-12 1.00066 1.00066 0.00184426 0.00184425 3.11566e-216 6.66002e-219 -1.58007e-218 0 
-13.8957 0.333556 -0.000617016 -4.51766e-12 0.666446 -0.666444 -4.51766e-12 1.00067 1.00067 0.00185105 0.00185105 6.2462e-216 1.33527e-218 -3.16763e-218 0 
-13.892 0.333557 -0.00061929 -4.56785e-12 0.666445 -0.666443 -4.56785e-12 1.00067 1.00067 0.00185787 0.00185787 7.82389e-216 1.67265e-218 -3.96765e-218 0 
-13.8883 0.333557 -0.000621571 -4.61859e-12 0.666444 -0.666443 -4.61859e-12 1.00067 1.00067 0.00186472 0.00186471 6.23382e-216 1.33279e-218 -3.16123e-218 0 
-13.8846 0.333558 -0.000623861 -4.6699e-12 0.666443 -0.666442 -4.6699e-12 1.00067 1.00067 0.00187159 0.00187158 -1.38952e-217 -2.97099e-220 7.04624e-220 -0 
-13.8809 0.333559 -0.00062616 -4.72177e-12 0.666443 -0.666441 -4.72177e-12 1.00068 1.00068 0.00187848 0.00187848 -1.15775e-215 -2.47559e-218 5.87082e-218 -0 
-13.8772 0.33356 -0.000628467 -4.77422e-12 0.666442 -0.66644 -4.77422e-12 1.00068 1.00068 0.0018854 0.0018854 -2.32719e-215 -4.97651e-218 1.18007e-217 -0 
-13.8735 0.333561 -0.000630782 -4.82726e-12 0.666441 -0.666439 -4.82726e-12 1.00068 1.00068 0.00189235 0.00189235 -2.91951e-215 -6.24356e-218 1.4804e-217 -0 
-13.8699 0.333562 -0.000633106 -4.88088e-12 0.66644 -0.666438 -4.88088e-12 1.00068 1.00068 0.00189932 0.00189932 -2.33203e-215 -4.98751e-218 1.18248e-217 -0 
-13.8662 0.333562 -0.000635438 -4.9351e-12 0.666439 -0.666438 -4.9351e-12 1.00069 1.00069 0.00190632 0.00190631 3.79768e-217 8.12265e-220 -1.92561e-219 0 
-13.8625 0.333563 -0.000637779 -4.98992e-12 0.666439 -0.666437 -4.98992e-12 1.00069 1.00069 0.00191334 0.00191334 4.30199e-215 9.20189e-218 -2.18128e-217 0 
-13.8588 0.333564 -0.000640129 -5.04535e-12 0.666438 -0.666436 -5.04535e-12 1.00069 1.00069 0.00192039 0.00192039 8.6705e-215 1.85473e-217 -4.3962e-217 0 
-13.8551 0.333565 -0.000642487 -5.10139e-12 0.666437 -0.666435 -5.10139e-12 1.0007 1.0007 0.00192747 0.00192746 1.08942e-214 2.33056e-217 -5.52357e-217 0 
-13.8514 0.333566 -0.000644854 -5.15806e-12 0.666436 -0.666434 -5.15806e-12 1.0007 1.0007 0.00193457 0.00193456 8.72378e-215 1.86638e-217 -4.42303e-217 0 
-13.8478 0.333567 -0.00064723 -5.21536e-12 0.666435 -0.666433 -5.21536e-12 1.0007 1.0007 0.00194169 0.00194169 -9.00689e-217 -1.92707e-219 4.56648e-219 -0 
-13.8441 0.333568 -0.000649614 -5.27329e-12 0.666434 -0.666432 -5.27329e-12 1.0007 1.0007 0.00194885 0.00194884 -1.59851e-214 -3.42034e-217 8.10427e-217 -0 
-13.8404 0.333569 -0.000652007 -5.33187e-12 0.666433 -0.666432 -5.33187e-12 1.00071 1.00071 0.00195603 0.00195602 -3.23038e-214 -6.91251e-217 1.63773e-216 -0 
-13.8367 0.333569 -0.000654409 -5.39109e-12 0.666433 -0.666431 -5.39109e-12 1.00071 1.00071 0.00196323 0.00196323 -4.06516e-214 -8.69939e-217 2.0609e-216 -0 
-13.833 0.33357 -0.00065682 -5.45098e-12 0.666432 -0.66643 -5.45098e-12 1.00071 1.00071 0.00197047 0.00197046 -3.26339e-214 -6.98408e-217 1.6544e-216 -0 
-13.8293 0.333571 -0.000659239 -5.51153e-12 0.666431 -0.666429 -5.51153e-12 1.00071 1.00071 0.00197772 0.00197772 1.43862e-216 3.07905e-219 -7.29304e-219 0 
-13.8256 0.333572 -0.000661668 -5.57275e-12 0.66643 -0.666428 -5.57275e-12 1.00072 1.00072 0.00198501 0.001985 5.93958e-214 1.27132e-216 -3.01098e-216 0 
-13.822 0.333573 -0.000664105 -5.63465e-12 0.666429 -0.666427 -5.63465e-12 1.00072 1.00072 0.00199232 0.00199232 1.20354e-213 2.57627e-216 -6.10105e-216 0 
-13.8183 0.333574 -0.000666552 -5.69724e-12 0.666428 -0.666426 -5.69724e-12 1.00072 1.00072 0.00199966 0.00199966 1.5169e-213 3.24726e-216 -7.68938e-216 0 
-13.8146 0.333575 -0.000669007 -5.76052e-12 0.666427 -0.666425 -5.76052e-12 1.00072 1.00072 0.00200703 0.00200702 1.22074e-213 2.61345e-216 -6.188e-216 0 
-13.8109 0.333576 -0.000671471 -5.82451e-12 0.666426 -0.666425 -5.82451e-12 1.00073 1.00073 0.00201442 0.00201441 1.78719e-216 3.82641e-219 -9.05916e-219 0 
-13.8072 0.333576 -0.000673945 -5.88921e-12 0.666426 -0.666424 -5.88921e-12 1.00073 1.00073 0.00202184 0.00202183 -2.20692e-213 -4.72538e-216 1.11865e-215 -0 
-13.8035 0.333577 -0.000676427 -5.95463e-12 0.666425 -0.666423 -5.95463e-12 1.00073 1.00073 0.00202929 0.00202928 -4.48399e-213 -9.60164e-216 2.27281e-215 -0 
-13.7998 0.333578 -0.000678919 -6.02077e-12 0.666424 -0.666422 -6.02077e-12 1.00073 1.00073 0.00203676 0.00203676 -5.66022e-213 -1.21212e-215 2.86894e-215 -0 
-13.7962 0.333579 -0.00068142 -6.08765e-12 0.666423 -0.666421 -6.08765e-12 1.00074 1.00074 0.00204427 0.00204426 -4.56639e-213 -9.77947e-216 2.31448e-215 -0 
-13.7925 0.33358 -0.00068393 -6.15527e-12 0.666422 -0.66642 -6.15527e-12 1.00074 1.00074 0.0020518 0.00205179 -3.33033e-215 -7.13279e-218 1.68794e-217 -0 
-13.7888 0.333581 -0.000686449 -6.22364e-12 0.666421 -0.666419 -6.22364e-12 1.00074 1.00074 0.00205935 0.00205935 8.19991e-213 1.75636e-215 -4.15594e-215 0 
-13.7851 0.333582 -0.000688978 -6.29277e-12 0.66642 -0.666418 -6.29277e-12 1.00075 1.00075 0.00206694 0.00206693 1.67057e-212 3.57849e-215 -8.46675e-215 0 
-13.7814 0.333583 -0.000691516 -6.36267e-12 0.666419 -0.666417 -6.36267e-12 1.00075 1.00075 0.00207455 0.00207455 2.11206e-212 4.52452e-215 -1.07041e-214 0 
-13.7777 0.333584 -0.000694063 -6.43334e-12 0.666418 -0.666416 -6.43334e-12 1.00075 1.00075 0.00208219 0.00208219 1.7081e-212 3.65941e-215 -8.65658e-215 0 
-13.7741 0.333585 -0.000696619 -6.5048e-12 0.666417 -0.666415 -6.5048e-12 1.00075 1.00075 0.00208986 0.00208986 2.23411e-214 4.78666e-217 -1.13221e-216 0 
-13.7704 0.333586 -0.000699185 -6.57705e-12 0.666417 -0.666415 -6.57705e-12 1.00076 1.00076 0.00209756 0.00209756 -3.04665e-212 -6.52804e-215 1.54396e-214 -0 
-13.7667 0.333587 -0.00070176 -6.65011e-12 0.666416 -0.666414 -6.65011e-12 1.00076 1.00076 0.00210529 0.00210528 -6.22391e-212 -1.33369e-214 3.15404e-214 -0 
-13.763 0.333588 -0.000704345 -6.72397e-12 0.666415 -0.666413 -6.72397e-12 1.00076 1.00076 0.00211304 0.00211304 -7.88093e-212 -1.68888e-214 3.99367e-214 -0 
-13.7593 0.333589 -0.000706939 -6.79866e-12 0.666414 -0.666412 -6.79866e-12 1.00077 1.00077 0.00212083 0.00212082 -6.38922e-212 -1.36931e-214 3.23767e-214 -0 
-13.7556 0.333589 -0.000709543 -6.87417e-12 0.666413 -0.666411 -6.87417e-12 1.00077 1.00077 0.00212864 0.00212863 -1.20268e-213 -2.57772e-216 6.09431e-216 -0 
-13.7519 0.33359 -0.000712157 -6.95053e-12 0.666412 -0.66641 -6.95053e-12 1.00077 1.00077 0.00213648 0.00213647 1.13195e-211 2.42631e-214 -5.7358e-214 0 
-13.7483 0.333591 -0.00071478 -7.02773e-12 0.666411 -0.666409 -7.02773e-12 1.00077 1.00077 0.00214435 0.00214434 2.31877e-211 4.97059e-214 -1.17493e-213 0 
-13.7446 0.333592 -0.000717412 -7.10579e-12 0.66641 -0.666408 -7.10579e-12 1.00078 1.00078 0.00215224 0.00215224 2.94067e-211 6.30417e-214 -1.49002e-213 0 
-13.7409 0.333593 -0.000720055 -7.18472e-12 0.666409 -0.666407 -7.18472e-12 1.00078 1.00078 0.00216017 0.00216016 2.38987e-211 5.12375e-214 -1.2109e-213 0 
-13.7372 0.333594 -0.000722707 -7.26452e-12 0.666408 -0.666406 -7.26452e-12 1.00078 1.00078 0.00216813 0.00216812 5.86137e-213 1.25674e-215 -2.96978e-215 0 
-13.7335 0.333595 -0.000725368 -7.34521e-12 0.666407 -0.666405 -7.34521e-12 1.00079 1.00079 0.00217611 0.00217611 -4.20559e-211 -9.01791e-214 2.1308e-213 -0 
-13.7298 0.333596 -0.00072804 -7.42679e-12 0.666406 -0.666404 -7.42679e-12 1.00079 1.00079 0.00218413 0.00218412 -8.63874e-211 -1.85252e-213 4.37679e-213 -0 
-13.7262 0.333597 -0.000730721 -7.50928e-12 0.666405 -0.666403 -7.50928e-12 1.00079 1.00079 0.00219217 0.00219216 -1.09726e-210 -2.35318e-213 5.55913e-213 -0 
-13.7225 0.333598 -0.000733412 -7.59269e-12 0.666404 -0.666402 -7.59269e-12 1.00079 1.00079 0.00220025 0.00220024 -8.93907e-211 -1.91721e-213 4.52875e-213 -0 
-13.7188 0.333599 -0.000736114 -7.67702e-12 0.666403 -0.666401 -7.67702e-12 1.0008 1.0008 0.00220835 0.00220834 -2.69844e-212 -5.78794e-215 1.36706e-214 -0 
-13.7151 0.3336 -0.000738825 -7.76229e-12 0.666402 -0.6664 -7.76229e-12 1.0008 1.0008 0.00221648 0.00221647 1.56248e-210 3.35165e-213 -7.91555e-213 0 
-13.7114 0.333601 -0.000741545 -7.84851e-12 0.666401 -0.666399 -7.84851e-12 1.0008 1.0008 0.00222464 0.00222464 3.21839e-210 6.90424e-213 -1.6304e-212 0 
-13.7077 0.333602 -0.000744276 -7.93568e-12 0.6664 -0.666398 -7.93568e-12 1.00081 1.00081 0.00223284 0.00223283 4.09424e-210 8.78383e-213 -2.07405e-212 0 
-13.704 0.333603 -0.000747017 -8.02382e-12 0.666399 -0.666397 -8.02382e-12 1.00081 1.00081 0.00224106 0.00224105 3.34352e-210 7.17377e-213 -1.69371e-212 0 
-13.7004 0.333604 -0.000749769 -8.11294e-12 0.666398 -0.666396 -8.11294e-12 1.00081 1.00081 0.00224931 0.00224931 1.19723e-211 2.56894e-214 -6.0646e-214 0 
-13.6967 0.333605 -0.00075253 -8.20305e-12 0.666397 -0.666395 -8.20305e-12 1.00082 1.00082 0.0022576 0.00225759 -5.80491e-210 -1.24568e-212 2.94043e-212 -0 
-13.693 0.333606 -0.000755301 -8.29416e-12 0.666396 -0.666394 -8.29416e-12 1.00082 1.00082 0.00226591 0.0022659 -1.19902e-209 -2.57318e-212 6.07336e-212 -0 
-13.6893 0.333607 -0.000758083 -8.38628e-12 0.666395 -0.666393 -8.38628e-12 1.00082 1.00082 0.00227426 0.00227425 -1.52768e-209 -3.27878e-212 7.73797e-212 -0 
-13.6856 0.333608 -0.000760874 -8.47943e-12 0.666394 -0.666392 -8.47943e-12 1.00082 1.00082 0.00228263 0.00228262 -1.25057e-209 -2.68424e-212 6.33419e-212 -0 
-13.6819 0.333609 -0.000763676 -8.57361e-12 0.666393 -0.666391 -8.57361e-12 1.00083 1.00083 0.00229104 0.00229103 -5.17581e-211 -1.11103e-213 2.62151e-213 -0 
-13.6782 0.33361 -0.000766489 -8.66883e-12 0.666392 -0.66639 -8.66883e-12 1.00083 1.00083 0.00229947 0.00229947 2.15659e-209 4.62966e-212 -1.09227e-211 0 
-13.6746 0.333611 -0.000769311 -8.76512e-12 0.666391 -0.666389 -8.76512e-12 1.00083 1.00083 0.00230794 0.00230793 4.46692e-209 9.59011e-212 -2.26235e-211 0 
-13.6709 0.333612 -0.000772144 -8.86247e-12 0.66639 -0.666388 -8.86247e-12 1.00084 1.00084 0.00231644 0.00231643 5.7002e-209 1.22388e-211 -2.8869e-211 0 
-13.6672 0.333613 -0.000774987 -8.9609e-12 0.666389 -0.666387 -8.9609e-12 1.00084 1.00084 0.00232497 0.00232496 4.6774e-209 1.00436e-211 -2.36884e-211 0 
-13.6635 0.333614 -0.000777841 -9.06043e-12 0.666388 -0.666386 -9.06043e-12 1.00084 1.00084 0.00233353 0.00233352 2.19501e-210 4.71364e-213 -1.11162e-212 0 
-13.6598 0.333615 -0.000780706 -9.16106e-12 0.666387 -0.666385 -9.16106e-12 1.00085 1.00085 0.00234213 0.00234212 -8.0118e-209 -1.72062e-211 4.05733e-211 -0 
-13.6561 0.333617 -0.00078358 -9.2628e-12 0.666386 -0.666384 -9.2628e-12 1.00085 1.00085 0.00235075 0.00235074 -1.66413e-208 -3.57419e-211 8.42726e-211 -0 
-13.6525 0.333618 -0.000786466 -9.36568e-12 0.666385 -0.666383 -9.36568e-12 1.00085 1.00085 0.00235941 0.0023594 -2.12688e-208 -4.56845e-211 1.07704e-210 -0 
-13.6488 0.333619 -0.000789362 -9.4697e-12 0.666384 -0.666382 -9.4697e-12 1.00086 1.00086 0.0023681 0.00236809 -1.74942e-208 -3.75799e-211 8.85874e-211 -0 
-13.6451 0.33362 -0.000792268 -9.57487e-12 0.666383 -0.666381 -9.57487e-12 1.00086 1.00086 0.00237682 0.00237681 -9.17204e-210 -1.97043e-212 4.64443e-212 -0 
-13.6414 0.333621 -0.000795186 -9.68122e-12 0.666382 -0.66638 -9.68122e-12 1.00086 1.00086 0.00238557 0.00238556 2.97635e-208 6.39464e-211 -1.50709e-210 0 
-13.6377 0.333622 -0.000798114 -9.78874e-12 0.666381 -0.666379 -9.78874e-12 1.00087 1.00087 0.00239435 0.00239434 6.19961e-208 1.33208e-210 -3.13913e-210 0 
-13.634 0.333623 -0.000801052 -9.89746e-12 0.66638 -0.666378 -9.89746e-12 1.00087 1.00087 0.00240317 0.00240316 7.93588e-208 1.70529e-210 -4.01818e-210 0 
-13.6303 0.333624 -0.000804002 -1.00074e-11 0.666379 -0.666377 -1.00074e-11 1.00087 1.00087 0.00241202 0.00241201 6.543e-208 1.4061e-210 -3.31283e-210 0 
-13.6267 0.333625 -0.000806962 -1.01185e-11 0.666378 -0.666376 -1.01185e-11 1.00088 1.00088 0.0024209 0.00242089 3.78782e-209 8.14076e-212 -1.91779e-211 0 
-13.623 0.333626 -0.000809934 -1.02309e-11 0.666377 -0.666375 -1.02309e-11 1.00088 1.00088 0.00242981 0.0024298 -1.10568e-207 -2.37652e-210 5.59797e-210 -0 
-13.6193 0.333627 -0.000812916 -1.03445e-11 0.666376 -0.666373 -1.03445e-11 1.00088 1.00088 0.00243876 0.00243875 -2.30961e-207 -4.96462e-210 1.1693e-209 -0 
-13.6156 0.333628 -0.000815909 -1.04594e-11 0.666375 -0.666372 -1.04594e-11 1.00088 1.00088 0.00244774 0.00244773 -2.96104e-207 -6.36544e-210 1.49907e-209 -0 
-13.6119 0.333629 -0.000818913 -1.05756e-11 0.666374 -0.666371 -1.05756e-11 1.00089 1.00089 0.00245675 0.00245674 -2.4471e-207 -5.26106e-210 1.23885e-209 -0 
-13.6082 0.333631 -0.000821928 -1.0693e-11 0.666373 -0.66637 -1.0693e-11 1.00089 1.00089 0.0024658 0.00246578 -1.54938e-208 -3.33132e-211 7.84359e-211 -0 
-13.6046 0.333632 -0.000824954 -1.08118e-11 0.666371 -0.666369 -1.08118e-11 1.00089 1.00089 0.00247487 0.00247486 4.10739e-207 8.83204e-210 -2.07927e-209 0 
-13.6009 0.333633 -0.000827992 -1.09319e-11 0.66637 -0.666368 -1.09319e-11 1.0009 1.0009 0.00248399 0.00248397 8.60416e-207 1.85029e-209 -4.35554e-209 0 
-13.5972 0.333634 -0.00083104 -1.10533e-11 0.666369 -0.666367 -1.10533e-11 1.0009 1.0009 0.00249313 0.00249312 1.10482e-206 2.37607e-209 -5.59257e-209 0 
-13.5935 0.333635 -0.0008341 -1.1176e-11 0.666368 -0.666366 -1.1176e-11 1.0009 1.0009 0.00250231 0.0025023 9.1521e-207 1.96846e-209 -4.63267e-209 0 
-13.5898 0.333636 -0.000837171 -1.13002e-11 0.666367 -0.666365 -1.13002e-11 1.00091 1.00091 0.00251152 0.00251151 6.28758e-208 1.35247e-210 -3.1826e-210 0 
-13.5861 0.333637 -0.000840253 -1.14257e-11 0.666366 -0.666364 -1.14257e-11 1.00091 1.00091 0.00252077 0.00252076 -1.52579e-206 -3.28228e-209 7.72292e-209 -0 
-13.5824 0.333638 -0.000843346 -1.15525e-11 0.666365 -0.666362 -1.15525e-11 1.00092 1.00092 0.00253005 0.00253004 -3.20536e-206 -6.89596e-209 1.62238e-208 -0 
-13.5788 0.33364 -0.000846451 -1.16808e-11 0.666364 -0.666361 -1.16808e-11 1.00092 1.00092 0.00253937 0.00253935 -4.12223e-206 -8.8693e-209 2.0864e-208 -0 
-13.5751 0.333641 -0.000849567 -1.18106e-11 0.666363 -0.66636 -1.18106e-11 1.00092 1.00092 0.00254871 0.0025487 -3.42281e-206 -7.36507e-209 1.73235e-208 -0 
-13.5714 0.333642 -0.000852695 -1.19417e-11 0.666361 -0.666359 -1.19417e-11 1.00093 1.00093 0.0025581 0.00255809 -2.53456e-207 -5.45426e-210 1.28276e-209 -0 
-13.5677 0.333643 -0.000855834 -1.20744e-11 0.66636 -0.666358 -1.20744e-11 1.00093 1.00093 0.00256752 0.0025675 5.66777e-206 1.21978e-208 -2.86841e-208 0 
-13.564 0.333644 -0.000858985 -1.22084e-11 0.666359 -0.666357 -1.22084e-11 1.00093 1.00093 0.00257697 0.00257696 1.1941e-205 2.5701e-208 -6.04308e-208 0 
-13.5603 0.333645 -0.000862147 -1.2344e-11 0.666358 -0.666356 -1.2344e-11 1.00094 1.00094 0.00258645 0.00258644 1.53806e-205 3.31071e-208 -7.78357e-208 0 
-13.5566 0.333646 -0.000865321 -1.24811e-11 0.666357 -0.666354 -1.24811e-11 1.00094 1.00094 0.00259598 0.00259596 1.28008e-205 2.75564e-208 -6.47785e-208 0 
-13.553 0.333648 -0.000868507 -1.26197e-11 0.666356 -0.666353 -1.26197e-11 1.00094 1.00094 0.00260553 0.00260552 1.01588e-206 2.18709e-209 -5.14072e-209 0 
-13.5493 0.333649 -0.000871704 -1.27599e-11 0.666355 -0.666352 -1.27599e-11 1.00095 1.00095 0.00261513 0.00261511 -2.10534e-205 -4.533e-208 1.06535e-207 -0 
-13.5456 0.33365 -0.000874913 -1.29016e-11 0.666354 -0.666351 -1.29016e-11 1.00095 1.00095 0.00262475 0.00262474 -4.44838e-205 -9.57867e-208 2.25092e-207 -0 
-13.5419 0.333651 -0.000878134 -1.30449e-11 0.666352 -0.66635 -1.30449e-11 1.00095 1.00095 0.00263441 0.0026344 -5.73866e-205 -1.23581e-207 2.90373e-207 -0 
-13.5382 0.333652 -0.000881366 -1.31897e-11 0.666351 -0.666349 -1.31897e-11 1.00096 1.00096 0.00264411 0.0026441 -4.78723e-205 -1.03102e-207 2.42225e-207 -0 
-13.5345 0.333653 -0.000884611 -1.33362e-11 0.66635 -0.666348 -1.33362e-11 1.00096 1.00096 0.00265385 0.00265383 -4.05169e-206 -8.72684e-209 2.05002e-208 -0 
-13.5309 0.333655 -0.000887867 -1.34843e-11 0.666349 -0.666346 -1.34843e-11 1.00096 1.00096 0.00266362 0.0026636 7.82028e-205 1.68455e-207 -3.95669e-207 0 
-13.5272 0.333656 -0.000891135 -1.36341e-11 0.666348 -0.666345 -1.36341e-11 1.00097 1.00097 0.00267342 0.00267341 1.65715e-204 3.56994e-207 -8.38414e-207 0 
-13.5235 0.333657 -0.000894416 -1.37855e-11 0.666347 -0.666344 -1.37855e-11 1.00097 1.00097 0.00268326 0.00268325 2.14114e-204 4.61302e-207 -1.08326e-206 0 
-13.5198 0.333658 -0.000897708 -1.39385e-11 0.666345 -0.666343 -1.39385e-11 1.00097 1.00097 0.00269314 0.00269312 1.7903e-204 3.8575e-207 -9.0573e-207 0 
-13.5161 0.33366 -0.000901012 -1.40933e-11 0.666344 -0.666342 -1.40933e-11 1.00098 1.00098 0.00270305 0.00270304 1.60901e-205 3.4672e-208 -8.1399e-208 0 
-13.5124 0.333661 -0.000904329 -1.42498e-11 0.666343 -0.66634 -1.42498e-11 1.00098 1.00098 0.002713 0.00271299 -2.90478e-204 -6.25999e-207 1.46947e-206 -0 
-13.5087 0.333662 -0.000907658 -1.44081e-11 0.666342 -0.666339 -1.44081e-11 1.00099 1.00099 0.00272299 0.00272297 -6.17328e-204 -1.33051e-206 3.12286e-206 -0 
-13.5051 0.333663 -0.000910998 -1.45681e-11 0.666341 -0.666338 -1.45681e-11 1.00099 1.00099 0.00273301 0.002733 -7.98872e-204 -1.72194e-206 4.04111e-206 -0 
-13.5014 0.333664 -0.000914352 -1.47299e-11 0.666339 -0.666337 -1.47299e-11 1.00099 1.00099 0.00274307 0.00274305 -6.69514e-204 -1.44325e-206 3.38665e-206 -0 
-13.4977 0.333666 -0.000917717 -1.48934e-11 0.666338 -0.666336 -1.48934e-11 1.001 1.001 0.00275317 0.00275315 -6.3655e-205 -1.37232e-207 3.21982e-207 -0 
-13.494 0.333667 -0.000921095 -1.50588e-11 0.666337 -0.666334 -1.50588e-11 1.001 1.001 0.0027633 0.00276328 1.07893e-203 2.32627e-206 -5.45734e-206 0 
-13.4903 0.333668 -0.000924485 -1.52261e-11 0.666336 -0.666333 -1.52261e-11 1.001 1.001 0.00277347 0.00277346 2.29968e-203 4.95877e-206 -1.16316e-205 0 
-13.4866 0.333669 -0.000927888 -1.53951e-11 0.666335 -0.666332 -1.53951e-11 1.00101 1.00101 0.00278368 0.00278366 2.98062e-203 6.42767e-206 -1.50753e-205 0 
-13.483 0.333671 -0.000931303 -1.55661e-11 0.666333 -0.666331 -1.55661e-11 1.00101 1.00101 0.00279393 0.00279391 2.50373e-203 5.39977e-206 -1.26629e-205 0 
-13.4793 0.333672 -0.000934731 -1.5739e-11 0.666332 -0.666329 -1.5739e-11 1.00102 1.00102 0.00280421 0.00280419 2.50983e-204 5.41346e-207 -1.26934e-206 0 
-13.4756 0.333673 -0.000938171 -1.59137e-11 0.666331 -0.666328 -1.59137e-11 1.00102 1.00102 0.00281453 0.00281451 -4.00744e-203 -8.64449e-206 2.0267e-205 -0 
-13.4719 0.333674 -0.000941624 -1.60905e-11 0.66633 -0.666327 -1.60905e-11 1.00102 1.00102 0.00282489 0.00282487 -8.56677e-203 -1.84812e-205 4.33238e-205 -0 
-13.4682 0.333676 -0.000945089 -1.62691e-11 0.666328 -0.666326 -1.62691e-11 1.00103 1.00103 0.00283529 0.00283527 -1.11207e-202 -2.39933e-205 5.62379e-205 -0 
-13.4645 0.333677 -0.000948568 -1.64498e-11 0.666327 -0.666324 -1.64498e-11 1.00103 1.00103 0.00284572 0.0028457 -9.36283e-203 -2.02025e-205 4.73468e-205 -0 
-13.4608 0.333678 -0.000952059 -1.66325e-11 0.666326 -0.666323 -1.66325e-11 1.00103 1.00103 0.00285619 0.00285618 -9.8662e-204 -2.12907e-206 4.98907e-206 -0 
-13.4572 0.33368 -0.000955563 -1.68172e-11 0.666325 -0.666322 -1.68172e-11 1.00104 1.00104 0.00286671 0.00286669 1.48844e-202 3.21228e-205 -7.5264e-205 0 
-13.4535 0.333681 -0.000959079 -1.70039e-11 0.666323 -0.666321 -1.70039e-11 1.00104 1.00104 0.00287726 0.00287724 3.19127e-202 6.88794e-205 -1.61364e-204 0 
-13.4498 0.333682 -0.000962609 -1.71927e-11 0.666322 -0.666319 -1.71927e-11 1.00105 1.00105 0.00288784 0.00288783 4.14913e-202 8.95624e-205 -2.09791e-204 0 
-13.4461 0.333683 -0.000966151 -1.73836e-11 0.666321 -0.666318 -1.73836e-11 1.00105 1.00105 0.00289847 0.00289845 3.50124e-202 7.55845e-205 -1.77027e-204 0 
-13.4424 0.333685 -0.000969707 -1.75767e-11 0.66632 -0.666317 -1.75767e-11 1.00105 1.00105 0.00290914 0.00290912 3.86795e-203 8.35095e-206 -1.95562e-205 0 
-13.4387 0.333686 -0.000973276 -1.77718e-11 0.666318 -0.666315 -1.77718e-11 1.00106 1.00106 0.00291985 0.00291983 -5.5282e-202 -1.19366e-204 2.79495e-204 -0 
-13.435 0.333687 -0.000976857 -1.79692e-11 0.666317 -0.666314 -1.79692e-11 1.00106 1.00106 0.00293059 0.00293057 -1.18879e-201 -2.56713e-204 6.01013e-204 -0 
-13.4314 0.333689 -0.000980452 -1.81687e-11 0.666316 -0.666313 -1.81687e-11 1.00107 1.00107 0.00294138 0.00294136 -1.54803e-201 -3.34321e-204 7.82604e-204 -0 
-13.4277 0.33369 -0.00098406 -1.83705e-11 0.666314 -0.666312 -1.83705e-11 1.00107 1.00107 0.0029522 0.00295218 -1.30927e-201 -2.82786e-204 6.61879e-204 -0 
-13.424 0.333691 -0.000987681 -1.85745e-11 0.666313 -0.66631 -1.85745e-11 1.00107 1.00107 0.00296306 0.00296304 -1.5127e-202 -3.26757e-205 7.64695e-205 -0 
-13.4203 0.333693 -0.000991316 -1.87807e-11 0.666312 -0.666309 -1.87807e-11 1.00108 1.00108 0.00297397 0.00297395 2.05318e-201 4.43552e-204 -1.03789e-203 0 
-13.4166 0.333694 -0.000994964 -1.89892e-11 0.66631 -0.666308 -1.89892e-11 1.00108 1.00108 0.00298491 0.00298489 4.42839e-201 9.56769e-204 -2.23849e-203 0 
-13.4129 0.333695 -0.000998625 -1.92001e-11 0.666309 -0.666306 -1.92001e-11 1.00109 1.00109 0.0029959 0.00299588 5.77559e-201 1.24796e-203 -2.91939e-203 0 
-13.4093 0.333697 -0.0010023 -1.94133e-11 0.666308 -0.666305 -1.94133e-11 1.00109 1.00109 0.00300692 0.0030069 4.89586e-201 1.05798e-203 -2.47464e-203 0 
-13.4056 0.333698 -0.00100599 -1.96289e-11 0.666306 -0.666304 -1.96289e-11 1.00109 1.00109 0.00301798 0.00301796 5.90281e-202 1.27572e-204 -2.98351e-204 0 
-13.4019 0.333699 -0.00100969 -1.98468e-11 0.666305 -0.666302 -1.98468e-11 1.0011 1.0011 0.00302909 0.00302907 -7.62539e-201 -1.64817e-203 3.85404e-203 -0 
-13.3982 0.333701 -0.0010134 -2.00672e-11 0.666304 -0.666301 -2.00672e-11 1.0011 1.0011 0.00304024 0.00304021 -1.64962e-200 -3.56589e-203 8.33726e-203 -0 
-13.3945 0.333702 -0.00101713 -2.029e-11 0.666302 -0.6663 -2.029e-11 1.00111 1.00111 0.00305142 0.0030514 -2.15483e-200 -4.65846e-203 1.08903e-202 -0 
-13.3908 0.333704 -0.00102088 -2.05153e-11 0.666301 -0.666298 -2.05153e-11 1.00111 1.00111 0.00306265 0.00306263 -1.83073e-200 -3.95821e-203 9.25201e-203 -0 
-13.3871 0.333705 -0.00102463 -2.07431e-11 0.6663 -0.666297 -2.07431e-11 1.00111 1.00111 0.00307392 0.0030739 -2.29873e-201 -4.9706e-204 1.16168e-203 -0 
-13.3835 0.333706 -0.0010284 -2.09734e-11 0.666298 -0.666296 -2.09734e-11 1.00112 1.00112 0.00308523 0.00308521 2.83195e-200 6.12425e-203 -1.4311e-202 0 
-13.3798 0.333708 -0.00103219 -2.12063e-11 0.666297 -0.666294 -2.12063e-11 1.00112 1.00112 0.00309658 0.00309656 6.14492e-200 1.32901e-202 -3.10518e-202 0 
-13.3761 0.333709 -0.00103598 -2.14418e-11 0.666296 -0.666293 -2.14418e-11 1.00113 1.00113 0.00310797 0.00310795 8.03943e-200 1.73894e-202 -4.06238e-202 0 
-13.3724 0.333711 -0.0010398 -2.16798e-11 0.666294 -0.666291 -2.16798e-11 1.00113 1.00113 0.00311941 0.00311939 6.84559e-200 1.48087e-202 -3.45902e-202 0 
-13.3687 0.333712 -0.00104362 -2.19206e-11 0.666293 -0.66629 -2.19206e-11 1.00114 1.00114 0.00313089 0.00313086 8.93536e-201 1.93314e-203 -4.51481e-203 0 
-13.365 0.333713 -0.00104746 -2.2164e-11 0.666292 -0.666289 -2.2164e-11 1.00114 1.00114 0.00314241 0.00314238 -1.05172e-199 -2.27561e-202 5.31391e-202 -0 
-13.3613 0.333715 -0.00105131 -2.24101e-11 0.66629 -0.666287 -2.24101e-11 1.00114 1.00114 0.00315397 0.00315394 -2.289e-199 -4.95325e-202 1.1565e-201 -0 
-13.3577 0.333716 -0.00105518 -2.26589e-11 0.666289 -0.666286 -2.26589e-11 1.00115 1.00115 0.00316557 0.00316555 -2.99941e-199 -6.49122e-202 1.51537e-201 -0 
-13.354 0.333718 -0.00105906 -2.29105e-11 0.666287 -0.666284 -2.29105e-11 1.00115 1.00115 0.00317722 0.00317719 -2.55972e-199 -5.54026e-202 1.29319e-201 -0 
-13.3503 0.333719 -0.00106296 -2.31648e-11 0.666286 -0.666283 -2.31648e-11 1.00116 1.00116 0.00318891 0.00318888 -3.46734e-200 -7.50553e-203 1.75167e-202 -0 
-13.3466 0.33372 -0.00106687 -2.3422e-11 0.666285 -0.666282 -2.3422e-11 1.00116 1.00116 0.00320064 0.00320062 3.90576e-199 8.45547e-202 -1.97309e-201 0 
-13.3429 0.333722 -0.0010708 -2.36821e-11 0.666283 -0.66628 -2.36821e-11 1.00117 1.00117 0.00321241 0.00321239 8.52656e-199 1.84609e-201 -4.30724e-201 0 
-13.3392 0.333723 -0.00107474 -2.3945e-11 0.666282 -0.666279 -2.3945e-11 1.00117 1.00117 0.00322423 0.00322421 1.11903e-198 2.42309e-201 -5.65267e-201 0 
-13.3356 0.333725 -0.00107869 -2.42109e-11 0.66628 -0.666277 -2.42109e-11 1.00117 1.00117 0.00323609 0.00323607 9.57122e-199 2.07273e-201 -4.83463e-201 0 
-13.3319 0.333726 -0.00108266 -2.44797e-11 0.666279 -0.666276 -2.44797e-11 1.00118 1.00118 0.003248 0.00324797 1.34338e-199 2.90952e-202 -6.78547e-202 0 
-13.3282 0.333728 -0.00108664 -2.47515e-11 0.666278 -0.666274 -2.47515e-11 1.00118 1.00118 0.00325995 0.00325992 -1.45044e-198 -3.14175e-201 7.32599e-201 -0 
-13.3245 0.333729 -0.00109064 -2.50263e-11 0.666276 -0.666273 -2.50263e-11 1.00119 1.00119 0.00327194 0.00327191 -3.17613e-198 -6.88047e-201 1.60417e-200 -0 
-13.3208 0.333731 -0.00109465 -2.53042e-11 0.666275 -0.666272 -2.53042e-11 1.00119 1.00119 0.00328398 0.00328395 -4.17492e-198 -9.04515e-201 2.10855e-200 -0 
-13.3171 0.333732 -0.00109868 -2.55851e-11 0.666273 -0.66627 -2.55851e-11 1.0012 1.0012 0.00329606 0.00329603 -3.57879e-198 -7.75448e-201 1.80741e-200 -0 
-13.3134 0.333734 -0.00110272 -2.58692e-11 0.666272 -0.666269 -2.58692e-11 1.0012 1.0012 0.00330818 0.00330816 -5.19721e-199 -1.12625e-201 2.62468e-201 -0 
-13.3098 0.333735 -0.00110677 -2.61564e-11 0.66627 -0.666267 -2.61564e-11 1.00121 1.00121 0.00332035 0.00332032 5.38623e-198 1.16735e-200 -2.72004e-200 0 
-13.3061 0.333737 -0.00111085 -2.64468e-11 0.666269 -0.666266 -2.64468e-11 1.00121 1.00121 0.00333257 0.00333254 1.18309e-197 2.56438e-200 -5.9744e-200 0 
-13.3024 0.333738 -0.00111493 -2.67405e-11 0.666267 -0.666264 -2.67405e-11 1.00121 1.00121 0.00334482 0.0033448 1.55758e-197 3.37647e-200 -7.8652e-200 0 
-13.2987 0.33374 -0.00111903 -2.70373e-11 0.666266 -0.666263 -2.70373e-11 1.00122 1.00122 0.00335713 0.0033571 1.33813e-197 2.90109e-200 -6.75682e-200 0 
-13.295 0.333741 -0.00112315 -2.73375e-11 0.666264 -0.666261 -2.73375e-11 1.00122 1.00122 0.00336948 0.00336945 2.00796e-198 4.3538e-201 -1.01388e-200 0 
-13.2913 0.333743 -0.00112728 -2.7641e-11 0.666263 -0.66626 -2.7641e-11 1.00123 1.00123 0.00338187 0.00338184 -2.00014e-197 -4.33733e-200 1.00989e-199 -0 
-13.2877 0.333744 -0.00113143 -2.79479e-11 0.666261 -0.666258 -2.79479e-11 1.00123 1.00123 0.00339431 0.00339428 -4.40694e-197 -9.55761e-200 2.22502e-199 -0 
-13.284 0.333746 -0.00113559 -2.82582e-11 0.66626 -0.666257 -2.82582e-11 1.00124 1.00124 0.0034068 0.00340677 -5.81098e-197 -1.26041e-199 2.93381e-199 -0 
-13.2803 0.333747 -0.00113977 -2.85719e-11 0.666258 -0.666255 -2.85719e-11 1.00124 1.00124 0.00341933 0.0034193 -5.00327e-197 -1.08534e-199 2.52592e-199 -0 
-13.2766 0.333749 -0.00114396 -2.88891e-11 0.666257 -0.666254 -2.88891e-11 1.00125 1.00125 0.0034319 0.00343187 -7.74811e-198 -1.68097e-200 3.91153e-200 -0 
-13.2729 0.33375 -0.00114816 -2.92099e-11 0.666255 -0.666252 -2.92099e-11 1.00125 1.00125 0.00344453 0.00344449 7.42719e-197 1.61153e-199 -3.74938e-199 0 
-13.2692 0.333752 -0.00115239 -2.95342e-11 0.666254 -0.666251 -2.95342e-11 1.00126 1.00126 0.00345719 0.00345716 1.64154e-196 3.56219e-199 -8.28649e-199 0 
-13.2655 0.333754 -0.00115663 -2.98621e-11 0.666252 -0.666249 -2.98621e-11 1.00126 1.00126 0.00346991 0.00346988 2.16793e-196 4.70503e-199 -1.09433e-198 0 
-13.2619 0.333755 -0.00116088 -3.01936e-11 0.666251 -0.666248 -3.01936e-11 1.00127 1.00127 0.00348267 0.00348264 1.8707e-196 4.06043e-199 -9.44258e-199 0 
-13.2582 0.333757 -0.00116515 -3.05288e-11 0.666249 -0.666246 -3.05288e-11 1.00127 1.00127 0.00349548 0.00349545 2.98626e-197 6.48258e-200 -1.5073e-199 0 
-13.2545 0.333758 -0.00116943 -3.08677e-11 0.666248 -0.666244 -3.08677e-11 1.00128 1.00128 0.00350834 0.0035083 -2.7579e-196 -5.98756e-199 1.39198e-198 -0 
-13.2508 0.33376 -0.00117374 -3.12104e-11 0.666246 -0.666243 -3.12104e-11 1.00128 1.00128 0.00352124 0.00352121 -6.11453e-196 -1.32766e-198 3.08604e-198 -0 
-13.2471 0.333762 -0.00117805 -3.15569e-11 0.666245 -0.666241 -3.15569e-11 1.00128 1.00128 0.00353419 0.00353416 -8.08797e-196 -1.75637e-198 4.0819e-198 -0 
-13.2434 0.333763 -0.00118238 -3.19072e-11 0.666243 -0.66624 -3.19072e-11 1.00129 1.00129 0.00354719 0.00354715 -6.99434e-196 -1.51906e-198 3.52983e-198 -0 
-13.2397 0.333765 -0.00118673 -3.22615e-11 0.666242 -0.666238 -3.22615e-11 1.00129 1.00129 0.00356023 0.0035602 -1.1497e-196 -2.49727e-199 5.80197e-199 -0 
-13.2361 0.333766 -0.0011911 -3.26196e-11 0.66624 -0.666237 -3.26196e-11 1.0013 1.0013 0.00357332 0.00357329 1.02405e-195 2.22462e-198 -5.16769e-198 0 
-13.2324 0.333768 -0.00119548 -3.29817e-11 0.666238 -0.666235 -3.29817e-11 1.0013 1.0013 0.00358647 0.00358643 2.27757e-195 4.94831e-198 -1.14929e-197 0 
-13.2287 0.33377 -0.00119987 -3.33479e-11 0.666237 -0.666233 -3.33479e-11 1.00131 1.00131 0.00359965 0.00359962 3.01739e-195 6.55647e-198 -1.52255e-197 0 
-13.225 0.333771 -0.00120429 -3.37181e-11 0.666235 -0.666232 -3.37181e-11 1.00131 1.00131 0.00361289 0.00361286 2.61507e-195 5.68297e-198 -1.3195e-197 0 
-13.2213 0.333773 -0.00120871 -3.40924e-11 0.666234 -0.66623 -3.40924e-11 1.00132 1.00132 0.00362618 0.00362614 4.42177e-196 9.61041e-199 -2.23103e-198 0 
-13.2176 0.333775 -0.00121316 -3.44709e-11 0.666232 -0.666229 -3.44709e-11 1.00132 1.00132 0.00363951 0.00363948 -3.80238e-195 -8.26522e-198 1.91843e-197 -0 
-13.214 0.333776 -0.00121762 -3.48536e-11 0.666231 -0.666227 -3.48536e-11 1.00133 1.00133 0.0036529 0.00365286 -8.48352e-195 -1.84429e-197 4.28007e-197 -0 
-13.2103 0.333778 -0.0012221 -3.52405e-11 0.666229 -0.666225 -3.52405e-11 1.00133 1.00133 0.00366633 0.00366629 -1.12569e-194 -2.44752e-197 5.67907e-197 -0 
-13.2066 0.333779 -0.00122659 -3.56317e-11 0.666227 -0.666224 -3.56317e-11 1.00134 1.00134 0.00367981 0.00367977 -9.7772e-195 -2.12606e-197 4.93237e-197 -0 
-13.2029 0.333781 -0.0012311 -3.60273e-11 0.666226 -0.666222 -3.60273e-11 1.00134 1.00134 0.00369334 0.0036933 -1.69899e-195 -3.69492e-198 8.57065e-198 -0 
-13.1992 0.333783 -0.00123563 -3.64272e-11 0.666224 -0.666221 -3.64272e-11 1.00135 1.00135 0.00370692 0.00370688 1.41182e-194 3.07077e-197 -7.12172e-197 0 
-13.1955 0.333785 -0.00124017 -3.68316e-11 0.666222 -0.666219 -3.68316e-11 1.00135 1.00135 0.00372055 0.00372051 3.15993e-194 6.87388e-197 -1.59392e-196 0 
-13.1918 0.333786 -0.00124473 -3.72404e-11 0.666221 -0.666217 -3.72404e-11 1.00136 1.00136 0.00373423 0.00373419 4.19958e-194 9.1366e-197 -2.11825e-196 0 
-13.1882 0.333788 -0.00124931 -3.76539e-11 0.666219 -0.666216 -3.76539e-11 1.00136 1.00136 0.00374796 0.00374792 3.65544e-194 7.95379e-197 -1.84372e-196 0 
-13.1845 0.33379 -0.0012539 -3.80718e-11 0.666217 -0.666214 -3.80718e-11 1.00137 1.00137 0.00376174 0.0037617 6.52213e-195 1.41932e-197 -3.28948e-197 0 
-13.1808 0.333791 -0.00125851 -3.84945e-11 0.666216 -0.666212 -3.84945e-11 1.00137 1.00137 0.00377557 0.00377553 -5.24192e-194 -1.14087e-196 2.64369e-196 -0 
-13.1771 0.333793 -0.00126314 -3.89218e-11 0.666214 -0.666211 -3.89218e-11 1.00138 1.00138 0.00378945 0.00378941 -1.177e-193 -2.56199e-196 5.93581e-196 -0 
-13.1734 0.333795 -0.00126778 -3.93539e-11 0.666212 -0.666209 -3.93539e-11 1.00138 1.00138 0.00380339 0.00380335 -1.56671e-193 -3.41071e-196 7.90086e-196 -0 
-13.1697 0.333796 -0.00127244 -3.97907e-11 0.666211 -0.666207 -3.97907e-11 1.00139 1.00139 0.00381737 0.00381733 -1.36665e-193 -2.97558e-196 6.89171e-196 -0 
-13.1661 0.333798 -0.00127712 -4.02324e-11 0.666209 -0.666206 -4.02324e-11 1.00139 1.00139 0.00383141 0.00383136 -2.5016e-194 -5.44738e-197 1.26145e-196 -0 
-13.1624 0.3338 -0.00128182 -4.0679e-11 0.666207 -0.666204 -4.0679e-11 1.0014 1.0014 0.00384549 0.00384545 1.94622e-193 4.23855e-196 -9.81352e-196 0 
-13.1587 0.333802 -0.00128653 -4.11306e-11 0.666206 -0.666202 -4.11306e-11 1.00141 1.00141 0.00385963 0.00385959 4.38401e-193 9.54891e-196 -2.21048e-195 0 
-13.155 0.333803 -0.00129126 -4.15871e-11 0.666204 -0.6662 -4.15871e-11 1.00141 1.00141 0.00387382 0.00387377 5.84479e-193 1.27323e-195 -2.94691e-195 0 
-13.1513 0.333805 -0.00129601 -4.20488e-11 0.666202 -0.666199 -4.20488e-11 1.00142 1.00142 0.00388806 0.00388802 5.10942e-193 1.11319e-195 -2.57603e-195 0 
-13.1476 0.333807 -0.00130077 -4.25155e-11 0.666201 -0.666197 -4.25155e-11 1.00142 1.00142 0.00390235 0.00390231 9.58732e-194 2.08906e-196 -4.83347e-196 0 
-13.1439 0.333809 -0.00130555 -4.29875e-11 0.666199 -0.666195 -4.29875e-11 1.00143 1.00143 0.0039167 0.00391665 -7.22574e-193 -1.57468e-195 3.64272e-195 -0 
-13.1403 0.333811 -0.00131035 -4.34646e-11 0.666197 -0.666193 -4.34646e-11 1.00143 1.00143 0.0039311 0.00393105 -1.63292e-192 -3.55904e-195 8.2317e-195 -0 
-13.1366 0.333812 -0.00131517 -4.39471e-11 0.666195 -0.666192 -4.39471e-11 1.00144 1.00144 0.00394555 0.0039455 -2.18045e-192 -4.75306e-195 1.09914e-194 -0 
-13.1329 0.333814 -0.00132 -4.44349e-11 0.666194 -0.66619 -4.44349e-11 1.00144 1.00144 0.00396005 0.00396001 -1.9102e-192 -4.1645e-195 9.6287e-195 -0 
-13.1292 0.333816 -0.00132485 -4.49281e-11 0.666192 -0.666188 -4.49281e-11 1.00145 1.00145 0.00397461 0.00397456 -3.67151e-193 -8.00549e-196 1.85062e-195 -0 
-13.1255 0.333818 -0.00132972 -4.54268e-11 0.66619 -0.666186 -4.54268e-11 1.00145 1.00145 0.00398922 0.00398917 2.68264e-192 5.8501e-195 -1.35212e-194 0 
-13.1218 0.33382 -0.00133461 -4.59311e-11 0.666188 -0.666185 -4.59311e-11 1.00146 1.00146 0.00400388 0.00400384 6.08209e-192 1.32652e-194 -3.0654e-194 0 
-13.1181 0.333821 -0.00133952 -4.64409e-11 0.666187 -0.666183 -4.64409e-11 1.00146 1.00146 0.0040186 0.00401855 8.13434e-192 1.77436e-194 -4.09957e-194 0 
-13.1145 0.333823 -0.00134444 -4.69564e-11 0.666185 -0.666181 -4.69564e-11 1.00147 1.00147 0.00403337 0.00403332 7.14133e-192 1.55796e-194 -3.59895e-194 0 
-13.1108 0.333825 -0.00134938 -4.74776e-11 0.666183 -0.666179 -4.74776e-11 1.00148 1.00148 0.0040482 0.00404815 1.40501e-192 3.06561e-195 -7.0804e-195 0 
-13.1071 0.333827 -0.00135434 -4.80046e-11 0.666181 -0.666178 -4.80046e-11 1.00148 1.00148 0.00406308 0.00406303 -9.95935e-192 -2.17334e-194 5.0187e-194 -0 
-13.1034 0.333829 -0.00135932 -4.85374e-11 0.66618 -0.666176 -4.85374e-11 1.00149 1.00149 0.00407801 0.00407796 -2.26537e-191 -4.94419e-194 1.14151e-193 -0 
-13.0997 0.333831 -0.00136432 -4.90762e-11 0.666178 -0.666174 -4.90762e-11 1.00149 1.00149 0.004093 0.00409295 -3.03455e-191 -6.62386e-194 1.52903e-193 -0 
-13.096 0.333832 -0.00136933 -4.96209e-11 0.666176 -0.666172 -4.96209e-11 1.0015 1.0015 0.00410804 0.00410799 -2.66977e-191 -5.82842e-194 1.34517e-193 -0 
-13.0924 0.333834 -0.00137436 -5.01716e-11 0.666174 -0.66617 -5.01716e-11 1.0015 1.0015 0.00412314 0.00412309 -5.37299e-192 -1.17315e-194 2.70708e-194 -0 
-13.0887 0.333836 -0.00137941 -5.07285e-11 0.666172 -0.666168 -5.07285e-11 1.00151 1.00151 0.0041383 0.00413824 3.69733e-191 8.07396e-194 -1.86275e-193 0 
-13.085 0.333838 -0.00138448 -5.12916e-11 0.666171 -0.666167 -5.12916e-11 1.00151 1.00151 0.00415351 0.00415345 8.43764e-191 1.84281e-193 -4.25077e-193 0 
-13.0813 0.33384 -0.00138957 -5.18609e-11 0.666169 -0.666165 -5.18609e-11 1.00152 1.00152 0.00416877 0.00416872 1.13205e-190 2.47277e-193 -5.70285e-193 0 
-13.0776 0.333842 -0.00139468 -5.24365e-11 0.666167 -0.666163 -5.24365e-11 1.00153 1.00153 0.00418409 0.00418404 9.98075e-191 2.18044e-193 -5.02772e-193 0 
-13.0739 0.333844 -0.0013998 -5.30185e-11 0.666165 -0.666161 -5.30185e-11 1.00153 1.00153 0.00419947 0.00419941 2.05339e-191 4.48655e-194 -1.03433e-193 0 
-13.0702 0.333846 -0.00140495 -5.36069e-11 0.666163 -0.666159 -5.36069e-11 1.00154 1.00154 0.0042149 0.00421484 -1.37257e-190 -2.99943e-193 6.9136e-193 -0 
-13.0666 0.333848 -0.00141011 -5.42019e-11 0.666161 -0.666157 -5.42019e-11 1.00154 1.00154 0.00423039 0.00423033 -3.14268e-190 -6.86856e-193 1.58289e-192 -0 
-13.0629 0.33385 -0.00141529 -5.48035e-11 0.666159 -0.666155 -5.48035e-11 1.00155 1.00155 0.00424594 0.00424588 -4.2231e-190 -9.23123e-193 2.12697e-192 -0 
-13.0592 0.333851 -0.00142049 -5.54118e-11 0.666158 -0.666154 -5.54118e-11 1.00155 1.00155 0.00426154 0.00426148 -3.73118e-190 -8.15712e-193 1.87913e-192 -0 
-13.0555 0.333853 -0.00142571 -5.60268e-11 0.666156 -0.666152 -5.60268e-11 1.00156 1.00156 0.0042772 0.00427714 -7.84254e-191 -1.71478e-193 3.94955e-193 -0 
-13.0518 0.333855 -0.00143095 -5.66486e-11 0.666154 -0.66615 -5.66486e-11 1.00157 1.00157 0.00429292 0.00429286 5.09531e-190 1.11426e-192 -2.56591e-192 0 
-13.0481 0.333857 -0.00143621 -5.72773e-11 0.666152 -0.666148 -5.72773e-11 1.00157 1.00157 0.00430869 0.00430863 1.17051e-189 2.56009e-192 -5.89423e-192 0 
-13.0445 0.333859 -0.00144149 -5.7913e-11 0.66615 -0.666146 -5.7913e-11 1.00158 1.00158 0.00432453 0.00432446 1.57542e-189 3.44618e-192 -7.93282e-192 0 
-13.0408 0.333861 -0.00144678 -5.85558e-11 0.666148 -0.666144 -5.85558e-11 1.00158 1.00158 0.00434042 0.00434035 1.39484e-189 3.05161e-192 -7.0232e-192 0 
-13.0371 0.333863 -0.0014521 -5.92057e-11 0.666146 -0.666142 -5.92057e-11 1.00159 1.00159 0.00435636 0.0043563 2.99355e-190 6.55021e-193 -1.50722e-192 0 
-13.0334 0.333865 -0.00145744 -5.98627e-11 0.666144 -0.66614 -5.98627e-11 1.0016 1.0016 0.00437237 0.00437231 -1.89145e-189 -4.1393e-192 9.52281e-192 -0 
-13.0297 0.333867 -0.00146279 -6.05271e-11 0.666142 -0.666138 -6.05271e-11 1.0016 1.0016 0.00438844 0.00438837 -4.35962e-189 -9.54213e-192 2.19482e-191 -0 
-13.026 0.333869 -0.00146817 -6.11989e-11 0.66614 -0.666136 -6.11989e-11 1.00161 1.00161 0.00440456 0.0044045 -5.87703e-189 -1.28653e-191 2.95862e-191 -0 
-13.0223 0.333871 -0.00147356 -6.18781e-11 0.666139 -0.666134 -6.18781e-11 1.00161 1.00161 0.00442074 0.00442068 -5.21429e-189 -1.14162e-191 2.62486e-191 -0 
-13.0187 0.333873 -0.00147897 -6.25648e-11 0.666137 -0.666132 -6.25648e-11 1.00162 1.00162 0.00443699 0.00443692 -1.14202e-189 -2.50071e-192 5.7486e-192 -0 
-13.015 0.333875 -0.00148441 -6.32592e-11 0.666135 -0.66613 -6.32592e-11 1.00163 1.00163 0.00445329 0.00445322 7.02112e-189 1.53767e-191 -3.53407e-191 0 
-13.0113 0.333877 -0.00148986 -6.39612e-11 0.666133 -0.666128 -6.39612e-11 1.00163 1.00163 0.00446965 0.00446958 1.62375e-188 3.55663e-191 -8.17272e-191 0 
-13.0076 0.333879 -0.00149533 -6.46711e-11 0.666131 -0.666126 -6.46711e-11 1.00164 1.00164 0.00448607 0.004486 2.19239e-188 4.80289e-191 -1.10343e-190 0 
-13.0039 0.333881 -0.00150083 -6.53888e-11 0.666129 -0.666124 -6.53888e-11 1.00164 1.00164 0.00450255 0.00450248 1.94922e-188 4.27084e-191 -9.80999e-191 0 
-13.0002 0.333883 -0.00150634 -6.61144e-11 0.666127 -0.666122 -6.61144e-11 1.00165 1.00165 0.00451909 0.00451903 4.35438e-189 9.54209e-192 -2.19135e-191 0 
-12.9965 0.333886 -0.00151188 -6.68482e-11 0.666125 -0.66612 -6.68482e-11 1.00166 1.00166 0.0045357 0.00453563 -2.6062e-188 -5.71204e-191 1.31151e-190 -0 
-12.9929 0.333888 -0.00151743 -6.759e-11 0.666123 -0.666118 -6.759e-11 1.00166 1.00166 0.00455236 0.00455229 -6.04761e-188 -1.32567e-190 3.04318e-190 -0 
-12.9892 0.33389 -0.001523 -6.83401e-11 0.666121 -0.666116 -6.83401e-11 1.00167 1.00167 0.00456908 0.00456901 -8.1785e-188 -1.79304e-190 4.11526e-190 -0 
-12.9855 0.333892 -0.0015286 -6.90985e-11 0.666119 -0.666114 -6.90985e-11 1.00168 1.00168 0.00458587 0.0045858 -7.28654e-188 -1.59774e-190 3.66626e-190 -0 
-12.9818 0.333894 -0.00153421 -6.98654e-11 0.666117 -0.666112 -6.98654e-11 1.00168 1.00168 0.00460271 0.00460264 -1.65942e-188 -3.63922e-191 8.34908e-191 -0 
-12.9781 0.333896 -0.00153985 -7.06407e-11 0.666115 -0.66611 -7.06407e-11 1.00169 1.00169 0.00461962 0.00461955 9.67379e-188 2.12185e-190 -4.86694e-190 0 
-12.9744 0.333898 -0.00154551 -7.14246e-11 0.666113 -0.666108 -7.14246e-11 1.00169 1.00169 0.00463659 0.00463652 2.25241e-187 4.94119e-190 -1.13314e-189 0 
-12.9708 0.3339 -0.00155118 -7.22172e-11 0.666111 -0.666106 -7.22172e-11 1.0017 1.0017 0.00465362 0.00465355 3.0509e-187 6.69392e-190 -1.53477e-189 0 
-12.9671 0.333902 -0.00155688 -7.30186e-11 0.666109 -0.666104 -7.30186e-11 1.00171 1.00171 0.00467072 0.00467064 2.72381e-187 5.97719e-190 -1.37016e-189 0 
-12.9634 0.333905 -0.0015626 -7.38289e-11 0.666107 -0.666102 -7.38289e-11 1.00171 1.00171 0.00468787 0.0046878 6.32086e-188 1.38728e-190 -3.17943e-190 0 
-12.9597 0.333907 -0.00156834 -7.46482e-11 0.666104 -0.6661 -7.46482e-11 1.00172 1.00172 0.00470509 0.00470501 -3.59066e-187 -7.88191e-190 1.80603e-189 -0 
-12.956 0.333909 -0.0015741 -7.54766e-11 0.666102 -0.666098 -7.54766e-11 1.00173 1.00173 0.00472237 0.0047223 -8.38892e-187 -1.84176e-189 4.21926e-189 -0 
-12.9523 0.333911 -0.00157988 -7.63142e-11 0.6661 -0.666096 -7.63142e-11 1.00173 1.00173 0.00473972 0.00473964 -1.1381e-186 -2.49905e-189 5.72383e-189 -0 
-12.9486 0.333913 -0.00158568 -7.7161e-11 0.666098 -0.666094 -7.7161e-11 1.00174 1.00174 0.00475713 0.00475705 -1.01818e-186 -2.23609e-189 5.12048e-189 -0 
-12.945 0.333915 -0.00159151 -7.80173e-11 0.666096 -0.666092 -7.80173e-11 1.00175 1.00175 0.0047746 0.00477452 -2.40653e-187 -5.28598e-190 1.21019e-189 -0 
-12.9413 0.333918 -0.00159735 -7.8883e-11 0.666094 -0.666089 -7.8883e-11 1.00175 1.00175 0.00479214 0.00479205 1.33272e-186 2.92781e-189 -6.70164e-189 0 
-12.9376 0.33392 -0.00160322 -7.97583e-11 0.666092 -0.666087 -7.97583e-11 1.00176 1.00176 0.00480974 0.00480965 3.12437e-186 6.86493e-189 -1.57102e-188 0 
-12.9339 0.333922 -0.00160911 -8.06434e-11 0.66609 -0.666085 -8.06434e-11 1.00177 1.00177 0.0048274 0.00482732 4.24548e-186 9.32977e-189 -2.13464e-188 0 
-12.9302 0.333924 -0.00161501 -8.15383e-11 0.666088 -0.666083 -8.15383e-11 1.00177 1.00177 0.00484513 0.00484504 3.80599e-186 8.36532e-189 -1.91356e-188 0 
-12.9265 0.333926 -0.00162095 -8.2443e-11 0.666086 -0.666081 -8.2443e-11 1.00178 1.00178 0.00486292 0.00486284 9.15822e-187 2.01324e-189 -4.6043e-189 0 
-12.9229 0.333929 -0.0016269 -8.33579e-11 0.666083 -0.666079 -8.33579e-11 1.00179 1.00179 0.00488078 0.00488069 -4.94644e-186 -1.08755e-188 2.4867e-188 -0 
-12.9192 0.333931 -0.00163287 -8.42828e-11 0.666081 -0.666077 -8.42828e-11 1.00179 1.00179 0.00489871 0.00489862 -1.16363e-185 -2.55883e-188 5.84955e-188 -0 
-12.9155 0.333933 -0.00163887 -8.52181e-11 0.666079 -0.666074 -8.52181e-11 1.0018 1.0018 0.00491669 0.00491661 -1.5837e-185 -3.48314e-188 7.96082e-188 -0 
-12.9118 0.333935 -0.00164489 -8.61637e-11 0.666077 -0.666072 -8.61637e-11 1.00181 1.00181 0.00493475 0.00493466 -1.42267e-185 -3.12951e-188 7.15101e-188 -0 
-12.9081 0.333938 -0.00165093 -8.71197e-11 0.666075 -0.66607 -8.71197e-11 1.00181 1.00181 0.00495287 0.00495278 -3.48373e-186 -7.66454e-189 1.75099e-188 -0 
-12.9044 0.33394 -0.00165699 -8.80864e-11 0.666073 -0.666068 -8.80864e-11 1.00182 1.00182 0.00497106 0.00497097 1.83584e-185 4.03969e-188 -9.22678e-188 0 
-12.9007 0.333942 -0.00166307 -8.90638e-11 0.66607 -0.666066 -8.90638e-11 1.00183 1.00183 0.00498931 0.00498922 4.33375e-185 9.53786e-188 -2.178e-187 0 
-12.8971 0.333944 -0.00166918 -9.00521e-11 0.666068 -0.666063 -9.00521e-11 1.00183 1.00183 0.00500763 0.00500754 5.90767e-185 1.3004e-187 -2.96884e-187 0 
-12.8934 0.333947 -0.00167531 -9.10513e-11 0.666066 -0.666061 -9.10513e-11 1.00184 1.00184 0.00502602 0.00502592 5.31787e-185 1.17077e-187 -2.6723e-187 0 
-12.8897 0.333949 -0.00168146 -9.20616e-11 0.666064 -0.666059 -9.20616e-11 1.00185 1.00185 0.00504447 0.00504438 1.32464e-185 2.91677e-188 -6.65612e-188 0 
-12.886 0.333951 -0.00168763 -9.3083e-11 0.666062 -0.666057 -9.3083e-11 1.00185 1.00185 0.00506299 0.0050629 -6.81339e-185 -1.50052e-187 3.42344e-187 -0 
-12.8823 0.333954 -0.00169383 -9.41158e-11 0.666059 -0.666054 -9.41158e-11 1.00186 1.00186 0.00508158 0.00508149 -1.61403e-184 -3.55519e-187 8.10936e-187 -0 
-12.8786 0.333956 -0.00170005 -9.51601e-11 0.666057 -0.666052 -9.51601e-11 1.00187 1.00187 0.00510024 0.00510014 -2.20372e-184 -4.85493e-187 1.10716e-186 -0 
-12.8749 0.333958 -0.00170629 -9.6216e-11 0.666055 -0.66605 -9.6216e-11 1.00188 1.00188 0.00511897 0.00511887 -1.98776e-184 -4.37991e-187 9.98604e-187 -0 
-12.8713 0.333961 -0.00171255 -9.72835e-11 0.666053 -0.666048 -9.72835e-11 1.00188 1.00188 0.00513776 0.00513766 -5.03476e-185 -1.10957e-187 2.5292e-187 -0 
-12.8676 0.333963 -0.00171884 -9.83629e-11 0.66605 -0.666045 -9.83629e-11 1.00189 1.00189 0.00515662 0.00515652 2.5286e-184 5.57353e-187 -1.27017e-186 0 
-12.8639 0.333965 -0.00172515 -9.94543e-11 0.666048 -0.666043 -9.94543e-11 1.0019 1.0019 0.00517555 0.00517545 6.01109e-184 1.32519e-186 -3.01933e-186 0 
-12.8602 0.333968 -0.00173148 -1.00558e-10 0.666046 -0.666041 -1.00558e-10 1.0019 1.0019 0.00519455 0.00519445 8.22043e-184 1.81257e-186 -4.12884e-186 0 
-12.8565 0.33397 -0.00173784 -1.01673e-10 0.666043 -0.666039 -1.01673e-10 1.00191 1.00191 0.00521362 0.00521352 7.42994e-184 1.63855e-186 -3.7316e-186 0 
-12.8528 0.333973 -0.00174422 -1.02801e-10 0.666041 -0.666036 -1.02801e-10 1.00192 1.00192 0.00523276 0.00523266 1.91291e-184 4.21934e-187 -9.6068e-187 0 
-12.8492 0.333975 -0.00175062 -1.03942e-10 0.666039 -0.666034 -1.03942e-10 1.00192 1.00192 0.00525197 0.00525186 -9.38393e-184 -2.0702e-186 4.71244e-186 -0 
-12.8455 0.333977 -0.00175705 -1.05095e-10 0.666037 -0.666032 -1.05095e-10 1.00193 1.00193 0.00527125 0.00527114 -2.23868e-183 -4.93964e-186 1.12416e-185 -0 
-12.8418 0.33398 -0.0017635 -1.06261e-10 0.666034 -0.666029 -1.06261e-10 1.00194 1.00194 0.0052906 0.00529049 -3.06641e-183 -6.76721e-186 1.53972e-185 -0 
-12.8381 0.333982 -0.00176997 -1.0744e-10 0.666032 -0.666027 -1.0744e-10 1.00195 1.00195 0.00531002 0.00530991 -2.77716e-183 -6.12996e-186 1.3944e-185 -0 
-12.8344 0.333985 -0.00177647 -1.08632e-10 0.66603 -0.666024 -1.08632e-10 1.00195 1.00195 0.00532951 0.0053294 -7.26523e-184 -1.60392e-186 3.64764e-186 -0 
-12.8307 0.333987 -0.00178299 -1.09837e-10 0.666027 -0.666022 -1.09837e-10 1.00196 1.00196 0.00534908 0.00534896 3.48238e-183 7.68932e-186 -1.74829e-185 0 
-12.827 0.33399 -0.00178953 -1.11056e-10 0.666025 -0.66602 -1.11056e-10 1.00197 1.00197 0.00536871 0.00536859 8.33735e-183 1.84127e-185 -4.18544e-185 0 
-12.8234 0.333992 -0.0017961 -1.12288e-10 0.666022 -0.666017 -1.12288e-10 1.00198 1.00198 0.00538841 0.0053883 1.14383e-182 2.52656e-185 -5.74184e-185 0 
-12.8197 0.333995 -0.00180269 -1.13534e-10 0.66602 -0.666015 -1.13534e-10 1.00198 1.00198 0.00540819 0.00540807 1.03803e-182 2.29327e-185 -5.21044e-185 0 
-12.816 0.333997 -0.00180931 -1.14793e-10 0.666018 -0.666013 -1.14793e-10 1.00199 1.00199 0.00542804 0.00542792 2.75836e-183 6.09501e-186 -1.38449e-185 0 
-12.8123 0.334 -0.00181595 -1.16067e-10 0.666015 -0.66601 -1.16067e-10 1.002 1.002 0.00544796 0.00544784 -1.29228e-182 -2.856e-185 6.48588e-185 -0 
-12.8086 0.334002 -0.00182261 -1.17355e-10 0.666013 -0.666008 -1.17355e-10 1.00201 1.00201 0.00546796 0.00546784 -3.10499e-182 -6.86344e-185 1.55829e-184 -0 
-12.8049 0.334005 -0.0018293 -1.18657e-10 0.666011 -0.666005 -1.18657e-10 1.00201 1.00201 0.00548803 0.0054879 -4.26671e-182 -9.43306e-185 2.14119e-184 -0 
-12.8012 0.334007 -0.00183601 -1.19973e-10 0.666008 -0.666003 -1.19973e-10 1.00202 1.00202 0.00550817 0.00550804 -3.87986e-182 -8.57937e-185 1.94694e-184 -0 
-12.7976 0.33401 -0.00184275 -1.21304e-10 0.666006 -0.666 -1.21304e-10 1.00203 1.00203 0.00552838 0.00552825 -1.0469e-182 -2.31539e-185 5.2531e-185 -0 
-12.7939 0.334012 -0.00184951 -1.2265e-10 0.666003 -0.665998 -1.2265e-10 1.00204 1.00204 0.00554867 0.00554854 4.79537e-182 1.06077e-184 -2.40607e-184 0 
-12.7902 0.334015 -0.0018563 -1.2401e-10 0.666001 -0.665996 -1.2401e-10 1.00204 1.00204 0.00556903 0.0055689 1.15635e-181 2.55841e-184 -5.80162e-184 0 
-12.7865 0.334017 -0.00186311 -1.25386e-10 0.665998 -0.665993 -1.25386e-10 1.00205 1.00205 0.00558947 0.00558934 1.59155e-181 3.52193e-184 -7.9846e-184 0 
-12.7828 0.33402 -0.00186995 -1.26777e-10 0.665996 -0.665991 -1.26777e-10 1.00206 1.00206 0.00560998 0.00560984 1.45016e-181 3.20964e-184 -7.27482e-184 0 
-12.7791 0.334023 -0.00187681 -1.28183e-10 0.665993 -0.665988 -1.28183e-10 1.00207 1.00207 0.00563056 0.00563043 3.97206e-182 8.79303e-185 -1.99249e-184 0 
-12.7755 0.334025 -0.0018837 -1.29605e-10 0.665991 -0.665986 -1.29605e-10 1.00208 1.00208 0.00565122 0.00565109 -1.77941e-181 -3.93985e-184 8.92547e-184 -0 
-12.7718 0.334028 -0.00189061 -1.31043e-10 0.665988 -0.665983 -1.31043e-10 1.00208 1.00208 0.00567196 0.00567182 -4.30641e-181 -9.53677e-184 2.15995e-183 -0 
-12.7681 0.33403 -0.00189754 -1.32497e-10 0.665986 -0.665981 -1.32497e-10 1.00209 1.00209 0.00569277 0.00569263 -5.9367e-181 -1.31496e-183 2.97747e-183 -0 
-12.7644 0.334033 -0.00190451 -1.33966e-10 0.665983 -0.665978 -1.33966e-10 1.0021 1.0021 0.00571366 0.00571352 -5.42012e-181 -1.20077e-183 2.71822e-183 -0 
-12.7607 0.334036 -0.00191149 -1.35453e-10 0.665981 -0.665975 -1.35453e-10 1.00211 1.00211 0.00573462 0.00573448 -1.50657e-181 -3.33827e-184 7.55507e-184 -0 
-12.757 0.334038 -0.00191851 -1.36955e-10 0.665978 -0.665973 -1.36955e-10 1.00211 1.00211 0.00575566 0.00575552 6.60263e-181 1.4633e-183 -3.31085e-183 0 
-12.7533 0.334041 -0.00192554 -1.38474e-10 0.665976 -0.66597 -1.38474e-10 1.00212 1.00212 0.00577678 0.00577663 1.60376e-180 3.55498e-183 -8.04144e-183 0 
-12.7497 0.334044 -0.00193261 -1.4001e-10 0.665973 -0.665968 -1.4001e-10 1.00213 1.00213 0.00579797 0.00579783 2.21445e-180 4.90963e-183 -1.11029e-182 0 
-12.746 0.334046 -0.0019397 -1.41564e-10 0.665971 -0.665965 -1.41564e-10 1.00214 1.00214 0.00581924 0.0058191 2.02581e-180 4.49225e-183 -1.01564e-182 0 
-12.7423 0.334049 -0.00194681 -1.43134e-10 0.665968 -0.665963 -1.43134e-10 1.00215 1.00215 0.00584059 0.00584044 5.71255e-181 1.26701e-183 -2.86381e-183 0 
-12.7386 0.334052 -0.00195396 -1.44722e-10 0.665966 -0.66596 -1.44722e-10 1.00215 1.00215 0.00586202 0.00586187 -2.44988e-180 -5.43473e-183 1.22809e-182 -0 
-12.7349 0.334054 -0.00196112 -1.46327e-10 0.665963 -0.665957 -1.46327e-10 1.00216 1.00216 0.00588352 0.00588337 -5.97251e-180 -1.32518e-182 2.99376e-182 -0 
-12.7312 0.334057 -0.00196832 -1.4795e-10 0.66596 -0.665955 -1.4795e-10 1.00217 1.00217 0.00590511 0.00590495 -8.26012e-180 -1.83311e-182 4.14018e-182 -0 
-12.7276 0.33406 -0.00197554 -1.49591e-10 0.665958 -0.665952 -1.49591e-10 1.00218 1.00218 0.00592677 0.00592661 -7.57149e-180 -1.68062e-182 3.79478e-182 -0 
-12.7239 0.334063 -0.00198278 -1.5125e-10 0.665955 -0.66595 -1.5125e-10 1.00219 1.00219 0.00594851 0.00594835 -2.16542e-180 -4.80746e-183 1.08522e-182 -0 
-12.7202 0.334065 -0.00199006 -1.52928e-10 0.665953 -0.665947 -1.52928e-10 1.0022 1.0022 0.00597033 0.00597017 9.08988e-180 2.01845e-182 -4.5552e-182 0 
-12.7165 0.334068 -0.00199736 -1.54624e-10 0.66595 -0.665944 -1.54624e-10 1.0022 1.0022 0.00599223 0.00599207 2.22419e-179 4.9399e-182 -1.11454e-181 0 
-12.7128 0.334071 -0.00200468 -1.56339e-10 0.665947 -0.665942 -1.56339e-10 1.00221 1.00221 0.00601421 0.00601405 3.08108e-179 6.8444e-182 -1.54382e-181 0 
-12.7091 0.334074 -0.00201203 -1.58073e-10 0.665945 -0.665939 -1.58073e-10 1.00222 1.00222 0.00603627 0.0060361 2.82982e-179 6.2875e-182 -1.41783e-181 0 
-12.7054 0.334076 -0.00201941 -1.59827e-10 0.665942 -0.665936 -1.59827e-10 1.00223 1.00223 0.00605841 0.00605824 8.20596e-180 1.82362e-182 -4.11118e-182 0 
-12.7018 0.334079 -0.00202682 -1.61599e-10 0.665939 -0.665934 -1.61599e-10 1.00224 1.00224 0.00608063 0.00608046 -3.37256e-179 -7.49639e-182 1.68954e-181 -0 
-12.6981 0.334082 -0.00203425 -1.63392e-10 0.665937 -0.665931 -1.63392e-10 1.00225 1.00225 0.00610293 0.00610276 -8.28294e-179 -1.84147e-181 4.14921e-181 -0 
-12.6944 0.334085 -0.00204171 -1.65204e-10 0.665934 -0.665928 -1.65204e-10 1.00225 1.00225 0.00612531 0.00612514 -1.14926e-178 -2.55556e-181 5.75665e-181 -0 
-12.6907 0.334088 -0.0020492 -1.67036e-10 0.665931 -0.665925 -1.67036e-10 1.00226 1.00226 0.00614778 0.0061476 -1.05763e-178 -2.35228e-181 5.29732e-181 -0 
-12.687 0.334091 -0.00205672 -1.68889e-10 0.665929 -0.665923 -1.68889e-10 1.00227 1.00227 0.00617032 0.00617015 -3.10883e-179 -6.91579e-182 1.55701e-181 -0 
-12.6833 0.334093 -0.00206426 -1.70762e-10 0.665926 -0.66592 -1.70762e-10 1.00228 1.00228 0.00619295 0.00619277 1.25126e-178 2.78407e-181 -6.26632e-181 0 
-12.6796 0.334096 -0.00207183 -1.72656e-10 0.665923 -0.665917 -1.72656e-10 1.00229 1.00229 0.00621566 0.00621548 3.08456e-178 6.86461e-181 -1.54465e-180 0 
-12.676 0.334099 -0.00207942 -1.74571e-10 0.66592 -0.665914 -1.74571e-10 1.0023 1.0023 0.00623845 0.00623827 4.28676e-178 9.54204e-181 -2.14653e-180 0 
-12.6723 0.334102 -0.00208705 -1.76507e-10 0.665918 -0.665912 -1.76507e-10 1.00231 1.00231 0.00626133 0.00626115 3.95276e-178 8.80039e-181 -1.97915e-180 0 
-12.6686 0.334105 -0.0020947 -1.78465e-10 0.665915 -0.665909 -1.78465e-10 1.00231 1.00231 0.00628429 0.0062841 1.17747e-178 2.62204e-181 -5.89519e-181 0 
-12.6649 0.334108 -0.00210238 -1.80444e-10 0.665912 -0.665906 -1.80444e-10 1.00232 1.00232 0.00630733 0.00630714 -4.64216e-178 -1.03396e-180 2.32402e-180 -0 
-12.6612 0.334111 -0.00211009 -1.82445e-10 0.665909 -0.665903 -1.82445e-10 1.00233 1.00233 0.00633046 0.00633027 -1.14868e-177 -2.55901e-180 5.75029e-180 -0 
-12.6575 0.334114 -0.00211783 -1.84469e-10 0.665907 -0.665901 -1.84469e-10 1.00234 1.00234 0.00635367 0.00635348 -1.59896e-177 -3.56288e-180 8.00386e-180 -0 
-12.6539 0.334117 -0.00212559 -1.86515e-10 0.665904 -0.665898 -1.86515e-10 1.00235 1.00235 0.00637697 0.00637677 -1.47728e-177 -3.29244e-180 7.39426e-180 -0 
-12.6502 0.33412 -0.00213338 -1.88583e-10 0.665901 -0.665895 -1.88583e-10 1.00236 1.00236 0.00640035 0.00640015 -4.45848e-178 -9.93878e-181 2.23146e-180 -0 
-12.6465 0.334123 -0.00214121 -1.90674e-10 0.665898 -0.665892 -1.90674e-10 1.00237 1.00237 0.00642381 0.00642362 1.72219e-177 3.83988e-180 -8.6189e-180 0 
-12.6428 0.334126 -0.00214905 -1.92789e-10 0.665895 -0.665889 -1.92789e-10 1.00238 1.00238 0.00644737 0.00644716 4.2776e-177 9.53961e-180 -2.14063e-179 0 
-12.6391 0.334129 -0.00215693 -1.94927e-10 0.665892 -0.665886 -1.94927e-10 1.00239 1.00239 0.006471 0.0064708 5.96409e-177 1.33035e-179 -2.98439e-179 0 
-12.6354 0.334132 -0.00216484 -1.97089e-10 0.66589 -0.665883 -1.97089e-10 1.00239 1.00239 0.00649473 0.00649452 5.52103e-177 1.23179e-179 -2.7625e-179 0 
-12.6317 0.334135 -0.00217278 -1.99275e-10 0.665887 -0.665881 -1.99275e-10 1.0024 1.0024 0.00651854 0.00651833 1.68778e-177 3.76639e-180 -8.44438e-180 0 
-12.6281 0.334138 -0.00218074 -2.01484e-10 0.665884 -0.665878 -2.01484e-10 1.00241 1.00241 0.00654243 0.00654222 -6.3889e-177 -1.42603e-179 3.19629e-179 -0 
-12.6244 0.334141 -0.00218873 -2.03719e-10 0.665881 -0.665875 -2.03719e-10 1.00242 1.00242 0.00656642 0.0065662 -1.59294e-176 -3.55627e-179 7.96872e-179 -0 
-12.6207 0.334144 -0.00219676 -2.05978e-10 0.665878 -0.665872 -2.05978e-10 1.00243 1.00243 0.00659049 0.00659027 -2.22458e-176 -4.9675e-179 1.11278e-178 -0 
-12.617 0.334147 -0.00220481 -2.08262e-10 0.665875 -0.665869 -2.08262e-10 1.00244 1.00244 0.00661464 0.00661443 -2.06335e-176 -4.60847e-179 1.03205e-178 -0 
-12.6133 0.33415 -0.00221289 -2.10572e-10 0.665872 -0.665866 -2.10572e-10 1.00245 1.00245 0.00663889 0.00663867 -6.38764e-177 -1.42699e-179 3.19476e-179 -0 
-12.6096 0.334153 -0.002221 -2.12907e-10 0.665869 -0.665863 -2.12907e-10 1.00246 1.00246 0.00666322 0.006663 2.37005e-176 5.2958e-179 -1.18529e-178 0 
-12.606 0.334156 -0.00222914 -2.15268e-10 0.665866 -0.66586 -2.15268e-10 1.00247 1.00247 0.00668765 0.00668742 5.93189e-176 1.32575e-178 -2.96639e-178 0 
-12.6023 0.334159 -0.00223731 -2.17655e-10 0.665863 -0.665857 -2.17655e-10 1.00248 1.00248 0.00671216 0.00671193 8.29753e-176 1.85487e-178 -4.14909e-178 0 
-12.5986 0.334162 -0.00224551 -2.20068e-10 0.66586 -0.665854 -2.20068e-10 1.00249 1.00249 0.00673676 0.00673653 7.71115e-176 1.72417e-178 -3.8556e-178 0 
-12.5949 0.334165 -0.00225374 -2.22509e-10 0.665857 -0.665851 -2.22509e-10 1.0025 1.0025 0.00676145 0.00676122 2.41692e-176 5.4053e-179 -1.20838e-178 0 
-12.5912 0.334169 -0.002262 -2.24976e-10 0.665855 -0.665848 -2.24976e-10 1.00251 1.00251 0.00678623 0.006786 -8.79175e-176 -1.96666e-178 4.39526e-178 -0 
-12.5875 0.334172 -0.00227029 -2.27471e-10 0.665852 -0.665845 -2.27471e-10 1.00252 1.00252 0.0068111 0.00681086 -2.20894e-175 -4.94237e-178 1.10424e-177 -0 
-12.5838 0.334175 -0.00227861 -2.29993e-10 0.665849 -0.665842 -2.29993e-10 1.00252 1.00252 0.00683606 0.00683582 -3.09491e-175 -6.92622e-178 1.54701e-177 -0 
-12.5802 0.334178 -0.00228696 -2.32543e-10 0.665846 -0.665839 -2.32543e-10 1.00253 1.00253 0.00686111 0.00686087 -2.88178e-175 -6.45071e-178 1.44037e-177 -0 
-12.5765 0.334181 -0.00229534 -2.35122e-10 0.665842 -0.665836 -2.35122e-10 1.00254 1.00254 0.00688626 0.00688601 -9.1429e-176 -2.04705e-178 4.56947e-178 -0 
-12.5728 0.334185 -0.00230375 -2.37729e-10 0.665839 -0.665833 -2.37729e-10 1.00255 1.00255 0.00691149 0.00691124 3.26121e-175 7.30334e-178 -1.62978e-177 0 
-12.5691 0.334188 -0.00231219 -2.40365e-10 0.665836 -0.66583 -2.40365e-10 1.00256 1.00256 0.00693682 0.00693657 8.22568e-175 1.84252e-177 -4.11044e-177 0 
-12.5654 0.334191 -0.00232066 -2.4303e-10 0.665833 -0.665827 -2.4303e-10 1.00257 1.00257 0.00696224 0.00696198 1.15437e-174 2.58633e-177 -5.76803e-177 0 
-12.5617 0.334194 -0.00232916 -2.45725e-10 0.66583 -0.665824 -2.45725e-10 1.00258 1.00258 0.00698775 0.00698749 1.07696e-174 2.41345e-177 -5.38084e-177 0 
-12.558 0.334197 -0.0023377 -2.48449e-10 0.665827 -0.665821 -2.48449e-10 1.00259 1.00259 0.00701335 0.00701309 3.45788e-175 7.75084e-178 -1.72754e-177 0 
-12.5544 0.334201 -0.00234626 -2.51204e-10 0.665824 -0.665817 -2.51204e-10 1.0026 1.0026 0.00703905 0.00703878 -1.20967e-174 -2.71211e-177 6.04302e-177 -0 
-12.5507 0.334204 -0.00235486 -2.53989e-10 0.665821 -0.665814 -2.53989e-10 1.00261 1.00261 0.00706484 0.00706457 -3.06306e-174 -6.86903e-177 1.53006e-176 -0 
-12.547 0.334207 -0.00236348 -2.56805e-10 0.665818 -0.665811 -2.56805e-10 1.00262 1.00262 0.00709072 0.00709045 -4.30563e-174 -9.65777e-177 2.15058e-176 -0 
-12.5433 0.334211 -0.00237214 -2.59653e-10 0.665815 -0.665808 -2.59653e-10 1.00263 1.00263 0.0071167 0.00711643 -4.02467e-174 -9.02967e-177 2.0101e-176 -0 
-12.5396 0.334214 -0.00238083 -2.62532e-10 0.665812 -0.665805 -2.62532e-10 1.00264 1.00264 0.00714277 0.0071425 -1.3075e-174 -2.93416e-177 6.52973e-177 -0 
-12.5359 0.334217 -0.00238955 -2.65442e-10 0.665808 -0.665802 -2.65442e-10 1.00265 1.00265 0.00716894 0.00716866 4.48685e-174 1.00713e-176 -2.24059e-176 0 
-12.5323 0.334221 -0.00239831 -2.68385e-10 0.665805 -0.665799 -2.68385e-10 1.00266 1.00266 0.0071952 0.00719492 1.14061e-173 2.56084e-176 -5.69538e-176 0 
-12.5286 0.334224 -0.00240709 -2.71361e-10 0.665802 -0.665795 -2.71361e-10 1.00267 1.00267 0.00722156 0.00722127 1.60593e-173 3.60642e-176 -8.01825e-176 0 
-12.5249 0.334227 -0.00241591 -2.74369e-10 0.665799 -0.665792 -2.74369e-10 1.00268 1.00268 0.00724801 0.00724772 1.50403e-173 3.37838e-176 -7.50889e-176 0 
-12.5212 0.334231 -0.00242476 -2.77411e-10 0.665796 -0.665789 -2.77411e-10 1.00269 1.00269 0.00727456 0.00727427 4.94291e-174 1.11055e-176 -2.46756e-176 0 
-12.5175 0.334234 -0.00243364 -2.80487e-10 0.665793 -0.665786 -2.80487e-10 1.0027 1.0027 0.00730121 0.00730091 -1.66418e-173 -3.7399e-176 8.30714e-176 -0 
-12.5138 0.334238 -0.00244255 -2.83597e-10 0.665789 -0.665782 -2.83597e-10 1.00271 1.00271 0.00732795 0.00732765 -4.24731e-173 -9.54719e-176 2.11997e-175 -0 
-12.5101 0.334241 -0.0024515 -2.86741e-10 0.665786 -0.665779 -2.86741e-10 1.00272 1.00272 0.00735479 0.00735449 -5.98984e-173 -1.34673e-175 2.98949e-175 -0 
-12.5065 0.334244 -0.00246047 -2.8992e-10 0.665783 -0.665776 -2.8992e-10 1.00273 1.00273 0.00738173 0.00738142 -5.62056e-173 -1.26401e-175 2.80496e-175 -0 
-12.5028 0.334248 -0.00246949 -2.93134e-10 0.66578 -0.665773 -2.93134e-10 1.00274 1.00274 0.00740876 0.00740846 -1.86825e-173 -4.20252e-176 9.32281e-176 -0 
-12.4991 0.334251 -0.00247853 -2.96383e-10 0.665776 -0.665769 -2.96383e-10 1.00275 1.00275 0.0074359 0.00743559 6.17228e-173 1.38876e-175 -3.07981e-175 0 
-12.4954 0.334255 -0.00248761 -2.99669e-10 0.665773 -0.665766 -2.99669e-10 1.00276 1.00276 0.00746313 0.00746282 1.58157e-172 3.55937e-175 -7.89096e-175 0 
-12.4917 0.334258 -0.00249671 -3.02991e-10 0.66577 -0.665763 -3.02991e-10 1.00278 1.00278 0.00749046 0.00749014 2.23409e-172 5.02913e-175 -1.11457e-174 0 
-12.488 0.334262 -0.00250586 -3.0635e-10 0.665766 -0.665759 -3.0635e-10 1.00279 1.00279 0.00751789 0.00751757 2.10037e-172 4.72928e-175 -1.04778e-174 0 
-12.4844 0.334265 -0.00251503 -3.09746e-10 0.665763 -0.665756 -3.09746e-10 1.0028 1.0028 0.00754542 0.0075451 7.05994e-173 1.59003e-175 -3.52158e-175 0 
-12.4807 0.334269 -0.00252424 -3.1318e-10 0.66576 -0.665753 -3.1318e-10 1.00281 1.00281 0.00757305 0.00757272 -2.28916e-172 -5.15688e-175 1.14176e-174 -0 
-12.477 0.334273 -0.00253348 -3.16652e-10 0.665756 -0.665749 -3.16652e-10 1.00282 1.00282 0.00760078 0.00760045 -5.88921e-172 -1.32702e-174 2.93713e-174 -0 
-12.4733 0.334276 -0.00254276 -3.20162e-10 0.665753 -0.665746 -3.20162e-10 1.00283 1.00283 0.00762861 0.00762828 -8.33265e-172 -1.87807e-174 4.1554e-174 -0 
-12.4696 0.33428 -0.00255207 -3.23711e-10 0.66575 -0.665743 -3.23711e-10 1.00284 1.00284 0.00765654 0.00765621 -7.8489e-172 -1.76947e-174 3.91384e-174 -0 
-12.4659 0.334283 -0.00256141 -3.27299e-10 0.665746 -0.665739 -3.27299e-10 1.00285 1.00285 0.00768458 0.00768424 -2.66737e-172 -6.01489e-175 1.32997e-174 -0 
-12.4622 0.334287 -0.00257079 -3.30927e-10 0.665743 -0.665736 -3.30927e-10 1.00286 1.00286 0.00771271 0.00771237 8.48964e-172 1.91488e-174 -4.23264e-174 0 
-12.4586 0.33429 -0.0025802 -3.34596e-10 0.66574 -0.665732 -3.34596e-10 1.00287 1.00287 0.00774095 0.0077406 2.19292e-171 4.9475e-174 -1.09322e-173 0 
-12.4549 0.334294 -0.00258965 -3.38305e-10 0.665736 -0.665729 -3.38305e-10 1.00288 1.00288 0.00776929 0.00776894 3.10788e-171 7.0135e-174 -1.54922e-173 0 
-12.4512 0.334298 -0.00259913 -3.42055e-10 0.665733 -0.665725 -3.42055e-10 1.00289 1.00289 0.00779774 0.00779738 2.93303e-171 6.6206e-174 -1.46194e-173 0 
-12.4475 0.334301 -0.00260864 -3.45846e-10 0.665729 -0.665722 -3.45846e-10 1.0029 1.0029 0.00782628 0.00782592 1.00759e-171 2.27497e-174 -5.02181e-174 0 
-12.4438 0.334305 -0.00261819 -3.4968e-10 0.665726 -0.665718 -3.4968e-10 1.00292 1.00292 0.00785493 0.00785457 -3.14839e-171 -7.11034e-174 1.56902e-173 -0 
-12.4401 0.334309 -0.00262777 -3.53556e-10 0.665722 -0.665715 -3.53556e-10 1.00293 1.00293 0.00788369 0.00788332 -8.16557e-171 -1.84459e-173 4.06901e-173 -0 
-12.4364 0.334312 -0.00263739 -3.57475e-10 0.665719 -0.665711 -3.57475e-10 1.00294 1.00294 0.00791254 0.00791217 -1.15915e-170 -2.61918e-173 5.77572e-173 -0 
-12.4328 0.334316 -0.00264704 -3.61437e-10 0.665715 -0.665708 -3.61437e-10 1.00295 1.00295 0.00794151 0.00794113 -1.09602e-170 -2.47717e-173 5.46067e-173 -0 
-12.4291 0.33432 -0.00265673 -3.65443e-10 0.665712 -0.665704 -3.65443e-10 1.00296 1.00296 0.00797058 0.0079702 -3.80546e-171 -8.60311e-174 1.89582e-173 -0 
-12.4254 0.334324 -0.00266646 -3.69494e-10 0.665708 -0.665701 -3.69494e-10 1.00297 1.00297 0.00799975 0.00799937 1.16754e-170 2.64018e-173 -5.81599e-173 0 
-12.4217 0.334327 -0.00267621 -3.73589e-10 0.665705 -0.665697 -3.73589e-10 1.00298 1.00298 0.00802903 0.00802864 3.0405e-170 6.87733e-173 -1.51447e-172 0 
-12.418 0.334331 -0.00268601 -3.7773e-10 0.665701 -0.665694 -3.7773e-10 1.00299 1.00299 0.00805842 0.00805802 4.32331e-170 9.78146e-173 -2.15324e-172 0 
-12.4143 0.334335 -0.00269584 -3.81916e-10 0.665698 -0.66569 -3.81916e-10 1.00301 1.00301 0.00808791 0.00808751 4.09559e-170 9.26867e-173 -2.03965e-172 0 
-12.4107 0.334339 -0.0027057 -3.86149e-10 0.665694 -0.665687 -3.86149e-10 1.00302 1.00302 0.00811751 0.00811711 1.43698e-170 3.25287e-173 -7.1557e-173 0 
-12.407 0.334343 -0.0027156 -3.90429e-10 0.665691 -0.665683 -3.90429e-10 1.00303 1.00303 0.00814722 0.00814681 -4.32951e-170 -9.80322e-173 2.15577e-172 -0 
-12.4033 0.334346 -0.00272554 -3.94756e-10 0.665687 -0.665679 -3.94756e-10 1.00304 1.00304 0.00817703 0.00817662 -1.13214e-169 -2.56416e-172 5.6367e-172 -0 
-12.3996 0.33435 -0.00273551 -3.99131e-10 0.665683 -0.665676 -3.99131e-10 1.00305 1.00305 0.00820695 0.00820654 -1.61246e-169 -3.65299e-172 8.02738e-172 -0 
-12.3959 0.334354 -0.00274552 -4.03555e-10 0.66568 -0.665672 -4.03555e-10 1.00306 1.00306 0.00823698 0.00823656 -1.53041e-169 -3.46804e-172 7.61826e-172 -0 
-12.3922 0.334358 -0.00275557 -4.08027e-10 0.665676 -0.665668 -4.08027e-10 1.00307 1.00307 0.00826712 0.0082667 -5.42527e-170 -1.22974e-172 2.70041e-172 -0 
-12.3885 0.334362 -0.00276565 -4.12549e-10 0.665673 -0.665665 -4.12549e-10 1.00309 1.00309 0.00829737 0.00829694 1.60543e-169 3.63998e-172 -7.99023e-172 0 
-12.3849 0.334366 -0.00277577 -4.17122e-10 0.665669 -0.665661 -4.17122e-10 1.0031 1.0031 0.00832773 0.0083273 4.21554e-169 9.56044e-172 -2.09789e-171 0 
-12.3812 0.33437 -0.00278592 -4.21744e-10 0.665665 -0.665657 -4.21744e-10 1.00311 1.00311 0.0083582 0.00835776 6.01393e-169 1.36427e-171 -2.9926e-171 0 
-12.3775 0.334374 -0.00279611 -4.26418e-10 0.665662 -0.665654 -4.26418e-10 1.00312 1.00312 0.00838878 0.00838834 5.71869e-169 1.29765e-171 -2.84543e-171 0 
-12.3738 0.334378 -0.00280634 -4.31144e-10 0.665658 -0.66565 -4.31144e-10 1.00313 1.00313 0.00841947 0.00841902 2.04794e-169 4.64831e-172 -1.01889e-171 0 
-12.3701 0.334382 -0.00281661 -4.35922e-10 0.665654 -0.665646 -4.35922e-10 1.00315 1.00315 0.00845028 0.00844982 -5.95287e-169 -1.35152e-171 2.9614e-171 -0 
-12.3664 0.334386 -0.00282691 -4.40753e-10 0.66565 -0.665642 -4.40753e-10 1.00316 1.00316 0.00848119 0.00848073 -1.56965e-168 -3.56464e-171 7.80788e-171 -0 
-12.3627 0.33439 -0.00283725 -4.45637e-10 0.665647 -0.665639 -4.45637e-10 1.00317 1.00317 0.00851222 0.00851175 -2.24298e-168 -5.09517e-171 1.11562e-170 -0 
-12.3591 0.334394 -0.00284763 -4.50575e-10 0.665643 -0.665635 -4.50575e-10 1.00318 1.00318 0.00854335 0.00854288 -2.13688e-168 -4.85549e-171 1.06275e-170 -0 
-12.3554 0.334398 -0.00285804 -4.55568e-10 0.665639 -0.665631 -4.55568e-10 1.00319 1.00319 0.0085746 0.00857413 -7.72934e-169 -1.75677e-171 3.84373e-171 -0 
-12.3517 0.334402 -0.0028685 -4.60617e-10 0.665635 -0.665627 -4.60617e-10 1.00321 1.00321 0.00860597 0.00860549 2.20722e-168 5.01809e-171 -1.09753e-170 0 
-12.348 0.334406 -0.00287899 -4.65721e-10 0.665632 -0.665623 -4.65721e-10 1.00322 1.00322 0.00863745 0.00863696 5.84448e-168 1.32911e-170 -2.90587e-170 0 
-12.3443 0.33441 -0.00288952 -4.70882e-10 0.665628 -0.66562 -4.70882e-10 1.00323 1.00323 0.00866904 0.00866855 8.36546e-168 1.90294e-170 -4.1589e-170 0 
-12.3406 0.334414 -0.00290008 -4.761e-10 0.665624 -0.665616 -4.761e-10 1.00324 1.00324 0.00870075 0.00870025 7.9847e-168 1.81683e-170 -3.96923e-170 0 
-12.337 0.334418 -0.00291069 -4.81375e-10 0.66562 -0.665612 -4.81375e-10 1.00325 1.00325 0.00873257 0.00873207 2.91674e-168 6.6386e-171 -1.44979e-170 0 
-12.3333 0.334422 -0.00292133 -4.86709e-10 0.665616 -0.665608 -4.86709e-10 1.00327 1.00327 0.0087645 0.008764 -8.18368e-168 -1.86316e-170 4.06737e-170 -0 
-12.3296 0.334426 -0.00293201 -4.92102e-10 0.665612 -0.665604 -4.92102e-10 1.00328 1.00328 0.00879656 0.00879604 -2.17614e-167 -4.95577e-170 1.08146e-169 -0 
-12.3259 0.334431 -0.00294274 -4.97555e-10 0.665608 -0.6656 -4.97555e-10 1.00329 1.00329 0.00882873 0.00882821 -3.11998e-167 -7.1072e-170 1.55036e-169 -0 
-12.3222 0.334435 -0.0029535 -5.03068e-10 0.665605 -0.665596 -5.03068e-10 1.0033 1.0033 0.00886101 0.00886049 -2.98354e-167 -6.79833e-170 1.48242e-169 -0 
-12.3185 0.334439 -0.00296429 -5.08642e-10 0.665601 -0.665592 -5.08642e-10 1.00332 1.00332 0.00889341 0.00889288 -1.10049e-167 -2.5083e-170 5.46743e-170 -0 
-12.3148 0.334443 -0.00297513 -5.14278e-10 0.665597 -0.665588 -5.14278e-10 1.00333 1.00333 0.00892593 0.0089254 3.03413e-167 6.91757e-170 -1.50727e-169 0 
-12.3112 0.334447 -0.00298601 -5.19976e-10 0.665593 -0.665584 -5.19976e-10 1.00334 1.00334 0.00895857 0.00895803 8.1026e-167 1.84786e-169 -4.02474e-169 0 
-12.3075 0.334452 -0.00299693 -5.25738e-10 0.665589 -0.66558 -5.25738e-10 1.00336 1.00336 0.00899132 0.00899078 1.16362e-166 2.65448e-169 -5.77939e-169 0 
-12.3038 0.334456 -0.00300788 -5.31563e-10 0.665585 -0.665576 -5.31563e-10 1.00337 1.00337 0.0090242 0.00902365 1.11481e-166 2.54387e-169 -5.53643e-169 0 
-12.3001 0.33446 -0.00301888 -5.37452e-10 0.665581 -0.665572 -5.37452e-10 1.00338 1.00338 0.00905719 0.00905663 4.15151e-167 9.47603e-170 -2.06154e-169 0 
-12.2964 0.334465 -0.00302991 -5.43407e-10 0.665577 -0.665568 -5.43407e-10 1.00339 1.00339 0.0090903 0.00908974 -1.12488e-166 -2.56833e-169 5.58531e-169 -0 
-12.2927 0.334469 -0.00304099 -5.49428e-10 0.665573 -0.665564 -5.49428e-10 1.00341 1.00341 0.00912354 0.00912297 -3.01688e-166 -6.89021e-169 1.49781e-168 -0 
-12.2891 0.334473 -0.0030521 -5.55515e-10 0.665569 -0.66556 -5.55515e-10 1.00342 1.00342 0.00915689 0.00915631 -4.33978e-166 -9.91446e-169 2.15439e-168 -0 
-12.2854 0.334478 -0.00306326 -5.61669e-10 0.665565 -0.665556 -5.61669e-10 1.00343 1.00343 0.00919036 0.00918978 -4.16548e-166 -9.51907e-169 2.06766e-168 -0 
-12.2817 0.334482 -0.00307446 -5.67892e-10 0.665561 -0.665552 -5.67892e-10 1.00345 1.00345 0.00922396 0.00922337 -1.56589e-166 -3.57948e-169 7.77198e-169 -0 
-12.278 0.334486 -0.00308569 -5.74184e-10 0.665557 -0.665548 -5.74184e-10 1.00346 1.00346 0.00925767 0.00925708 4.1702e-166 9.53548e-169 -2.06958e-168 0 
-12.2743 0.334491 -0.00309697 -5.80545e-10 0.665553 -0.665544 -5.80545e-10 1.00347 1.00347 0.00929151 0.00929091 1.12328e-165 2.56923e-168 -5.57404e-168 0 
-12.2706 0.334495 -0.00310829 -5.86977e-10 0.665549 -0.66554 -5.86977e-10 1.00349 1.00349 0.00932547 0.00932486 1.61854e-165 3.70311e-168 -8.03081e-168 0 
-12.2669 0.3345 -0.00311965 -5.93479e-10 0.665544 -0.665536 -5.93479e-10 1.0035 1.0035 0.00935956 0.00935894 1.55641e-165 3.56204e-168 -7.7218e-168 0 
-12.2633 0.334504 -0.00313105 -6.00054e-10 0.66554 -0.665531 -6.00054e-10 1.00351 1.00351 0.00939376 0.00939314 5.90549e-166 1.35195e-168 -2.92957e-168 0 
-12.2596 0.334508 -0.00314249 -6.06702e-10 0.665536 -0.665527 -6.06702e-10 1.00353 1.00353 0.00942809 0.00942746 -1.54594e-165 -3.5402e-168 7.66825e-168 -0 
-12.2559 0.334513 -0.00315397 -6.13423e-10 0.665532 -0.665523 -6.13423e-10 1.00354 1.00354 0.00946255 0.00946191 -4.18229e-165 -9.58034e-168 2.07431e-167 -0 
-12.2522 0.334517 -0.00316549 -6.20218e-10 0.665528 -0.665519 -6.20218e-10 1.00355 1.00355 0.00949713 0.00949648 -6.03634e-165 -1.38316e-167 2.99356e-167 -0 
-12.2485 0.334522 -0.00317706 -6.27089e-10 0.665524 -0.665515 -6.27089e-10 1.00357 1.00357 0.00953183 0.00953118 -5.81541e-165 -1.33294e-167 2.8837e-167 -0 
-12.2448 0.334527 -0.00318867 -6.34035e-10 0.665519 -0.66551 -6.34035e-10 1.00358 1.00358 0.00956666 0.009566 -2.22683e-165 -5.10563e-168 1.10411e-167 -0 
-12.2411 0.334531 -0.00320032 -6.41059e-10 0.665515 -0.665506 -6.41059e-10 1.00359 1.00359 0.00960162 0.00960095 5.73074e-165 1.31433e-167 -2.84112e-167 0 
-12.2375 0.334536 -0.00321201 -6.4816e-10 0.665511 -0.665502 -6.4816e-10 1.00361 1.00361 0.0096367 0.00963603 1.55717e-164 3.57245e-167 -7.71916e-167 0 
-12.2338 0.33454 -0.00322374 -6.5534e-10 0.665507 -0.665498 -6.5534e-10 1.00362 1.00362 0.00967191 0.00967123 2.25124e-164 5.16636e-167 -1.11586e-166 0 
-12.2301 0.334545 -0.00323552 -6.62599e-10 0.665502 -0.665493 -6.62599e-10 1.00363 1.00363 0.00970725 0.00970656 2.17285e-164 4.98801e-167 -1.07689e-166 0 
-12.2264 0.33455 -0.00324734 -6.69938e-10 0.665498 -0.665489 -6.69938e-10 1.00365 1.00365 0.00974271 0.00974202 8.39573e-165 1.92792e-167 -4.16057e-167 0 
-12.2227 0.334554 -0.0032592 -6.77359e-10 0.665494 -0.665485 -6.77359e-10 1.00366 1.00366 0.0097783 0.0097776 -2.12428e-164 -4.87952e-167 1.05259e-166 -0 
-12.219 0.334559 -0.0032711 -6.84862e-10 0.66549 -0.66548 -6.84862e-10 1.00368 1.00368 0.00981403 0.00981331 -5.79771e-164 -1.33217e-166 2.87249e-166 -0 
-12.2154 0.334564 -0.00328305 -6.92448e-10 0.665485 -0.665476 -6.92448e-10 1.00369 1.00369 0.00984988 0.00984916 -8.39593e-164 -1.92978e-166 4.15934e-166 -0 
-12.2117 0.334568 -0.00329504 -7.00117e-10 0.665481 -0.665472 -7.00117e-10 1.0037 1.0037 0.00988586 0.00988513 -8.11851e-164 -1.8666e-166 4.02147e-166 -0 
-12.208 0.334573 -0.00330708 -7.07872e-10 0.665477 -0.665467 -7.07872e-10 1.00372 1.00372 0.00992197 0.00992123 -3.16498e-164 -7.27918e-167 1.56759e-166 -0 
-12.2043 0.334578 -0.00331915 -7.15712e-10 0.665472 -0.665463 -7.15712e-10 1.00373 1.00373 0.00995821 0.00995746 7.87397e-164 1.81152e-166 -3.89949e-166 0 
-12.2006 0.334582 -0.00333128 -7.2364e-10 0.665468 -0.665458 -7.2364e-10 1.00375 1.00375 0.00999458 0.00999383 2.1586e-163 4.96773e-166 -1.0689e-165 0 
-12.1969 0.334587 -0.00334344 -7.31654e-10 0.665463 -0.665454 -7.31654e-10 1.00376 1.00376 0.0100311 0.0100303 3.13121e-163 7.20838e-166 -1.55036e-165 0 
-12.1932 0.334592 -0.00335565 -7.39758e-10 0.665459 -0.665449 -7.39758e-10 1.00378 1.00378 0.0100677 0.0100669 3.03331e-163 6.98523e-166 -1.50172e-165 0 
-12.1896 0.334597 -0.0033679 -7.47951e-10 0.665454 -0.665445 -7.47951e-10 1.00379 1.00379 0.0101045 0.0101037 1.19296e-163 2.74807e-166 -5.90539e-166 0 
-12.1859 0.334602 -0.0033802 -7.56235e-10 0.66545 -0.66544 -7.56235e-10 1.00381 1.00381 0.0101414 0.0101406 -2.91849e-163 -6.72513e-166 1.44455e-165 -0 
-12.1822 0.334607 -0.00339254 -7.6461e-10 0.665446 -0.665436 -7.6461e-10 1.00382 1.00382 0.0101784 0.0101776 -8.03679e-163 -1.85253e-165 3.97749e-165 -0 
-12.1785 0.334611 -0.00340493 -7.73078e-10 0.665441 -0.665431 -7.73078e-10 1.00383 1.00383 0.0102156 0.0102148 -1.16776e-162 -2.69263e-165 5.77872e-165 -0 
-12.1748 0.334616 -0.00341736 -7.8164e-10 0.665437 -0.665427 -7.8164e-10 1.00385 1.00385 0.0102529 0.0102521 -1.13332e-162 -2.61407e-165 5.60768e-165 -0 
-12.1711 0.334621 -0.00342983 -7.90296e-10 0.665432 -0.665422 -7.90296e-10 1.00386 1.00386 0.0102903 0.0102895 -4.49598e-163 -1.03736e-165 2.22436e-165 -0 
-12.1675 0.334626 -0.00344235 -7.99048e-10 0.665427 -0.665418 -7.99048e-10 1.00388 1.00388 0.0103279 0.0103271 1.0817e-162 2.49662e-165 -5.35102e-165 0 
-12.1638 0.334631 -0.00345492 -8.07897e-10 0.665423 -0.665413 -8.07897e-10 1.00389 1.00389 0.0103656 0.0103648 2.9922e-162 6.90844e-165 -1.48004e-164 0 
-12.1601 0.334636 -0.00346753 -8.16844e-10 0.665418 -0.665408 -8.16844e-10 1.00391 1.00391 0.0104034 0.0104026 4.35504e-162 1.00583e-164 -2.1539e-164 0 
-12.1564 0.334641 -0.00348019 -8.2589e-10 0.665414 -0.665404 -8.2589e-10 1.00392 1.00392 0.0104414 0.0104406 4.23434e-162 9.78277e-165 -2.09396e-164 0 
-12.1527 0.334646 -0.00349289 -8.35036e-10 0.665409 -0.665399 -8.35036e-10 1.00394 1.00394 0.0104795 0.0104787 1.69421e-162 3.9155e-165 -8.37724e-165 0 
-12.149 0.334651 -0.00350564 -8.44283e-10 0.665404 -0.665395 -8.44283e-10 1.00395 1.00395 0.0105178 0.0105169 -4.00898e-162 -9.26824e-165 1.98206e-164 -0 
-12.1453 0.334656 -0.00351843 -8.53632e-10 0.6654 -0.66539 -8.53632e-10 1.00397 1.00397 0.0105562 0.0105553 -1.11402e-161 -2.57634e-164 5.50715e-164 -0 
-12.1417 0.334661 -0.00353127 -8.63085e-10 0.665395 -0.665385 -8.63085e-10 1.00398 1.00398 0.0105947 0.0105938 -1.62416e-161 -3.75735e-164 8.02806e-164 -0 
-12.138 0.334666 -0.00354416 -8.72642e-10 0.665391 -0.66538 -8.72642e-10 1.004 1.004 0.0106334 0.0106325 -1.58203e-161 -3.66111e-164 7.81889e-164 -0 
-12.1343 0.334671 -0.00355709 -8.82305e-10 0.665386 -0.665376 -8.82305e-10 1.00401 1.00401 0.0106722 0.0106713 -6.38349e-162 -1.47776e-164 3.15456e-164 -0 
-12.1306 0.334677 -0.00357007 -8.92074e-10 0.665381 -0.665371 -8.92074e-10 1.00403 1.00403 0.0107111 0.0107102 1.48574e-161 3.44061e-164 -7.3413e-164 0 
-12.1269 0.334682 -0.0035831 -9.01952e-10 0.665376 -0.665366 -9.01952e-10 1.00405 1.00405 0.0107502 0.0107493 4.14757e-161 9.60801e-164 -2.04914e-163 0 
-12.1232 0.334687 -0.00359617 -9.11939e-10 0.665372 -0.665361 -9.11939e-10 1.00406 1.00406 0.0107895 0.0107885 6.05706e-161 1.40362e-163 -2.99219e-163 0 
-12.1195 0.334692 -0.00360929 -9.22037e-10 0.665367 -0.665357 -9.22037e-10 1.00408 1.00408 0.0108288 0.0108279 5.91067e-161 1.37016e-163 -2.91952e-163 0 
-12.1159 0.334697 -0.00362246 -9.32246e-10 0.665362 -0.665352 -9.32246e-10 1.00409 1.00409 0.0108684 0.0108674 2.40489e-161 5.57672e-164 -1.18773e-163 0 
-12.1122 0.334703 -0.00363568 -9.42568e-10 0.665357 -0.665347 -9.42568e-10 1.00411 1.00411 0.010908 0.010907 -5.50598e-161 -1.27722e-163 2.71898e-163 -0 
-12.1085 0.334708 -0.00364894 -9.53004e-10 0.665352 -0.665342 -9.53004e-10 1.00412 1.00412 0.0109478 0.0109468 -1.54415e-160 -3.58321e-163 7.62447e-163 -0 
-12.1048 0.334713 -0.00366225 -9.63555e-10 0.665348 -0.665337 -9.63555e-10 1.00414 1.00414 0.0109878 0.0109868 -2.25888e-160 -5.24354e-163 1.11522e-162 -0 
-12.1011 0.334718 -0.00367561 -9.74224e-10 0.665343 -0.665332 -9.74224e-10 1.00416 1.00416 0.0110278 0.0110268 -2.20829e-160 -5.12788e-163 1.09011e-162 -0 
-12.0974 0.334724 -0.00368902 -9.8501e-10 0.665338 -0.665327 -9.8501e-10 1.00417 1.00417 0.0110681 0.0110671 -9.05901e-161 -2.10433e-163 4.47138e-163 -0 
-12.0938 0.334729 -0.00370247 -9.95915e-10 0.665333 -0.665323 -9.95915e-10 1.00419 1.00419 0.0111085 0.0111074 2.04036e-160 4.74123e-163 -1.00696e-162 0 
-12.0901 0.334734 -0.00371598 -1.00694e-09 0.665328 -0.665318 -1.00694e-09 1.0042 1.0042 0.011149 0.0111479 5.74888e-160 1.33635e-162 -2.83686e-162 0 
-12.0864 0.33474 -0.00372953 -1.01809e-09 0.665323 -0.665313 -1.01809e-09 1.00422 1.00422 0.0111896 0.0111886 8.42405e-160 1.95889e-162 -4.15645e-162 0 
-12.0827 0.334745 -0.00374313 -1.02936e-09 0.665318 -0.665308 -1.02936e-09 1.00424 1.00424 0.0112305 0.0112294 8.2503e-160 1.91916e-162 -4.07021e-162 0 
-12.079 0.334751 -0.00375678 -1.04076e-09 0.665313 -0.665303 -1.04076e-09 1.00425 1.00425 0.0112714 0.0112703 3.41206e-160 7.93984e-163 -1.6831e-162 0 
-12.0753 0.334756 -0.00377048 -1.05228e-09 0.665308 -0.665298 -1.05228e-09 1.00427 1.00427 0.0113125 0.0113114 -7.56065e-160 -1.75998e-162 3.72905e-162 -0 
-12.0716 0.334761 -0.00378423 -1.06393e-09 0.665303 -0.665293 -1.06393e-09 1.00428 1.00428 0.0113538 0.0113527 -2.14028e-159 -4.98397e-162 1.0555e-161 -0 
-12.068 0.334767 -0.00379803 -1.0757e-09 0.665298 -0.665288 -1.0757e-09 1.0043 1.0043 0.0113952 0.0113941 -3.14157e-159 -7.31822e-162 1.54909e-161 -0 
-12.0643 0.334772 -0.00381188 -1.08761e-09 0.665293 -0.665282 -1.08761e-09 1.00432 1.00432 0.0114368 0.0114356 -3.08233e-159 -7.1828e-162 1.51969e-161 -0 
-12.0606 0.334778 -0.00382577 -1.09965e-09 0.665288 -0.665277 -1.09965e-09 1.00433 1.00433 0.0114785 0.0114773 -1.285e-159 -2.99552e-162 6.33466e-162 -0 
-12.0569 0.334784 -0.00383972 -1.11183e-09 0.665283 -0.665272 -1.11183e-09 1.00435 1.00435 0.0115203 0.0115192 2.80151e-159 6.5331e-162 -1.38089e-161 0 
-12.0532 0.334789 -0.00385372 -1.12413e-09 0.665278 -0.665267 -1.12413e-09 1.00437 1.00437 0.0115623 0.0115612 7.96813e-159 1.85883e-161 -3.92706e-161 0 
-12.0495 0.334795 -0.00386777 -1.13658e-09 0.665273 -0.665262 -1.13658e-09 1.00438 1.00438 0.0116045 0.0116033 1.17157e-158 2.73408e-161 -5.77331e-161 0 
-12.0459 0.3348 -0.00388187 -1.14916e-09 0.665268 -0.665257 -1.14916e-09 1.0044 1.0044 0.0116468 0.0116456 1.15156e-158 2.68834e-161 -5.67393e-161 0 
-12.0422 0.334806 -0.00389602 -1.16188e-09 0.665263 -0.665252 -1.16188e-09 1.00442 1.00442 0.0116893 0.0116881 4.83882e-159 1.13005e-161 -2.38387e-161 0 
-12.0385 0.334812 -0.00391022 -1.17474e-09 0.665258 -0.665246 -1.17474e-09 1.00443 1.00443 0.0117319 0.0117307 -1.03802e-158 -2.42506e-161 5.1132e-161 -0 
-12.0348 0.334817 -0.00392447 -1.18774e-09 0.665252 -0.665241 -1.18774e-09 1.00445 1.00445 0.0117746 0.0117734 -2.96645e-158 -6.93287e-161 1.46106e-160 -0 
-12.0311 0.334823 -0.00393877 -1.20089e-09 0.665247 -0.665236 -1.20089e-09 1.00447 1.00447 0.0118176 0.0118163 -4.36908e-158 -1.02147e-160 2.15161e-160 -0 
-12.0274 0.334829 -0.00395313 -1.21418e-09 0.665242 -0.665231 -1.21418e-09 1.00449 1.00449 0.0118606 0.0118594 -4.30215e-158 -1.0062e-160 2.11838e-160 -0 
-12.0237 0.334835 -0.00396753 -1.22762e-09 0.665237 -0.665225 -1.22762e-09 1.0045 1.0045 0.0119039 0.0119026 -1.82192e-158 -4.26272e-161 8.96994e-161 -0 
-12.0201 0.33484 -0.00398199 -1.2412e-09 0.665231 -0.66522 -1.2412e-09 1.00452 1.00452 0.0119473 0.011946 3.84591e-158 9.00157e-161 -1.89322e-160 0 
-12.0164 0.334846 -0.0039965 -1.25494e-09 0.665226 -0.665215 -1.25494e-09 1.00454 1.00454 0.0119908 0.0119895 1.10437e-157 2.5858e-160 -5.43575e-160 0 
-12.0127 0.334852 -0.00401106 -1.26883e-09 0.665221 -0.665209 -1.26883e-09 1.00456 1.00456 0.0120345 0.0120332 1.62933e-157 3.81638e-160 -8.01854e-160 0 
-12.009 0.334858 -0.00402568 -1.28287e-09 0.665216 -0.665204 -1.28287e-09 1.00457 1.00457 0.0120784 0.012077 1.60725e-157 3.76608e-160 -7.90882e-160 0 
-12.0053 0.334864 -0.00404035 -1.29707e-09 0.66521 -0.665199 -1.29707e-09 1.00459 1.00459 0.0121224 0.012121 6.85919e-158 1.60784e-160 -3.37477e-160 0 
-12.0016 0.33487 -0.00405506 -1.31143e-09 0.665205 -0.665193 -1.31143e-09 1.00461 1.00461 0.0121666 0.0121652 -1.42486e-157 -3.34124e-160 7.00948e-160 -0 
-11.9979 0.334875 -0.00406984 -1.32594e-09 0.665199 -0.665188 -1.32594e-09 1.00463 1.00463 0.0122109 0.0122095 -4.11138e-157 -9.64466e-160 2.02228e-159 -0 
-11.9943 0.334881 -0.00408466 -1.34061e-09 0.665194 -0.665183 -1.34061e-09 1.00464 1.00464 0.0122554 0.012254 -6.07607e-157 -1.42589e-159 2.98826e-159 -0 
-11.9906 0.334887 -0.00409954 -1.35545e-09 0.665189 -0.665177 -1.35545e-09 1.00466 1.00466 0.0123 0.0122986 -6.00447e-157 -1.40963e-159 2.95264e-159 -0 
-11.9869 0.334893 -0.00411447 -1.37045e-09 0.665183 -0.665172 -1.37045e-09 1.00468 1.00468 0.0123448 0.0123434 -2.58209e-157 -6.06412e-160 1.26954e-159 -0 
-11.9832 0.334899 -0.00412946 -1.38562e-09 0.665178 -0.665166 -1.38562e-09 1.0047 1.0047 0.0123898 0.0123884 5.27868e-157 1.24019e-159 -2.59503e-159 0 
-11.9795 0.334905 -0.0041445 -1.40095e-09 0.665172 -0.665161 -1.40095e-09 1.00472 1.00472 0.0124349 0.0124335 1.53058e-156 3.59739e-159 -7.5234e-159 0 
-11.9758 0.334912 -0.00415959 -1.41645e-09 0.665167 -0.665155 -1.41645e-09 1.00473 1.00473 0.0124802 0.0124788 2.26587e-156 5.32763e-159 -1.11361e-158 0 
-11.9722 0.334918 -0.00417474 -1.43213e-09 0.665161 -0.665149 -1.43213e-09 1.00475 1.00475 0.0125257 0.0125242 2.24317e-156 5.2763e-159 -1.1023e-158 0 
-11.9685 0.334924 -0.00418995 -1.44797e-09 0.665156 -0.665144 -1.44797e-09 1.00477 1.00477 0.0125713 0.0125698 9.71907e-157 2.28697e-159 -4.77531e-159 0 
-11.9648 0.33493 -0.0042052 -1.464e-09 0.66515 -0.665138 -1.464e-09 1.00479 1.00479 0.0126171 0.0126156 -1.9555e-156 -4.60323e-159 9.60669e-159 -0 
-11.9611 0.334936 -0.00422051 -1.48019e-09 0.665145 -0.665133 -1.48019e-09 1.00481 1.00481 0.0126631 0.0126615 -5.698e-156 -1.34183e-158 2.79883e-158 -0 
-11.9574 0.334942 -0.00423588 -1.49657e-09 0.665139 -0.665127 -1.49657e-09 1.00483 1.00483 0.0127092 0.0127076 -8.44979e-156 -1.99063e-158 4.14992e-158 -0 
-11.9537 0.334948 -0.0042513 -1.51313e-09 0.665133 -0.665121 -1.51313e-09 1.00485 1.00485 0.0127555 0.0127539 -8.38004e-156 -1.97498e-158 4.11508e-158 -0 
-11.95 0.334955 -0.00426678 -1.52987e-09 0.665128 -0.665116 -1.52987e-09 1.00486 1.00486 0.0128019 0.0128003 -3.65792e-156 -8.62429e-159 1.796e-158 -0 
-11.9464 0.334961 -0.00428231 -1.5468e-09 0.665122 -0.66511 -1.5468e-09 1.00488 1.00488 0.0128485 0.0128469 7.24384e-156 1.70856e-158 -3.55613e-158 0 
-11.9427 0.334967 -0.0042979 -1.56391e-09 0.665116 -0.665104 -1.56391e-09 1.0049 1.0049 0.0128953 0.0128937 2.12121e-155 5.00515e-158 -1.04119e-157 0 
-11.939 0.334973 -0.00431355 -1.58122e-09 0.665111 -0.665099 -1.58122e-09 1.00492 1.00492 0.0129423 0.0129406 3.15104e-155 7.43806e-158 -1.54645e-157 0 
-11.9353 0.33498 -0.00432925 -1.59871e-09 0.665105 -0.665093 -1.59871e-09 1.00494 1.00494 0.0129894 0.0129877 3.13058e-155 7.39274e-158 -1.5362e-157 0 
-11.9316 0.334986 -0.00434501 -1.6164e-09 0.665099 -0.665087 -1.6164e-09 1.00496 1.00496 0.0130367 0.013035 1.37658e-155 3.25205e-158 -6.75398e-158 0 
-11.9279 0.334993 -0.00436082 -1.63428e-09 0.665094 -0.665081 -1.63428e-09 1.00498 1.00498 0.0130841 0.0130825 -2.68324e-155 -6.34145e-158 1.3163e-157 -0 
-11.9242 0.334999 -0.00437669 -1.65236e-09 0.665088 -0.665075 -1.65236e-09 1.005 1.005 0.0131318 0.0131301 -7.89662e-155 -1.86701e-157 3.87323e-157 -0 
-11.9206 0.335005 -0.00439262 -1.67064e-09 0.665082 -0.66507 -1.67064e-09 1.00502 1.00502 0.0131796 0.0131778 -1.17505e-154 -2.77933e-157 5.7627e-157 -0 
-11.9169 0.335012 -0.0044086 -1.68913e-09 0.665076 -0.665064 -1.68913e-09 1.00504 1.00504 0.0132275 0.0132258 -1.1695e-154 -2.76731e-157 5.73462e-157 -0 
-11.9132 0.335018 -0.00442464 -1.70781e-09 0.66507 -0.665058 -1.70781e-09 1.00506 1.00506 0.0132757 0.0132739 -5.17996e-155 -1.2262e-157 2.53961e-157 -0 
-11.9095 0.335025 -0.00444074 -1.7267e-09 0.665064 -0.665052 -1.7267e-09 1.00507 1.00507 0.013324 0.0133222 9.93865e-155 2.35364e-157 -4.87195e-157 0 
-11.9058 0.335031 -0.0044569 -1.7458e-09 0.665059 -0.665046 -1.7458e-09 1.00509 1.00509 0.0133725 0.0133707 2.93965e-154 6.96444e-157 -1.44081e-156 0 
-11.9021 0.335038 -0.00447311 -1.76512e-09 0.665053 -0.66504 -1.76512e-09 1.00511 1.00511 0.0134212 0.0134193 4.38188e-154 1.03856e-156 -2.14737e-156 0 
-11.8985 0.335045 -0.00448939 -1.78464e-09 0.665047 -0.665034 -1.78464e-09 1.00513 1.00513 0.01347 0.0134682 4.36889e-154 1.03591e-156 -2.14068e-156 0 
-11.8948 0.335051 -0.00450572 -1.80438e-09 0.665041 -0.665028 -1.80438e-09 1.00515 1.00515 0.013519 0.0135172 1.94899e-154 4.62317e-157 -9.5483e-157 0 
-11.8911 0.335058 -0.00452211 -1.82434e-09 0.665035 -0.665022 -1.82434e-09 1.00517 1.00517 0.0135682 0.0135663 -3.68107e-154 -8.73543e-157 1.80312e-156 -0 
-11.8874 0.335065 -0.00453856 -1.84452e-09 0.665029 -0.665016 -1.84452e-09 1.00519 1.00519 0.0136176 0.0136157 -1.09432e-153 -2.59798e-156 5.35956e-156 -0 
-11.8837 0.335071 -0.00455506 -1.86492e-09 0.665023 -0.66501 -1.86492e-09 1.00521 1.00521 0.0136671 0.0136652 -1.63403e-153 -3.8809e-156 8.00162e-156 -0 
-11.88 0.335078 -0.00457163 -1.88555e-09 0.665017 -0.665004 -1.88555e-09 1.00523 1.00523 0.0137168 0.0137149 -1.63206e-153 -3.87786e-156 7.99077e-156 -0 
-11.8763 0.335085 -0.00458826 -1.90641e-09 0.665011 -0.664998 -1.90641e-09 1.00525 1.00525 0.0137667 0.0137648 -7.33253e-154 -1.74298e-156 3.58954e-156 -0 
-11.8727 0.335091 -0.00460494 -1.92749e-09 0.665005 -0.664992 -1.92749e-09 1.00527 1.00527 0.0138168 0.0138148 1.36332e-153 3.24205e-156 -6.67293e-156 0 
-11.869 0.335098 -0.00462169 -1.94881e-09 0.664998 -0.664985 -1.94881e-09 1.00529 1.00529 0.0138671 0.0138651 4.07371e-153 9.6916e-156 -1.99361e-155 0 
-11.8653 0.335105 -0.00463849 -1.97037e-09 0.664992 -0.664979 -1.97037e-09 1.00532 1.00532 0.0139175 0.0139155 6.09337e-153 1.45026e-155 -2.98154e-155 0 
-11.8616 0.335112 -0.00465536 -1.99216e-09 0.664986 -0.664973 -1.99216e-09 1.00534 1.00534 0.0139681 0.0139661 6.09677e-153 1.45169e-155 -2.98274e-155 0 
-11.8579 0.335119 -0.00467228 -2.01419e-09 0.66498 -0.664967 -2.01419e-09 1.00536 1.00536 0.0140189 0.0140169 2.7584e-153 6.5708e-156 -1.34929e-155 0 
-11.8542 0.335126 -0.00468927 -2.03647e-09 0.664974 -0.664961 -2.03647e-09 1.00538 1.00538 0.0140699 0.0140678 -5.04895e-153 -1.20323e-155 2.46934e-155 -0 
-11.8506 0.335133 -0.00470632 -2.05899e-09 0.664968 -0.664954 -2.05899e-09 1.0054 1.0054 0.0141211 0.014119 -1.51646e-152 -3.61548e-155 7.41554e-155 -0 
-11.8469 0.33514 -0.00472343 -2.08176e-09 0.664961 -0.664948 -2.08176e-09 1.00542 1.00542 0.0141724 0.0141703 -2.27223e-152 -5.41967e-155 1.11095e-154 -0 
-11.8432 0.335147 -0.00474059 -2.10478e-09 0.664955 -0.664942 -2.10478e-09 1.00544 1.00544 0.014224 0.0142218 -2.2775e-152 -5.43459e-155 1.11335e-154 -0 
-11.8395 0.335154 -0.00475783 -2.12806e-09 0.664949 -0.664935 -2.12806e-09 1.00546 1.00546 0.0142757 0.0142735 -1.03758e-152 -2.47697e-155 5.07137e-155 -0 
-11.8358 0.335161 -0.00477512 -2.15159e-09 0.664943 -0.664929 -2.15159e-09 1.00548 1.00548 0.0143276 0.0143254 1.86974e-152 4.46548e-155 -9.13723e-155 0 
-11.8321 0.335168 -0.00479247 -2.17538e-09 0.664936 -0.664923 -2.17538e-09 1.0055 1.0055 0.0143797 0.0143774 5.64508e-152 1.3488e-154 -2.75825e-154 0 
-11.8284 0.335175 -0.00480989 -2.19944e-09 0.66493 -0.664916 -2.19944e-09 1.00553 1.00553 0.0144319 0.0144297 8.47313e-152 2.0254e-154 -4.1394e-154 0 
-11.8248 0.335182 -0.00482737 -2.22376e-09 0.664923 -0.66491 -2.22376e-09 1.00555 1.00555 0.0144844 0.0144821 8.50769e-152 2.03456e-154 -4.15561e-154 0 
-11.8211 0.335189 -0.00484491 -2.24835e-09 0.664917 -0.664903 -2.24835e-09 1.00557 1.00557 0.014537 0.0145347 3.90255e-152 9.33681e-155 -1.9059e-154 0 
-11.8174 0.335197 -0.00486251 -2.27321e-09 0.664911 -0.664897 -2.27321e-09 1.00559 1.00559 0.0145899 0.0145875 -6.92369e-152 -1.65722e-154 3.3808e-154 -0 
-11.8137 0.335204 -0.00488018 -2.29834e-09 0.664904 -0.66489 -2.29834e-09 1.00561 1.00561 0.0146429 0.0146405 -2.10137e-151 -5.03198e-154 1.02592e-153 -0 
-11.81 0.335211 -0.00489791 -2.32375e-09 0.664898 -0.664884 -2.32375e-09 1.00563 1.00563 0.0146961 0.0146937 -3.15961e-151 -7.5694e-154 1.54231e-153 -0 
-11.8063 0.335218 -0.0049157 -2.34945e-09 0.664891 -0.664877 -2.34945e-09 1.00566 1.00565 0.0147495 0.0147471 -3.17805e-151 -7.617e-154 1.55106e-153 -0 
-11.8026 0.335226 -0.00493356 -2.37542e-09 0.664885 -0.664871 -2.37542e-09 1.00568 1.00568 0.0148031 0.0148007 -1.4677e-151 -3.51928e-154 7.16196e-154 -0 
-11.799 0.335233 -0.00495148 -2.40169e-09 0.664878 -0.664864 -2.40169e-09 1.0057 1.0057 0.0148569 0.0148544 2.56372e-151 6.15011e-154 -1.25082e-153 0 
-11.7953 0.33524 -0.00496946 -2.42824e-09 0.664872 -0.664857 -2.42824e-09 1.00572 1.00572 0.0149109 0.0149084 7.82228e-151 1.87733e-153 -3.81578e-153 0 
-11.7916 0.335248 -0.00498751 -2.45509e-09 0.664865 -0.664851 -2.45509e-09 1.00574 1.00574 0.0149651 0.0149625 1.1782e-150 2.82895e-153 -5.74641e-153 0 
-11.7879 0.335255 -0.00500563 -2.48223e-09 0.664858 -0.664844 -2.48223e-09 1.00577 1.00577 0.0150194 0.0150169 1.18715e-150 2.85173e-153 -5.78909e-153 0 
-11.7842 0.335263 -0.0050238 -2.50967e-09 0.664852 -0.664837 -2.50967e-09 1.00579 1.00579 0.015074 0.0150714 5.51936e-151 1.32644e-153 -2.69103e-153 0 
-11.7805 0.33527 -0.00504205 -2.53742e-09 0.664845 -0.664831 -2.53742e-09 1.00581 1.00581 0.0151288 0.0151261 -9.4925e-151 -2.28233e-153 4.6274e-153 -0 
-11.7769 0.335278 -0.00506036 -2.56547e-09 0.664838 -0.664824 -2.56547e-09 1.00583 1.00583 0.0151837 0.0151811 -2.91178e-150 -7.00415e-153 1.41919e-152 -0 
-11.7732 0.335285 -0.00507873 -2.59383e-09 0.664832 -0.664817 -2.59383e-09 1.00586 1.00586 0.0152389 0.0152362 -4.39343e-150 -1.0573e-152 2.14098e-152 -0 
-11.7695 0.335293 -0.00509717 -2.6225e-09 0.664825 -0.66481 -2.6225e-09 1.00588 1.00588 0.0152942 0.0152915 -4.43453e-150 -1.06769e-152 2.16063e-152 -0 
-11.7658 0.335301 -0.00511567 -2.65149e-09 0.664818 -0.664804 -2.65149e-09 1.0059 1.0059 0.0153497 0.015347 -2.07541e-150 -4.99921e-153 1.01103e-152 -0 
-11.7621 0.335308 -0.00513424 -2.6808e-09 0.664811 -0.664797 -2.6808e-09 1.00592 1.00592 0.0154055 0.0154027 3.51452e-150 8.46964e-153 -1.71178e-152 0 
-11.7584 0.335316 -0.00515288 -2.71043e-09 0.664805 -0.66479 -2.71043e-09 1.00595 1.00595 0.0154614 0.0154586 1.08388e-149 2.61325e-152 -5.27822e-152 0 
-11.7547 0.335324 -0.00517158 -2.74039e-09 0.664798 -0.664783 -2.74039e-09 1.00597 1.00597 0.0155176 0.0155148 1.63827e-149 3.95174e-152 -7.97658e-152 0 
-11.7511 0.335331 -0.00519035 -2.77068e-09 0.664791 -0.664776 -2.77068e-09 1.00599 1.00599 0.0155739 0.0155711 1.65648e-149 3.99753e-152 -8.06381e-152 0 
-11.7474 0.335339 -0.00520919 -2.80131e-09 0.664784 -0.664769 -2.80131e-09 1.00602 1.00602 0.0156305 0.0156276 7.80341e-150 1.88406e-152 -3.79807e-152 0 
-11.7437 0.335347 -0.0052281 -2.83227e-09 0.664777 -0.664762 -2.83227e-09 1.00604 1.00604 0.0156872 0.0156843 -1.30115e-149 -3.14299e-152 6.33184e-152 -0 
-11.74 0.335355 -0.00524707 -2.86357e-09 0.66477 -0.664755 -2.86357e-09 1.00606 1.00606 0.0157441 0.0157412 -4.03458e-149 -9.75029e-152 1.96301e-151 -0 
-11.7363 0.335363 -0.00526611 -2.89522e-09 0.664763 -0.664748 -2.89522e-09 1.00609 1.00609 0.0158013 0.0157983 -6.10892e-149 -1.47703e-151 2.97175e-151 -0 
-11.7326 0.335371 -0.00528522 -2.92722e-09 0.664756 -0.664741 -2.92722e-09 1.00611 1.00611 0.0158587 0.0158556 -6.18755e-149 -1.49675e-151 3.00946e-151 -0 
-11.729 0.335378 -0.00530439 -2.95957e-09 0.664749 -0.664734 -2.95957e-09 1.00614 1.00614 0.0159162 0.0159132 -2.93379e-149 -7.10016e-152 1.42666e-151 -0 
-11.7253 0.335386 -0.00532363 -2.99228e-09 0.664742 -0.664727 -2.99228e-09 1.00616 1.00616 0.015974 0.0159709 4.81688e-149 1.1663e-151 -2.34196e-151 0 
-11.7216 0.335394 -0.00534295 -3.02535e-09 0.664735 -0.66472 -3.02535e-09 1.00618 1.00618 0.0160319 0.0160288 1.5018e-148 3.63803e-151 -7.30039e-151 0 
-11.7179 0.335402 -0.00536233 -3.05879e-09 0.664728 -0.664713 -3.05879e-09 1.00621 1.00621 0.0160901 0.016087 2.27793e-148 5.52083e-151 -1.10713e-150 0 
-11.7142 0.335411 -0.00538178 -3.09259e-09 0.664721 -0.664706 -3.09259e-09 1.00623 1.00623 0.0161485 0.0161453 2.31125e-148 5.60429e-151 -1.12311e-150 0 
-11.7105 0.335419 -0.0054013 -3.12676e-09 0.664714 -0.664698 -3.12676e-09 1.00626 1.00626 0.0162071 0.0162039 1.10291e-148 2.67561e-151 -5.35842e-151 0 
-11.7068 0.335427 -0.00542089 -3.16132e-09 0.664707 -0.664691 -3.16132e-09 1.00628 1.00628 0.0162659 0.0162627 -1.78311e-148 -4.32785e-151 8.66153e-151 -0 
-11.7032 0.335435 -0.00544055 -3.19625e-09 0.664699 -0.664684 -3.19625e-09 1.0063 1.0063 0.0163249 0.0163216 -5.59011e-148 -1.35746e-150 2.71492e-150 -0 
-11.6995 0.335443 -0.00546028 -3.23157e-09 0.664692 -0.664677 -3.23157e-09 1.00633 1.00633 0.0163841 0.0163808 -8.49405e-148 -2.06363e-150 4.1245e-150 -0 
-11.6958 0.335451 -0.00548007 -3.26728e-09 0.664685 -0.664669 -3.26728e-09 1.00635 1.00635 0.0164436 0.0164402 -8.63321e-148 -2.09847e-150 4.19129e-150 -0 
-11.6921 0.33546 -0.00549994 -3.30338e-09 0.664678 -0.664662 -3.30338e-09 1.00638 1.00638 0.0165032 0.0164998 -4.14588e-148 -1.00823e-150 2.01239e-150 -0 
-11.6884 0.335468 -0.00551988 -3.33988e-09 0.66467 -0.664655 -3.33988e-09 1.0064 1.0064 0.0165631 0.0165597 6.60032e-148 1.60592e-150 -3.20315e-150 0 
-11.6847 0.335476 -0.0055399 -3.37678e-09 0.664663 -0.664647 -3.37678e-09 1.00643 1.00643 0.0166231 0.0166197 2.08078e-147 5.06522e-150 -1.00962e-149 0 
-11.681 0.335485 -0.00555998 -3.41409e-09 0.664656 -0.66464 -3.41409e-09 1.00645 1.00645 0.0166834 0.0166799 3.16728e-147 7.7139e-150 -1.53651e-149 0 
-11.6774 0.335493 -0.00558013 -3.45181e-09 0.664648 -0.664632 -3.45181e-09 1.00648 1.00648 0.0167439 0.0167404 3.22473e-147 7.85774e-150 -1.56408e-149 0 
-11.6737 0.335502 -0.00560036 -3.48995e-09 0.664641 -0.664625 -3.48995e-09 1.0065 1.0065 0.0168046 0.0168011 1.55834e-147 3.79911e-150 -7.55692e-150 0 
-11.67 0.33551 -0.00562065 -3.52851e-09 0.664633 -0.664617 -3.52851e-09 1.00653 1.00653 0.0168656 0.016862 -2.44302e-147 -5.95888e-150 1.18448e-149 -0 
-11.6663 0.335518 -0.00564102 -3.56749e-09 0.664626 -0.66461 -3.56749e-09 1.00656 1.00656 0.0169267 0.0169231 -7.7451e-147 -1.89009e-149 3.75443e-149 -0 
-11.6626 0.335527 -0.00566147 -3.6069e-09 0.664618 -0.664602 -3.6069e-09 1.00658 1.00658 0.0169881 0.0169844 -1.18101e-146 -2.88356e-149 5.72385e-149 -0 
-11.6589 0.335536 -0.00568198 -3.64675e-09 0.664611 -0.664595 -3.64675e-09 1.00661 1.00661 0.0170497 0.0170459 -1.20451e-146 -2.94242e-149 5.8366e-149 -0 
-11.6553 0.335544 -0.00570257 -3.68703e-09 0.664603 -0.664587 -3.68703e-09 1.00663 1.00663 0.0171115 0.0171077 -5.85696e-147 -1.43148e-149 2.83751e-149 -0 
-11.6516 0.335553 -0.00572323 -3.72776e-09 0.664596 -0.66458 -3.72776e-09 1.00666 1.00666 0.0171735 0.0171697 9.04195e-147 2.21104e-149 -4.37968e-149 0 
-11.6479 0.335562 -0.00574396 -3.76894e-09 0.664588 -0.664572 -3.76894e-09 1.00668 1.00668 0.0172358 0.0172319 2.88286e-146 7.0531e-149 -1.39611e-148 0 
-11.6442 0.33557 -0.00576477 -3.81058e-09 0.664581 -0.664564 -3.81058e-09 1.00671 1.00671 0.0172982 0.0172943 4.40373e-146 1.07795e-148 -2.13221e-148 0 
-11.6405 0.335579 -0.00578565 -3.85267e-09 0.664573 -0.664557 -3.85267e-09 1.00674 1.00674 0.0173609 0.017357 4.49907e-146 1.10185e-148 -2.17795e-148 0 
-11.6368 0.335588 -0.00580661 -3.89522e-09 0.664565 -0.664549 -3.89522e-09 1.00676 1.00676 0.0174238 0.0174198 2.20116e-146 5.39355e-149 -1.06534e-148 0 
-11.6331 0.335597 -0.00582764 -3.93825e-09 0.664558 -0.664541 -3.93825e-09 1.00679 1.00679 0.017487 0.0174829 -3.34635e-146 -8.20388e-149 1.61928e-148 -0 
-11.6295 0.335605 -0.00584875 -3.98175e-09 0.66455 -0.664533 -3.98175e-09 1.00682 1.00682 0.0175503 0.0175462 -1.07304e-145 -2.63202e-148 5.19136e-148 -0 
-11.6258 0.335614 -0.00586993 -4.02573e-09 0.664542 -0.664525 -4.02573e-09 1.00684 1.00684 0.0176139 0.0176098 -1.64204e-145 -4.02979e-148 7.94259e-148 -0 
-11.6221 0.335623 -0.00589118 -4.07019e-09 0.664534 -0.664518 -4.07019e-09 1.00687 1.00687 0.0176777 0.0176735 -1.68047e-145 -4.12626e-148 8.12685e-148 -0 
-11.6184 0.335632 -0.00591251 -4.11514e-09 0.664526 -0.66451 -4.11514e-09 1.0069 1.0069 0.0177417 0.0177375 -8.27177e-146 -2.03212e-148 3.99945e-148 -0 
-11.6147 0.335641 -0.00593392 -4.16059e-09 0.664519 -0.664502 -4.16059e-09 1.00692 1.00692 0.017806 0.0178018 1.23838e-145 3.04391e-148 -5.98643e-148 0 
-11.611 0.33565 -0.0059554 -4.20654e-09 0.664511 -0.664494 -4.20654e-09 1.00695 1.00695 0.0178705 0.0178662 3.99397e-145 9.82226e-148 -1.93033e-147 0 
-11.6074 0.335659 -0.00597696 -4.253e-09 0.664503 -0.664486 -4.253e-09 1.00698 1.00698 0.0179352 0.0179309 6.12273e-145 1.50654e-147 -2.95857e-147 0 
-11.6037 0.335669 -0.0059986 -4.29997e-09 0.664495 -0.664478 -4.29997e-09 1.00701 1.00701 0.0180002 0.0179958 6.27678e-145 1.54526e-147 -3.03239e-147 0 
-11.6 0.335678 -0.00602031 -4.34745e-09 0.664487 -0.66447 -4.34745e-09 1.00703 1.00703 0.0180654 0.0180609 3.10824e-145 7.65613e-148 -1.50132e-147 0 
-11.5963 0.335687 -0.0060421 -4.39546e-09 0.664479 -0.664462 -4.39546e-09 1.00706 1.00706 0.0181308 0.0181263 -4.58257e-145 -1.12937e-147 2.21298e-147 -0 
-11.5926 0.335696 -0.00606396 -4.444e-09 0.664471 -0.664454 -4.444e-09 1.00709 1.00709 0.0181964 0.0181919 -1.48658e-144 -3.66561e-147 7.1774e-147 -0 
-11.5889 0.335705 -0.00608591 -4.49307e-09 0.664463 -0.664446 -4.49307e-09 1.00712 1.00712 0.0182623 0.0182577 -2.28299e-144 -5.63239e-147 1.10202e-146 -0 
-11.5852 0.335715 -0.00610793 -4.54268e-09 0.664455 -0.664437 -4.54268e-09 1.00714 1.00714 0.0183284 0.0183238 -2.34443e-144 -5.78709e-147 1.13145e-146 -0 
-11.5816 0.335724 -0.00613003 -4.59284e-09 0.664447 -0.664429 -4.59284e-09 1.00717 1.00717 0.0183948 0.0183901 -1.16789e-144 -2.88441e-147 5.63515e-147 -0 
-11.5779 0.335733 -0.00615221 -4.64356e-09 0.664438 -0.664421 -4.64356e-09 1.0072 1.0072 0.0184614 0.0184566 1.69565e-144 4.19013e-147 -8.17993e-147 0 
-11.5742 0.335743 -0.00617446 -4.69483e-09 0.66443 -0.664413 -4.69483e-09 1.00723 1.00723 0.0185282 0.0185234 5.53311e-144 1.36803e-146 -2.66864e-146 0 
-11.5705 0.335752 -0.0061968 -4.74666e-09 0.664422 -0.664404 -4.74666e-09 1.00726 1.00726 0.0185952 0.0185904 8.51254e-144 2.10582e-146 -4.10476e-146 0 
-11.5668 0.335762 -0.00621921 -4.79907e-09 0.664414 -0.664396 -4.79907e-09 1.00729 1.00729 0.0186625 0.0186576 8.75658e-144 2.16737e-146 -4.22154e-146 0 
-11.5631 0.335771 -0.00624171 -4.85206e-09 0.664406 -0.664388 -4.85206e-09 1.00731 1.00731 0.0187301 0.0187251 4.38789e-144 1.08665e-146 -2.11494e-146 0 
-11.5594 0.335781 -0.00626428 -4.90562e-09 0.664397 -0.66438 -4.90562e-09 1.00734 1.00734 0.0187978 0.0187928 -6.27389e-144 -1.55457e-146 3.02333e-146 -0 
-11.5558 0.335791 -0.00628693 -4.95978e-09 0.664389 -0.664371 -4.95978e-09 1.00737 1.00737 0.0188659 0.0188608 -2.05942e-143 -5.10571e-146 9.92203e-146 -0 
-11.5521 0.3358 -0.00630967 -5.01454e-09 0.664381 -0.664363 -5.01454e-09 1.0074 1.0074 0.0189341 0.018929 -3.17404e-143 -7.8734e-146 1.52888e-145 -0 
-11.5484 0.33581 -0.00633248 -5.06989e-09 0.664372 -0.664354 -5.06989e-09 1.00743 1.00743 0.0190026 0.0189974 -3.2706e-143 -8.11742e-146 1.57505e-145 -0 
-11.5447 0.33582 -0.00635537 -5.12586e-09 0.664364 -0.664346 -5.12586e-09 1.00746 1.00746 0.0190714 0.0190661 -1.64847e-143 -4.09367e-146 7.93694e-146 -0 
-11.541 0.335829 -0.00637835 -5.18245e-09 0.664355 -0.664337 -5.18245e-09 1.00749 1.00749 0.0191403 0.0191351 2.32118e-143 5.7674e-146 -1.11734e-145 0 
-11.5373 0.335839 -0.00640141 -5.23965e-09 0.664347 -0.664329 -5.23965e-09 1.00752 1.00752 0.0192096 0.0192042 7.66509e-143 1.9056e-145 -3.6889e-145 0 
-11.5337 0.335849 -0.00642455 -5.29749e-09 0.664338 -0.66432 -5.29749e-09 1.00755 1.00755 0.019279 0.0192736 1.18349e-142 2.94388e-145 -5.69438e-145 0 
-11.53 0.335859 -0.00644777 -5.35596e-09 0.66433 -0.664312 -5.35596e-09 1.00758 1.00758 0.0193488 0.0193433 1.22157e-142 3.04031e-145 -5.8763e-145 0 
-11.5263 0.335869 -0.00647107 -5.41508e-09 0.664321 -0.664303 -5.41508e-09 1.00761 1.00761 0.0194187 0.0194132 6.19269e-143 1.54214e-145 -2.9783e-145 0 
-11.5226 0.335879 -0.00649445 -5.47485e-09 0.664313 -0.664294 -5.47485e-09 1.00764 1.00764 0.0194889 0.0194834 -8.58719e-143 -2.13964e-145 4.12899e-145 -0 
-11.5189 0.335889 -0.00651792 -5.53528e-09 0.664304 -0.664286 -5.53528e-09 1.00767 1.00767 0.0195594 0.0195538 -2.85289e-142 -7.11246e-145 1.37145e-144 -0 
-11.5152 0.335899 -0.00654147 -5.59637e-09 0.664295 -0.664277 -5.59637e-09 1.0077 1.0077 0.0196301 0.0196244 -4.41276e-142 -1.10076e-144 2.12084e-144 -0 
-11.5115 0.335909 -0.00656511 -5.65813e-09 0.664287 -0.664268 -5.65813e-09 1.00773 1.00773 0.0197011 0.0196953 -4.56249e-142 -1.13876e-144 2.1923e-144 -0 
-11.5079 0.335919 -0.00658882 -5.72058e-09 0.664278 -0.664259 -5.72058e-09 1.00776 1.00776 0.0197723 0.0197665 -2.3262e-142 -5.80931e-145 1.1175e-144 -0 
-11.5042 0.33593 -0.00661262 -5.78371e-09 0.664269 -0.66425 -5.78371e-09 1.00779 1.00779 0.0198438 0.0198379 3.17662e-142 7.93762e-145 -1.52568e-144 0 
-11.5005 0.33594 -0.00663651 -5.84754e-09 0.66426 -0.664242 -5.84754e-09 1.00782 1.00782 0.0199155 0.0199095 1.06181e-141 2.65474e-144 -5.09856e-144 0 
-11.4968 0.33595 -0.00666048 -5.91207e-09 0.664252 -0.664233 -5.91207e-09 1.00785 1.00785 0.0199875 0.0199814 1.64534e-141 4.11605e-144 -7.8987e-144 0 
-11.4931 0.33596 -0.00668453 -5.97731e-09 0.664243 -0.664224 -5.97731e-09 1.00788 1.00788 0.0200597 0.0200536 1.70405e-141 4.26539e-144 -8.17867e-144 0 
-11.4894 0.335971 -0.00670867 -6.04327e-09 0.664234 -0.664215 -6.04327e-09 1.00791 1.00791 0.0201322 0.020126 8.73751e-142 2.18834e-144 -4.19263e-144 0 
-11.4857 0.335981 -0.0067329 -6.10995e-09 0.664225 -0.664206 -6.10995e-09 1.00794 1.00794 0.0202049 0.0201987 -1.17503e-141 -2.94461e-144 5.63697e-144 -0 
-11.4821 0.335992 -0.00675721 -6.17737e-09 0.664216 -0.664197 -6.17737e-09 1.00797 1.00797 0.0202779 0.0202716 -3.9519e-141 -9.9092e-144 1.8954e-143 -0 
-11.4784 0.336002 -0.0067816 -6.24553e-09 0.664207 -0.664188 -6.24553e-09 1.00801 1.00801 0.0203512 0.0203448 -6.13478e-141 -1.53916e-143 2.94166e-143 -0 
-11.4747 0.336013 -0.00680608 -6.31444e-09 0.664198 -0.664179 -6.31444e-09 1.00804 1.00804 0.0204247 0.0204183 -6.36444e-141 -1.59772e-143 3.05106e-143 -0 
-11.471 0.336023 -0.00683065 -6.38411e-09 0.664189 -0.66417 -6.38411e-09 1.00807 1.00807 0.0204985 0.020492 -3.28171e-141 -8.2432e-144 1.57285e-143 -0 
-11.4673 0.336034 -0.00685531 -6.45455e-09 0.66418 -0.66416 -6.45455e-09 1.0081 1.0081 0.0205725 0.0205659 4.34613e-141 1.09233e-143 -2.08251e-143 0 
-11.4636 0.336044 -0.00688005 -6.52576e-09 0.664171 -0.664151 -6.52576e-09 1.00813 1.00813 0.0206468 0.0206401 1.47082e-140 3.69887e-143 -7.04598e-143 0 
-11.46 0.336055 -0.00690488 -6.59776e-09 0.664162 -0.664142 -6.59776e-09 1.00817 1.00817 0.0207213 0.0207146 2.28738e-140 5.75578e-143 -1.09551e-142 0 
-11.4563 0.336066 -0.00692979 -6.67054e-09 0.664152 -0.664133 -6.67054e-09 1.0082 1.0082 0.0207962 0.0207894 2.37703e-140 5.98491e-143 -1.13817e-142 0 
-11.4526 0.336077 -0.0069548 -6.74413e-09 0.664143 -0.664124 -6.74413e-09 1.00823 1.00823 0.0208713 0.0208644 1.2325e-140 3.10505e-143 -5.9e-143 0 
-11.4489 0.336088 -0.00697989 -6.81853e-09 0.664134 -0.664114 -6.81853e-09 1.00826 1.00826 0.0209466 0.0209397 -1.60741e-140 -4.05199e-143 7.69284e-143 -0 
-11.4452 0.336098 -0.00700507 -6.89375e-09 0.664125 -0.664105 -6.89375e-09 1.0083 1.0083 0.0210222 0.0210152 -5.47408e-140 -1.38075e-142 2.61918e-142 -0 
-11.4415 0.336109 -0.00703034 -6.96979e-09 0.664115 -0.664095 -6.96979e-09 1.00833 1.00833 0.0210981 0.021091 -8.52857e-140 -2.15249e-142 4.07967e-142 -0 
-11.4378 0.33612 -0.0070557 -7.04667e-09 0.664106 -0.664086 -7.04667e-09 1.00836 1.00836 0.0211743 0.0211671 -8.87776e-140 -2.24197e-142 4.24566e-142 -0 
-11.4342 0.336131 -0.00708115 -7.1244e-09 0.664097 -0.664077 -7.1244e-09 1.00839 1.00839 0.0212507 0.0212434 -4.62854e-140 -1.16959e-142 2.21298e-142 -0 
-11.4305 0.336142 -0.00710668 -7.20298e-09 0.664087 -0.664067 -7.20298e-09 1.00843 1.00843 0.0213274 0.02132 5.94454e-140 1.50304e-142 -2.84148e-142 0 
-11.4268 0.336154 -0.00713231 -7.28243e-09 0.664078 -0.664058 -7.28243e-09 1.00846 1.00846 0.0214043 0.0213969 2.03731e-139 5.15434e-142 -9.7359e-142 0 
-11.4231 0.336165 -0.00715803 -7.36275e-09 0.664068 -0.664048 -7.36275e-09 1.00849 1.00849 0.0214816 0.0214741 3.17988e-139 8.04994e-142 -1.51922e-141 0 
-11.4194 0.336176 -0.00718383 -7.44396e-09 0.664059 -0.664038 -7.44396e-09 1.00853 1.00853 0.0215591 0.0215515 3.31566e-139 8.39879e-142 -1.58369e-141 0 
-11.4157 0.336187 -0.00720973 -7.52605e-09 0.664049 -0.664029 -7.52605e-09 1.00856 1.00856 0.0216368 0.0216292 1.7381e-139 4.40544e-142 -8.2998e-142 0 
-11.4121 0.336199 -0.00723572 -7.60905e-09 0.66404 -0.664019 -7.60905e-09 1.0086 1.0086 0.0217149 0.0217072 -2.19826e-139 -5.57519e-142 1.04945e-141 -0 
-11.4084 0.33621 -0.0072618 -7.69297e-09 0.66403 -0.664009 -7.69297e-09 1.00863 1.00863 0.0217932 0.0217854 -7.58226e-139 -1.92419e-141 3.61885e-141 -0 
-11.4047 0.336221 -0.00728798 -7.7778e-09 0.66402 -0.664 -7.7778e-09 1.00866 1.00866 0.0218718 0.0218639 -1.18561e-138 -3.01066e-141 5.65724e-141 -0 
-11.401 0.336233 -0.00731424 -7.86357e-09 0.664011 -0.66399 -7.86357e-09 1.0087 1.0087 0.0219507 0.0219427 -1.23832e-138 -3.14644e-141 5.9072e-141 -0 
-11.3973 0.336244 -0.0073406 -7.95029e-09 0.664001 -0.66398 -7.95029e-09 1.00873 1.00873 0.0220299 0.0220218 -6.52651e-139 -1.65935e-141 3.11257e-141 -0 
-11.3936 0.336256 -0.00736705 -8.03795e-09 0.663991 -0.66397 -8.03795e-09 1.00877 1.00877 0.0221093 0.0221011 8.12845e-139 2.06793e-141 -3.87556e-141 0 
-11.3899 0.336267 -0.00739359 -8.12658e-09 0.663981 -0.66396 -8.12658e-09 1.0088 1.0088 0.022189 0.0221808 2.82186e-138 7.1835e-141 -1.34508e-140 0 
-11.3863 0.336279 -0.00742023 -8.21619e-09 0.663972 -0.663951 -8.21619e-09 1.00884 1.00884 0.022269 0.0222607 4.42052e-138 1.12602e-140 -2.10656e-140 0 
-11.3826 0.336291 -0.00744696 -8.30678e-09 0.663962 -0.663941 -8.30678e-09 1.00887 1.00887 0.0223493 0.0223409 4.62476e-138 1.17879e-140 -2.20332e-140 0 
-11.3789 0.336302 -0.00747378 -8.39837e-09 0.663952 -0.663931 -8.39837e-09 1.00891 1.00891 0.0224299 0.0224213 2.45053e-138 6.25003e-141 -1.16717e-140 0 
-11.3752 0.336314 -0.0075007 -8.49096e-09 0.663942 -0.663921 -8.49096e-09 1.00894 1.00894 0.0225107 0.0225021 -3.00541e-138 -7.67008e-141 1.43108e-140 -0 
-11.3715 0.336326 -0.00752771 -8.58457e-09 0.663932 -0.663911 -8.58457e-09 1.00898 1.00898 0.0225918 0.0225831 -1.05019e-137 -2.68189e-140 4.99934e-140 -0 
-11.3678 0.336338 -0.00755482 -8.67921e-09 0.663922 -0.6639 -8.67921e-09 1.00901 1.00901 0.0226732 0.0226644 -1.64816e-137 -4.21162e-140 7.84386e-140 -0 
-11.3641 0.33635 -0.00758202 -8.77489e-09 0.663912 -0.66389 -8.77489e-09 1.00905 1.00905 0.022755 0.0227461 -1.7272e-137 -4.41642e-140 8.21784e-140 -0 
-11.3605 0.336362 -0.00760932 -8.87163e-09 0.663902 -0.66388 -8.87163e-09 1.00909 1.00909 0.0228369 0.0228279 -9.20058e-138 -2.35407e-140 4.37635e-140 -0 
-11.3568 0.336374 -0.00763671 -8.96942e-09 0.663892 -0.66387 -8.96942e-09 1.00912 1.00912 0.0229192 0.0229101 1.11113e-137 2.84479e-140 -5.28381e-140 0 
-11.3531 0.336386 -0.0076642 -9.06829e-09 0.663881 -0.66386 -9.06829e-09 1.00916 1.00916 0.0230018 0.0229926 3.90838e-137 1.00129e-139 -1.85806e-139 0 
-11.3494 0.336398 -0.00769178 -9.16825e-09 0.663871 -0.663849 -9.16825e-09 1.00919 1.00919 0.0230846 0.0230753 6.14504e-137 1.57532e-139 -2.92059e-139 0 
-11.3457 0.33641 -0.00771947 -9.26931e-09 0.663861 -0.663839 -9.26931e-09 1.00923 1.00923 0.0231678 0.0231584 6.45052e-137 1.6547e-139 -3.06494e-139 0 
-11.342 0.336423 -0.00774724 -9.37148e-09 0.663851 -0.663829 -9.37148e-09 1.00927 1.00927 0.0232512 0.0232417 3.45418e-137 8.86649e-140 -1.64079e-139 0 
-11.3384 0.336435 -0.00777512 -9.47477e-09 0.66384 -0.663818 -9.47477e-09 1.0093 1.0093 0.023335 0.0233254 -4.10767e-137 -1.05508e-139 1.95068e-139 -0 
-11.3347 0.336447 -0.0078031 -9.5792e-09 0.66383 -0.663808 -9.5792e-09 1.00934 1.00934 0.023419 0.0234093 -1.45452e-136 -3.73847e-139 6.90544e-139 -0 
-11.331 0.33646 -0.00783117 -9.68477e-09 0.66382 -0.663797 -9.68477e-09 1.00938 1.00938 0.0235033 0.0234935 -2.29111e-136 -5.89257e-139 1.08742e-138 -0 
-11.3273 0.336472 -0.00785934 -9.7915e-09 0.663809 -0.663787 -9.7915e-09 1.00942 1.00942 0.0235879 0.023578 -2.40902e-136 -6.1999e-139 1.14307e-138 -0 
-11.3236 0.336485 -0.00788761 -9.89941e-09 0.663799 -0.663776 -9.89941e-09 1.00945 1.00945 0.0236728 0.0236628 -1.29673e-136 -3.33948e-139 6.15118e-139 -0 
-11.3199 0.336497 -0.00791598 -1.00085e-08 0.663788 -0.663766 -1.00085e-08 1.00949 1.00949 0.0237581 0.0237479 1.51842e-136 3.91298e-139 -7.20077e-139 0 
-11.3162 0.33651 -0.00794444 -1.01188e-08 0.663778 -0.663755 -1.01188e-08 1.00953 1.00953 0.0238436 0.0238333 5.41302e-136 1.39587e-138 -2.56629e-138 0 
-11.3126 0.336522 -0.00797301 -1.02303e-08 0.663767 -0.663745 -1.02303e-08 1.00957 1.00957 0.0239294 0.023919 8.54213e-136 2.20424e-138 -4.04864e-138 0 
-11.3089 0.336535 -0.00800168 -1.0343e-08 0.663757 -0.663734 -1.0343e-08 1.00961 1.00961 0.0240155 0.024005 8.99672e-136 2.32309e-138 -4.26289e-138 0 
-11.3052 0.336548 -0.00803044 -1.0457e-08 0.663746 -0.663723 -1.0457e-08 1.00964 1.00964 0.0241019 0.0240913 4.86777e-136 1.25777e-138 -2.30583e-138 0 
-11.3015 0.336561 -0.00805931 -1.05722e-08 0.663735 -0.663712 -1.05722e-08 1.00968 1.00968 0.0241886 0.0241779 -5.61244e-136 -1.45116e-138 2.65781e-138 -0 
-11.2978 0.336574 -0.00808828 -1.06887e-08 0.663725 -0.663702 -1.06887e-08 1.00972 1.00972 0.0242757 0.0242648 -2.01444e-135 -5.21207e-138 9.5368e-138 -0 
-11.2941 0.336586 -0.00811735 -1.08065e-08 0.663714 -0.663691 -1.08065e-08 1.00976 1.00976 0.024363 0.0243521 -3.18481e-135 -8.24576e-138 1.50732e-137 -0 
-11.2905 0.336599 -0.00814652 -1.09255e-08 0.663703 -0.66368 -1.09255e-08 1.0098 1.0098 0.0244506 0.0244396 -3.35988e-135 -8.70492e-138 1.58972e-137 -0 
-11.2868 0.336612 -0.0081758 -1.10459e-08 0.663692 -0.663669 -1.10459e-08 1.00984 1.00984 0.0245386 0.0245274 -1.8272e-135 -4.7372e-138 8.64287e-138 -0 
-11.2831 0.336626 -0.00820517 -1.11676e-08 0.663681 -0.663658 -1.11676e-08 1.00988 1.00988 0.0246268 0.0246155 2.07432e-135 5.38155e-138 -9.80893e-138 0 
-11.2794 0.336639 -0.00823465 -1.12906e-08 0.66367 -0.663647 -1.12906e-08 1.00992 1.00992 0.0247154 0.024704 7.49661e-135 1.94622e-137 -3.54391e-137 0 
-11.2757 0.336652 -0.00826423 -1.1415e-08 0.663659 -0.663636 -1.1415e-08 1.00996 1.00996 0.0248042 0.0247927 1.1874e-134 3.08475e-137 -5.61161e-137 0 
-11.272 0.336665 -0.00829392 -1.15407e-08 0.663648 -0.663625 -1.15407e-08 1.01 1.01 0.0248934 0.0248818 1.25476e-134 3.26197e-137 -5.92818e-137 0 
-11.2683 0.336678 -0.00832371 -1.16678e-08 0.663637 -0.663614 -1.16678e-08 1.01004 1.01004 0.0249829 0.0249711 6.85835e-135 1.78418e-137 -3.23932e-137 0 
-11.2647 0.336692 -0.0083536 -1.17964e-08 0.663626 -0.663603 -1.17964e-08 1.01008 1.01008 0.0250727 0.0250608 -7.66594e-135 -1.99565e-137 3.61968e-137 -0 
-11.261 0.336705 -0.0083836 -1.19263e-08 0.663615 -0.663591 -1.19263e-08 1.01012 1.01012 0.0251628 0.0251508 -2.78979e-134 -7.26757e-137 1.31688e-136 -0 
-11.2573 0.336719 -0.0084137 -1.20576e-08 0.663604 -0.66358 -1.20576e-08 1.01016 1.01016 0.0252533 0.0252411 -4.42699e-134 -1.15406e-136 2.08907e-136 -0 
-11.2536 0.336732 -0.0084439 -1.21904e-08 0.663593 -0.663569 -1.21904e-08 1.0102 1.0102 0.025344 0.0253317 -4.68588e-134 -1.2224e-136 2.21057e-136 -0 
-11.2499 0.336746 -0.00847421 -1.23247e-08 0.663581 -0.663557 -1.23247e-08 1.01024 1.01024 0.0254351 0.0254226 -2.57412e-134 -6.71974e-137 1.21398e-136 -0 
-11.2462 0.33676 -0.00850463 -1.24604e-08 0.66357 -0.663546 -1.24604e-08 1.01028 1.01028 0.0255265 0.0255139 2.83281e-134 7.40021e-137 -1.33558e-136 0 
-11.2425 0.336773 -0.00853516 -1.25977e-08 0.663559 -0.663535 -1.25977e-08 1.01032 1.01032 0.0256182 0.0256055 1.03818e-133 2.71396e-136 -4.89318e-136 0 
-11.2389 0.336787 -0.00856579 -1.27364e-08 0.663548 -0.663523 -1.27364e-08 1.01036 1.01036 0.0257102 0.0256974 1.65051e-133 4.31771e-136 -7.77684e-136 0 
-11.2352 0.336801 -0.00859652 -1.28766e-08 0.663536 -0.663512 -1.28766e-08 1.0104 1.0104 0.0258025 0.0257896 1.74992e-133 4.581e-136 -8.24273e-136 0 
-11.2315 0.336815 -0.00862737 -1.30184e-08 0.663525 -0.6635 -1.30184e-08 1.01044 1.01044 0.0258952 0.0258821 9.66087e-134 2.53084e-136 -4.54919e-136 0 
-11.2278 0.336829 -0.00865832 -1.31618e-08 0.663513 -0.663489 -1.31618e-08 1.01049 1.01049 0.0259882 0.0259749 -1.04673e-133 -2.74403e-136 4.92738e-136 -0 
-11.2241 0.336843 -0.00868937 -1.33067e-08 0.663502 -0.663477 -1.33067e-08 1.01053 1.01053 0.0260815 0.0260681 -3.8634e-133 -1.01352e-135 1.8181e-135 -0 
-11.2204 0.336857 -0.00872054 -1.34532e-08 0.66349 -0.663465 -1.34532e-08 1.01057 1.01057 0.0261752 0.0261616 -6.15352e-133 -1.61546e-135 2.89492e-135 -0 
-11.2168 0.336871 -0.00875182 -1.36013e-08 0.663478 -0.663454 -1.36013e-08 1.01061 1.01061 0.0262692 0.0262555 -6.53497e-133 -1.71683e-135 3.07341e-135 -0 
-11.2131 0.336885 -0.0087832 -1.37511e-08 0.663467 -0.663442 -1.37511e-08 1.01066 1.01066 0.0263635 0.0263496 -3.62561e-133 -9.5318e-136 1.70459e-135 -0 
-11.2094 0.336899 -0.00881469 -1.39024e-08 0.663455 -0.66343 -1.39024e-08 1.0107 1.0107 0.0264581 0.0264441 3.86732e-133 1.01746e-135 -1.81766e-135 0 
-11.2057 0.336914 -0.0088463 -1.40555e-08 0.663443 -0.663418 -1.40555e-08 1.01074 1.01074 0.026553 0.0265389 1.43768e-132 3.78513e-135 -6.75502e-135 0 
-11.202 0.336928 -0.00887801 -1.42102e-08 0.663432 -0.663406 -1.42102e-08 1.01078 1.01078 0.0266483 0.026634 2.29418e-132 6.04449e-135 -1.07759e-134 0 
-11.1983 0.336942 -0.00890983 -1.43666e-08 0.66342 -0.663394 -1.43666e-08 1.01083 1.01083 0.026744 0.0267295 2.44042e-132 6.43444e-135 -1.14591e-134 0 
-11.1946 0.336957 -0.00894177 -1.45248e-08 0.663408 -0.663382 -1.45248e-08 1.01087 1.01087 0.0268399 0.0268253 1.36058e-132 3.58992e-135 -6.38661e-135 0 
-11.191 0.336971 -0.00897381 -1.46847e-08 0.663396 -0.66337 -1.46847e-08 1.01091 1.01091 0.0269362 0.0269214 -1.42872e-132 -3.77247e-135 6.70434e-135 -0 
-11.1873 0.336986 -0.00900597 -1.48463e-08 0.663384 -0.663358 -1.48463e-08 1.01096 1.01096 0.0270328 0.0270179 -5.34994e-132 -1.41366e-134 2.50967e-134 -0 
-11.1836 0.337001 -0.00903823 -1.50097e-08 0.663372 -0.663346 -1.50097e-08 1.011 1.011 0.0271298 0.0271147 -8.5532e-132 -2.26173e-134 4.01101e-134 -0 
-11.1799 0.337015 -0.00907061 -1.51749e-08 0.66336 -0.663334 -1.51749e-08 1.01105 1.01105 0.0272271 0.0272118 -9.11342e-132 -2.41164e-134 4.27233e-134 -0 
-11.1762 0.33703 -0.00910311 -1.53419e-08 0.663348 -0.663322 -1.53419e-08 1.01109 1.01109 0.0273247 0.0273093 -5.10555e-132 -1.35205e-134 2.39267e-134 -0 
-11.1725 0.337045 -0.00913571 -1.55107e-08 0.663336 -0.66331 -1.55107e-08 1.01114 1.01114 0.0274227 0.0274071 5.27774e-132 1.39868e-134 -2.47255e-134 0 
-11.1689 0.33706 -0.00916843 -1.56814e-08 0.663324 -0.663298 -1.56814e-08 1.01118 1.01118 0.0275211 0.0275053 1.99082e-131 5.27988e-134 -9.32366e-134 0 
-11.1652 0.337075 -0.00920126 -1.5854e-08 0.663311 -0.663285 -1.5854e-08 1.01123 1.01123 0.0276197 0.0276038 3.1888e-131 8.46332e-134 -1.49292e-133 0 
-11.1615 0.33709 -0.00923421 -1.60285e-08 0.663299 -0.663273 -1.60285e-08 1.01127 1.01127 0.0277187 0.0277026 3.40326e-131 9.03923e-134 -1.59279e-133 0 
-11.1578 0.337105 -0.00926727 -1.62048e-08 0.663287 -0.66326 -1.62048e-08 1.01132 1.01132 0.0278181 0.0278018 1.91576e-131 5.09215e-134 -8.96315e-134 0 
-11.1541 0.33712 -0.00930044 -1.63831e-08 0.663274 -0.663248 -1.63831e-08 1.01136 1.01136 0.0279178 0.0279013 -1.94943e-131 -5.18552e-134 9.1176e-134 -0 
-11.1504 0.337136 -0.00933373 -1.65634e-08 0.663262 -0.663236 -1.65634e-08 1.01141 1.01141 0.0280178 0.0280012 -7.40817e-131 -1.97207e-133 3.46368e-133 -0 
-11.1467 0.337151 -0.00936713 -1.67456e-08 0.66325 -0.663223 -1.67456e-08 1.01145 1.01145 0.0281182 0.0281014 -1.18884e-130 -3.16708e-133 5.55651e-133 -0 
-11.1431 0.337166 -0.00940065 -1.69299e-08 0.663237 -0.66321 -1.69299e-08 1.0115 1.0115 0.028219 0.028202 -1.27088e-130 -3.3882e-133 5.93794e-133 -0 
-11.1394 0.337182 -0.00943429 -1.71161e-08 0.663225 -0.663198 -1.71161e-08 1.01155 1.01155 0.02832 0.0283029 -7.18816e-131 -1.91783e-133 3.35738e-133 -0 
-11.1357 0.337197 -0.00946804 -1.73044e-08 0.663212 -0.663185 -1.73044e-08 1.01159 1.01159 0.0284215 0.0284041 7.19989e-131 1.92241e-133 -3.36171e-133 0 
-11.132 0.337213 -0.00950191 -1.74948e-08 0.663199 -0.663172 -1.74948e-08 1.01164 1.01164 0.0285233 0.0285057 2.75667e-130 7.36607e-133 -1.28668e-132 0 
-11.1283 0.337229 -0.0095359 -1.76872e-08 0.663187 -0.66316 -1.76872e-08 1.01169 1.01169 0.0286254 0.0286077 4.43216e-130 1.18522e-132 -2.068e-132 0 
-11.1246 0.337244 -0.00957 -1.78818e-08 0.663174 -0.663147 -1.78818e-08 1.01173 1.01173 0.0287279 0.02871 4.74581e-130 1.27006e-132 -2.21357e-132 0 
-11.1209 0.33726 -0.00960423 -1.80785e-08 0.663161 -0.663134 -1.80785e-08 1.01178 1.01178 0.0288308 0.0288127 2.69695e-130 7.22303e-133 -1.25749e-132 0 
-11.1173 0.337276 -0.00963857 -1.82773e-08 0.663148 -0.663121 -1.82773e-08 1.01183 1.01183 0.028934 0.0289157 -2.6589e-130 -7.1266e-133 1.23932e-132 -0 
-11.1136 0.337292 -0.00967303 -1.84783e-08 0.663136 -0.663108 -1.84783e-08 1.01188 1.01188 0.0290376 0.0290191 -1.02578e-129 -2.75149e-132 4.77948e-132 -0 
-11.1099 0.337308 -0.00970761 -1.86816e-08 0.663123 -0.663095 -1.86816e-08 1.01192 1.01192 0.0291415 0.0291228 -1.65237e-129 -4.43563e-132 7.69625e-132 -0 
-11.1062 0.337324 -0.0097423 -1.8887e-08 0.66311 -0.663082 -1.8887e-08 1.01197 1.01197 0.0292458 0.0292269 -1.7722e-129 -4.761e-132 8.25148e-132 -0 
-11.1025 0.33734 -0.00977712 -1.90947e-08 0.663097 -0.663069 -1.90947e-08 1.01202 1.01202 0.0293505 0.0293314 -1.01183e-129 -2.72038e-132 4.70947e-132 -0 
-11.0988 0.337356 -0.00981206 -1.93047e-08 0.663084 -0.663056 -1.93047e-08 1.01207 1.01207 0.0294555 0.0294362 9.81833e-130 2.64178e-132 -4.56821e-132 0 
-11.0952 0.337372 -0.00984712 -1.9517e-08 0.663071 -0.663043 -1.9517e-08 1.01212 1.01212 0.0295609 0.0295414 3.81697e-129 1.02782e-131 -1.7753e-131 0 
-11.0915 0.337389 -0.0098823 -1.97316e-08 0.663057 -0.663029 -1.97316e-08 1.01217 1.01217 0.0296667 0.0296469 6.16019e-129 1.66009e-131 -2.86411e-131 0 
-11.0878 0.337405 -0.0099176 -1.99486e-08 0.663044 -0.663016 -1.99486e-08 1.01222 1.01222 0.0297728 0.0297528 6.61778e-129 1.7848e-131 -3.07575e-131 0 
-11.0841 0.337422 -0.00995302 -2.01679e-08 0.663031 -0.663003 -2.01679e-08 1.01227 1.01226 0.0298793 0.0298591 3.79597e-129 1.02457e-131 -1.76361e-131 0 
-11.0804 0.337438 -0.00998857 -2.03896e-08 0.663018 -0.662989 -2.03896e-08 1.01231 1.01231 0.0299861 0.0299657 -3.62518e-129 -9.79246e-132 1.68365e-131 -0 
-11.0767 0.337455 -0.0100242 -2.06138e-08 0.663004 -0.662976 -2.06138e-08 1.01236 1.01236 0.0300933 0.0300727 -1.42029e-128 -3.83958e-131 6.59387e-131 -0 
-11.073 0.337471 -0.01006 -2.08404e-08 0.662991 -0.662963 -2.08404e-08 1.01241 1.01241 0.0302009 0.0301801 -2.29657e-128 -6.2134e-131 1.06582e-130 -0 
-11.0694 0.337488 -0.0100959 -2.10695e-08 0.662978 -0.662949 -2.10695e-08 1.01246 1.01246 0.0303089 0.0302878 -2.4712e-128 -6.69117e-131 1.14643e-130 -0 
-11.0657 0.337505 -0.010132 -2.13012e-08 0.662964 -0.662935 -2.13012e-08 1.01252 1.01251 0.0304172 0.0303959 -1.42402e-128 -3.85884e-131 6.60385e-131 -0 
-11.062 0.337522 -0.0101681 -2.15353e-08 0.662951 -0.662922 -2.15353e-08 1.01257 1.01257 0.030526 0.0305044 1.33837e-128 3.62965e-131 -6.20434e-131 0 
-11.0583 0.337539 -0.0102044 -2.1772e-08 0.662937 -0.662908 -2.1772e-08 1.01262 1.01262 0.0306351 0.0306133 5.28486e-128 1.43439e-130 -2.449e-130 0 
-11.0546 0.337556 -0.0102408 -2.20113e-08 0.662924 -0.662894 -2.20113e-08 1.01267 1.01267 0.0307445 0.0307225 8.56175e-128 2.32566e-130 -3.96602e-130 0 
-11.0509 0.337573 -0.0102774 -2.22533e-08 0.66291 -0.662881 -2.22533e-08 1.01272 1.01272 0.0308544 0.0308321 9.22782e-128 2.5086e-130 -4.27294e-130 0 
-11.0472 0.33759 -0.010314 -2.24978e-08 0.662896 -0.662867 -2.24978e-08 1.01277 1.01277 0.0309646 0.0309421 5.34184e-128 1.45336e-130 -2.4726e-130 0 
-11.0436 0.337607 -0.0103508 -2.27451e-08 0.662882 -0.662853 -2.27451e-08 1.01282 1.01282 0.0310752 0.0310525 -4.94061e-128 -1.34529e-130 2.28601e-130 -0 
-11.0399 0.337625 -0.0103877 -2.29951e-08 0.662869 -0.662839 -2.29951e-08 1.01288 1.01287 0.0311862 0.0311632 -1.96645e-127 -5.35883e-130 9.09526e-130 -0 
-11.0362 0.337642 -0.0104248 -2.32478e-08 0.662855 -0.662825 -2.32478e-08 1.01293 1.01293 0.0312976 0.0312744 -3.19185e-127 -8.70527e-130 1.47573e-129 -0 
-11.0325 0.33766 -0.010462 -2.35032e-08 0.662841 -0.662811 -2.35032e-08 1.01298 1.01298 0.0314093 0.0313859 -3.44578e-127 -9.40548e-130 1.59252e-129 -0 
-11.0288 0.337677 -0.0104993 -2.37615e-08 0.662827 -0.662797 -2.37615e-08 1.01303 1.01303 0.0315215 0.0314978 -2.00376e-127 -5.47386e-130 9.25708e-130 -0 
-11.0251 0.337695 -0.0105367 -2.40226e-08 0.662813 -0.662783 -2.40226e-08 1.01309 1.01308 0.031634 0.0316101 1.82364e-127 4.98589e-130 -8.42167e-130 0 
-11.0215 0.337713 -0.0105742 -2.42865e-08 0.662799 -0.662769 -2.42865e-08 1.01314 1.01314 0.0317469 0.0317227 7.31694e-127 2.00212e-129 -3.37769e-129 0 
-11.0178 0.33773 -0.0106119 -2.45534e-08 0.662785 -0.662755 -2.45534e-08 1.01319 1.01319 0.0318603 0.0318358 1.18993e-126 3.25866e-129 -5.49086e-129 0 
-11.0141 0.337748 -0.0106497 -2.48231e-08 0.662771 -0.66274 -2.48231e-08 1.01325 1.01324 0.031974 0.0319492 1.28668e-126 3.52655e-129 -5.935e-129 0 
-11.0104 0.337766 -0.0106877 -2.50958e-08 0.662756 -0.662726 -2.50958e-08 1.0133 1.0133 0.032088 0.032063 7.51588e-127 2.06166e-129 -3.46543e-129 0 
-11.0067 0.337784 -0.0107257 -2.53715e-08 0.662742 -0.662712 -2.53715e-08 1.01335 1.01335 0.0322025 0.0321772 -6.73053e-127 -1.84777e-129 3.10209e-129 -0 
-11.003 0.337802 -0.010764 -2.56502e-08 0.662728 -0.662697 -2.56502e-08 1.01341 1.01341 0.0323174 0.0322919 -2.72251e-126 -7.48047e-129 1.2543e-128 -0 
-10.9993 0.337821 -0.0108023 -2.5932e-08 0.662713 -0.662683 -2.5932e-08 1.01346 1.01346 0.0324327 0.0324069 -4.43604e-126 -1.21988e-128 2.04292e-128 -0 
-10.9957 0.337839 -0.0108408 -2.62169e-08 0.662699 -0.662668 -2.62169e-08 1.01352 1.01352 0.0325484 0.0325223 -4.80455e-126 -1.32232e-128 2.21175e-128 -0 
-10.992 0.337857 -0.0108794 -2.65048e-08 0.662684 -0.662654 -2.65048e-08 1.01357 1.01357 0.0326644 0.0326381 -2.819e-126 -7.76504e-129 1.29719e-128 -0 
-10.9883 0.337876 -0.0109181 -2.67959e-08 0.66267 -0.662639 -2.67959e-08 1.01363 1.01363 0.0327809 0.0327542 2.48378e-126 6.84741e-129 -1.14247e-128 0 
-10.9846 0.337894 -0.0109569 -2.70902e-08 0.662655 -0.662624 -2.70902e-08 1.01368 1.01368 0.0328978 0.0328708 1.01299e-125 2.79502e-128 -4.65758e-128 0 
-10.9809 0.337913 -0.0109959 -2.73877e-08 0.662641 -0.66261 -2.73877e-08 1.01374 1.01374 0.0330151 0.0329878 1.65374e-125 4.56682e-128 -7.60052e-128 0 
-10.9772 0.337931 -0.0110351 -2.76885e-08 0.662626 -0.662595 -2.76885e-08 1.01379 1.01379 0.0331328 0.0331052 1.79403e-125 4.95844e-128 -8.24192e-128 0 
-10.9736 0.33795 -0.0110743 -2.79926e-08 0.662611 -0.66258 -2.79926e-08 1.01385 1.01385 0.0332508 0.033223 1.05728e-125 2.92465e-128 -4.85524e-128 0 
-10.9699 0.337969 -0.0111137 -2.82999e-08 0.662597 -0.662565 -2.82999e-08 1.01391 1.01391 0.0333693 0.0333412 -9.16491e-126 -2.53735e-128 4.20695e-128 -0 
-10.9662 0.337988 -0.0111533 -2.86107e-08 0.662582 -0.66255 -2.86107e-08 1.01396 1.01396 0.0334882 0.0334598 -3.7691e-125 -1.04438e-127 1.7294e-127 -0 
-10.9625 0.338007 -0.0111929 -2.89248e-08 0.662567 -0.662535 -2.89248e-08 1.01402 1.01402 0.0336075 0.0335788 -6.16505e-125 -1.70975e-127 2.82757e-127 -0 
-10.9588 0.338026 -0.0112327 -2.92424e-08 0.662552 -0.66252 -2.92424e-08 1.01408 1.01408 0.0337273 0.0336982 -6.69892e-125 -1.8594e-127 3.07114e-127 -0 
-10.9551 0.338045 -0.0112727 -2.95634e-08 0.662537 -0.662505 -2.95634e-08 1.01414 1.01414 0.0338474 0.033818 -3.96524e-125 -1.10156e-127 1.81711e-127 -0 
-10.9514 0.338064 -0.0113127 -2.9888e-08 0.662522 -0.66249 -2.9888e-08 1.01419 1.01419 0.0339679 0.0339382 3.38138e-125 9.40176e-128 -1.54889e-127 0 
-10.9478 0.338084 -0.011353 -3.02161e-08 0.662507 -0.662474 -3.02161e-08 1.01425 1.01425 0.0340889 0.0340589 1.40237e-124 3.9026e-127 -6.42106e-127 0 
-10.9441 0.338103 -0.0113933 -3.05478e-08 0.662492 -0.662459 -3.05478e-08 1.01431 1.01431 0.0342103 0.0341799 2.29828e-124 6.40133e-127 -1.05187e-126 0 
-10.9404 0.338123 -0.0114338 -3.08831e-08 0.662476 -0.662444 -3.08831e-08 1.01437 1.01437 0.0343321 0.0343014 2.50135e-124 6.97299e-127 -1.14432e-126 0 
-10.9367 0.338142 -0.0114744 -3.12221e-08 0.662461 -0.662429 -3.12221e-08 1.01443 1.01443 0.0344543 0.0344233 1.48706e-124 4.14906e-127 -6.80006e-127 0 
-10.933 0.338162 -0.0115152 -3.15648e-08 0.662446 -0.662413 -3.15648e-08 1.01449 1.01449 0.0345769 0.0345456 -1.24741e-124 -3.48346e-127 5.70173e-127 -0 
-10.9293 0.338182 -0.0115561 -3.19112e-08 0.66243 -0.662398 -3.19112e-08 1.01455 1.01454 0.0346999 0.0346683 -5.21777e-124 -1.45836e-126 2.38393e-126 -0 
-10.9256 0.338201 -0.0115971 -3.22615e-08 0.662415 -0.662382 -3.22615e-08 1.0146 1.0146 0.0348234 0.0347914 -8.56778e-124 -2.39679e-126 3.9128e-126 -0 
-10.922 0.338221 -0.0116383 -3.26155e-08 0.662399 -0.662366 -3.26155e-08 1.01466 1.01466 0.0349473 0.034915 -9.3399e-124 -2.61508e-126 4.26355e-126 -0 
-10.9183 0.338241 -0.0116796 -3.29734e-08 0.662384 -0.662351 -3.29734e-08 1.01472 1.01472 0.0350716 0.0350389 -5.57659e-124 -1.56277e-126 2.54453e-126 -0 
-10.9146 0.338261 -0.0117211 -3.33353e-08 0.662368 -0.662335 -3.33353e-08 1.01478 1.01478 0.0351964 0.0351633 4.60123e-124 1.29058e-126 -2.09855e-126 0 
-10.9109 0.338282 -0.0117627 -3.3701e-08 0.662353 -0.662319 -3.3701e-08 1.01485 1.01484 0.0353215 0.0352881 1.94134e-123 5.45e-126 -8.85024e-126 0 
-10.9072 0.338302 -0.0118045 -3.40708e-08 0.662337 -0.662303 -3.40708e-08 1.01491 1.01491 0.0354471 0.0354134 3.19396e-123 8.9745e-126 -1.45543e-125 0 
-10.9035 0.338322 -0.0118463 -3.44446e-08 0.662321 -0.662288 -3.44446e-08 1.01497 1.01497 0.0355732 0.035539 3.48743e-123 9.80783e-126 -1.58844e-125 0 
-10.8999 0.338343 -0.0118884 -3.48225e-08 0.662305 -0.662272 -3.48225e-08 1.01503 1.01503 0.0356996 0.0356651 2.09118e-123 5.88635e-126 -9.52057e-126 0 
-10.8962 0.338363 -0.0119306 -3.52046e-08 0.662289 -0.662256 -3.52046e-08 1.01509 1.01509 0.0358265 0.0357917 -1.69701e-123 -4.78111e-126 7.72255e-126 -0 
-10.8925 0.338384 -0.0119729 -3.55908e-08 0.662273 -0.662239 -3.55908e-08 1.01515 1.01515 0.0359539 0.0359186 -7.22292e-123 -2.03679e-125 3.28543e-125 -0 
-10.8888 0.338404 -0.0120153 -3.59812e-08 0.662257 -0.662223 -3.59812e-08 1.01521 1.01521 0.0360816 0.036046 -1.19066e-122 -3.36056e-125 5.4134e-125 -0 
-10.8851 0.338425 -0.0120579 -3.63759e-08 0.662241 -0.662207 -3.63759e-08 1.01528 1.01528 0.0362098 0.0361738 -1.30216e-122 -3.67858e-125 5.91764e-125 -0 
-10.8814 0.338446 -0.0121007 -3.67749e-08 0.662225 -0.662191 -3.67749e-08 1.01534 1.01534 0.0363385 0.0363021 -7.84145e-123 -2.21719e-125 3.56188e-125 -0 
-10.8777 0.338467 -0.0121436 -3.71782e-08 0.662209 -0.662175 -3.71782e-08 1.0154 1.0154 0.0364675 0.0364308 6.25811e-123 1.7711e-125 -2.84136e-125 0 
-10.8741 0.338488 -0.0121866 -3.7586e-08 0.662193 -0.662158 -3.7586e-08 1.01547 1.01546 0.0365971 0.0365599 2.68732e-122 7.61227e-125 -1.21956e-124 0 
-10.8704 0.338509 -0.0122298 -3.79982e-08 0.662177 -0.662142 -3.79982e-08 1.01553 1.01553 0.036727 0.0366895 4.43859e-122 1.25845e-124 -2.01338e-124 0 
-10.8667 0.338531 -0.0122732 -3.84149e-08 0.66216 -0.662125 -3.84149e-08 1.01559 1.01559 0.0368574 0.0368195 4.86208e-122 1.37977e-124 -2.20445e-124 0 
-10.863 0.338552 -0.0123166 -3.88362e-08 0.662144 -0.662109 -3.88362e-08 1.01566 1.01566 0.0369883 0.0369499 2.94024e-122 8.35153e-125 -1.33247e-124 0 
-10.8593 0.338574 -0.0123603 -3.9262e-08 0.662127 -0.662092 -3.9262e-08 1.01572 1.01572 0.0371196 0.0370808 -2.30753e-122 -6.56036e-125 1.04524e-124 -0 
-10.8556 0.338595 -0.012404 -3.96925e-08 0.662111 -0.662076 -3.96925e-08 1.01579 1.01579 0.0372513 0.0372121 -9.99819e-122 -2.84512e-124 4.52675e-124 -0 
-10.852 0.338617 -0.012448 -4.01277e-08 0.662094 -0.662059 -4.01277e-08 1.01585 1.01585 0.0373835 0.0373439 -1.65462e-121 -4.7128e-124 7.48786e-124 -0 
-10.8483 0.338638 -0.012492 -4.05677e-08 0.662078 -0.662042 -4.05677e-08 1.01592 1.01592 0.0375162 0.0374761 -1.81541e-121 -5.17554e-124 8.21158e-124 -0 
-10.8446 0.33866 -0.0125363 -4.10124e-08 0.662061 -0.662025 -4.10124e-08 1.01598 1.01598 0.0376493 0.0376088 -1.10244e-121 -3.14583e-124 4.98421e-124 -0 
-10.8409 0.338682 -0.0125806 -4.1462e-08 0.662044 -0.662008 -4.1462e-08 1.01605 1.01605 0.0377828 0.0377419 8.50734e-122 2.42985e-124 -3.8444e-124 0 
-10.8372 0.338704 -0.0126252 -4.19165e-08 0.662027 -0.661992 -4.19165e-08 1.01611 1.01611 0.0379168 0.0378755 3.71979e-121 1.06343e-123 -1.68013e-123 0 
-10.8335 0.338726 -0.0126698 -4.2376e-08 0.66201 -0.661975 -4.2376e-08 1.01618 1.01618 0.0380513 0.0380095 6.16808e-121 1.765e-123 -2.78461e-123 0 
-10.8298 0.338749 -0.0127147 -4.28405e-08 0.661994 -0.661957 -4.28405e-08 1.01625 1.01625 0.0381862 0.038144 6.77836e-121 1.94144e-123 -3.05864e-123 0 
-10.8262 0.338771 -0.0127596 -4.33101e-08 0.661977 -0.66194 -4.33101e-08 1.01631 1.01631 0.0383216 0.0382789 4.13338e-121 1.18498e-123 -1.86421e-123 0 
-10.8225 0.338793 -0.0128048 -4.37847e-08 0.661959 -0.661923 -4.37847e-08 1.01638 1.01638 0.0384574 0.0384143 -3.13606e-121 -8.99908e-124 1.41371e-123 -0 
-10.8188 0.338816 -0.01285 -4.42646e-08 0.661942 -0.661906 -4.42646e-08 1.01645 1.01645 0.0385937 0.0385501 -1.38392e-120 -3.97496e-123 6.23552e-123 -0 
-10.8151 0.338838 -0.0128955 -4.47497e-08 0.661925 -0.661889 -4.47497e-08 1.01652 1.01652 0.0387305 0.0386864 -2.29932e-120 -6.61046e-123 1.03549e-122 -0 
-10.8114 0.338861 -0.0129411 -4.52401e-08 0.661908 -0.661871 -4.52401e-08 1.01658 1.01658 0.0388677 0.0388232 -2.53088e-120 -7.28307e-123 1.13921e-122 -0 
-10.8077 0.338884 -0.0129868 -4.57358e-08 0.661891 -0.661854 -4.57358e-08 1.01665 1.01665 0.0390054 0.0389604 -1.54968e-120 -4.46371e-123 6.97196e-123 -0 
-10.804 0.338907 -0.0130327 -4.62369e-08 0.661873 -0.661836 -4.62369e-08 1.01672 1.01672 0.0391436 0.0390981 1.15589e-120 3.3326e-123 -5.1977e-123 0 
-10.8004 0.33893 -0.0130788 -4.67435e-08 0.661856 -0.661819 -4.67435e-08 1.01679 1.01679 0.0392822 0.0392363 5.14869e-120 1.48586e-122 -2.31406e-122 0 
-10.7967 0.338953 -0.013125 -4.72556e-08 0.661838 -0.661801 -4.72556e-08 1.01686 1.01686 0.0394214 0.0393749 8.57126e-120 2.47594e-122 -3.85036e-122 0 
-10.793 0.338976 -0.0131713 -4.77733e-08 0.661821 -0.661783 -4.77733e-08 1.01693 1.01693 0.0395609 0.039514 9.44961e-120 2.73228e-122 -4.24278e-122 0 
-10.7893 0.339 -0.0132178 -4.82967e-08 0.661803 -0.661766 -4.82967e-08 1.017 1.017 0.039701 0.0396535 5.80977e-120 1.68146e-122 -2.6072e-122 0 
-10.7856 0.339023 -0.0132645 -4.88257e-08 0.661785 -0.661748 -4.88257e-08 1.01707 1.01707 0.0398415 0.0397935 -4.25978e-120 -1.23405e-122 1.91064e-122 -0 
-10.7819 0.339047 -0.0133113 -4.93606e-08 0.661768 -0.66173 -4.93606e-08 1.01714 1.01714 0.0399825 0.039934 -1.91548e-119 -5.55446e-122 8.5871e-122 -0 
-10.7783 0.33907 -0.0133583 -4.99012e-08 0.66175 -0.661712 -4.99012e-08 1.01721 1.01721 0.040124 0.040075 -3.19512e-119 -9.27407e-122 1.43163e-121 -0 
-10.7746 0.339094 -0.0134055 -5.04477e-08 0.661732 -0.661694 -5.04477e-08 1.01728 1.01728 0.040266 0.0402164 -3.5282e-119 -1.02508e-121 1.58005e-121 -0 
-10.7709 0.339118 -0.0134528 -5.10002e-08 0.661714 -0.661676 -5.10002e-08 1.01736 1.01735 0.0404084 0.0403584 -2.17802e-119 -6.33411e-122 9.74881e-122 -0 
-10.7672 0.339142 -0.0135002 -5.15588e-08 0.661696 -0.661658 -5.15588e-08 1.01743 1.01743 0.0405514 0.0405007 1.56963e-119 4.56924e-122 -7.02199e-122 0 
-10.7635 0.339166 -0.0135479 -5.21234e-08 0.661678 -0.66164 -5.21234e-08 1.0175 1.0175 0.0406948 0.0406436 7.12615e-119 2.07647e-121 -3.18632e-121 0 
-10.7598 0.33919 -0.0135957 -5.26941e-08 0.66166 -0.661621 -5.26941e-08 1.01757 1.01757 0.0408387 0.040787 1.19105e-118 3.47394e-121 -5.32271e-121 0 
-10.7561 0.339214 -0.0136436 -5.32711e-08 0.661642 -0.661603 -5.32711e-08 1.01764 1.01764 0.0409831 0.0409308 1.31731e-118 3.846e-121 -5.88388e-121 0 
-10.7525 0.339239 -0.0136917 -5.38544e-08 0.661623 -0.661585 -5.38544e-08 1.01772 1.01772 0.0411279 0.0410751 8.16481e-119 2.38612e-121 -3.64493e-121 0 
-10.7488 0.339263 -0.01374 -5.4444e-08 0.661605 -0.661566 -5.4444e-08 1.01779 1.01779 0.0412733 0.0412199 -5.78289e-119 -1.69168e-121 2.58021e-121 -0 
-10.7451 0.339288 -0.0137884 -5.504e-08 0.661587 -0.661548 -5.504e-08 1.01786 1.01786 0.0414192 0.0413652 -2.6511e-118 -7.76297e-121 1.18223e-120 -0 
-10.7414 0.339312 -0.013837 -5.56425e-08 0.661568 -0.661529 -5.56425e-08 1.01794 1.01794 0.0415655 0.041511 -4.43983e-118 -1.30136e-120 1.97883e-120 -0 
-10.7377 0.339337 -0.0138857 -5.62516e-08 0.66155 -0.66151 -5.62516e-08 1.01801 1.01801 0.0417124 0.0416572 -4.91838e-118 -1.44305e-120 2.19093e-120 -0 
-10.734 0.339362 -0.0139347 -5.68674e-08 0.661531 -0.661492 -5.68674e-08 1.01809 1.01809 0.0418597 0.041804 -3.06066e-118 -8.98891e-121 1.36265e-120 -0 
-10.7304 0.339387 -0.0139837 -5.74898e-08 0.661512 -0.661473 -5.74898e-08 1.01816 1.01816 0.0420075 0.0419512 2.13024e-118 6.26257e-121 -9.47894e-121 0 
-10.7267 0.339412 -0.014033 -5.8119e-08 0.661494 -0.661454 -5.8119e-08 1.01824 1.01824 0.0421559 0.042099 9.86263e-118 2.90235e-120 -4.38617e-120 0 
-10.723 0.339438 -0.0140824 -5.87551e-08 0.661475 -0.661435 -5.87551e-08 1.01831 1.01831 0.0423047 0.0422472 1.65501e-117 4.8752e-120 -7.3562e-120 0 
-10.7193 0.339463 -0.014132 -5.9398e-08 0.661456 -0.661416 -5.9398e-08 1.01839 1.01839 0.0424541 0.0423959 1.83633e-117 5.41474e-120 -8.1576e-120 0 
-10.7156 0.339488 -0.0141817 -6.0048e-08 0.661437 -0.661397 -6.0048e-08 1.01847 1.01847 0.0426039 0.0425452 1.14728e-117 3.38634e-120 -5.09375e-120 0 
-10.7119 0.339514 -0.0142316 -6.07051e-08 0.661418 -0.661378 -6.07051e-08 1.01854 1.01854 0.0427543 0.0426949 -7.84597e-118 -2.31817e-120 3.48155e-120 -0 
-10.7082 0.33954 -0.0142817 -6.13693e-08 0.661399 -0.661359 -6.13693e-08 1.01862 1.01862 0.0429051 0.0428451 -3.66905e-117 -1.08515e-119 1.62718e-119 -0 
-10.7046 0.339566 -0.014332 -6.20407e-08 0.66138 -0.661339 -6.20407e-08 1.0187 1.0187 0.0430565 0.0429959 -6.16927e-117 -1.82646e-119 2.73446e-119 -0 
-10.7009 0.339592 -0.0143824 -6.27195e-08 0.661361 -0.66132 -6.27195e-08 1.01878 1.01877 0.0432084 0.0431471 -6.8561e-117 -2.03186e-119 3.03716e-119 -0 
-10.6972 0.339618 -0.0144329 -6.34056e-08 0.661342 -0.661301 -6.34056e-08 1.01885 1.01885 0.0433608 0.0432988 -4.30037e-117 -1.27574e-119 1.90392e-119 -0 
-10.6935 0.339644 -0.0144837 -6.40992e-08 0.661322 -0.661281 -6.40992e-08 1.01893 1.01893 0.0435137 0.0434511 2.88933e-117 8.5802e-120 -1.27848e-119 0 
-10.6898 0.33967 -0.0145346 -6.48004e-08 0.661303 -0.661262 -6.48004e-08 1.01901 1.01901 0.0436671 0.0436038 1.36493e-116 4.05745e-119 -6.03609e-119 0 
-10.6861 0.339697 -0.0145857 -6.55091e-08 0.661283 -0.661242 -6.55091e-08 1.01909 1.01909 0.043821 0.0437571 2.29966e-116 6.84307e-119 -1.01639e-118 0 
-10.6824 0.339723 -0.0146369 -6.62256e-08 0.661264 -0.661222 -6.62256e-08 1.01917 1.01917 0.0439755 0.0439108 2.55976e-116 7.62485e-119 -1.13069e-118 0 
-10.6788 0.33975 -0.0146884 -6.69499e-08 0.661244 -0.661202 -6.69499e-08 1.01925 1.01925 0.0441304 0.0440651 1.61186e-116 4.80623e-119 -7.11569e-119 0 
-10.6751 0.339776 -0.01474 -6.76821e-08 0.661224 -0.661183 -6.76821e-08 1.01933 1.01933 0.0442859 0.0442199 -1.06385e-116 -3.17544e-119 4.6937e-119 -0 
-10.6714 0.339803 -0.0147917 -6.84222e-08 0.661205 -0.661163 -6.84222e-08 1.01941 1.01941 0.0444419 0.0443752 -5.07763e-116 -1.51717e-118 2.23894e-118 -0 
-10.6677 0.33983 -0.0148437 -6.91703e-08 0.661185 -0.661143 -6.91703e-08 1.01949 1.01949 0.0445985 0.0445311 -8.57218e-116 -2.56397e-118 3.7776e-118 -0 
-10.664 0.339857 -0.0148958 -6.99266e-08 0.661165 -0.661123 -6.99266e-08 1.01957 1.01957 0.0447555 0.0446874 -9.55693e-116 -2.86148e-118 4.20907e-118 -0 
-10.6603 0.339885 -0.0149481 -7.06912e-08 0.661145 -0.661103 -7.06912e-08 1.01966 1.01965 0.0449131 0.0448443 -6.04133e-116 -1.81074e-118 2.65914e-118 -0 
-10.6567 0.339912 -0.0150006 -7.1464e-08 0.661125 -0.661082 -7.1464e-08 1.01974 1.01974 0.0450713 0.0450017 3.91643e-116 1.17507e-118 -1.72282e-118 0 
-10.653 0.33994 -0.0150532 -7.22453e-08 0.661105 -0.661062 -7.22453e-08 1.01982 1.01982 0.0452299 0.0451596 1.88889e-115 5.67328e-118 -8.30415e-118 0 
-10.6493 0.339967 -0.015106 -7.3035e-08 0.661085 -0.661042 -7.3035e-08 1.0199 1.0199 0.0453891 0.045318 3.19533e-115 9.60721e-118 -1.40392e-117 0 
-10.6456 0.339995 -0.015159 -7.38333e-08 0.661065 -0.661021 -7.38333e-08 1.01999 1.01998 0.0455488 0.045477 3.56808e-115 1.07392e-117 -1.56674e-117 0 
-10.6419 0.340023 -0.0152122 -7.46403e-08 0.661044 -0.661001 -7.46403e-08 1.02007 1.02007 0.0457091 0.0456365 2.26424e-115 6.82206e-118 -9.93625e-118 0 
-10.6382 0.340051 -0.0152655 -7.54561e-08 0.661024 -0.66098 -7.54561e-08 1.02015 1.02015 0.0458699 0.0457965 -1.44155e-115 -4.3479e-118 6.32213e-118 -0 
-10.6345 0.340079 -0.015319 -7.62807e-08 0.661003 -0.66096 -7.62807e-08 1.02024 1.02024 0.0460312 0.0459571 -7.02663e-115 -2.12156e-117 3.07974e-117 -0 
-10.6309 0.340107 -0.0153727 -7.71143e-08 0.660983 -0.660939 -7.71143e-08 1.02032 1.02032 0.0461931 0.0461181 -1.19107e-114 -3.60001e-117 5.21719e-117 -0 
-10.6272 0.340135 -0.0154266 -7.7957e-08 0.660962 -0.660918 -7.7957e-08 1.02041 1.02041 0.0463555 0.0462798 -1.33213e-114 -4.03063e-117 5.83145e-117 -0 
-10.6235 0.340164 -0.0154806 -7.88088e-08 0.660942 -0.660898 -7.88088e-08 1.02049 1.02049 0.0465184 0.0464419 -8.48591e-115 -2.57031e-117 3.71243e-117 -0 
-10.6198 0.340193 -0.0155349 -7.96698e-08 0.660921 -0.660877 -7.96698e-08 1.02058 1.02058 0.046682 0.0466046 5.30512e-115 1.60859e-117 -2.31944e-117 0 
-10.6161 0.340221 -0.0155893 -8.05403e-08 0.6609 -0.660856 -8.05403e-08 1.02067 1.02066 0.046846 0.0467678 2.61386e-114 7.93404e-117 -1.14208e-116 0 
-10.6124 0.34025 -0.0156439 -8.14201e-08 0.660879 -0.660835 -8.14201e-08 1.02075 1.02075 0.0470106 0.0469316 4.43973e-114 1.34907e-116 -1.93865e-116 0 
-10.6087 0.340279 -0.0156986 -8.23095e-08 0.660858 -0.660813 -8.23095e-08 1.02084 1.02084 0.0471757 0.0470959 4.97343e-114 1.51285e-116 -2.17032e-116 0 
-10.6051 0.340308 -0.0157536 -8.32086e-08 0.660837 -0.660792 -8.32086e-08 1.02093 1.02093 0.0473415 0.0472608 3.18023e-114 9.68424e-117 -1.38691e-116 0 
-10.6014 0.340338 -0.0158087 -8.41175e-08 0.660816 -0.660771 -8.41175e-08 1.02102 1.02101 0.0475077 0.0474262 -1.95202e-114 -5.95056e-117 8.5074e-117 -0 
-10.5977 0.340367 -0.015864 -8.50362e-08 0.660795 -0.66075 -8.50362e-08 1.0211 1.0211 0.0476745 0.0475921 -9.72326e-114 -2.96725e-116 4.23493e-116 -0 
-10.594 0.340397 -0.0159195 -8.59649e-08 0.660773 -0.660728 -8.59649e-08 1.02119 1.02119 0.0478419 0.0477586 -1.65491e-113 -5.05573e-116 7.20324e-116 -0 
-10.5903 0.340426 -0.0159752 -8.69037e-08 0.660752 -0.660707 -8.69037e-08 1.02128 1.02128 0.0480098 0.0479256 -1.85678e-113 -5.67861e-116 8.07671e-116 -0 
-10.5866 0.340456 -0.0160311 -8.78526e-08 0.660731 -0.660685 -8.78526e-08 1.02137 1.02137 0.0481783 0.0480932 -1.1918e-113 -3.64885e-116 5.18077e-116 -0 
-10.583 0.340486 -0.0160871 -8.88119e-08 0.660709 -0.660663 -8.88119e-08 1.02146 1.02146 0.0483473 0.0482614 7.18116e-114 2.20099e-116 -3.11962e-116 0 
-10.5793 0.340516 -0.0161434 -8.97816e-08 0.660688 -0.660642 -8.97816e-08 1.02155 1.02155 0.048517 0.0484301 3.6169e-113 1.10977e-115 -1.57021e-115 0 
-10.5756 0.340546 -0.0161998 -9.07618e-08 0.660666 -0.66062 -9.07618e-08 1.02164 1.02164 0.0486871 0.0485993 6.16861e-113 1.89477e-115 -2.67623e-115 0 
-10.5719 0.340577 -0.0162564 -9.17526e-08 0.660644 -0.660598 -9.17526e-08 1.02173 1.02173 0.0488579 0.0487691 6.93209e-113 2.13162e-115 -3.00546e-115 0 
-10.5682 0.340607 -0.0163132 -9.27542e-08 0.660622 -0.660576 -9.27542e-08 1.02182 1.02182 0.0490292 0.0489395 4.46617e-113 1.37485e-115 -1.93506e-115 0 
-10.5645 0.340638 -0.0163701 -9.37667e-08 0.6606 -0.660554 -9.37667e-08 1.02192 1.02191 0.0492011 0.0491104 -2.64135e-113 -8.13998e-116 1.14365e-115 -0 
-10.5608 0.340668 -0.0164273 -9.47901e-08 0.660578 -0.660532 -9.47901e-08 1.02201 1.02201 0.0493735 0.0492819 -1.34541e-112 -4.1508e-115 5.82147e-115 -0 
-10.5572 0.340699 -0.0164847 -9.58247e-08 0.660556 -0.66051 -9.58247e-08 1.0221 1.0221 0.0495465 0.049454 -2.29932e-112 -7.10155e-115 9.9422e-115 -0 
-10.5535 0.34073 -0.0165422 -9.68704e-08 0.660534 -0.660487 -9.68704e-08 1.02219 1.02219 0.0497201 0.0496266 -2.58799e-112 -8.00199e-115 1.11829e-114 -0 
-10.5498 0.340762 -0.0165999 -9.79276e-08 0.660512 -0.660465 -9.79276e-08 1.02229 1.02228 0.0498943 0.0497998 -1.6736e-112 -5.18044e-115 7.22679e-115 -0 
-10.5461 0.340793 -0.0166579 -9.89961e-08 0.66049 -0.660443 -9.89961e-08 1.02238 1.02238 0.0500691 0.0499736 9.71346e-113 3.01004e-115 -4.19152e-115 0 
-10.5424 0.340824 -0.016716 -1.00076e-07 0.660467 -0.66042 -1.00076e-07 1.02248 1.02247 0.0502444 0.0501479 5.0046e-112 1.55257e-114 -2.15808e-114 0 
-10.5387 0.340856 -0.0167743 -1.01168e-07 0.660445 -0.660397 -1.01168e-07 1.02257 1.02257 0.0504203 0.0503228 8.57052e-112 2.66178e-114 -3.69323e-114 0 
-10.5351 0.340888 -0.0168328 -1.02272e-07 0.660423 -0.660375 -1.02272e-07 1.02267 1.02266 0.0505969 0.0504983 9.66182e-112 3.00406e-114 -4.16062e-114 0 
-10.5314 0.34092 -0.0168914 -1.03388e-07 0.6604 -0.660352 -1.03388e-07 1.02276 1.02276 0.0507739 0.0506743 6.27123e-112 1.95204e-114 -2.69867e-114 0 
-10.5277 0.340952 -0.0169503 -1.04515e-07 0.660377 -0.660329 -1.04515e-07 1.02286 1.02285 0.0509516 0.0508509 -3.5714e-112 -1.11291e-114 1.53579e-114 -0 
-10.524 0.340984 -0.0170094 -1.05655e-07 0.660354 -0.660306 -1.05655e-07 1.02296 1.02295 0.0511299 0.0510281 -1.86156e-111 -5.80748e-114 7.99955e-114 -0 
-10.5203 0.341016 -0.0170686 -1.06808e-07 0.660332 -0.660283 -1.06808e-07 1.02305 1.02305 0.0513088 0.0512059 -3.19457e-111 -9.97728e-114 1.37181e-113 -0 
-10.5166 0.341049 -0.0171281 -1.07973e-07 0.660309 -0.66026 -1.07973e-07 1.02315 1.02315 0.0514882 0.0513843 -3.60705e-111 -1.12782e-113 1.54784e-113 -0 
-10.5129 0.341081 -0.0171877 -1.0915e-07 0.660286 -0.660237 -1.0915e-07 1.02325 1.02324 0.0516683 0.0515632 -2.34985e-111 -7.35563e-114 1.00764e-113 -0 
-10.5093 0.341114 -0.0172476 -1.1034e-07 0.660263 -0.660214 -1.1034e-07 1.02335 1.02334 0.0518489 0.0517428 1.31285e-111 4.11422e-114 -5.6256e-114 0 
-10.5056 0.341147 -0.0173076 -1.11543e-07 0.66024 -0.66019 -1.11543e-07 1.02344 1.02344 0.0520301 0.0519229 6.92438e-111 2.17243e-113 -2.96498e-113 0 
-10.5019 0.34118 -0.0173679 -1.1276e-07 0.660216 -0.660167 -1.1276e-07 1.02354 1.02354 0.052212 0.0521036 1.19074e-110 3.74003e-113 -5.095e-113 0 
-10.4982 0.341213 -0.0174283 -1.13989e-07 0.660193 -0.660143 -1.13989e-07 1.02364 1.02364 0.0523944 0.0522849 1.34661e-110 4.23443e-113 -5.75777e-113 0 
-10.4945 0.341246 -0.0174889 -1.15232e-07 0.66017 -0.66012 -1.15232e-07 1.02374 1.02374 0.0525775 0.0524668 8.80468e-111 2.77181e-113 -3.76193e-113 0 
-10.4908 0.34128 -0.0175498 -1.16488e-07 0.660146 -0.660096 -1.16488e-07 1.02384 1.02384 0.0527611 0.0526493 -4.82507e-111 -1.52072e-113 2.06007e-113 -0 
-10.4871 0.341314 -0.0176108 -1.17757e-07 0.660122 -0.660072 -1.17757e-07 1.02395 1.02394 0.0529454 0.0528323 -2.5756e-110 -8.12685e-113 1.09885e-112 -0 
-10.4835 0.341348 -0.017672 -1.19041e-07 0.660099 -0.660049 -1.19041e-07 1.02405 1.02404 0.0531302 0.053016 -4.4383e-110 -1.40204e-112 1.89215e-112 -0 
-10.4798 0.341381 -0.0177334 -1.20338e-07 0.660075 -0.660025 -1.20338e-07 1.02415 1.02414 0.0533157 0.0532003 -5.02721e-110 -1.5899e-112 2.14163e-112 -0 
-10.4761 0.341416 -0.017795 -1.2165e-07 0.660051 -0.660001 -1.2165e-07 1.02425 1.02425 0.0535018 0.0533851 -3.29893e-110 -1.04452e-112 1.40432e-112 -0 
-10.4724 0.34145 -0.0178569 -1.22975e-07 0.660027 -0.659977 -1.22975e-07 1.02435 1.02435 0.0536885 0.0535706 1.77296e-110 5.62012e-113 -7.54167e-113 0 
-10.4687 0.341484 -0.0179189 -1.24315e-07 0.660003 -0.659952 -1.24315e-07 1.02446 1.02445 0.0538758 0.0537567 9.58011e-110 3.04032e-112 -4.07204e-112 0 
-10.465 0.341519 -0.0179811 -1.2567e-07 0.659979 -0.659928 -1.2567e-07 1.02456 1.02456 0.0540637 0.0539434 1.6543e-109 5.25614e-112 -7.02632e-112 0 
-10.4614 0.341554 -0.0180435 -1.27039e-07 0.659955 -0.659904 -1.27039e-07 1.02467 1.02466 0.0542523 0.0541306 1.87677e-109 5.9699e-112 -7.96515e-112 0 
-10.4577 0.341589 -0.0181062 -1.28423e-07 0.659931 -0.659879 -1.28423e-07 1.02477 1.02477 0.0544415 0.0543185 1.236e-109 3.93625e-112 -5.24169e-112 0 
-10.454 0.341624 -0.018169 -1.29821e-07 0.659907 -0.659855 -1.29821e-07 1.02488 1.02487 0.0546313 0.054507 -6.5133e-110 -2.07669e-112 2.76008e-112 -0 
-10.4503 0.341659 -0.018232 -1.31235e-07 0.659882 -0.65983 -1.31235e-07 1.02498 1.02498 0.0548217 0.0546961 -3.56334e-109 -1.13746e-111 1.50884e-111 -0 
-10.4466 0.341694 -0.0182953 -1.32665e-07 0.659858 -0.659806 -1.32665e-07 1.02509 1.02508 0.0550127 0.0548859 -6.16609e-109 -1.97059e-111 2.60891e-111 -0 
-10.4429 0.34173 -0.0183587 -1.3411e-07 0.659833 -0.659781 -1.3411e-07 1.02519 1.02519 0.0552044 0.0550762 -7.00631e-109 -2.24175e-111 2.96212e-111 -0 
-10.4392 0.341766 -0.0184224 -1.3557e-07 0.659808 -0.659756 -1.3557e-07 1.0253 1.0253 0.0553967 0.0552672 -4.63075e-109 -1.4834e-111 1.95625e-111 -0 
-10.4356 0.341801 -0.0184862 -1.37046e-07 0.659784 -0.659731 -1.37046e-07 1.02541 1.0254 0.0555897 0.0554587 2.39225e-109 7.67229e-112 -1.00981e-111 0 
-10.4319 0.341837 -0.0185503 -1.38538e-07 0.659759 -0.659706 -1.38538e-07 1.02552 1.02551 0.0557832 0.0556509 1.32537e-108 4.25569e-111 -5.59023e-111 0 
-10.4282 0.341874 -0.0186146 -1.40047e-07 0.659734 -0.659681 -1.40047e-07 1.02563 1.02562 0.0559774 0.0558437 2.29828e-108 7.38836e-111 -9.68612e-111 0 
-10.4245 0.34191 -0.0186791 -1.41571e-07 0.659709 -0.659656 -1.41571e-07 1.02574 1.02573 0.0561723 0.0560372 2.61557e-108 8.41835e-111 -1.10146e-110 0 
-10.4208 0.341947 -0.0187437 -1.43112e-07 0.659684 -0.65963 -1.43112e-07 1.02585 1.02584 0.0563678 0.0562312 1.73488e-108 5.59045e-111 -7.30005e-111 0 
-10.4171 0.341983 -0.0188086 -1.4467e-07 0.659658 -0.659605 -1.4467e-07 1.02596 1.02595 0.0565639 0.0564259 -8.78436e-109 -2.83403e-111 3.69333e-111 -0 
-10.4135 0.34202 -0.0188737 -1.46245e-07 0.659633 -0.65958 -1.46245e-07 1.02607 1.02606 0.0567607 0.0566212 -4.92962e-108 -1.5923e-110 2.07096e-110 -0 
-10.4098 0.342057 -0.0189391 -1.47836e-07 0.659608 -0.659554 -1.47836e-07 1.02618 1.02617 0.0569581 0.0568172 -8.56627e-108 -2.77027e-110 3.59582e-110 -0 
-10.4061 0.342094 -0.0190046 -1.49445e-07 0.659582 -0.659528 -1.49445e-07 1.02629 1.02628 0.0571561 0.0570138 -9.76425e-108 -3.16147e-110 4.09536e-110 -0 
-10.4024 0.342132 -0.0190703 -1.51071e-07 0.659557 -0.659503 -1.51071e-07 1.0264 1.0264 0.0573548 0.057211 -6.49942e-108 -2.10691e-110 2.72378e-110 -0 
-10.3987 0.342169 -0.0191363 -1.52715e-07 0.659531 -0.659477 -1.52715e-07 1.02651 1.02651 0.0575542 0.0574088 3.22486e-108 1.04666e-110 -1.35037e-110 0 
-10.395 0.342207 -0.0192024 -1.54377e-07 0.659505 -0.659451 -1.54377e-07 1.02663 1.02662 0.0577542 0.0576073 1.83351e-107 5.95797e-110 -7.67125e-110 0 
-10.3913 0.342245 -0.0192688 -1.56056e-07 0.65948 -0.659425 -1.56056e-07 1.02674 1.02674 0.0579549 0.0578064 3.19285e-107 1.03877e-109 -1.33476e-109 0 
-10.3877 0.342283 -0.0193354 -1.57754e-07 0.659454 -0.659399 -1.57754e-07 1.02686 1.02685 0.0581562 0.0580062 3.6451e-107 1.18733e-109 -1.52255e-109 0 
-10.384 0.342321 -0.0194022 -1.5947e-07 0.659428 -0.659373 -1.5947e-07 1.02697 1.02696 0.0583582 0.0582066 2.43482e-107 7.94066e-110 -1.01617e-109 0 
-10.3803 0.34236 -0.0194692 -1.61204e-07 0.659402 -0.659346 -1.61204e-07 1.02709 1.02708 0.0585608 0.0584076 -1.1836e-107 -3.86476e-110 4.9356e-110 -0 
-10.3766 0.342398 -0.0195364 -1.62957e-07 0.659375 -0.65932 -1.62957e-07 1.0272 1.0272 0.0587641 0.0586093 -6.81942e-107 -2.22942e-109 2.84128e-109 -0 
-10.3729 0.342437 -0.0196039 -1.64729e-07 0.659349 -0.659293 -1.64729e-07 1.02732 1.02731 0.0589681 0.0588116 -1.19004e-106 -3.89525e-109 4.95406e-109 -0 
-10.3692 0.342476 -0.0196715 -1.66521e-07 0.659323 -0.659267 -1.66521e-07 1.02744 1.02743 0.0591727 0.0590146 -1.36074e-106 -4.45942e-109 5.65983e-109 -0 
-10.3655 0.342515 -0.0197394 -1.68331e-07 0.659296 -0.65924 -1.68331e-07 1.02755 1.02755 0.059378 0.0592183 -9.12107e-107 -2.99281e-109 3.79055e-109 -0 
-10.3619 0.342555 -0.0198075 -1.70161e-07 0.65927 -0.659213 -1.70161e-07 1.02767 1.02766 0.059584 0.0594226 4.34302e-107 1.42678e-109 -1.80333e-109 0 
-10.3582 0.342594 -0.0198758 -1.72011e-07 0.659243 -0.659187 -1.72011e-07 1.02779 1.02778 0.0597906 0.0596275 2.53633e-106 8.34263e-109 -1.05224e-108 0 
-10.3545 0.342634 -0.0199444 -1.73881e-07 0.659216 -0.65916 -1.73881e-07 1.02791 1.0279 0.0599979 0.0598331 4.43552e-106 1.46075e-108 -1.83855e-108 0 
-10.3508 0.342674 -0.0200131 -1.75771e-07 0.659189 -0.659133 -1.75771e-07 1.02803 1.02802 0.0602059 0.0600393 5.07971e-106 1.67496e-108 -2.10373e-108 0 
-10.3471 0.342714 -0.0200821 -1.77682e-07 0.659162 -0.659105 -1.77682e-07 1.02815 1.02814 0.0604145 0.0602463 3.41674e-106 1.12801e-108 -1.41378e-108 0 
-10.3434 0.342754 -0.0201513 -1.79613e-07 0.659135 -0.659078 -1.79613e-07 1.02827 1.02826 0.0606239 0.0604538 -1.59318e-106 -5.26625e-109 6.58645e-109 -0 
-10.3398 0.342794 -0.0202207 -1.81564e-07 0.659108 -0.659051 -1.81564e-07 1.02839 1.02838 0.0608339 0.0606621 -9.43319e-106 -3.122e-108 3.89639e-108 -0 
-10.3361 0.342835 -0.0202903 -1.83537e-07 0.659081 -0.659023 -1.83537e-07 1.02851 1.0285 0.0610446 0.060871 -1.65319e-105 -5.47819e-108 6.82246e-108 -0 
-10.3324 0.342876 -0.0203602 -1.85532e-07 0.659054 -0.658996 -1.85532e-07 1.02864 1.02863 0.061256 0.0610805 -1.89627e-105 -6.29147e-108 7.8186e-108 -0 
-10.3287 0.342917 -0.0204303 -1.87547e-07 0.659026 -0.658968 -1.87547e-07 1.02876 1.02875 0.061468 0.0612908 -1.27987e-105 -4.25166e-108 5.27235e-108 -0 
-10.325 0.342958 -0.0205006 -1.89585e-07 0.658999 -0.658941 -1.89585e-07 1.02888 1.02887 0.0616808 0.0615017 5.84278e-106 1.94336e-108 -2.40473e-108 0 
-10.3213 0.342999 -0.0205711 -1.91644e-07 0.658971 -0.658913 -1.91644e-07 1.02901 1.029 0.0618943 0.0617132 3.50837e-105 1.16838e-107 -1.44265e-107 0 
-10.3176 0.343041 -0.0206418 -1.93726e-07 0.658944 -0.658885 -1.93726e-07 1.02913 1.02912 0.0621084 0.0619255 6.16169e-105 2.05457e-107 -2.53139e-107 0 
-10.314 0.343082 -0.0207128 -1.9583e-07 0.658916 -0.658857 -1.9583e-07 1.02926 1.02925 0.0623232 0.0621384 7.07875e-105 2.36331e-107 -2.90548e-107 0 
-10.3103 0.343124 -0.020784 -1.97956e-07 0.658888 -0.658829 -1.97956e-07 1.02938 1.02937 0.0625388 0.062352 4.79408e-105 1.60256e-107 -1.96593e-107 0 
-10.3066 0.343166 -0.0208554 -2.00106e-07 0.65886 -0.658801 -2.00106e-07 1.02951 1.0295 0.062755 0.0625663 -2.14217e-105 -7.16986e-108 8.77638e-108 -0 
-10.3029 0.343209 -0.0209271 -2.02279e-07 0.658832 -0.658772 -2.02279e-07 1.02964 1.02963 0.0629719 0.0627812 -1.30481e-104 -4.37271e-107 5.34079e-107 -0 
-10.2992 0.343251 -0.020999 -2.04475e-07 0.658804 -0.658744 -2.04475e-07 1.02976 1.02975 0.0631896 0.0629969 -2.29654e-104 -7.70593e-107 9.39132e-107 -0 
-10.2955 0.343294 -0.0210711 -2.06695e-07 0.658775 -0.658715 -2.06695e-07 1.02989 1.02988 0.0634079 0.0632132 -2.64247e-104 -8.87792e-107 1.07959e-106 -0 
-10.2919 0.343337 -0.0211434 -2.08938e-07 0.658747 -0.658687 -2.08938e-07 1.03002 1.03001 0.0636269 0.0634302 -1.7957e-104 -6.04065e-107 7.32944e-107 -0 
-10.2882 0.34338 -0.021216 -2.11206e-07 0.658718 -0.658658 -2.11206e-07 1.03015 1.03014 0.0638467 0.0636479 7.85171e-105 2.64464e-107 -3.20178e-107 0 
-10.2845 0.343423 -0.0212888 -2.13498e-07 0.65869 -0.658629 -2.13498e-07 1.03028 1.03027 0.0640671 0.0638663 4.85269e-104 1.63658e-106 -1.97696e-106 0 
-10.2808 0.343467 -0.0213618 -2.15815e-07 0.658661 -0.6586 -2.15815e-07 1.03041 1.0304 0.0642883 0.0640853 8.55941e-104 2.89035e-106 -3.48372e-106 0 
-10.2771 0.343511 -0.021435 -2.18157e-07 0.658632 -0.658571 -2.18157e-07 1.03054 1.03053 0.0645102 0.0643051 9.86419e-104 3.3352e-106 -4.01092e-106 0 
-10.2734 0.343554 -0.0215085 -2.20525e-07 0.658603 -0.658542 -2.20525e-07 1.03067 1.03066 0.0647328 0.0645255 6.72587e-104 2.27701e-106 -2.7322e-106 0 
-10.2697 0.343599 -0.0215822 -2.22917e-07 0.658574 -0.658513 -2.22917e-07 1.03081 1.0308 0.0649561 0.0647467 -2.87704e-104 -9.75254e-107 1.16759e-106 -0 
-10.2661 0.343643 -0.0216562 -2.25336e-07 0.658545 -0.658484 -2.25336e-07 1.03094 1.03093 0.0651801 0.0649685 -1.80473e-103 -6.1255e-106 7.31701e-106 -0 
-10.2624 0.343687 -0.0217304 -2.2778e-07 0.658516 -0.658455 -2.2778e-07 1.03107 1.03106 0.0654049 0.0651911 -3.19016e-103 -1.08417e-105 1.29214e-105 -0 
-10.2587 0.343732 -0.0218048 -2.30251e-07 0.658487 -0.658425 -2.30251e-07 1.03121 1.0312 0.0656304 0.0654143 -3.68221e-103 -1.25301e-105 1.48997e-105 -0 
-10.255 0.343777 -0.0218794 -2.32748e-07 0.658457 -0.658395 -2.32748e-07 1.03134 1.03133 0.0658566 0.0656383 -2.51913e-103 -8.58335e-106 1.01834e-105 -0 
-10.2513 0.343822 -0.0219543 -2.35272e-07 0.658428 -0.658366 -2.35272e-07 1.03148 1.03147 0.0660835 0.0658629 1.05389e-103 3.5955e-106 -4.25602e-106 0 
-10.2476 0.343868 -0.0220294 -2.37823e-07 0.658398 -0.658336 -2.37823e-07 1.03161 1.0316 0.0663112 0.0660883 6.71176e-103 2.29279e-105 -2.70778e-105 0 
-10.2439 0.343913 -0.0221048 -2.40402e-07 0.658369 -0.658306 -2.40402e-07 1.03175 1.03174 0.0665396 0.0663144 1.18899e-102 4.06694e-105 -4.79202e-105 0 
-10.2403 0.343959 -0.0221804 -2.43008e-07 0.658339 -0.658276 -2.43008e-07 1.03189 1.03188 0.0667687 0.0665412 1.37453e-102 4.70768e-105 -5.53423e-105 0 
-10.2366 0.344005 -0.0222562 -2.45643e-07 0.658309 -0.658246 -2.45643e-07 1.03203 1.03201 0.0669986 0.0667687 9.43501e-103 3.23564e-105 -3.79496e-105 0 
-10.2329 0.344051 -0.0223323 -2.48306e-07 0.658279 -0.658216 -2.48306e-07 1.03217 1.03215 0.0672292 0.0669969 -3.85926e-103 -1.32522e-105 1.5507e-105 -0 
-10.2292 0.344097 -0.0224086 -2.50997e-07 0.658249 -0.658185 -2.50997e-07 1.0323 1.03229 0.0674605 0.0672258 -2.49606e-102 -8.58232e-105 1.00192e-104 -0 
-10.2255 0.344144 -0.0224851 -2.53717e-07 0.658219 -0.658155 -2.53717e-07 1.03244 1.03243 0.0676926 0.0674554 -4.43139e-102 -1.52566e-104 1.77694e-104 -0 
-10.2218 0.344191 -0.0225619 -2.56467e-07 0.658188 -0.658124 -2.56467e-07 1.03259 1.03257 0.0679254 0.0676858 -5.13091e-102 -1.76881e-104 2.05532e-104 -0 
-10.2182 0.344238 -0.0226389 -2.59246e-07 0.658158 -0.658094 -2.59246e-07 1.03273 1.03271 0.068159 0.0679169 -3.53363e-102 -1.21976e-104 1.41402e-104 -0 
-10.2145 0.344285 -0.0227162 -2.62055e-07 0.658127 -0.658063 -2.62055e-07 1.03287 1.03286 0.0683933 0.0681487 1.41277e-102 4.8831e-105 -5.64747e-105 0 
-10.2108 0.344333 -0.0227937 -2.64894e-07 0.658097 -0.658032 -2.64894e-07 1.03301 1.033 0.0686284 0.0683812 9.28254e-102 3.21265e-104 -3.70677e-104 0 
-10.2071 0.34438 -0.0228715 -2.67764e-07 0.658066 -0.658001 -2.67764e-07 1.03315 1.03314 0.0688642 0.0686144 1.65158e-101 5.72358e-104 -6.58827e-104 0 
-10.2034 0.344428 -0.0229495 -2.70664e-07 0.658035 -0.65797 -2.70664e-07 1.0333 1.03329 0.0691008 0.0688484 1.91528e-101 6.6462e-104 -7.63213e-104 0 
-10.1997 0.344477 -0.0230277 -2.73596e-07 0.658004 -0.657939 -2.73596e-07 1.03344 1.03343 0.0693381 0.0690831 1.32339e-101 4.59836e-104 -5.26792e-104 0 
-10.196 0.344525 -0.0231062 -2.76559e-07 0.657973 -0.657908 -2.76559e-07 1.03359 1.03357 0.0695762 0.0693185 -5.16999e-102 -1.79879e-104 2.05579e-104 -0 
-10.1924 0.344574 -0.0231849 -2.79554e-07 0.657942 -0.657876 -2.79554e-07 1.03373 1.03372 0.069815 0.0695547 -3.45202e-101 -1.20265e-103 1.37118e-103 -0 
-10.1887 0.344622 -0.0232639 -2.82581e-07 0.657911 -0.657845 -2.82581e-07 1.03388 1.03387 0.0700547 0.0697916 -6.1554e-101 -2.14733e-103 2.44237e-103 -0 
-10.185 0.344672 -0.0233431 -2.85641e-07 0.657879 -0.657813 -2.85641e-07 1.03403 1.03401 0.070295 0.0700293 -7.14937e-101 -2.4974e-103 2.83368e-103 -0 
-10.1813 0.344721 -0.0234225 -2.88733e-07 0.657848 -0.657781 -2.88733e-07 1.03418 1.03416 0.0705362 0.0702676 -4.95613e-101 -1.73357e-103 1.96225e-103 -0 
-10.1776 0.34477 -0.0235023 -2.91859e-07 0.657816 -0.657749 -2.91859e-07 1.03433 1.03431 0.0707781 0.0705068 1.89128e-101 6.62419e-104 -7.47981e-104 0 
-10.1739 0.34482 -0.0235822 -2.95018e-07 0.657784 -0.657717 -2.95018e-07 1.03448 1.03446 0.0710208 0.0707466 1.28373e-100 4.50227e-103 -5.07145e-103 0 
-10.1702 0.34487 -0.0236624 -2.98211e-07 0.657753 -0.657685 -2.98211e-07 1.03463 1.03461 0.0712642 0.0709872 2.29409e-100 8.05657e-103 -9.05294e-103 0 
-10.1666 0.34492 -0.0237429 -3.01438e-07 0.657721 -0.657653 -3.01438e-07 1.03478 1.03476 0.0715084 0.0712286 2.6687e-100 9.38472e-103 -1.05195e-102 0 
-10.1629 0.344971 -0.0238236 -3.047e-07 0.657689 -0.657621 -3.047e-07 1.03493 1.03491 0.0717534 0.0714707 1.85603e-100 6.53568e-103 -7.30799e-103 0 
-10.1592 0.345021 -0.0239045 -3.07997e-07 0.657656 -0.657589 -3.07997e-07 1.03508 1.03506 0.0719992 0.0717135 -6.91609e-101 -2.43865e-103 2.7201e-103 -0 
-10.1555 0.345072 -0.0239857 -3.11329e-07 0.657624 -0.657556 -3.11329e-07 1.03523 1.03522 0.0722458 0.0719571 -4.77384e-100 -1.68555e-102 1.87544e-102 -0 
-10.1518 0.345124 -0.0240672 -3.14697e-07 0.657592 -0.657523 -3.14697e-07 1.03539 1.03537 0.0724931 0.0722015 -8.54993e-100 -3.02289e-102 3.35511e-102 -0 
-10.1481 0.345175 -0.0241489 -3.18101e-07 0.657559 -0.657491 -3.18101e-07 1.03554 1.03552 0.0727413 0.0724466 -9.96159e-100 -3.52675e-102 3.90461e-102 -0 
-10.1445 0.345227 -0.0242308 -3.21541e-07 0.657527 -0.657458 -3.21541e-07 1.0357 1.03568 0.0729902 0.0726924 -6.95052e-100 -2.46406e-102 2.72126e-102 -0 
-10.1408 0.345279 -0.024313 -3.25019e-07 0.657494 -0.657425 -3.25019e-07 1.03585 1.03584 0.0732399 0.0729391 2.52813e-100 8.97477e-103 -9.88676e-103 0 
-10.1371 0.345331 -0.0243955 -3.28533e-07 0.657461 -0.657392 -3.28533e-07 1.03601 1.03599 0.0734904 0.0731864 1.77524e-99 6.31057e-102 -6.93439e-102 0 
-10.1334 0.345383 -0.0244782 -3.32086e-07 0.657428 -0.657359 -3.32086e-07 1.03617 1.03615 0.0737417 0.0734346 3.18648e-99 1.13426e-101 -1.24325e-101 0 
-10.1297 0.345436 -0.0245612 -3.35676e-07 0.657395 -0.657325 -3.35676e-07 1.03632 1.03631 0.0739938 0.0736835 3.71838e-99 1.3254e-101 -1.44909e-101 0 
-10.126 0.345489 -0.0246444 -3.39305e-07 0.657362 -0.657292 -3.39305e-07 1.03648 1.03647 0.0742466 0.0739332 2.60278e-99 9.29017e-102 -1.01314e-101 0 
-10.1223 0.345542 -0.0247279 -3.42973e-07 0.657329 -0.657258 -3.42973e-07 1.03664 1.03662 0.0745003 0.0741836 -9.23778e-100 -3.30177e-102 3.5916e-102 -0 
-10.1187 0.345595 -0.0248116 -3.4668e-07 0.657295 -0.657225 -3.4668e-07 1.0368 1.03678 0.0747548 0.0744348 -6.60144e-99 -2.36272e-101 2.56356e-101 -0 
-10.115 0.345649 -0.0248956 -3.50426e-07 0.657262 -0.657191 -3.50426e-07 1.03696 1.03695 0.0750101 0.0746868 -1.18757e-98 -4.25624e-101 4.60623e-101 -0 
-10.1113 0.345702 -0.0249798 -3.54213e-07 0.657228 -0.657157 -3.54213e-07 1.03713 1.03711 0.0752662 0.0749395 -1.38796e-98 -4.98128e-101 5.37707e-101 -0 
-10.1076 0.345757 -0.0250644 -3.5804e-07 0.657194 -0.657123 -3.5804e-07 1.03729 1.03727 0.0755231 0.0751931 -9.74644e-99 -3.50273e-101 3.77132e-101 -0 
-10.1039 0.345811 -0.0251491 -3.61909e-07 0.65716 -0.657089 -3.61909e-07 1.03745 1.03743 0.0757808 0.0754474 3.37408e-99 1.21427e-101 -1.304e-101 0 
-10.1002 0.345866 -0.0252341 -3.65818e-07 0.657126 -0.657055 -3.65818e-07 1.03762 1.0376 0.0760393 0.0757024 2.45479e-98 8.84651e-101 -9.47565e-101 0 
-10.0966 0.34592 -0.0253194 -3.6977e-07 0.657092 -0.65702 -3.6977e-07 1.03778 1.03776 0.0762987 0.0759583 4.42589e-98 1.59719e-100 -1.70634e-100 0 
-10.0929 0.345976 -0.025405 -3.73763e-07 0.657058 -0.656986 -3.73763e-07 1.03795 1.03793 0.0765588 0.0762149 5.1808e-98 1.8722e-100 -1.99493e-100 0 
-10.0892 0.346031 -0.0254908 -3.778e-07 0.657024 -0.656951 -3.778e-07 1.03811 1.03809 0.0768198 0.0764724 3.64958e-98 1.32069e-100 -1.40359e-100 0 
-10.0855 0.346087 -0.0255769 -3.8188e-07 0.656989 -0.656917 -3.8188e-07 1.03828 1.03826 0.0770816 0.0767306 -1.23185e-98 -4.46393e-101 4.73168e-101 -0 
-10.0818 0.346143 -0.0256632 -3.86003e-07 0.656955 -0.656882 -3.86003e-07 1.03845 1.03843 0.0773442 0.0769896 -9.12819e-98 -3.31244e-100 3.50188e-100 -0 
-10.0781 0.346199 -0.0257498 -3.9017e-07 0.65692 -0.656847 -3.9017e-07 1.03862 1.0386 0.0776077 0.0772494 -1.64946e-97 -5.99388e-100 6.31996e-100 -0 
-10.0744 0.346255 -0.0258366 -3.94382e-07 0.656885 -0.656812 -3.94382e-07 1.03879 1.03877 0.0778719 0.0775099 -1.93381e-97 -7.03694e-100 7.40013e-100 -0 
-10.0708 0.346312 -0.0259238 -3.98639e-07 0.65685 -0.656777 -3.98639e-07 1.03896 1.03894 0.078137 0.0777713 -1.36656e-97 -4.97973e-100 5.22284e-100 -0 
-10.0671 0.346369 -0.0260112 -4.02941e-07 0.656815 -0.656741 -4.02941e-07 1.03913 1.03911 0.078403 0.0780335 4.49536e-98 1.64039e-100 -1.71589e-100 0 
-10.0634 0.346426 -0.0260988 -4.0729e-07 0.65678 -0.656706 -4.0729e-07 1.0393 1.03928 0.0786697 0.0782964 3.39429e-97 1.24033e-99 -1.29395e-99 0 
-10.0597 0.346484 -0.0261867 -4.11685e-07 0.656745 -0.65667 -4.11685e-07 1.03947 1.03945 0.0789373 0.0785602 6.14723e-97 2.24946e-99 -2.34041e-99 0 
-10.056 0.346541 -0.0262749 -4.16127e-07 0.656709 -0.656635 -4.16127e-07 1.03965 1.03962 0.0792058 0.0788247 7.21816e-97 2.64505e-99 -2.74459e-99 0 
-10.0523 0.346599 -0.0263634 -4.20616e-07 0.656674 -0.656599 -4.20616e-07 1.03982 1.0398 0.0794751 0.0790901 5.11687e-97 1.87768e-99 -1.94309e-99 0 
-10.0486 0.346658 -0.0264521 -4.25153e-07 0.656638 -0.656563 -4.25153e-07 1.04 1.03997 0.0797452 0.0793562 -1.63972e-97 -6.02555e-100 6.21857e-100 -0 
-10.045 0.346716 -0.0265411 -4.29739e-07 0.656602 -0.656527 -4.29739e-07 1.04017 1.04015 0.0800162 0.0796232 -1.26214e-96 -4.64457e-99 4.78034e-99 -0 
-10.0413 0.346775 -0.0266303 -4.34373e-07 0.656566 -0.656491 -4.34373e-07 1.04035 1.04033 0.080288 0.079891 -2.29094e-96 -8.4424e-99 8.66552e-99 -0 
-10.0376 0.346834 -0.0267198 -4.39058e-07 0.65653 -0.656455 -4.39058e-07 1.04053 1.0405 0.0805606 0.0801595 -2.69424e-96 -9.94263e-99 1.01775e-98 -0 
-10.0339 0.346894 -0.0268096 -4.43792e-07 0.656494 -0.656418 -4.43792e-07 1.04071 1.04068 0.0808341 0.0804289 -1.91588e-96 -7.08023e-99 7.22762e-99 -0 
-10.0302 0.346954 -0.0268997 -4.48576e-07 0.656458 -0.656382 -4.48576e-07 1.04089 1.04086 0.0811085 0.0806991 5.97807e-97 2.21236e-99 -2.2522e-99 0 
-10.0265 0.347013 -0.02699 -4.53412e-07 0.656422 -0.656345 -4.53412e-07 1.04107 1.04104 0.0813837 0.0809702 4.69308e-96 1.73927e-98 -1.76571e-98 0 
-10.0229 0.347074 -0.0270807 -4.58299e-07 0.656385 -0.656308 -4.58299e-07 1.04125 1.04122 0.0816598 0.081242 8.53781e-96 3.16864e-98 -3.2079e-98 0 
-10.0192 0.347134 -0.0271715 -4.63239e-07 0.656348 -0.656271 -4.63239e-07 1.04143 1.0414 0.0819368 0.0815146 1.00564e-95 3.73755e-98 -3.77336e-98 0 
-10.0155 0.347195 -0.0272627 -4.68231e-07 0.656312 -0.656234 -4.68231e-07 1.04161 1.04159 0.0822146 0.0817881 7.17334e-96 2.66983e-98 -2.68789e-98 0 
-10.0118 0.347256 -0.0273541 -4.73276e-07 0.656275 -0.656197 -4.73276e-07 1.0418 1.04177 0.0824932 0.0820624 -2.17837e-96 -8.1192e-99 8.15129e-99 -0 
-10.0081 0.347318 -0.0274458 -4.78376e-07 0.656238 -0.65616 -4.78376e-07 1.04198 1.04195 0.0827728 0.0823375 -1.74503e-95 -6.51335e-98 6.52075e-98 -0 
-10.0044 0.347379 -0.0275378 -4.83529e-07 0.656201 -0.656122 -4.83529e-07 1.04217 1.04214 0.0830532 0.0826134 -3.18182e-95 -1.18932e-97 1.18732e-97 -0 
-10.0007 0.347441 -0.0276301 -4.88738e-07 0.656163 -0.656085 -4.88738e-07 1.04235 1.04232 0.0833345 0.0828902 -3.7536e-95 -1.40505e-97 1.39873e-97 -0 
-9.99706 0.347504 -0.0277226 -4.94002e-07 0.656126 -0.656047 -4.94002e-07 1.04254 1.04251 0.0836166 0.0831678 -2.68574e-95 -1.00677e-97 9.99404e-98 -0 
-9.99338 0.347566 -0.0278154 -4.99322e-07 0.656088 -0.656009 -4.99322e-07 1.04273 1.0427 0.0838996 0.0834462 7.93362e-96 2.97824e-98 -2.94806e-98 0 
-9.98969 0.347629 -0.0279085 -5.04698e-07 0.656051 -0.655971 -5.04698e-07 1.04292 1.04289 0.0841835 0.0837255 6.48847e-95 2.43924e-97 -2.40764e-97 0 
-9.98601 0.347692 -0.0280018 -5.10133e-07 0.656013 -0.655933 -5.10133e-07 1.04311 1.04308 0.0844683 0.0840055 1.18578e-94 4.46417e-97 -4.39374e-97 0 
-9.98232 0.347756 -0.0280955 -5.15625e-07 0.655975 -0.655895 -5.15625e-07 1.0433 1.04327 0.084754 0.0842865 1.40104e-94 5.28218e-97 -5.18392e-97 0 
-9.97864 0.34782 -0.0281894 -5.21175e-07 0.655937 -0.655857 -5.21175e-07 1.04349 1.04346 0.0850405 0.0845682 1.00553e-94 3.79652e-97 -3.71518e-97 0 
-9.97495 0.347884 -0.0282836 -5.26785e-07 0.655899 -0.655818 -5.26785e-07 1.04368 1.04365 0.085328 0.0848508 -2.88781e-95 -1.09191e-97 1.06543e-97 -0 
-9.97127 0.347948 -0.0283781 -5.32454e-07 0.65586 -0.65578 -5.32454e-07 1.04388 1.04384 0.0856163 0.0851342 -2.41254e-94 -9.13525e-97 8.88789e-97 -0 
-9.96758 0.348013 -0.0284728 -5.38184e-07 0.655822 -0.655741 -5.38184e-07 1.04407 1.04404 0.0859055 0.0854185 -4.41903e-94 -1.67572e-96 1.62561e-96 -0 
-9.9639 0.348078 -0.0285679 -5.43974e-07 0.655783 -0.655702 -5.43974e-07 1.04427 1.04423 0.0861956 0.0857036 -5.22934e-94 -1.98587e-96 1.92087e-96 -0 
-9.96021 0.348143 -0.0286632 -5.49826e-07 0.655745 -0.655663 -5.49826e-07 1.04446 1.04443 0.0864866 0.0859896 -3.76458e-94 -1.4317e-96 1.38078e-96 -0 
-9.95653 0.348209 -0.0287588 -5.55741e-07 0.655706 -0.655624 -5.55741e-07 1.04466 1.04463 0.0867785 0.0862764 1.05053e-94 4.00107e-97 -3.84746e-97 0 
-9.95284 0.348274 -0.0288547 -5.61718e-07 0.655667 -0.655585 -5.61718e-07 1.04486 1.04482 0.0870713 0.0865641 8.97018e-94 3.42136e-96 -3.28032e-96 0 
-9.94916 0.348341 -0.0289509 -5.67759e-07 0.655628 -0.655546 -5.67759e-07 1.04506 1.04502 0.087365 0.0868526 1.64683e-93 6.29041e-96 -6.01327e-96 0 
-9.94547 0.348407 -0.0290473 -5.73865e-07 0.655589 -0.655506 -5.73865e-07 1.04526 1.04522 0.0876596 0.087142 1.95183e-93 7.46633e-96 -7.11622e-96 0 
-9.94179 0.348474 -0.0291441 -5.80035e-07 0.655549 -0.655466 -5.80035e-07 1.04546 1.04542 0.0879551 0.0874322 1.40938e-93 5.39916e-96 -5.13068e-96 0 
-9.9381 0.348541 -0.0292411 -5.86271e-07 0.65551 -0.655427 -5.86271e-07 1.04566 1.04562 0.0882515 0.0877233 -3.81932e-94 -1.46528e-96 1.38826e-96 -0 
-9.93442 0.348609 -0.0293384 -5.92573e-07 0.65547 -0.655387 -5.92573e-07 1.04586 1.04583 0.0885489 0.0880152 -3.33519e-93 -1.28142e-95 1.21043e-95 -0 
-9.93073 0.348676 -0.029436 -5.98942e-07 0.65543 -0.655347 -5.98942e-07 1.04607 1.04603 0.0888471 0.088308 -6.13715e-93 -2.36142e-95 2.2239e-95 -0 
-9.92705 0.348745 -0.0295339 -6.05379e-07 0.65539 -0.655307 -6.05379e-07 1.04627 1.04623 0.0891463 0.0886017 -7.28508e-93 -2.80724e-95 2.63579e-95 -0 
-9.92336 0.348813 -0.0296321 -6.11884e-07 0.65535 -0.655266 -6.11884e-07 1.04648 1.04644 0.0894464 0.0888962 -5.27627e-93 -2.03615e-95 1.90601e-95 -0 
-9.91968 0.348882 -0.0297305 -6.18458e-07 0.65531 -0.655226 -6.18458e-07 1.04668 1.04665 0.0897474 0.0891916 1.38765e-93 5.36294e-96 -5.00495e-96 0 
-9.91599 0.348951 -0.0298293 -6.25103e-07 0.65527 -0.655185 -6.25103e-07 1.04689 1.04685 0.0900493 0.0894878 1.24004e-92 4.7995e-95 -4.46548e-95 0 
-9.91231 0.34902 -0.0299283 -6.31817e-07 0.655229 -0.655144 -6.31817e-07 1.0471 1.04706 0.0903522 0.089785 2.28708e-92 8.86512e-95 -8.22296e-95 0 
-9.90862 0.34909 -0.0300276 -6.38603e-07 0.655189 -0.655104 -6.38603e-07 1.04731 1.04727 0.0906559 0.090083 2.71909e-92 1.05552e-94 -9.76063e-95 0 
-9.90494 0.34916 -0.0301273 -6.45461e-07 0.655148 -0.655063 -6.45461e-07 1.04752 1.04748 0.0909606 0.0903818 1.97523e-92 7.67896e-95 -7.07907e-95 0 
-9.90125 0.349231 -0.0302272 -6.52392e-07 0.655107 -0.655021 -6.52392e-07 1.04773 1.04769 0.0912663 0.0906816 -5.03826e-93 -1.9616e-95 1.80277e-95 -0 
-9.89757 0.349301 -0.0303274 -6.59397e-07 0.655066 -0.65498 -6.59397e-07 1.04795 1.0479 0.0915728 0.0909822 -4.61043e-92 -1.79768e-94 1.64702e-94 -0 
-9.89388 0.349372 -0.0304279 -6.66476e-07 0.655025 -0.654939 -6.66476e-07 1.04816 1.04812 0.0918803 0.0912837 -8.52305e-92 -3.32822e-94 3.0398e-94 -0 
-9.8902 0.349444 -0.0305287 -6.73629e-07 0.654984 -0.654897 -6.73629e-07 1.04838 1.04833 0.0921888 0.091586 -1.01487e-91 -3.96891e-94 3.61367e-94 -0 
-9.88651 0.349516 -0.0306298 -6.80859e-07 0.654942 -0.654855 -6.80859e-07 1.04859 1.04855 0.0924982 0.0918893 -7.39429e-92 -2.89603e-94 2.62858e-94 -0 
-9.88283 0.349588 -0.0307311 -6.88166e-07 0.654901 -0.654814 -6.88166e-07 1.04881 1.04876 0.0928085 0.0921934 1.82797e-92 7.17007e-95 -6.48748e-95 0 
-9.87914 0.34966 -0.0308328 -6.9555e-07 0.654859 -0.654772 -6.9555e-07 1.04903 1.04898 0.0931198 0.0924984 1.71412e-91 6.73353e-94 -6.07331e-94 0 
-9.87546 0.349733 -0.0309348 -7.03012e-07 0.654817 -0.65473 -7.03012e-07 1.04924 1.0492 0.093432 0.0928044 3.17618e-91 1.24955e-93 -1.12347e-93 0 
-9.87178 0.349806 -0.031037 -7.10553e-07 0.654775 -0.654687 -7.10553e-07 1.04946 1.04942 0.0937452 0.0931111 3.78784e-91 1.49242e-93 -1.33758e-93 0 
-9.86809 0.349879 -0.0311396 -7.18175e-07 0.654733 -0.654645 -7.18175e-07 1.04969 1.04964 0.0940593 0.0934188 2.768e-91 1.09223e-93 -9.75794e-94 0 
-9.86441 0.349953 -0.0312425 -7.25877e-07 0.654691 -0.654602 -7.25877e-07 1.04991 1.04986 0.0943744 0.0937274 -6.62721e-92 -2.61895e-94 2.3323e-94 -0 
-9.86072 0.350027 -0.0313456 -7.3366e-07 0.654649 -0.65456 -7.3366e-07 1.05013 1.05008 0.0946904 0.0940369 -6.37287e-91 -2.52222e-93 2.23896e-93 -0 
-9.85704 0.350102 -0.0314491 -7.41526e-07 0.654606 -0.654517 -7.41526e-07 1.05036 1.05031 0.0950074 0.0943472 -1.18362e-90 -4.6915e-93 4.15123e-93 -0 
-9.85335 0.350177 -0.0315528 -7.49476e-07 0.654563 -0.654474 -7.49476e-07 1.05058 1.05053 0.0953254 0.0946585 -1.41375e-90 -5.61208e-93 4.94979e-93 -0 
-9.84967 0.350252 -0.0316569 -7.5751e-07 0.654521 -0.654431 -7.5751e-07 1.05081 1.05076 0.0956443 0.0949706 -1.03616e-90 -4.11936e-93 3.62146e-93 -0 
-9.84598 0.350328 -0.0317612 -7.65628e-07 0.654478 -0.654387 -7.65628e-07 1.05103 1.05098 0.0959642 0.0952837 2.40074e-91 9.55879e-94 -8.37615e-94 0 
-9.8423 0.350404 -0.0318659 -7.73833e-07 0.654434 -0.654344 -7.73833e-07 1.05126 1.05121 0.096285 0.0955976 2.36931e-90 9.4479e-93 -8.252e-93 0 
-9.83861 0.35048 -0.0319708 -7.82125e-07 0.654391 -0.6543 -7.82125e-07 1.05149 1.05144 0.0966069 0.0959125 4.41079e-90 1.76151e-92 -1.53351e-92 0 
-9.83493 0.350556 -0.0320761 -7.90504e-07 0.654348 -0.654257 -7.90504e-07 1.05172 1.05167 0.0969297 0.0962283 5.27654e-90 2.11044e-92 -1.83124e-92 0 
-9.83124 0.350634 -0.0321816 -7.98972e-07 0.654304 -0.654213 -7.98972e-07 1.05195 1.0519 0.0972534 0.0965449 3.87859e-90 1.55365e-92 -1.34368e-92 0 
-9.82756 0.350711 -0.0322875 -8.07529e-07 0.65426 -0.654169 -8.07529e-07 1.05219 1.05213 0.0975782 0.0968625 -8.68943e-91 -3.48601e-93 3.00491e-93 -0 
-9.82387 0.350789 -0.0323937 -8.16177e-07 0.654217 -0.654125 -8.16177e-07 1.05242 1.05237 0.0979039 0.097181 -8.80853e-90 -3.53914e-92 3.0406e-92 -0 
-9.82019 0.350867 -0.0325001 -8.24917e-07 0.654173 -0.65408 -8.24917e-07 1.05266 1.0526 0.0982306 0.0975004 -1.64368e-89 -6.61411e-92 5.66349e-92 -0 
-9.8165 0.350945 -0.0326069 -8.33749e-07 0.654128 -0.654036 -8.33749e-07 1.05289 1.05284 0.0985583 0.0978207 -1.96935e-89 -7.93662e-92 6.77322e-92 -0 
-9.81282 0.351024 -0.032714 -8.42674e-07 0.654084 -0.653991 -8.42674e-07 1.05313 1.05307 0.098887 0.0981419 -1.45182e-89 -5.85984e-92 4.98411e-92 -0 
-9.80913 0.351103 -0.0328213 -8.51694e-07 0.65404 -0.653947 -8.51694e-07 1.05337 1.05331 0.0992167 0.098464 3.14231e-90 1.27023e-92 -1.07676e-92 0 
-9.80545 0.351183 -0.032929 -8.60809e-07 0.653995 -0.653902 -8.60809e-07 1.05361 1.05355 0.0995473 0.0987871 3.27474e-89 1.32578e-91 -1.12006e-91 0 
-9.80176 0.351263 -0.033037 -8.7002e-07 0.65395 -0.653857 -8.7002e-07 1.05385 1.05379 0.099879 0.0991111 6.12515e-89 2.48354e-91 -2.09107e-91 0 
-9.79808 0.351343 -0.0331453 -8.79329e-07 0.653905 -0.653811 -8.79329e-07 1.05409 1.05403 0.100212 0.099436 7.35011e-89 2.98478e-91 -2.50455e-91 0 
-9.79439 0.351424 -0.0332539 -8.88736e-07 0.65386 -0.653766 -8.88736e-07 1.05433 1.05427 0.100545 0.0997618 5.43429e-89 2.21016e-91 -1.84824e-91 0 
-9.79071 0.351505 -0.0333628 -8.98242e-07 0.653815 -0.653721 -8.98242e-07 1.05458 1.05452 0.10088 0.100089 -1.13525e-89 -4.6242e-92 3.85373e-92 -0 
-9.78702 0.351587 -0.0334721 -9.07849e-07 0.65377 -0.653675 -9.07849e-07 1.05482 1.05476 0.101216 0.100416 -1.21743e-88 -4.96653e-91 4.12479e-91 -0 
-9.78334 0.351669 -0.0335816 -9.17557e-07 0.653724 -0.653629 -9.17557e-07 1.05507 1.05501 0.101552 0.100745 -2.28251e-88 -9.3258e-91 7.71854e-91 -0 
-9.77965 0.351751 -0.0336914 -9.27367e-07 0.653679 -0.653583 -9.27367e-07 1.05532 1.05525 0.10189 0.101074 -2.74323e-88 -1.12254e-90 9.25858e-91 -0 
-9.77597 0.351834 -0.0338016 -9.37281e-07 0.653633 -0.653537 -9.37281e-07 1.05557 1.0555 0.102229 0.101405 -2.03406e-88 -8.3362e-91 6.85173e-91 -0 
-9.77228 0.351917 -0.033912 -9.473e-07 0.653587 -0.653491 -9.473e-07 1.05582 1.05575 0.102568 0.101736 4.09729e-89 1.68178e-91 -1.37748e-91 0 
-9.7686 0.352 -0.0340228 -9.57425e-07 0.653541 -0.653444 -9.57425e-07 1.05607 1.056 0.102909 0.102068 4.5259e-88 1.86056e-90 -1.51858e-90 0 
-9.76491 0.352084 -0.0341339 -9.67656e-07 0.653495 -0.653398 -9.67656e-07 1.05632 1.05625 0.103251 0.102402 8.50562e-88 3.50198e-90 -2.84826e-90 0 
-9.76123 0.352169 -0.0342453 -9.77995e-07 0.653448 -0.653351 -9.77995e-07 1.05658 1.05651 0.103594 0.102736 1.02383e-87 4.22185e-90 -3.42165e-90 0 
-9.75754 0.352253 -0.034357 -9.88443e-07 0.653402 -0.653304 -9.88443e-07 1.05683 1.05676 0.103937 0.103071 7.61331e-88 3.14426e-90 -2.53929e-90 0 
-9.75386 0.352338 -0.034469 -9.99001e-07 0.653355 -0.653257 -9.99001e-07 1.05709 1.05702 0.104282 0.103407 -1.47717e-88 -6.11007e-91 4.91695e-91 -0 
-9.75017 0.352424 -0.0345814 -1.00967e-06 0.653308 -0.65321 -1.00967e-06 1.05735 1.05727 0.104628 0.103744 -1.68251e-87 -6.97018e-90 5.58912e-90 -0 
-9.74649 0.35251 -0.034694 -1.02045e-06 0.653261 -0.653163 -1.02045e-06 1.0576 1.05753 0.104975 0.104082 -3.16954e-87 -1.31508e-89 1.05074e-89 -0 
-9.7428 0.352596 -0.034807 -1.03135e-06 0.653214 -0.653115 -1.03135e-06 1.05786 1.05779 0.105323 0.104421 -3.82111e-87 -1.58788e-89 1.26415e-89 -0 
-9.73912 0.352683 -0.0349203 -1.04236e-06 0.653166 -0.653067 -1.04236e-06 1.05812 1.05805 0.105672 0.104761 -2.84953e-87 -1.18597e-89 9.4078e-90 -0 
-9.73543 0.35277 -0.0350339 -1.05348e-06 0.653119 -0.65302 -1.05348e-06 1.05839 1.05831 0.106021 0.105102 5.31943e-88 2.21737e-90 -1.75258e-90 0 
-9.73175 0.352858 -0.0351478 -1.06473e-06 0.653071 -0.652972 -1.06473e-06 1.05865 1.05857 0.106372 0.105443 6.25469e-87 2.61127e-89 -2.05643e-89 0 
-9.72807 0.352946 -0.035262 -1.07609e-06 0.653023 -0.652923 -1.07609e-06 1.05892 1.05884 0.106725 0.105786 1.18109e-86 4.9386e-89 -3.87508e-89 0 
-9.72438 0.353034 -0.0353766 -1.08757e-06 0.652975 -0.652875 -1.08757e-06 1.05918 1.0591 0.107078 0.10613 1.42609e-86 5.97232e-89 -4.66905e-89 0 
-9.7207 0.353123 -0.0354915 -1.09917e-06 0.652927 -0.652827 -1.09917e-06 1.05945 1.05937 0.107432 0.106474 1.06651e-86 4.47337e-89 -3.48437e-89 0 
-9.71701 0.353212 -0.0356066 -1.1109e-06 0.652879 -0.652778 -1.1109e-06 1.05972 1.05964 0.107787 0.10682 -1.9132e-87 -8.03723e-90 6.23724e-90 -0 
-9.71333 0.353302 -0.0357221 -1.12275e-06 0.652831 -0.652729 -1.12275e-06 1.05999 1.05991 0.108143 0.107166 -2.32512e-86 -9.78289e-89 7.56387e-89 -0 
-9.70964 0.353392 -0.035838 -1.13472e-06 0.652782 -0.65268 -1.13472e-06 1.06026 1.06018 0.1085 0.107514 -4.40117e-86 -1.85467e-88 1.42866e-88 -0 
-9.70596 0.353482 -0.0359541 -1.14682e-06 0.652733 -0.652631 -1.14682e-06 1.06053 1.06045 0.108859 0.107862 -5.32236e-86 -2.24636e-88 1.72393e-88 -0 
-9.70227 0.353573 -0.0360706 -1.15904e-06 0.652684 -0.652582 -1.15904e-06 1.06081 1.06072 0.109218 0.108212 -3.9916e-86 -1.68733e-88 1.29007e-88 -0 
-9.69859 0.353665 -0.0361874 -1.1714e-06 0.652635 -0.652532 -1.1714e-06 1.06108 1.06099 0.109578 0.108562 6.87196e-87 2.90946e-89 -2.21611e-89 0 
-9.6949 0.353756 -0.0363045 -1.18388e-06 0.652586 -0.652483 -1.18388e-06 1.06136 1.06127 0.10994 0.108913 8.64328e-86 3.66513e-88 -2.78118e-88 0 
-9.69122 0.353849 -0.0364219 -1.19649e-06 0.652536 -0.652433 -1.19649e-06 1.06164 1.06155 0.110303 0.109266 1.64002e-85 6.9653e-88 -5.26542e-88 0 
-9.68753 0.353941 -0.0365397 -1.20924e-06 0.652487 -0.652383 -1.20924e-06 1.06192 1.06182 0.110666 0.109619 1.98636e-85 8.44943e-88 -6.3631e-88 0 
-9.68385 0.354035 -0.0366577 -1.22212e-06 0.652437 -0.652333 -1.22212e-06 1.0622 1.0621 0.111031 0.109973 1.49389e-85 6.36458e-88 -4.77476e-88 0 
-9.68016 0.354128 -0.0367761 -1.23514e-06 0.652387 -0.652283 -1.23514e-06 1.06248 1.06238 0.111397 0.110328 -2.46478e-86 -1.05174e-88 7.86008e-89 -0 
-9.67648 0.354222 -0.0368949 -1.24829e-06 0.652337 -0.652232 -1.24829e-06 1.06276 1.06267 0.111764 0.110685 -3.21296e-85 -1.37315e-87 1.02226e-87 -0 
-9.67279 0.354317 -0.0370139 -1.26158e-06 0.652287 -0.652182 -1.26158e-06 1.06305 1.06295 0.112131 0.111042 -6.11123e-85 -2.61591e-87 1.93995e-87 -0 
-9.66911 0.354412 -0.0371333 -1.27501e-06 0.652236 -0.652131 -1.27501e-06 1.06333 1.06323 0.1125 0.1114 -7.41324e-85 -3.17823e-87 2.34783e-87 -0 
-9.66542 0.354507 -0.037253 -1.28859e-06 0.652186 -0.65208 -1.28859e-06 1.06362 1.06352 0.112871 0.111759 -5.59091e-85 -2.40072e-87 1.76658e-87 -0 
-9.66174 0.354603 -0.037373 -1.3023e-06 0.652135 -0.652029 -1.3023e-06 1.06391 1.06381 0.113242 0.112119 8.82687e-86 3.79621e-88 -2.78255e-88 0 
-9.65805 0.354699 -0.0374934 -1.31616e-06 0.652084 -0.651978 -1.31616e-06 1.0642 1.0641 0.113614 0.11248 1.19433e-84 5.14459e-87 -3.75612e-87 0 
-9.65437 0.354796 -0.037614 -1.33016e-06 0.652033 -0.651926 -1.33016e-06 1.06449 1.06439 0.113987 0.112842 2.27722e-84 9.82463e-87 -7.14485e-87 0 
-9.65068 0.354893 -0.037735 -1.34431e-06 0.651982 -0.651875 -1.34431e-06 1.06478 1.06468 0.114362 0.113205 2.76666e-84 1.19551e-86 -8.65985e-87 0 
-9.647 0.354991 -0.0378564 -1.35861e-06 0.65193 -0.651823 -1.35861e-06 1.06508 1.06497 0.114737 0.113569 2.09236e-84 9.05562e-87 -6.53359e-87 0 
-9.64331 0.355089 -0.037978 -1.37306e-06 0.651879 -0.651771 -1.37306e-06 1.06537 1.06527 0.115114 0.113934 -3.15579e-85 -1.36797e-87 9.83053e-88 -0 
-9.63963 0.355187 -0.0381 -1.38766e-06 0.651827 -0.651719 -1.38766e-06 1.06567 1.06556 0.115492 0.1143 -4.43952e-84 -1.92748e-86 1.3796e-86 -0 
-9.63594 0.355286 -0.0382223 -1.40241e-06 0.651775 -0.651667 -1.40241e-06 1.06597 1.06586 0.11587 0.114667 -8.48551e-84 -3.68993e-86 2.63048e-86 -0 
-9.63226 0.355386 -0.038345 -1.41732e-06 0.651723 -0.651614 -1.41732e-06 1.06627 1.06616 0.11625 0.115035 -1.03252e-83 -4.49704e-86 3.19294e-86 -0 
-9.62857 0.355486 -0.038468 -1.43238e-06 0.651671 -0.651561 -1.43238e-06 1.06657 1.06646 0.116631 0.115404 -7.83036e-84 -3.41583e-86 2.41546e-86 -0 
-9.62489 0.355587 -0.0385913 -1.4476e-06 0.651618 -0.651509 -1.4476e-06 1.06688 1.06676 0.117014 0.115774 1.12621e-84 4.92066e-87 -3.46546e-87 0 
-9.6212 0.355688 -0.0387149 -1.46298e-06 0.651566 -0.651456 -1.46298e-06 1.06718 1.06706 0.117397 0.116145 1.65022e-83 7.22158e-86 -5.06518e-86 0 
-9.61752 0.355789 -0.0388389 -1.47852e-06 0.651513 -0.651403 -1.47852e-06 1.06749 1.06737 0.117781 0.116517 3.1619e-83 1.38589e-85 -9.68077e-86 0 
-9.61383 0.355891 -0.0389632 -1.49422e-06 0.65146 -0.651349 -1.49422e-06 1.06779 1.06767 0.118167 0.11689 3.85338e-83 1.69165e-85 -1.1768e-85 0 
-9.61015 0.355993 -0.0390878 -1.51009e-06 0.651407 -0.651296 -1.51009e-06 1.0681 1.06798 0.118553 0.117264 2.93034e-83 1.28848e-85 -8.92633e-86 0 
-9.60646 0.356096 -0.0392128 -1.52613e-06 0.651353 -0.651242 -1.52613e-06 1.06841 1.06829 0.118941 0.117638 -4.01118e-84 -1.76653e-86 1.21875e-86 -0 
-9.60278 0.3562 -0.0393381 -1.54233e-06 0.6513 -0.651188 -1.54233e-06 1.06872 1.0686 0.11933 0.118014 -6.13393e-83 -2.70569e-85 1.85892e-85 -0 
-9.59909 0.356304 -0.0394637 -1.5587e-06 0.651246 -0.651134 -1.5587e-06 1.06904 1.06891 0.11972 0.118391 -1.17819e-82 -5.20531e-85 3.56131e-85 -0 
-9.59541 0.356408 -0.0395897 -1.57524e-06 0.651192 -0.65108 -1.57524e-06 1.06935 1.06922 0.120111 0.118769 -1.43807e-82 -6.36358e-85 4.3355e-85 -0 
-9.59172 0.356513 -0.039716 -1.59195e-06 0.651138 -0.651026 -1.59195e-06 1.06967 1.06954 0.120503 0.119148 -1.09659e-82 -4.86024e-85 3.29733e-85 -0 
-9.58804 0.356618 -0.0398426 -1.60884e-06 0.651084 -0.650971 -1.60884e-06 1.06999 1.06986 0.120896 0.119528 1.42554e-83 6.32828e-86 -4.27512e-86 0 
-9.58435 0.356724 -0.0399696 -1.62591e-06 0.65103 -0.650916 -1.62591e-06 1.07031 1.07017 0.121291 0.119909 2.27997e-82 1.01374e-84 -6.81932e-85 0 
-9.58067 0.356831 -0.0400969 -1.64315e-06 0.650975 -0.650861 -1.64315e-06 1.07063 1.07049 0.121686 0.120291 4.39016e-82 1.95511e-84 -1.30957e-84 0 
-9.57699 0.356938 -0.0402246 -1.66058e-06 0.650921 -0.650806 -1.66058e-06 1.07095 1.07081 0.122083 0.120674 5.3668e-82 2.39386e-84 -1.59658e-84 0 
-9.5733 0.357045 -0.0403525 -1.67818e-06 0.650866 -0.650751 -1.67818e-06 1.07127 1.07114 0.122481 0.121058 4.10358e-82 1.83333e-84 -1.21747e-84 0 
-9.56962 0.357153 -0.0404809 -1.69597e-06 0.650811 -0.650696 -1.69597e-06 1.0716 1.07146 0.12288 0.121443 -5.0542e-83 -2.26164e-85 1.49542e-85 -0 
-9.56593 0.357261 -0.0406095 -1.71395e-06 0.650755 -0.65064 -1.71395e-06 1.07193 1.07178 0.12328 0.121829 -8.47448e-82 -3.79821e-84 2.50051e-84 -0 
-9.56225 0.35737 -0.0407385 -1.73211e-06 0.6507 -0.650584 -1.73211e-06 1.07226 1.07211 0.123682 0.122216 -1.63585e-81 -7.34349e-84 4.81344e-84 -0 
-9.55856 0.35748 -0.0408678 -1.75046e-06 0.650644 -0.650528 -1.75046e-06 1.07259 1.07244 0.124084 0.122604 -2.00285e-81 -9.00541e-84 5.87695e-84 -0 
-9.55488 0.35759 -0.0409975 -1.769e-06 0.650588 -0.650472 -1.769e-06 1.07292 1.07277 0.124488 0.122993 -1.53558e-81 -6.91548e-84 4.49322e-84 -0 
-9.55119 0.3577 -0.0411275 -1.78774e-06 0.650532 -0.650416 -1.78774e-06 1.07325 1.0731 0.124892 0.123383 1.78722e-82 8.06166e-85 -5.21481e-85 0 
-9.54751 0.357811 -0.0412578 -1.80667e-06 0.650476 -0.650359 -1.80667e-06 1.07359 1.07343 0.125298 0.123774 3.14985e-81 1.42309e-83 -9.16464e-84 0 
-9.54382 0.357923 -0.0413885 -1.8258e-06 0.65042 -0.650303 -1.8258e-06 1.07392 1.07377 0.125706 0.124166 6.09539e-81 2.75829e-83 -1.76842e-83 0 
-9.54014 0.358035 -0.0415196 -1.84513e-06 0.650363 -0.650246 -1.84513e-06 1.07426 1.07411 0.126114 0.124559 7.47444e-81 3.38776e-83 -2.16228e-83 0 
-9.53645 0.358148 -0.0416509 -1.86466e-06 0.650307 -0.650189 -1.86466e-06 1.0746 1.07444 0.126523 0.124953 5.74609e-81 2.60858e-83 -1.65748e-83 0 
-9.53277 0.358261 -0.0417826 -1.88439e-06 0.65025 -0.650131 -1.88439e-06 1.07494 1.07478 0.126934 0.125348 -6.30132e-82 -2.86523e-84 1.81234e-84 -0 
-9.52908 0.358375 -0.0419147 -1.90433e-06 0.650193 -0.650074 -1.90433e-06 1.07529 1.07512 0.127346 0.125744 -1.17073e-80 -5.33193e-83 3.35731e-83 -0 
-9.5254 0.358489 -0.0420471 -1.92447e-06 0.650136 -0.650016 -1.92447e-06 1.07563 1.07547 0.127758 0.126141 -2.27121e-80 -1.03605e-82 6.49391e-83 -0 
-9.52171 0.358604 -0.0421798 -1.94483e-06 0.650078 -0.649958 -1.94483e-06 1.07598 1.07581 0.128173 0.126539 -2.78937e-80 -1.27446e-82 7.95173e-83 -0 
-9.51803 0.358719 -0.0423129 -1.9654e-06 0.65002 -0.6499 -1.9654e-06 1.07633 1.07616 0.128588 0.126939 -2.15013e-80 -9.83976e-83 6.11111e-83 -0 
-9.51434 0.358835 -0.0424463 -1.98618e-06 0.649963 -0.649842 -1.98618e-06 1.07668 1.07651 0.129004 0.127339 2.21443e-81 1.01503e-83 -6.27491e-84 0 
-9.51066 0.358952 -0.04258 -2.00717e-06 0.649905 -0.649784 -2.00717e-06 1.07703 1.07686 0.129422 0.12774 4.35131e-80 1.99773e-82 -1.22927e-82 0 
-9.50697 0.359069 -0.0427141 -2.02839e-06 0.649846 -0.649725 -2.02839e-06 1.07738 1.07721 0.129841 0.128143 8.46273e-80 3.89159e-82 -2.38347e-82 0 
-9.50329 0.359186 -0.0428486 -2.04983e-06 0.649788 -0.649666 -2.04983e-06 1.07774 1.07756 0.130261 0.128546 1.04095e-79 4.79452e-82 -2.92275e-82 0 
-9.4996 0.359304 -0.0429834 -2.07148e-06 0.649729 -0.649608 -2.07148e-06 1.0781 1.07791 0.130682 0.12895 8.0454e-80 3.71162e-82 -2.25198e-82 0 
-9.49592 0.359423 -0.0431185 -2.09337e-06 0.649671 -0.649548 -2.09337e-06 1.07845 1.07827 0.131104 0.129356 -7.75339e-81 -3.58267e-83 2.16348e-83 -0 
-9.49223 0.359542 -0.043254 -2.11548e-06 0.649612 -0.649489 -2.11548e-06 1.07881 1.07863 0.131528 0.129762 -1.61724e-79 -7.48495e-82 4.49854e-82 -0 
-9.48855 0.359662 -0.0433898 -2.13782e-06 0.649553 -0.64943 -2.13782e-06 1.07918 1.07899 0.131953 0.13017 -3.15326e-79 -1.46176e-81 8.74348e-82 -0 
-9.48486 0.359783 -0.043526 -2.16039e-06 0.649493 -0.64937 -2.16039e-06 1.07954 1.07935 0.132379 0.130578 -3.88464e-79 -1.80371e-81 1.07372e-81 -0 
-9.48118 0.359904 -0.0436625 -2.1832e-06 0.649434 -0.64931 -2.1832e-06 1.07991 1.07971 0.132806 0.130988 -3.01039e-79 -1.40004e-81 8.29413e-82 -0 
-9.47749 0.360025 -0.0437993 -2.20624e-06 0.649374 -0.64925 -2.20624e-06 1.08027 1.08008 0.133234 0.131398 2.70339e-80 1.25929e-82 -7.42428e-83 0 
-9.47381 0.360147 -0.0439366 -2.22952e-06 0.649314 -0.64919 -2.22952e-06 1.08064 1.08044 0.133664 0.13181 6.01064e-79 2.8044e-81 -1.64534e-81 0 
-9.47012 0.36027 -0.0440741 -2.25304e-06 0.649254 -0.649129 -2.25304e-06 1.08101 1.08081 0.134095 0.132222 1.17492e-78 5.4907e-81 -3.20568e-81 0 
-9.46644 0.360394 -0.044212 -2.27681e-06 0.649194 -0.649068 -2.27681e-06 1.08139 1.08118 0.134527 0.132636 1.44967e-78 6.78563e-81 -3.9423e-81 0 
-9.46275 0.360517 -0.0443502 -2.30082e-06 0.649133 -0.649008 -2.30082e-06 1.08176 1.08155 0.13496 0.133051 1.12639e-78 5.28095e-81 -3.05301e-81 0 
-9.45907 0.360642 -0.0444888 -2.32509e-06 0.649073 -0.648946 -2.32509e-06 1.08214 1.08193 0.135395 0.133467 -9.38105e-80 -4.40531e-82 2.53419e-82 -0 
-9.45538 0.360767 -0.0446278 -2.3496e-06 0.649012 -0.648885 -2.3496e-06 1.08251 1.0823 0.13583 0.133883 -2.23388e-78 -1.05072e-80 6.0143e-81 -0 
-9.4517 0.360893 -0.0447671 -2.37437e-06 0.648951 -0.648824 -2.37437e-06 1.08289 1.08268 0.136267 0.134301 -4.37776e-78 -2.06244e-80 1.17464e-80 -0 
-9.44801 0.361019 -0.0449067 -2.39939e-06 0.64889 -0.648762 -2.39939e-06 1.08328 1.08306 0.136705 0.13472 -5.40984e-78 -2.55279e-80 1.44662e-80 -0 
-9.44433 0.361146 -0.0450467 -2.42467e-06 0.648828 -0.6487 -2.42467e-06 1.08366 1.08344 0.137144 0.13514 -4.21451e-78 -1.99196e-80 1.12311e-80 -0 
-9.44064 0.361273 -0.045187 -2.45022e-06 0.648766 -0.648638 -2.45022e-06 1.08404 1.08382 0.137585 0.135561 3.23745e-79 1.53264e-81 -8.59756e-82 0 
-9.43696 0.361401 -0.0453277 -2.47603e-06 0.648705 -0.648576 -2.47603e-06 1.08443 1.0842 0.138027 0.135983 8.30217e-78 3.93668e-80 -2.19709e-80 0 
-9.43328 0.36153 -0.0454687 -2.5021e-06 0.648643 -0.648514 -2.5021e-06 1.08482 1.08459 0.13847 0.136406 1.63115e-77 7.74703e-80 -4.30155e-80 0 
-9.42959 0.361659 -0.0456101 -2.52845e-06 0.64858 -0.648451 -2.52845e-06 1.08521 1.08498 0.138914 0.13683 2.01882e-77 9.60377e-80 -5.30507e-80 0 
-9.42591 0.361789 -0.0457518 -2.55507e-06 0.648518 -0.648388 -2.55507e-06 1.08561 1.08537 0.13936 0.137256 1.57687e-77 7.51353e-80 -4.12898e-80 0 
-9.42222 0.36192 -0.0458939 -2.58196e-06 0.648455 -0.648325 -2.58196e-06 1.086 1.08576 0.139806 0.137682 -1.11011e-78 -5.29805e-81 2.89635e-81 -0 
-9.41854 0.362051 -0.0460363 -2.60913e-06 0.648392 -0.648262 -2.60913e-06 1.0864 1.08615 0.140254 0.138109 -3.08543e-77 -1.47493e-79 8.02107e-80 -0 
-9.41485 0.362183 -0.0461791 -2.63658e-06 0.648329 -0.648198 -2.63658e-06 1.0868 1.08655 0.140703 0.138537 -6.0776e-77 -2.90998e-79 1.57422e-79 -0 
-9.41117 0.362315 -0.0463222 -2.66432e-06 0.648266 -0.648135 -2.66432e-06 1.0872 1.08695 0.141154 0.138967 -7.53367e-77 -3.613e-79 1.94423e-79 -0 
-9.40748 0.362448 -0.0464657 -2.69234e-06 0.648203 -0.648071 -2.69234e-06 1.0876 1.08735 0.141606 0.139397 -5.8998e-77 -2.83402e-79 1.51696e-79 -0 
-9.4038 0.362582 -0.0466095 -2.72065e-06 0.648139 -0.648007 -2.72065e-06 1.088 1.08775 0.142059 0.139829 3.7777e-78 1.81759e-80 -9.6771e-81 0 
-9.40011 0.362716 -0.0467537 -2.74925e-06 0.648075 -0.647943 -2.74925e-06 1.08841 1.08815 0.142513 0.140261 1.14665e-76 5.52592e-79 -2.92631e-79 0 
-9.39643 0.362851 -0.0468983 -2.77815e-06 0.648011 -0.647878 -2.77815e-06 1.08882 1.08855 0.142968 0.140695 2.26448e-76 1.09306e-78 -5.75725e-79 0 
-9.39274 0.362987 -0.0470431 -2.80735e-06 0.647947 -0.647813 -2.80735e-06 1.08923 1.08896 0.143425 0.14113 2.81134e-76 1.35923e-78 -7.12046e-79 0 
-9.38906 0.363123 -0.0471884 -2.83684e-06 0.647883 -0.647749 -2.83684e-06 1.08964 1.08937 0.143883 0.141565 2.20735e-76 1.06894e-78 -5.56928e-79 0 
-9.38537 0.36326 -0.047334 -2.86664e-06 0.647818 -0.647684 -2.86664e-06 1.09005 1.08978 0.144342 0.142002 -1.27388e-77 -6.17899e-80 3.20169e-80 -0 
-9.38169 0.363398 -0.0474799 -2.89675e-06 0.647753 -0.647618 -2.89675e-06 1.09047 1.09019 0.144803 0.14244 -4.26129e-76 -2.07029e-78 1.06684e-78 -0 
-9.378 0.363536 -0.0476262 -2.92717e-06 0.647688 -0.647553 -2.92717e-06 1.09089 1.09061 0.145265 0.142879 -8.43724e-76 -4.10578e-78 2.10404e-78 -0 
-9.37432 0.363675 -0.0477728 -2.9579e-06 0.647623 -0.647487 -2.9579e-06 1.09131 1.09102 0.145728 0.143319 -1.0491e-75 -5.11349e-78 2.60589e-78 -0 
-9.37063 0.363814 -0.0479198 -2.98895e-06 0.647557 -0.647421 -2.98895e-06 1.09173 1.09144 0.146192 0.14376 -8.25839e-76 -4.0318e-78 2.04316e-78 -0 
-9.36695 0.363955 -0.0480672 -3.02032e-06 0.647492 -0.647355 -3.02032e-06 1.09216 1.09186 0.146657 0.144202 4.24807e-77 2.0773e-79 -1.04678e-79 0 
-9.36326 0.364095 -0.0482149 -3.05201e-06 0.647426 -0.647289 -3.05201e-06 1.09258 1.09229 0.147124 0.144645 1.58359e-75 7.75627e-78 -3.88642e-78 0 
-9.35958 0.364237 -0.048363 -3.08403e-06 0.64736 -0.647222 -3.08403e-06 1.09301 1.09271 0.147592 0.145089 3.14362e-75 1.54222e-77 -7.68366e-78 0 
-9.35589 0.364379 -0.0485114 -3.11637e-06 0.647293 -0.647156 -3.11637e-06 1.09344 1.09314 0.148062 0.145534 3.91488e-75 1.9237e-77 -9.52956e-78 0 
-9.35221 0.364522 -0.0486601 -3.14905e-06 0.647227 -0.647089 -3.14905e-06 1.09387 1.09357 0.148533 0.145981 3.08967e-75 1.52067e-77 -7.48977e-78 0 
-9.34852 0.364666 -0.0488093 -3.18207e-06 0.64716 -0.647022 -3.18207e-06 1.09431 1.094 0.149005 0.146428 -1.39701e-76 -6.88692e-79 3.37243e-79 -0 
-9.34484 0.36481 -0.0489587 -3.21542e-06 0.647093 -0.646954 -3.21542e-06 1.09475 1.09443 0.149478 0.146876 -5.88484e-75 -2.9058e-77 1.41466e-77 -0 
-9.34115 0.364955 -0.0491086 -3.24912e-06 0.647026 -0.646887 -3.24912e-06 1.09518 1.09486 0.149953 0.147326 -1.17127e-74 -5.79284e-77 2.80372e-77 -0 
-9.33747 0.3651 -0.0492587 -3.28316e-06 0.646959 -0.646819 -3.28316e-06 1.09563 1.0953 0.150428 0.147776 -1.46089e-74 -7.23694e-77 3.4821e-77 -0 
-9.33378 0.365247 -0.0494093 -3.31756e-06 0.646891 -0.646751 -3.31756e-06 1.09607 1.09574 0.150906 0.148228 -1.1559e-74 -5.73539e-77 2.74331e-77 -0 
-9.3301 0.365394 -0.0495602 -3.3523e-06 0.646823 -0.646683 -3.3523e-06 1.09651 1.09618 0.151384 0.148681 4.51245e-76 2.24263e-78 -1.06631e-78 0 
-9.32641 0.365541 -0.0497114 -3.3874e-06 0.646755 -0.646614 -3.3874e-06 1.09696 1.09662 0.151864 0.149134 2.18686e-74 1.0886e-76 -5.14506e-77 0 
-9.32273 0.36569 -0.049863 -3.42287e-06 0.646687 -0.646546 -3.42287e-06 1.09741 1.09707 0.152345 0.149589 4.36396e-74 2.17587e-76 -1.0222e-76 0 
-9.31904 0.365839 -0.050015 -3.45869e-06 0.646619 -0.646477 -3.45869e-06 1.09786 1.09752 0.152827 0.150045 5.45146e-74 2.7225e-76 -1.27127e-76 0 
-9.31536 0.365989 -0.0501673 -3.49489e-06 0.64655 -0.646408 -3.49489e-06 1.09832 1.09797 0.153311 0.150502 4.32436e-74 2.16312e-76 -1.00393e-76 0 
-9.31167 0.366139 -0.0503199 -3.53145e-06 0.646481 -0.646339 -3.53145e-06 1.09877 1.09842 0.153796 0.15096 -1.42305e-75 -7.12989e-78 3.28882e-78 -0 
-9.30799 0.36629 -0.0504729 -3.56839e-06 0.646412 -0.646269 -3.56839e-06 1.09923 1.09887 0.154282 0.151419 -8.12639e-74 -4.07814e-76 1.86956e-76 -0 
-9.3043 0.366442 -0.0506263 -3.60571e-06 0.646343 -0.646199 -3.60571e-06 1.09969 1.09933 0.15477 0.151879 -1.62593e-73 -8.17276e-76 3.72348e-76 -0 
-9.30062 0.366595 -0.05078 -3.64341e-06 0.646274 -0.646129 -3.64341e-06 1.10015 1.09978 0.155259 0.15234 -2.03425e-73 -1.02418e-75 4.63705e-76 -0 
-9.29693 0.366748 -0.0509341 -3.6815e-06 0.646204 -0.646059 -3.6815e-06 1.10062 1.10025 0.155749 0.152803 -1.61776e-73 -8.15806e-76 3.6705e-76 -0 
-9.29325 0.366902 -0.0510886 -3.71998e-06 0.646134 -0.645989 -3.71998e-06 1.10109 1.10071 0.156241 0.153266 4.33939e-75 2.19181e-77 -9.79931e-78 0 
-9.28957 0.367057 -0.0512434 -3.75885e-06 0.646064 -0.645918 -3.75885e-06 1.10156 1.10117 0.156733 0.15373 3.01972e-73 1.52772e-75 -6.78693e-76 0 
-9.28588 0.367213 -0.0513985 -3.79812e-06 0.645993 -0.645848 -3.79812e-06 1.10203 1.10164 0.157228 0.154196 6.05787e-73 3.06972e-75 -1.35503e-75 0 
-9.2822 0.367369 -0.051554 -3.83779e-06 0.645923 -0.645777 -3.83779e-06 1.1025 1.10211 0.157723 0.154662 7.59093e-73 3.85279e-75 -1.68977e-75 0 
-9.27851 0.367526 -0.0517099 -3.87787e-06 0.645852 -0.645705 -3.87787e-06 1.10298 1.10258 0.15822 0.15513 6.05201e-73 3.07668e-75 -1.34066e-75 0 
-9.27483 0.367684 -0.0518661 -3.91835e-06 0.645781 -0.645634 -3.91835e-06 1.10346 1.10305 0.158718 0.155599 -1.25788e-74 -6.40505e-77 2.77286e-77 -0 
-9.27114 0.367843 -0.0520226 -3.95925e-06 0.64571 -0.645562 -3.95925e-06 1.10394 1.10353 0.159218 0.156068 -1.12209e-72 -5.72286e-75 2.46132e-75 -0 
-9.26746 0.368002 -0.0521796 -4.00057e-06 0.645638 -0.64549 -4.00057e-06 1.10442 1.10401 0.159719 0.156539 -2.25702e-72 -1.15298e-74 4.92615e-75 -0 
-9.26377 0.368162 -0.0523369 -4.04231e-06 0.645567 -0.645418 -4.04231e-06 1.10491 1.10449 0.160221 0.157011 -2.83258e-72 -1.44933e-74 6.15132e-75 -0 
-9.26009 0.368323 -0.0524945 -4.08448e-06 0.645495 -0.645346 -4.08448e-06 1.10539 1.10497 0.160725 0.157484 -2.264e-72 -1.16028e-74 4.89169e-75 -0 
-9.2564 0.368484 -0.0526525 -4.12707e-06 0.645423 -0.645273 -4.12707e-06 1.10588 1.10545 0.16123 0.157958 3.3486e-74 1.7189e-76 -7.19815e-77 0 
-9.25272 0.368647 -0.0528108 -4.1701e-06 0.64535 -0.645201 -4.1701e-06 1.10638 1.10594 0.161736 0.158433 4.16948e-72 2.14373e-74 -8.91652e-75 0 
-9.24903 0.36881 -0.0529695 -4.21357e-06 0.645278 -0.645128 -4.21357e-06 1.10687 1.10643 0.162243 0.158909 8.40905e-72 4.33046e-74 -1.78895e-74 0 
-9.24535 0.368974 -0.0531286 -4.25749e-06 0.645205 -0.645054 -4.25749e-06 1.10737 1.10692 0.162752 0.159386 1.05698e-71 5.45197e-74 -2.23683e-74 0 
-9.24166 0.369138 -0.053288 -4.30185e-06 0.645132 -0.644981 -4.30185e-06 1.10787 1.10742 0.163263 0.159864 8.46928e-72 4.37555e-74 -1.78283e-74 0 
-9.23798 0.369304 -0.0534478 -4.34666e-06 0.645059 -0.644907 -4.34666e-06 1.10837 1.10791 0.163774 0.160344 -7.48799e-74 -3.87481e-76 1.56785e-76 -0 
-9.23429 0.36947 -0.0536079 -4.39193e-06 0.644985 -0.644833 -4.39193e-06 1.10888 1.10841 0.164287 0.160824 -1.54927e-71 -8.02991e-74 3.22643e-74 -0 
-9.23061 0.369637 -0.0537684 -4.43766e-06 0.644912 -0.644759 -4.43766e-06 1.10938 1.10891 0.164802 0.161305 -3.13297e-71 -1.62644e-73 6.48911e-74 -0 
-9.22692 0.369805 -0.0539292 -4.48386e-06 0.644838 -0.644685 -4.48386e-06 1.10989 1.10941 0.165318 0.161788 -3.9441e-71 -2.05082e-73 8.12436e-74 -0 
-9.22324 0.369973 -0.0540904 -4.53053e-06 0.644764 -0.64461 -4.53053e-06 1.1104 1.10992 0.165835 0.162271 -3.16817e-71 -1.65001e-73 6.48994e-74 -0 
-9.21955 0.370143 -0.0542519 -4.57767e-06 0.644689 -0.644535 -4.57767e-06 1.11092 1.11043 0.166353 0.162756 9.30234e-74 4.85252e-76 -1.89493e-76 0 
-9.21587 0.370313 -0.0544138 -4.6253e-06 0.644615 -0.64446 -4.6253e-06 1.11144 1.11094 0.166873 0.163242 5.75657e-71 3.00771e-73 -1.16604e-73 0 
-9.21218 0.370484 -0.0545761 -4.6734e-06 0.64454 -0.644385 -4.6734e-06 1.11196 1.11145 0.167394 0.163729 1.16725e-70 6.10846e-73 -2.3509e-73 0 
-9.2085 0.370656 -0.0547387 -4.722e-06 0.644465 -0.64431 -4.722e-06 1.11248 1.11197 0.167917 0.164216 1.47172e-70 7.71422e-73 -2.94713e-73 0 
-9.20481 0.370828 -0.0549016 -4.77109e-06 0.64439 -0.644234 -4.77109e-06 1.113 1.11248 0.168441 0.164705 1.18512e-70 6.22192e-73 -2.35947e-73 0 
-9.20113 0.371002 -0.055065 -4.82068e-06 0.644314 -0.644158 -4.82068e-06 1.11353 1.113 0.168966 0.165195 3.46687e-73 1.82304e-75 -6.86188e-76 0 
-9.19744 0.371176 -0.0552286 -4.87077e-06 0.644238 -0.644082 -4.87077e-06 1.11406 1.11353 0.169493 0.165686 -2.13891e-70 -1.12654e-72 4.20851e-73 -0 
-9.19376 0.371351 -0.0553926 -4.92137e-06 0.644162 -0.644005 -4.92137e-06 1.11459 1.11405 0.170021 0.166178 -4.34876e-70 -2.2941e-72 8.50562e-73 -0 
-9.19007 0.371527 -0.055557 -4.97249e-06 0.644086 -0.643929 -4.97249e-06 1.11512 1.11458 0.170551 0.166671 -5.49164e-70 -2.90164e-72 1.06764e-72 -0 
-9.18639 0.371703 -0.0557218 -5.02412e-06 0.64401 -0.643852 -5.02412e-06 1.11566 1.11511 0.171081 0.167166 -4.43312e-70 -2.34609e-72 8.56617e-73 -0 
-9.1827 0.371881 -0.0558868 -5.07628e-06 0.643933 -0.643775 -5.07628e-06 1.1162 1.11564 0.171614 0.167661 -3.87618e-72 -2.05463e-74 7.4441e-75 -0 
-9.17902 0.372059 -0.0560523 -5.12897e-06 0.643856 -0.643697 -5.12897e-06 1.11674 1.11618 0.172147 0.168157 7.94718e-70 4.21926e-72 -1.51679e-72 0 
-9.17533 0.372238 -0.0562181 -5.18219e-06 0.643779 -0.64362 -5.18219e-06 1.11729 1.11672 0.172683 0.168655 1.62019e-69 8.61551e-72 -3.07295e-72 0 
-9.17165 0.372419 -0.0563842 -5.23595e-06 0.643702 -0.643542 -5.23595e-06 1.11784 1.11726 0.173219 0.169153 2.04915e-69 1.0914e-71 -3.86203e-72 0 
-9.16796 0.372599 -0.0565507 -5.29026e-06 0.643624 -0.643464 -5.29026e-06 1.11839 1.1178 0.173757 0.169653 1.65824e-69 8.84602e-72 -3.10537e-72 0 
-9.16428 0.372781 -0.0567176 -5.34511e-06 0.643546 -0.643385 -5.34511e-06 1.11894 1.11834 0.174296 0.170153 2.40768e-71 1.28644e-73 -4.4798e-74 0 
-9.16059 0.372964 -0.0568848 -5.40052e-06 0.643468 -0.643307 -5.40052e-06 1.11949 1.11889 0.174837 0.170655 -2.95274e-69 -1.58018e-71 5.45827e-72 -0 
-9.15691 0.373147 -0.0570523 -5.4565e-06 0.64339 -0.643228 -5.4565e-06 1.12005 1.11944 0.175379 0.171157 -6.03618e-69 -3.23545e-71 1.10849e-71 -0 
-9.15322 0.373332 -0.0572202 -5.51303e-06 0.643311 -0.643149 -5.51303e-06 1.12061 1.11999 0.175922 0.171661 -7.64619e-69 -4.10495e-71 1.39484e-71 -0 
-9.14954 0.373517 -0.0573885 -5.57015e-06 0.643233 -0.64307 -5.57015e-06 1.12118 1.12055 0.176467 0.172166 -6.20269e-69 -3.33528e-71 1.12393e-71 -0 
-9.14586 0.373703 -0.0575571 -5.62783e-06 0.643154 -0.64299 -5.62783e-06 1.12174 1.12111 0.177014 0.172672 -1.25623e-70 -6.76568e-73 2.26091e-73 -0 
-9.14217 0.37389 -0.0577261 -5.68611e-06 0.643074 -0.642911 -5.68611e-06 1.12231 1.12167 0.177561 0.173179 1.09706e-68 5.91778e-71 -1.96093e-71 0 
-9.13849 0.374078 -0.0578954 -5.74497e-06 0.642995 -0.642831 -5.74497e-06 1.12288 1.12223 0.17811 0.173687 2.24883e-68 1.21499e-70 -3.9919e-71 0 
-9.1348 0.374266 -0.058065 -5.80442e-06 0.642915 -0.64275 -5.80442e-06 1.12346 1.1228 0.178661 0.174196 2.85307e-68 1.54389e-70 -5.02914e-71 0 
-9.13112 0.374456 -0.0582351 -5.86448e-06 0.642835 -0.64267 -5.86448e-06 1.12403 1.12337 0.179213 0.174706 2.32009e-68 1.25746e-70 -4.0608e-71 0 
-9.12743 0.374646 -0.0584054 -5.92514e-06 0.642755 -0.642589 -5.92514e-06 1.12461 1.12394 0.179766 0.175217 6.01948e-70 3.26765e-72 -1.04607e-72 0 
-9.12375 0.374838 -0.0585761 -5.98642e-06 0.642675 -0.642508 -5.98642e-06 1.1252 1.12451 0.180321 0.175729 -4.07591e-68 -2.21609e-70 7.03212e-71 -0 
-9.12006 0.37503 -0.0587472 -6.04831e-06 0.642594 -0.642427 -6.04831e-06 1.12578 1.12509 0.180878 0.176242 -8.37814e-68 -4.56242e-70 1.43495e-70 -0 
-9.11638 0.375223 -0.0589186 -6.11083e-06 0.642513 -0.642346 -6.11083e-06 1.12637 1.12567 0.181435 0.176756 -1.06458e-67 -5.80643e-70 1.80991e-70 -0 
-9.11269 0.375417 -0.0590904 -6.17398e-06 0.642432 -0.642264 -6.17398e-06 1.12696 1.12625 0.181994 0.177272 -8.67803e-68 -4.74064e-70 1.4644e-70 -0 
-9.10901 0.375612 -0.0592625 -6.23776e-06 0.64235 -0.642182 -6.23776e-06 1.12756 1.12684 0.182555 0.177788 -2.74191e-69 -1.50021e-71 4.59211e-72 -0 
-9.10532 0.375808 -0.059435 -6.30219e-06 0.642269 -0.6421 -6.30219e-06 1.12815 1.12742 0.183117 0.178305 1.5143e-67 8.29838e-70 -2.51684e-70 0 
-9.10164 0.376005 -0.0596078 -6.36727e-06 0.642187 -0.642018 -6.36727e-06 1.12875 1.12801 0.18368 0.178824 3.1213e-67 1.71317e-69 -5.14789e-70 0 
-9.09795 0.376202 -0.0597809 -6.433e-06 0.642105 -0.641935 -6.433e-06 1.12936 1.12861 0.184245 0.179343 3.97227e-67 2.18365e-69 -6.50044e-70 0 
-9.09427 0.376401 -0.0599544 -6.49939e-06 0.642022 -0.641852 -6.49939e-06 1.12996 1.1292 0.184811 0.179864 3.24587e-67 1.78713e-69 -5.26996e-70 0 
-9.09058 0.376601 -0.0601283 -6.56645e-06 0.64194 -0.641769 -6.56645e-06 1.13057 1.1298 0.185379 0.180385 1.20766e-68 6.65965e-71 -1.94516e-71 0 
-9.0869 0.376801 -0.0603025 -6.63419e-06 0.641857 -0.641686 -6.63419e-06 1.13118 1.1304 0.185948 0.180908 -5.62587e-67 -3.10724e-69 8.98861e-70 -0 
-9.08321 0.377002 -0.060477 -6.70261e-06 0.641774 -0.641602 -6.70261e-06 1.1318 1.13101 0.186519 0.181432 -1.16284e-66 -6.43256e-69 1.84279e-69 -0 
-9.07953 0.377205 -0.0606519 -6.77171e-06 0.64169 -0.641518 -6.77171e-06 1.13241 1.13161 0.187091 0.181956 -1.48217e-66 -8.2118e-69 2.32951e-69 -0 
-9.07584 0.377408 -0.0608272 -6.84151e-06 0.641607 -0.641434 -6.84151e-06 1.13303 1.13222 0.187665 0.182482 -1.21404e-66 -6.73676e-69 1.89221e-69 -0 
-9.07216 0.377612 -0.0610028 -6.91202e-06 0.641523 -0.64135 -6.91202e-06 1.13366 1.13284 0.18824 0.183009 -5.19322e-68 -2.88623e-70 8.026e-71 -0 
-9.06847 0.377818 -0.0611787 -6.98322e-06 0.641438 -0.641265 -6.98322e-06 1.13428 1.13345 0.188816 0.183537 2.09006e-66 1.1634e-68 -3.20261e-69 0 
-9.06479 0.378024 -0.061355 -7.05515e-06 0.641354 -0.64118 -7.05515e-06 1.13491 1.13407 0.189394 0.184066 4.33214e-66 2.41517e-68 -6.58089e-69 0 
-9.0611 0.378231 -0.0615316 -7.12779e-06 0.641269 -0.641095 -7.12779e-06 1.13554 1.13469 0.189974 0.184595 5.53036e-66 3.08797e-68 -8.32774e-69 0 
-9.05742 0.378439 -0.0617085 -7.20117e-06 0.641185 -0.641009 -7.20117e-06 1.13618 1.13532 0.190555 0.185126 4.54075e-66 2.53934e-68 -6.77713e-69 0 
-9.05373 0.378648 -0.0618858 -7.27528e-06 0.641099 -0.640924 -7.27528e-06 1.13682 1.13594 0.191137 0.185658 2.1935e-67 1.22858e-69 -3.24453e-70 0 
-9.05005 0.378858 -0.0620635 -7.35013e-06 0.641014 -0.640838 -7.35013e-06 1.13746 1.13657 0.191721 0.186191 -7.76461e-66 -4.35569e-68 1.13811e-68 -0 
-9.04636 0.379069 -0.0622415 -7.42574e-06 0.640928 -0.640752 -7.42574e-06 1.1381 1.13721 0.192306 0.186725 -1.61392e-65 -9.06756e-68 2.34393e-68 -0 
-9.04268 0.379281 -0.0624198 -7.5021e-06 0.640843 -0.640665 -7.5021e-06 1.13875 1.13784 0.192893 0.18726 -2.06351e-65 -1.16114e-67 2.96905e-68 -0 
-9.03899 0.379494 -0.0625985 -7.57922e-06 0.640756 -0.640579 -7.57922e-06 1.1394 1.13848 0.193481 0.187796 -1.69831e-65 -9.57114e-68 2.42059e-68 -0 
-9.03531 0.379708 -0.0627775 -7.65712e-06 0.64067 -0.640492 -7.65712e-06 1.14005 1.13912 0.194071 0.188333 -9.13657e-67 -5.15703e-69 1.28983e-69 -0 
-9.03162 0.379923 -0.0629568 -7.7358e-06 0.640583 -0.640405 -7.7358e-06 1.14071 1.13977 0.194662 0.188871 2.88451e-65 1.63063e-67 -4.03282e-68 0 
-9.02794 0.380139 -0.0631365 -7.81526e-06 0.640497 -0.640317 -7.81526e-06 1.14137 1.14042 0.195254 0.18941 6.01254e-65 3.40415e-67 -8.32392e-68 0 
-9.02425 0.380356 -0.0633166 -7.89552e-06 0.640409 -0.64023 -7.89552e-06 1.14203 1.14107 0.195849 0.189951 7.69941e-65 4.36591e-67 -1.05537e-67 0 
-9.02057 0.380574 -0.0634969 -7.97658e-06 0.640322 -0.640142 -7.97658e-06 1.1427 1.14172 0.196444 0.190492 6.3518e-65 3.60727e-67 -8.61907e-68 0 
-9.01688 0.380793 -0.0636776 -8.05846e-06 0.640234 -0.640054 -8.05846e-06 1.14337 1.14238 0.197041 0.191034 3.76348e-66 2.1406e-68 -5.0549e-69 0 
-9.0132 0.381013 -0.0638587 -8.14114e-06 0.640146 -0.639965 -8.14114e-06 1.14404 1.14304 0.19764 0.191577 -1.07156e-64 -6.10414e-67 1.42441e-67 -0 
-9.00951 0.381234 -0.0640401 -8.22466e-06 0.640058 -0.639876 -8.22466e-06 1.14472 1.1437 0.19824 0.192121 -2.23991e-64 -1.27792e-66 2.94636e-67 -0 
-9.00583 0.381456 -0.0642218 -8.30901e-06 0.63997 -0.639787 -8.30901e-06 1.1454 1.14437 0.198842 0.192666 -2.8728e-64 -1.64149e-66 3.7388e-67 -0 
-9.00215 0.381679 -0.0644038 -8.3942e-06 0.639881 -0.639698 -8.3942e-06 1.14608 1.14504 0.199445 0.193212 -2.37558e-64 -1.35945e-66 3.05846e-67 -0 
-8.99846 0.381904 -0.0645862 -8.48024e-06 0.639792 -0.639609 -8.48024e-06 1.14676 1.14571 0.200049 0.19376 -1.53617e-65 -8.80426e-68 1.95619e-68 -0 
-8.99478 0.382129 -0.064769 -8.56713e-06 0.639703 -0.639519 -8.56713e-06 1.14745 1.14639 0.200655 0.194308 3.98061e-64 2.28487e-66 -5.01291e-67 0 
-8.99109 0.382355 -0.064952 -8.6549e-06 0.639613 -0.639429 -8.6549e-06 1.14814 1.14706 0.201263 0.194857 8.34451e-64 4.797e-66 -1.03906e-66 0 
-8.98741 0.382582 -0.0651354 -8.74354e-06 0.639524 -0.639339 -8.74354e-06 1.14884 1.14775 0.201872 0.195407 1.07189e-63 6.1713e-66 -1.31953e-66 0 
-8.98372 0.38281 -0.0653191 -8.83306e-06 0.639434 -0.639248 -8.83306e-06 1.14954 1.14843 0.202483 0.195958 8.88458e-64 5.12293e-66 -1.08108e-66 0 
-8.98004 0.38304 -0.0655032 -8.92347e-06 0.639343 -0.639158 -8.92347e-06 1.15024 1.14912 0.203095 0.196511 6.22289e-65 3.59359e-67 -7.48324e-68 0 
-8.97635 0.38327 -0.0656876 -9.01478e-06 0.639253 -0.639066 -9.01478e-06 1.15095 1.14981 0.203708 0.197064 -1.47868e-63 -8.55192e-66 1.75699e-66 -0 
-8.97267 0.383502 -0.0658723 -9.107e-06 0.639162 -0.638975 -9.107e-06 1.15165 1.15051 0.204324 0.197618 -3.10862e-63 -1.80057e-65 3.64907e-66 -0 
-8.96898 0.383734 -0.0660573 -9.20014e-06 0.639071 -0.638884 -9.20014e-06 1.15237 1.1512 0.20494 0.198173 -3.99938e-63 -2.31999e-65 4.63706e-66 -0 
-8.9653 0.383968 -0.0662427 -9.2942e-06 0.63898 -0.638792 -9.2942e-06 1.15308 1.1519 0.205558 0.198729 -3.32274e-63 -1.93037e-65 3.80449e-66 -0 
-8.96161 0.384203 -0.0664284 -9.38919e-06 0.638888 -0.6387 -9.38919e-06 1.1538 1.15261 0.206178 0.199286 -2.5047e-64 -1.4573e-66 2.83152e-67 -0 
-8.95793 0.384438 -0.0666145 -9.48514e-06 0.638796 -0.638607 -9.48514e-06 1.15452 1.15332 0.206799 0.199845 5.49276e-63 3.2006e-65 -6.12953e-66 0 
-8.95424 0.384675 -0.0668008 -9.58203e-06 0.638704 -0.638515 -9.58203e-06 1.15525 1.15403 0.207422 0.200404 1.15806e-62 6.75802e-65 -1.27541e-65 0 
-8.95056 0.384913 -0.0669875 -9.67988e-06 0.638612 -0.638422 -9.67988e-06 1.15598 1.15474 0.208046 0.200964 1.49222e-62 8.72101e-65 -1.62157e-65 0 
-8.94687 0.385152 -0.0671745 -9.77871e-06 0.638519 -0.638329 -9.77871e-06 1.15671 1.15546 0.208672 0.201525 1.24265e-62 7.27325e-65 -1.33211e-65 0 
-8.94319 0.385392 -0.0673618 -9.87851e-06 0.638426 -0.638235 -9.87851e-06 1.15745 1.15618 0.209299 0.202087 1.00261e-63 5.87696e-66 -1.06e-66 0 
-8.9395 0.385634 -0.0675495 -9.97931e-06 0.638333 -0.638142 -9.97931e-06 1.15819 1.1569 0.209928 0.20265 -2.04032e-62 -1.19774e-64 2.12694e-65 -0 
-8.93582 0.385876 -0.0677375 -1.00811e-05 0.63824 -0.638048 -1.00811e-05 1.15893 1.15763 0.210559 0.203214 -4.31412e-62 -2.53629e-64 4.43328e-65 -0 
-8.93213 0.38612 -0.0679258 -1.01839e-05 0.638146 -0.637953 -1.01839e-05 1.15968 1.15836 0.21119 0.203779 -5.56762e-62 -3.27806e-64 5.63853e-65 -0 
-8.92845 0.386364 -0.0681144 -1.02877e-05 0.638052 -0.637859 -1.02877e-05 1.16043 1.15909 0.211824 0.204345 -4.64724e-62 -2.74019e-64 4.63703e-65 -0 
-8.92476 0.38661 -0.0683034 -1.03926e-05 0.637958 -0.637764 -1.03926e-05 1.16118 1.15983 0.212459 0.204911 -3.99423e-63 -2.35861e-65 3.92562e-66 -0 
-8.92108 0.386857 -0.0684927 -1.04985e-05 0.637863 -0.637669 -1.04985e-05 1.16194 1.16057 0.213095 0.205479 7.57872e-62 4.48184e-64 -7.33464e-65 0 
-8.91739 0.387105 -0.0686822 -1.06054e-05 0.637769 -0.637574 -1.06054e-05 1.1627 1.16131 0.213733 0.206048 1.60713e-61 9.51799e-64 -1.53114e-64 0 
-8.91371 0.387354 -0.0688721 -1.07134e-05 0.637674 -0.637478 -1.07134e-05 1.16346 1.16206 0.214373 0.206618 2.07732e-61 1.23206e-63 -1.94768e-64 0 
-8.91002 0.387604 -0.0690624 -1.08224e-05 0.637578 -0.637382 -1.08224e-05 1.16423 1.16281 0.215014 0.207189 1.73794e-61 1.03228e-63 -1.60311e-64 0 
-8.90634 0.387856 -0.0692529 -1.09326e-05 0.637483 -0.637286 -1.09326e-05 1.165 1.16357 0.215657 0.20776 1.58462e-62 9.42579e-65 -1.43756e-65 0 
-8.90265 0.388108 -0.0694438 -1.10438e-05 0.637387 -0.63719 -1.10438e-05 1.16578 1.16432 0.216301 0.208333 -2.81504e-61 -1.67691e-63 2.51081e-64 -0 
-8.89897 0.388362 -0.0696349 -1.11561e-05 0.637291 -0.637093 -1.11561e-05 1.16656 1.16509 0.216947 0.208906 -5.98693e-61 -3.57156e-63 5.2482e-64 -0 
-8.89528 0.388617 -0.0698264 -1.12695e-05 0.637194 -0.636996 -1.12695e-05 1.16734 1.16585 0.217594 0.209481 -7.75059e-61 -4.63037e-63 6.67514e-64 -0 
-8.8916 0.388873 -0.0700182 -1.13841e-05 0.637098 -0.636899 -1.13841e-05 1.16813 1.16662 0.218243 0.210056 -6.49931e-61 -3.88843e-63 5.49728e-64 -0 
-8.88791 0.38913 -0.0702103 -1.14997e-05 0.637001 -0.636801 -1.14997e-05 1.16892 1.16739 0.218894 0.210633 -6.26349e-62 -3.75274e-64 5.20096e-65 -0 
-8.88423 0.389389 -0.0704028 -1.16166e-05 0.636903 -0.636704 -1.16166e-05 1.16971 1.16817 0.219546 0.21121 1.0456e-60 6.27364e-63 -8.52003e-64 0 
-8.88054 0.389648 -0.0705955 -1.17345e-05 0.636806 -0.636606 -1.17345e-05 1.17051 1.16894 0.220199 0.211788 2.23026e-60 1.34009e-62 -1.78262e-63 0 
-8.87686 0.389909 -0.0707885 -1.18536e-05 0.636708 -0.636507 -1.18536e-05 1.17131 1.16973 0.220854 0.212367 2.89177e-60 1.74005e-62 -2.26621e-63 0 
-8.87317 0.390171 -0.0709819 -1.19739e-05 0.63661 -0.636409 -1.19739e-05 1.17212 1.17051 0.221511 0.212947 2.43048e-60 1.46457e-62 -1.86665e-63 0 
-8.86949 0.390434 -0.0711755 -1.20954e-05 0.636512 -0.63631 -1.20954e-05 1.17293 1.1713 0.222169 0.213528 2.46767e-61 1.4891e-63 -1.85645e-64 0 
-8.8658 0.390698 -0.0713695 -1.22181e-05 0.636413 -0.636211 -1.22181e-05 1.17374 1.1721 0.222829 0.21411 -3.8836e-60 -2.34686e-62 2.86047e-63 -0 
-8.86212 0.390964 -0.0715638 -1.2342e-05 0.636314 -0.636111 -1.2342e-05 1.17456 1.17289 0.223491 0.214693 -8.30815e-60 -5.02773e-62 5.98805e-63 -0 
-8.85843 0.391231 -0.0717583 -1.24671e-05 0.636215 -0.636012 -1.24671e-05 1.17538 1.17369 0.224154 0.215277 -1.07892e-59 -6.5384e-62 7.60519e-63 -0 
-8.85475 0.391499 -0.0719532 -1.25934e-05 0.636116 -0.635912 -1.25934e-05 1.17621 1.1745 0.224818 0.215862 -9.0889e-60 -5.51576e-62 6.2621e-63 -0 
-8.85107 0.391768 -0.0721484 -1.2721e-05 0.636016 -0.635811 -1.2721e-05 1.17703 1.1753 0.225484 0.216447 -9.69367e-61 -5.89105e-63 6.52412e-64 -0 
-8.84738 0.392038 -0.0723439 -1.28498e-05 0.635916 -0.635711 -1.28498e-05 1.17787 1.17612 0.226152 0.217034 1.44243e-59 8.77826e-62 -9.47712e-63 0 
-8.8437 0.39231 -0.0725397 -1.29799e-05 0.635816 -0.63561 -1.29799e-05 1.1787 1.17693 0.226821 0.217621 3.09492e-59 1.88613e-61 -1.98376e-62 0 
-8.84001 0.392583 -0.0727357 -1.31112e-05 0.635715 -0.635509 -1.31112e-05 1.17954 1.17775 0.227492 0.218209 4.02543e-59 2.45663e-61 -2.51537e-62 0 
-8.83633 0.392857 -0.0729321 -1.32439e-05 0.635614 -0.635407 -1.32439e-05 1.18039 1.17857 0.228165 0.218798 3.39879e-59 2.07709e-61 -2.0689e-62 0 
-8.83264 0.393132 -0.0731288 -1.33778e-05 0.635513 -0.635306 -1.33778e-05 1.18124 1.1794 0.228839 0.219388 3.79791e-60 2.32423e-62 -2.25031e-63 0 
-8.82896 0.393409 -0.0733257 -1.35131e-05 0.635412 -0.635204 -1.35131e-05 1.18209 1.18023 0.229515 0.219979 -5.3573e-59 -3.28309e-61 3.08721e-62 -0 
-8.82527 0.393687 -0.073523 -1.36496e-05 0.63531 -0.635102 -1.36496e-05 1.18295 1.18106 0.230192 0.220571 -1.1529e-58 -7.07503e-61 6.4558e-62 -0 
-8.82159 0.393966 -0.0737206 -1.37876e-05 0.635208 -0.634999 -1.37876e-05 1.18381 1.1819 0.230871 0.221164 -1.50187e-58 -9.22929e-61 8.16434e-62 -0 
-8.8179 0.394246 -0.0739184 -1.39268e-05 0.635106 -0.634896 -1.39268e-05 1.18467 1.18274 0.231551 0.221757 -1.27095e-58 -7.82098e-61 6.70059e-62 -0 
-8.81422 0.394528 -0.0741165 -1.40674e-05 0.635004 -0.634793 -1.40674e-05 1.18554 1.18358 0.232233 0.222352 -1.48445e-59 -9.14729e-62 7.58196e-63 -0 
-8.81053 0.394811 -0.074315 -1.42094e-05 0.634901 -0.63469 -1.42094e-05 1.18641 1.18443 0.232917 0.222947 1.9897e-58 1.22774e-60 -9.83425e-62 0 
-8.80685 0.395095 -0.0745137 -1.43528e-05 0.634798 -0.634586 -1.43528e-05 1.18729 1.18529 0.233602 0.223543 4.29468e-58 2.65364e-60 -2.0516e-61 0 
-8.80316 0.395381 -0.0747127 -1.44976e-05 0.634694 -0.634482 -1.44976e-05 1.18817 1.18614 0.234289 0.22414 5.60339e-58 3.46699e-60 -2.58376e-61 0 
-8.79948 0.395668 -0.074912 -1.46438e-05 0.634591 -0.634378 -1.46438e-05 1.18906 1.187 0.234977 0.224738 4.75257e-58 2.94455e-60 -2.11231e-61 0 
-8.79579 0.395956 -0.0751115 -1.47914e-05 0.634487 -0.634273 -1.47914e-05 1.18995 1.18787 0.235667 0.225337 5.78956e-59 3.59189e-61 -2.47652e-62 0 
-8.79211 0.396245 -0.0753114 -1.49405e-05 0.634382 -0.634169 -1.49405e-05 1.19084 1.18874 0.236359 0.225937 -7.38956e-58 -4.59072e-60 3.03715e-61 -0 
-8.78842 0.396536 -0.0755115 -1.5091e-05 0.634278 -0.634064 -1.5091e-05 1.19174 1.18961 0.237052 0.226537 -1.5998e-57 -9.95202e-60 6.30649e-61 -0 
-8.78474 0.396828 -0.075712 -1.5243e-05 0.634173 -0.633958 -1.5243e-05 1.19264 1.19048 0.237747 0.227138 -2.09057e-57 -1.30224e-59 7.88885e-61 -0 
-8.78105 0.397121 -0.0759127 -1.53964e-05 0.634068 -0.633853 -1.53964e-05 1.19355 1.19136 0.238443 0.227741 -1.77714e-57 -1.10848e-59 6.40572e-61 -0 
-8.77737 0.397416 -0.0761136 -1.55514e-05 0.633963 -0.633747 -1.55514e-05 1.19446 1.19225 0.239141 0.228344 -2.25355e-58 -1.40751e-60 7.74094e-62 -0 
-8.77368 0.397712 -0.0763149 -1.57078e-05 0.633857 -0.63364 -1.57078e-05 1.19537 1.19314 0.239841 0.228947 2.74436e-57 1.71633e-59 -8.96028e-61 0 
-8.77 0.398009 -0.0765164 -1.58658e-05 0.633751 -0.633534 -1.58658e-05 1.19629 1.19403 0.240542 0.229552 5.95935e-57 3.73193e-59 -1.8441e-60 0 
-8.76631 0.398308 -0.0767182 -1.60253e-05 0.633645 -0.633427 -1.60253e-05 1.19722 1.19492 0.241245 0.230157 7.7997e-57 4.89085e-59 -2.28019e-60 0 
-8.76263 0.398607 -0.0769203 -1.61864e-05 0.633538 -0.63332 -1.61864e-05 1.19814 1.19582 0.24195 0.230764 6.64518e-57 4.17238e-59 -1.82869e-60 0 
-8.75894 0.398909 -0.0771226 -1.6349e-05 0.633431 -0.633213 -1.6349e-05 1.19908 1.19673 0.242656 0.231371 8.75588e-58 5.50484e-60 -2.2589e-61 0 
-8.75526 0.399211 -0.0773253 -1.65132e-05 0.633324 -0.633105 -1.65132e-05 1.20001 1.19763 0.243364 0.231979 -1.01919e-56 -6.416e-59 2.45351e-60 -0 
-8.75157 0.399515 -0.0775281 -1.6679e-05 0.633217 -0.632997 -1.6679e-05 1.20095 1.19855 0.244073 0.232587 -2.21988e-56 -1.39928e-58 4.95982e-60 -0 
-8.74789 0.399821 -0.0777313 -1.68464e-05 0.633109 -0.632889 -1.68464e-05 1.2019 1.19946 0.244784 0.233197 -2.90996e-56 -1.83665e-58 5.99664e-60 -0 
-8.7442 0.400128 -0.0779347 -1.70154e-05 0.633001 -0.63278 -1.70154e-05 1.20285 1.20038 0.245497 0.233807 -2.48477e-56 -1.57031e-58 4.68795e-60 -0 
-8.74052 0.400436 -0.0781384 -1.71861e-05 0.632893 -0.632671 -1.71861e-05 1.2038 1.20131 0.246211 0.234418 -3.39632e-57 -2.14915e-59 5.81487e-61 -0 
-8.73683 0.400745 -0.0783423 -1.73584e-05 0.632784 -0.632562 -1.73584e-05 1.20476 1.20224 0.246927 0.23503 3.78491e-56 2.39812e-58 -5.81756e-60 0 
-8.73315 0.401056 -0.0785465 -1.75324e-05 0.632675 -0.632453 -1.75324e-05 1.20573 1.20317 0.247644 0.235643 8.26904e-56 5.24597e-58 -1.1258e-59 0 
-8.72946 0.401368 -0.078751 -1.77081e-05 0.632566 -0.632343 -1.77081e-05 1.20669 1.20411 0.248364 0.236256 1.08566e-55 6.89632e-58 -1.28693e-59 0 
-8.72578 0.401682 -0.0789557 -1.78854e-05 0.632457 -0.632233 -1.78854e-05 1.20767 1.20505 0.249084 0.236871 9.29094e-56 5.90927e-58 -9.3727e-60 0 
-8.72209 0.401997 -0.0791607 -1.80645e-05 0.632347 -0.632122 -1.80645e-05 1.20864 1.20599 0.249807 0.237486 1.31537e-56 8.37668e-59 -1.094e-60 0 
-8.71841 0.402313 -0.079366 -1.82453e-05 0.632237 -0.632012 -1.82453e-05 1.20962 1.20694 0.250531 0.238101 -1.40555e-55 -8.96225e-58 9.19381e-60 -0 
-8.71472 0.402631 -0.0795714 -1.84278e-05 0.632127 -0.631901 -1.84278e-05 1.21061 1.20789 0.251257 0.238718 -3.0802e-55 -1.96649e-57 1.46617e-59 -0 
-8.71104 0.402951 -0.0797772 -1.86122e-05 0.632016 -0.63179 -1.86122e-05 1.2116 1.20885 0.251984 0.239335 -4.0504e-55 -2.58914e-57 1.20453e-59 -0 
-8.70736 0.403271 -0.0799832 -1.87982e-05 0.631905 -0.631678 -1.87982e-05 1.2126 1.20981 0.252713 0.239953 -3.47398e-55 -2.22343e-57 4.10842e-60 -0 
-8.70367 0.403593 -0.0801894 -1.89861e-05 0.631794 -0.631566 -1.89861e-05 1.2136 1.21078 0.253444 0.240572 -5.08709e-56 -3.2599e-58 -3.12174e-61 -0 
-8.69999 0.403917 -0.0803959 -1.91758e-05 0.631682 -0.631454 -1.91758e-05 1.2146 1.21175 0.254176 0.241191 5.21951e-55 3.34889e-57 1.26052e-59 0 
-8.6963 0.404242 -0.0806026 -1.93673e-05 0.631571 -0.631342 -1.93673e-05 1.21561 1.21273 0.25491 0.241812 1.14736e-54 7.37062e-57 4.84351e-59 0 
-8.69262 0.404568 -0.0808096 -1.95607e-05 0.631458 -0.631229 -1.95607e-05 1.21663 1.21371 0.255646 0.242433 1.51112e-54 9.71933e-57 9.11654e-59 0 
-8.68893 0.404896 -0.0810168 -1.97559e-05 0.631346 -0.631116 -1.97559e-05 1.21764 1.21469 0.256383 0.243054 1.29893e-54 8.36476e-57 1.0196e-58 0 
-8.68525 0.405225 -0.0812243 -1.9953e-05 0.631233 -0.631003 -1.9953e-05 1.21867 1.21568 0.257122 0.243677 1.96479e-55 1.2668e-57 1.90018e-59 0 
-8.68156 0.405556 -0.081432 -2.0152e-05 0.63112 -0.630889 -2.0152e-05 1.2197 1.21667 0.257862 0.2443 -1.93822e-54 -1.25118e-56 -2.22854e-58 -0 
-8.67788 0.405888 -0.0816399 -2.03529e-05 0.631007 -0.630775 -2.03529e-05 1.22073 1.21767 0.258604 0.244924 -4.27381e-54 -2.76221e-56 -5.69687e-58 -0 
-8.67419 0.406222 -0.0818481 -2.05557e-05 0.630893 -0.630661 -2.05557e-05 1.22177 1.21867 0.259348 0.245548 -5.63766e-54 -3.64804e-56 -8.55039e-58 -0 
-8.67051 0.406557 -0.0820565 -2.07605e-05 0.630779 -0.630547 -2.07605e-05 1.22281 1.21967 0.260094 0.246174 -4.8567e-54 -3.14645e-56 -8.26053e-58 -0 
-8.66682 0.406894 -0.0822652 -2.09673e-05 0.630665 -0.630432 -2.09673e-05 1.22386 1.22068 0.260841 0.2468 -7.57924e-55 -4.9161e-57 -1.4291e-58 -0 
-8.66314 0.407232 -0.082474 -2.1176e-05 0.630551 -0.630317 -2.1176e-05 1.22491 1.2217 0.26159 0.247426 7.1972e-54 4.67382e-56 1.49037e-57 0 
-8.65945 0.407572 -0.0826831 -2.13867e-05 0.630436 -0.630201 -2.13867e-05 1.22597 1.22272 0.26234 0.248054 1.59195e-53 1.03502e-55 3.5922e-57 0 
-8.65577 0.407913 -0.0828924 -2.15994e-05 0.630321 -0.630086 -2.15994e-05 1.22703 1.22374 0.263093 0.248682 2.10327e-53 1.36906e-55 5.13765e-57 0 
-8.65208 0.408256 -0.083102 -2.18142e-05 0.630205 -0.62997 -2.18142e-05 1.2281 1.22477 0.263847 0.249311 1.81589e-53 1.18338e-55 4.77475e-57 0 
-8.6484 0.4086 -0.0833118 -2.20311e-05 0.63009 -0.629853 -2.20311e-05 1.22917 1.2258 0.264602 0.24994 2.92036e-54 1.90535e-56 8.22565e-58 0 
-8.64471 0.408945 -0.0835218 -2.225e-05 0.629974 -0.629737 -2.225e-05 1.23025 1.22684 0.265359 0.25057 -2.67249e-53 -1.74564e-55 -8.02921e-57 -0 
-8.64103 0.409293 -0.083732 -2.2471e-05 0.629857 -0.62962 -2.2471e-05 1.23133 1.22788 0.266118 0.251201 -5.9298e-53 -3.87774e-55 -1.89318e-56 -0 
-8.63734 0.409641 -0.0839424 -2.26941e-05 0.629741 -0.629502 -2.26941e-05 1.23242 1.22892 0.266879 0.251832 -7.84671e-53 -5.13715e-55 -2.65329e-56 -0 
-8.63366 0.409991 -0.0841531 -2.29193e-05 0.629624 -0.629385 -2.29193e-05 1.23351 1.22998 0.267641 0.252464 -6.7894e-53 -4.45e-55 -2.42426e-56 -0 
-8.62997 0.410343 -0.0843639 -2.31467e-05 0.629506 -0.629267 -2.31467e-05 1.23461 1.23103 0.268405 0.253097 -1.12403e-53 -7.37562e-56 -4.22683e-57 -0 
-8.62629 0.410696 -0.084575 -2.33762e-05 0.629389 -0.629149 -2.33762e-05 1.23571 1.23209 0.26917 0.25373 9.92331e-53 6.51876e-55 3.92038e-56 0 
-8.6226 0.411051 -0.0847863 -2.3608e-05 0.629271 -0.62903 -2.3608e-05 1.23682 1.23315 0.269938 0.254364 2.20876e-52 1.45259e-54 9.14745e-56 0 
-8.61892 0.411408 -0.0849978 -2.38419e-05 0.629153 -0.628912 -2.38419e-05 1.23793 1.23422 0.270707 0.254999 2.92738e-52 1.92733e-54 1.26835e-55 0 
-8.61523 0.411766 -0.0852095 -2.40781e-05 0.629034 -0.628793 -2.40781e-05 1.23905 1.2353 0.271477 0.255634 2.53844e-52 1.67312e-54 1.14852e-55 0 
-8.61155 0.412125 -0.0854214 -2.43165e-05 0.628916 -0.628673 -2.43165e-05 1.24017 1.23638 0.272249 0.25627 4.32198e-53 2.85181e-55 2.03859e-56 0 
-8.60786 0.412486 -0.0856335 -2.45572e-05 0.628797 -0.628554 -2.45572e-05 1.2413 1.23746 0.273023 0.256906 -3.68457e-52 -2.43389e-54 -1.80897e-55 -0 
-8.60418 0.412849 -0.0858458 -2.48002e-05 0.628677 -0.628434 -2.48002e-05 1.24244 1.23855 0.273799 0.257543 -8.22719e-52 -5.44049e-54 -4.19822e-55 -0 
-8.60049 0.413213 -0.0860583 -2.50455e-05 0.628557 -0.628313 -2.50455e-05 1.24358 1.23964 0.274576 0.258181 -1.09211e-51 -7.22974e-54 -5.78452e-55 -0 
-8.59681 0.413579 -0.0862709 -2.52931e-05 0.628437 -0.628193 -2.52931e-05 1.24472 1.24074 0.275356 0.258819 -9.49066e-52 -6.28956e-54 -5.21126e-55 -0 
-8.59312 0.413946 -0.0864838 -2.55431e-05 0.628317 -0.628072 -2.55431e-05 1.24587 1.24184 0.276136 0.259457 -1.66026e-52 -1.10145e-54 -9.43978e-56 -0 
-8.58944 0.414315 -0.0866969 -2.57954e-05 0.628197 -0.62795 -2.57954e-05 1.24703 1.24295 0.276919 0.260097 1.36807e-51 9.0857e-54 8.04563e-55 0 
-8.58575 0.414686 -0.0869102 -2.60502e-05 0.628076 -0.627829 -2.60502e-05 1.24819 1.24406 0.277703 0.260737 3.06445e-51 2.03734e-53 1.86221e-54 0 
-8.58207 0.415058 -0.0871236 -2.63073e-05 0.627954 -0.627707 -2.63073e-05 1.24935 1.24518 0.278489 0.261377 4.07429e-51 2.71155e-53 2.55584e-54 0 
-8.57838 0.415432 -0.0873373 -2.65669e-05 0.627833 -0.627585 -2.65669e-05 1.25052 1.2463 0.279276 0.262018 3.5483e-51 2.36396e-53 2.29571e-54 0 
-8.5747 0.415807 -0.0875511 -2.68289e-05 0.627711 -0.627462 -2.68289e-05 1.2517 1.24742 0.280065 0.26266 6.37207e-52 4.24964e-54 4.24838e-55 0 
-8.57101 0.416184 -0.0877651 -2.70934e-05 0.627589 -0.62734 -2.70934e-05 1.25288 1.24855 0.280856 0.263302 -5.07945e-51 -3.39106e-53 -3.48703e-54 -0 
-8.56733 0.416563 -0.0879793 -2.73605e-05 0.627466 -0.627217 -2.73605e-05 1.25407 1.24969 0.281649 0.263945 -1.14143e-50 -7.62806e-53 -8.06222e-54 -0 
-8.56365 0.416944 -0.0881937 -2.763e-05 0.627343 -0.627093 -2.763e-05 1.25526 1.25083 0.282443 0.264588 -1.51997e-50 -1.01681e-52 -1.1038e-53 -0 
-8.55996 0.417325 -0.0884082 -2.79021e-05 0.62722 -0.626969 -2.79021e-05 1.25646 1.25198 0.283239 0.265232 -1.32659e-50 -8.88346e-53 -9.89809e-54 -0 
-8.55628 0.417709 -0.0886229 -2.81768e-05 0.627097 -0.626845 -2.81768e-05 1.25766 1.25313 0.284037 0.265876 -2.44354e-51 -1.63795e-53 -1.87202e-54 -0 
-8.55259 0.418094 -0.0888378 -2.8454e-05 0.626973 -0.626721 -2.8454e-05 1.25887 1.25428 0.284836 0.266521 1.88589e-50 1.26541e-52 1.48256e-53 0 
-8.54891 0.418481 -0.0890529 -2.87339e-05 0.626849 -0.626596 -2.87339e-05 1.26009 1.25545 0.285637 0.267166 4.25153e-50 2.85555e-52 3.42762e-53 0 
-8.54522 0.41887 -0.0892681 -2.90164e-05 0.626725 -0.626471 -2.90164e-05 1.26131 1.25661 0.28644 0.267812 5.6704e-50 3.81228e-52 4.68564e-53 0 
-8.54154 0.41926 -0.0894834 -2.93015e-05 0.6266 -0.626346 -2.93015e-05 1.26254 1.25778 0.287245 0.268458 4.95962e-50 3.33767e-52 4.19835e-53 0 
-8.53785 0.419652 -0.089699 -2.95894e-05 0.626475 -0.626221 -2.95894e-05 1.26377 1.25896 0.288051 0.269105 9.36299e-51 6.30712e-53 8.11518e-54 0 
-8.53417 0.420046 -0.0899147 -2.98799e-05 0.62635 -0.626095 -2.98799e-05 1.26501 1.26014 0.288859 0.269752 -7.0017e-50 -4.72104e-52 -6.21051e-53 -0 
-8.53048 0.420441 -0.0901305 -3.01732e-05 0.626224 -0.625968 -3.01732e-05 1.26625 1.26132 0.289669 0.270399 -1.58357e-49 -1.06877e-51 -1.4368e-52 -0 
-8.5268 0.420838 -0.0903465 -3.04692e-05 0.626098 -0.625842 -3.04692e-05 1.2675 1.26252 0.29048 0.271048 -2.11539e-49 -1.42906e-51 -1.96243e-52 -0 
-8.52311 0.421237 -0.0905627 -3.07681e-05 0.625972 -0.625715 -3.07681e-05 1.26875 1.26371 0.291293 0.271696 -1.85419e-49 -1.25378e-51 -1.75797e-52 -0 
-8.51943 0.421637 -0.090779 -3.10697e-05 0.625845 -0.625588 -3.10697e-05 1.27002 1.26491 0.292108 0.272345 -3.58495e-50 -2.42637e-52 -3.47229e-53 -0 
-8.51574 0.422039 -0.0909955 -3.13741e-05 0.625719 -0.62546 -3.13741e-05 1.27128 1.26612 0.292925 0.272995 2.59944e-49 1.76099e-51 2.57109e-52 0 
-8.51206 0.422443 -0.0912121 -3.16814e-05 0.625591 -0.625333 -3.16814e-05 1.27255 1.26733 0.293743 0.273645 5.89827e-49 3.99944e-51 5.95521e-52 0 
-8.50837 0.422849 -0.0914288 -3.19916e-05 0.625464 -0.625204 -3.19916e-05 1.27383 1.26855 0.294563 0.274295 7.89161e-49 5.35594e-51 8.13046e-52 0 
-8.50469 0.423256 -0.0916457 -3.23047e-05 0.625336 -0.625076 -3.23047e-05 1.27512 1.26977 0.295385 0.274946 6.93192e-49 4.70885e-51 7.28493e-52 0 
-8.501 0.423665 -0.0918627 -3.26207e-05 0.625208 -0.624947 -3.26207e-05 1.27641 1.271 0.296208 0.275597 1.37164e-49 9.32591e-52 1.4699e-52 0 
-8.49732 0.424076 -0.0920799 -3.29397e-05 0.625079 -0.624818 -3.29397e-05 1.2777 1.27223 0.297033 0.276249 -9.65043e-49 -6.56723e-51 -1.0542e-51 -0 
-8.49363 0.424488 -0.0922971 -3.32617e-05 0.624951 -0.624689 -3.32617e-05 1.279 1.27347 0.29786 0.276901 -2.1969e-48 -1.49633e-50 -2.44557e-51 -0 
-8.48995 0.424903 -0.0925146 -3.35866e-05 0.624822 -0.624559 -3.35866e-05 1.28031 1.27471 0.298689 0.277553 -2.944e-48 -2.00694e-50 -3.33863e-51 -0 
-8.48626 0.425319 -0.0927321 -3.39146e-05 0.624692 -0.624429 -3.39146e-05 1.28163 1.27596 0.299519 0.278206 -2.59147e-48 -1.76815e-50 -2.99301e-51 -0 
-8.48258 0.425737 -0.0929498 -3.42457e-05 0.624562 -0.624299 -3.42457e-05 1.28295 1.27721 0.300351 0.278859 -5.24452e-49 -3.58137e-51 -6.16698e-52 -0 
-8.47889 0.426156 -0.0931676 -3.45798e-05 0.624432 -0.624168 -3.45798e-05 1.28427 1.27847 0.301185 0.279513 3.58262e-48 2.44857e-50 4.28798e-51 0 
-8.47521 0.426577 -0.0933855 -3.49171e-05 0.624302 -0.624037 -3.49171e-05 1.2856 1.27973 0.30202 0.280166 8.18259e-48 5.59715e-50 9.96578e-51 0 
-8.47152 0.427001 -0.0936035 -3.52575e-05 0.624171 -0.623906 -3.52575e-05 1.28694 1.281 0.302858 0.280821 1.09826e-47 7.51871e-50 1.36076e-50 0 
-8.46784 0.427426 -0.0938216 -3.56011e-05 0.62404 -0.623774 -3.56011e-05 1.28829 1.28228 0.303697 0.281475 9.68801e-48 6.63787e-50 1.22083e-50 0 
-8.46415 0.427852 -0.0940399 -3.59479e-05 0.623909 -0.623642 -3.59479e-05 1.28964 1.28356 0.304537 0.28213 2.00397e-48 1.37417e-50 2.56775e-51 0 
-8.46047 0.428281 -0.0942582 -3.62979e-05 0.623777 -0.62351 -3.62979e-05 1.29099 1.28484 0.30538 0.282785 -1.32998e-47 -9.12732e-50 -1.73237e-50 -0 
-8.45678 0.428711 -0.0944767 -3.66511e-05 0.623645 -0.623377 -3.66511e-05 1.29236 1.28613 0.306224 0.283441 -3.04768e-47 -2.09322e-49 -4.03461e-50 -0 
-8.4531 0.429143 -0.0946953 -3.70076e-05 0.623513 -0.623244 -3.70076e-05 1.29372 1.28743 0.30707 0.284097 -4.09707e-47 -2.81618e-49 -5.51117e-50 -0 
-8.44941 0.429577 -0.094914 -3.73675e-05 0.623381 -0.623111 -3.73675e-05 1.2951 1.28873 0.307918 0.284753 -3.62173e-47 -2.4914e-49 -4.94916e-50 -0 
-8.44573 0.430013 -0.0951327 -3.77306e-05 0.623248 -0.622978 -3.77306e-05 1.29648 1.29004 0.308767 0.28541 -7.65266e-48 -5.26836e-50 -1.06214e-50 -0 
-8.44204 0.43045 -0.0953516 -3.80972e-05 0.623114 -0.622844 -3.80972e-05 1.29787 1.29135 0.309618 0.286066 4.93716e-47 3.40151e-49 6.95838e-50 0 
-8.43836 0.43089 -0.0955705 -3.84671e-05 0.622981 -0.62271 -3.84671e-05 1.29926 1.29267 0.310471 0.286723 1.13513e-46 7.82649e-49 1.62424e-49 0 
-8.43467 0.431331 -0.0957896 -3.88405e-05 0.622847 -0.622575 -3.88405e-05 1.30066 1.294 0.311326 0.287381 1.5284e-46 1.05459e-48 2.21991e-49 0 
-8.43099 0.431774 -0.0960087 -3.92173e-05 0.622713 -0.62244 -3.92173e-05 1.30207 1.29532 0.312182 0.288038 1.35392e-46 9.34887e-49 1.99572e-49 0 
-8.4273 0.432219 -0.0962279 -3.95976e-05 0.622578 -0.622305 -3.95976e-05 1.30348 1.29666 0.31304 0.288696 2.92066e-47 2.0182e-49 4.36836e-50 0 
-8.42362 0.432666 -0.0964472 -3.99814e-05 0.622443 -0.62217 -3.99814e-05 1.3049 1.298 0.3139 0.289354 -1.83273e-46 -1.26734e-48 -2.78091e-49 -0 
-8.41994 0.433115 -0.0966666 -4.03687e-05 0.622308 -0.622034 -4.03687e-05 1.30633 1.29935 0.314762 0.290013 -4.22782e-46 -2.92564e-48 -6.50699e-49 -0 
-8.41625 0.433565 -0.0968861 -4.07597e-05 0.622173 -0.621898 -4.07597e-05 1.30776 1.3007 0.315625 0.290671 -5.70162e-46 -3.94827e-48 -8.89945e-49 -0 
-8.41257 0.434018 -0.0971056 -4.11542e-05 0.622037 -0.621761 -4.11542e-05 1.3092 1.30206 0.31649 0.29133 -5.0613e-46 -3.50729e-48 -8.01044e-49 -0 
-8.40888 0.434472 -0.0973252 -4.15524e-05 0.621901 -0.621624 -4.15524e-05 1.31065 1.30342 0.317357 0.291989 -1.11406e-46 -7.72526e-49 -1.78756e-49 -0 
-8.4052 0.434928 -0.0975449 -4.19542e-05 0.621764 -0.621487 -4.19542e-05 1.3121 1.30479 0.318226 0.292648 6.80312e-46 4.72069e-48 1.10649e-48 0 
-8.40151 0.435386 -0.0977646 -4.23597e-05 0.621627 -0.62135 -4.23597e-05 1.31356 1.30616 0.319096 0.293308 1.57465e-45 1.09338e-47 2.59566e-48 0 
-8.39783 0.435846 -0.0979844 -4.2769e-05 0.62149 -0.621212 -4.2769e-05 1.31502 1.30754 0.319968 0.293967 2.12695e-45 1.47784e-47 3.55284e-48 0 
-8.39414 0.436308 -0.0982042 -4.3182e-05 0.621353 -0.621074 -4.3182e-05 1.3165 1.30893 0.320842 0.294627 1.89203e-45 1.31546e-47 3.20213e-48 0 
-8.39046 0.436772 -0.0984241 -4.35989e-05 0.621215 -0.620936 -4.35989e-05 1.31797 1.31032 0.321718 0.295287 4.24722e-46 2.95482e-48 7.28191e-49 0 
-8.38677 0.437238 -0.0986441 -4.40196e-05 0.621077 -0.620797 -4.40196e-05 1.31946 1.31172 0.322595 0.295947 -2.52526e-45 -1.75794e-47 -4.38546e-48 -0 
-8.38309 0.437706 -0.0988641 -4.44441e-05 0.620938 -0.620658 -4.44441e-05 1.32095 1.31312 0.323474 0.296607 -5.86476e-45 -4.08522e-47 -1.03149e-47 -0 
-8.3794 0.438175 -0.0990841 -4.48726e-05 0.6208 -0.620518 -4.48726e-05 1.32245 1.31453 0.324355 0.297268 -7.93437e-45 -5.5302e-47 -1.41312e-47 -0 
-8.37572 0.438647 -0.0993042 -4.53049e-05 0.62066 -0.620379 -4.53049e-05 1.32396 1.31594 0.325238 0.297928 -7.07271e-45 -4.93257e-47 -1.27539e-47 -0 
-8.37203 0.43912 -0.0995243 -4.57411e-05 0.620521 -0.620239 -4.57411e-05 1.32547 1.31736 0.326122 0.298589 -1.61838e-45 -1.12934e-47 -2.95445e-48 -0 
-8.36835 0.439596 -0.0997445 -4.61812e-05 0.620381 -0.620098 -4.61812e-05 1.32699 1.31879 0.327008 0.29925 9.37329e-45 6.54461e-47 1.73208e-47 0 
-8.36466 0.440073 -0.0999647 -4.66253e-05 0.620241 -0.619958 -4.66253e-05 1.32852 1.32022 0.327896 0.29991 2.1843e-44 1.52598e-46 4.08522e-47 0 
-8.36098 0.440553 -0.100185 -4.70736e-05 0.620101 -0.619817 -4.70736e-05 1.33005 1.32166 0.328786 0.300571 2.95982e-44 2.06892e-46 5.602e-47 0 
-8.35729 0.441034 -0.100405 -4.75261e-05 0.61996 -0.619675 -4.75261e-05 1.33159 1.3231 0.329677 0.301232 2.64386e-44 1.84907e-46 5.06337e-47 0 
-8.35361 0.441517 -0.100626 -4.7983e-05 0.619819 -0.619534 -4.7983e-05 1.33314 1.32455 0.330571 0.301894 6.1638e-45 4.31317e-47 1.19432e-47 0 
-8.34992 0.442002 -0.100846 -4.84443e-05 0.619678 -0.619392 -4.84443e-05 1.33469 1.32601 0.331466 0.302555 -3.4791e-44 -2.4358e-46 -6.81965e-47 -0 
-8.34624 0.44249 -0.101066 -4.891e-05 0.619536 -0.619249 -4.891e-05 1.33625 1.32747 0.332362 0.303216 -8.13524e-44 -5.69861e-46 -1.61302e-46 -0 
-8.34255 0.442979 -0.101286 -4.93796e-05 0.619394 -0.619107 -4.93796e-05 1.33782 1.32894 0.333261 0.303877 -1.10412e-43 -7.73808e-46 -2.21418e-46 -0 
-8.33887 0.44347 -0.101507 -4.98529e-05 0.619252 -0.618964 -4.98529e-05 1.3394 1.33041 0.334161 0.304539 -9.88294e-44 -6.92974e-46 -2.0043e-46 -0 
-8.33518 0.443963 -0.101727 -5.03296e-05 0.619109 -0.61882 -5.03296e-05 1.34098 1.33189 0.335063 0.3052 -2.34646e-44 -1.64609e-46 -4.81199e-47 -0 
-8.3315 0.444459 -0.101948 -5.08095e-05 0.618966 -0.618677 -5.08095e-05 1.34257 1.33338 0.335967 0.305861 1.2913e-43 9.06303e-46 2.67749e-46 0 
-8.32781 0.444956 -0.102168 -5.12935e-05 0.618823 -0.618533 -5.12935e-05 1.34416 1.33487 0.336873 0.306523 3.02988e-43 2.1275e-45 6.3514e-46 0 
-8.32413 0.445455 -0.102388 -5.17829e-05 0.618679 -0.618388 -5.17829e-05 1.34577 1.33637 0.33778 0.307184 4.11874e-43 2.89336e-45 8.72789e-46 0 
-8.32044 0.445957 -0.102609 -5.22788e-05 0.618535 -0.618244 -5.22788e-05 1.34738 1.33787 0.338689 0.307846 3.69426e-43 2.59631e-45 7.91284e-46 0 
-8.31676 0.44646 -0.102829 -5.27827e-05 0.618391 -0.618099 -5.27827e-05 1.349 1.33938 0.3396 0.308507 8.92867e-44 6.2777e-46 1.93289e-46 0 
-8.31307 0.446965 -0.103049 -5.32952e-05 0.618246 -0.617953 -5.32952e-05 1.35062 1.3409 0.340513 0.309168 -4.79269e-43 -3.37112e-45 -1.04852e-45 -0 
-8.30939 0.447473 -0.10327 -5.38135e-05 0.618101 -0.617808 -5.38135e-05 1.35226 1.34242 0.341427 0.30983 -1.12844e-42 -7.94049e-45 -2.49465e-45 -0 
-8.3057 0.447982 -0.10349 -5.43329e-05 0.617956 -0.617662 -5.43329e-05 1.3539 1.34395 0.342344 0.310491 -1.53642e-42 -1.08156e-44 -3.43192e-45 -0 
-8.30202 0.448494 -0.10371 -5.48489e-05 0.61781 -0.617516 -5.48489e-05 1.35554 1.34549 0.343262 0.311152 -1.38091e-42 -9.72455e-45 -3.11638e-45 -0 
-8.29833 0.449007 -0.103931 -5.53568e-05 0.617664 -0.617369 -5.53568e-05 1.3572 1.34703 0.344182 0.311813 -3.39605e-43 -2.39243e-45 -7.74245e-46 -0 
-8.29465 0.449523 -0.104151 -5.58532e-05 0.617518 -0.617222 -5.58532e-05 1.35886 1.34857 0.345103 0.312474 1.77876e-42 1.25354e-44 4.0964e-45 0 
-8.29096 0.450041 -0.104371 -5.63419e-05 0.617371 -0.617075 -5.63419e-05 1.36053 1.35013 0.346027 0.313135 4.20268e-42 2.96276e-44 9.77586e-45 0 
-8.28728 0.450561 -0.104591 -5.683e-05 0.617224 -0.616928 -5.683e-05 1.36221 1.35169 0.346952 0.313796 5.73128e-42 4.04173e-44 1.34644e-44 0 
-8.28359 0.451083 -0.104811 -5.73247e-05 0.617077 -0.61678 -5.73247e-05 1.36389 1.35325 0.347879 0.314457 5.16173e-42 3.64125e-44 1.22462e-44 0 
-8.27991 0.451607 -0.105031 -5.78332e-05 0.616929 -0.616632 -5.78332e-05 1.36559 1.35482 0.348807 0.315118 1.29117e-42 9.11116e-45 3.09334e-45 0 
-8.27623 0.452133 -0.105251 -5.83617e-05 0.616781 -0.616484 -5.83617e-05 1.36729 1.3564 0.349738 0.315778 -6.60152e-42 -4.65975e-44 -1.59694e-44 -0 
-8.27254 0.452661 -0.105471 -5.8909e-05 0.616633 -0.616335 -5.8909e-05 1.36899 1.35799 0.35067 0.316439 -1.56521e-41 -1.10513e-43 -3.82283e-44 -0 
-8.26886 0.453191 -0.105691 -5.94708e-05 0.616484 -0.616186 -5.94708e-05 1.37071 1.35958 0.351604 0.317099 -2.13792e-41 -1.50992e-43 -5.27155e-44 -0 
-8.26517 0.453724 -0.105911 -6.00428e-05 0.616335 -0.616036 -6.00428e-05 1.37243 1.36118 0.35254 0.317759 -1.92939e-41 -1.363e-43 -4.8025e-44 -0 
-8.26149 0.454258 -0.106131 -6.06204e-05 0.616186 -0.615886 -6.06204e-05 1.37416 1.36278 0.353478 0.318419 -4.90707e-42 -3.46741e-44 -1.23293e-44 -0 
-8.2578 0.454795 -0.106351 -6.11998e-05 0.616036 -0.615736 -6.11998e-05 1.3759 1.36439 0.354417 0.319078 2.44995e-41 1.73158e-43 6.21311e-44 0 
-8.25412 0.455334 -0.106571 -6.17806e-05 0.615886 -0.615585 -6.17806e-05 1.37765 1.36601 0.355358 0.319738 5.82926e-41 4.12092e-43 1.492e-43 0 
-8.25043 0.455875 -0.10679 -6.2364e-05 0.615736 -0.615434 -6.2364e-05 1.3794 1.36763 0.356301 0.320397 7.97497e-41 5.63898e-43 2.05995e-43 0 
-8.24675 0.456418 -0.10701 -6.29512e-05 0.615586 -0.615283 -6.29512e-05 1.38116 1.36926 0.357246 0.321056 7.21173e-41 5.10031e-43 1.8798e-43 0 
-8.24306 0.456963 -0.107229 -6.35435e-05 0.615435 -0.615131 -6.35435e-05 1.38293 1.37089 0.358193 0.321715 1.86422e-41 1.31866e-43 4.90321e-44 0 
-8.23938 0.457511 -0.107449 -6.4142e-05 0.615283 -0.61498 -6.4142e-05 1.38471 1.37254 0.359141 0.322374 -9.09199e-41 -6.43235e-43 -2.41281e-43 -0 
-8.23569 0.45806 -0.107668 -6.47468e-05 0.615132 -0.614827 -6.47468e-05 1.3865 1.37419 0.360091 0.323032 -2.17096e-40 -1.53614e-42 -5.81258e-43 -0 
-8.23201 0.458612 -0.107887 -6.53577e-05 0.61498 -0.614675 -6.53577e-05 1.38829 1.37584 0.361043 0.32369 -2.97484e-40 -2.10526e-42 -8.03534e-43 -0 
-8.22832 0.459166 -0.108106 -6.59744e-05 0.614828 -0.614522 -6.59744e-05 1.39009 1.3775 0.361997 0.324348 -2.69559e-40 -1.90789e-42 -7.34497e-43 -0 
-8.22464 0.459722 -0.108325 -6.65966e-05 0.614675 -0.614369 -6.65966e-05 1.3919 1.37917 0.362952 0.325006 -7.07968e-41 -5.01144e-43 -1.94588e-43 -0 
-8.22095 0.46028 -0.108544 -6.72241e-05 0.614522 -0.614215 -6.72241e-05 1.39372 1.38085 0.363909 0.325663 3.37402e-40 2.38859e-42 9.35382e-43 0 
-8.21727 0.460841 -0.108763 -6.78569e-05 0.614369 -0.614061 -6.78569e-05 1.39554 1.38253 0.364869 0.32632 8.08513e-40 5.72426e-42 2.26068e-42 0 
-8.21358 0.461404 -0.108982 -6.84951e-05 0.614215 -0.613907 -6.84951e-05 1.39738 1.38422 0.365829 0.326976 1.10967e-39 7.85708e-42 3.12919e-42 0 
-8.2099 0.461968 -0.1092 -6.91389e-05 0.614061 -0.613753 -6.91389e-05 1.39922 1.38591 0.366792 0.327633 1.00754e-39 7.13436e-42 2.86521e-42 0 
-8.20621 0.462536 -0.109419 -6.97883e-05 0.613907 -0.613598 -6.97883e-05 1.40107 1.38761 0.367757 0.328289 2.68768e-40 1.90323e-42 7.70732e-43 0 
-8.20253 0.463105 -0.109637 -7.04436e-05 0.613752 -0.613442 -7.04436e-05 1.40293 1.38932 0.368723 0.328945 -1.25206e-39 -8.86648e-42 -3.62037e-42 -0 
-8.19884 0.463676 -0.109856 -7.11046e-05 0.613597 -0.613287 -7.11046e-05 1.40479 1.39104 0.369691 0.3296 -3.01105e-39 -2.13233e-41 -8.77864e-42 -0 
-8.19516 0.46425 -0.110074 -7.17716e-05 0.613442 -0.613131 -7.17716e-05 1.40667 1.39276 0.370661 0.330255 -4.13928e-39 -2.93132e-41 -1.21671e-41 -0 
-8.19147 0.464826 -0.110292 -7.24445e-05 0.613287 -0.612975 -7.24445e-05 1.40855 1.39449 0.371633 0.330909 -3.76588e-39 -2.66686e-41 -1.11598e-41 -0 
-8.18779 0.465405 -0.110509 -7.31233e-05 0.613131 -0.612818 -7.31233e-05 1.41044 1.39622 0.372606 0.331563 -1.01999e-39 -7.22303e-42 -3.04712e-42 -0 
-8.1841 0.465985 -0.110727 -7.38081e-05 0.612974 -0.612661 -7.38081e-05 1.41234 1.39796 0.373581 0.332217 4.64608e-39 3.28998e-41 1.39914e-41 0 
-8.18042 0.466568 -0.110945 -7.44989e-05 0.612818 -0.612504 -7.44989e-05 1.41425 1.39971 0.374558 0.33287 1.12136e-38 7.94017e-41 3.40389e-41 0 
-8.17673 0.467153 -0.111162 -7.51957e-05 0.612661 -0.612347 -7.51957e-05 1.41617 1.40147 0.375537 0.333523 1.54401e-38 1.09321e-40 4.72401e-41 0 
-8.17305 0.46774 -0.111379 -7.58987e-05 0.612504 -0.612189 -7.58987e-05 1.41809 1.40323 0.376518 0.334176 1.40755e-38 9.96508e-41 4.34041e-41 0 
-8.16936 0.46833 -0.111597 -7.66078e-05 0.612346 -0.612031 -7.66078e-05 1.42003 1.405 0.3775 0.334828 3.86965e-39 2.73934e-41 1.2026e-41 0 
-8.16568 0.468922 -0.111814 -7.73232e-05 0.612188 -0.611872 -7.73232e-05 1.42197 1.40677 0.378484 0.335479 -1.724e-38 -1.22028e-40 -5.39944e-41 -0 
-8.16199 0.469516 -0.11203 -7.80448e-05 0.61203 -0.611713 -7.80448e-05 1.42392 1.40856 0.379471 0.33613 -4.17611e-38 -2.95555e-40 -1.31802e-40 -0 
-8.15831 0.470112 -0.112247 -7.87727e-05 0.611871 -0.611554 -7.87727e-05 1.42588 1.41034 0.380458 0.336781 -5.75938e-38 -4.07549e-40 -1.83164e-40 -0 
-8.15462 0.470711 -0.112463 -7.9507e-05 0.611712 -0.611395 -7.9507e-05 1.42785 1.41214 0.381448 0.337431 -5.26086e-38 -3.72213e-40 -1.68583e-40 -0 
-8.15094 0.471312 -0.11268 -8.02477e-05 0.611553 -0.611235 -8.02477e-05 1.42982 1.41394 0.38244 0.33808 -1.46761e-38 -1.03817e-40 -4.73848e-41 -0 
-8.14725 0.471915 -0.112896 -8.09949e-05 0.611393 -0.611074 -8.09949e-05 1.43181 1.41575 0.383433 0.338729 6.39698e-38 4.52427e-40 2.0809e-40 0 
-8.14357 0.472521 -0.113112 -8.17486e-05 0.611234 -0.610914 -8.17486e-05 1.4338 1.41757 0.384428 0.339378 1.55522e-37 1.0997e-39 5.09679e-40 0 
-8.13988 0.473129 -0.113328 -8.25089e-05 0.611073 -0.610753 -8.25089e-05 1.4358 1.4194 0.385425 0.340025 2.14831e-37 1.51873e-39 7.09262e-40 0 
-8.1362 0.473739 -0.113543 -8.32758e-05 0.610913 -0.610592 -8.32758e-05 1.43782 1.42123 0.386423 0.340673 1.96627e-37 1.38971e-39 6.53941e-40 0 
-8.13251 0.474352 -0.113758 -8.40494e-05 0.610752 -0.61043 -8.40494e-05 1.43984 1.42306 0.387424 0.34132 5.56441e-38 3.93177e-40 1.86414e-40 0 
-8.12883 0.474966 -0.113974 -8.48297e-05 0.610591 -0.610268 -8.48297e-05 1.44187 1.42491 0.388426 0.341966 -2.37355e-37 -1.67667e-39 -8.0094e-40 -0 
-8.12515 0.475584 -0.114189 -8.56168e-05 0.610429 -0.610106 -8.56168e-05 1.4439 1.42676 0.38943 0.342611 -5.79177e-37 -4.0901e-39 -1.9685e-39 -0 
-8.12146 0.476203 -0.114403 -8.64107e-05 0.610267 -0.609944 -8.64107e-05 1.44595 1.42862 0.390436 0.343256 -8.01338e-37 -5.65724e-39 -2.7431e-39 -0 
-8.11778 0.476825 -0.114618 -8.72115e-05 0.610105 -0.609781 -8.72115e-05 1.44801 1.43049 0.391444 0.343901 -7.34897e-37 -5.18649e-39 -2.53358e-39 -0 
-8.11409 0.47745 -0.114832 -8.80192e-05 0.609942 -0.609618 -8.80192e-05 1.45007 1.43236 0.392453 0.344544 -2.10911e-37 -1.48799e-39 -7.32267e-40 -0 
-8.11041 0.478076 -0.115046 -8.88339e-05 0.609779 -0.609454 -8.88339e-05 1.45215 1.43424 0.393465 0.345187 8.80663e-37 6.21087e-39 3.07909e-39 0 
-8.10672 0.478705 -0.11526 -8.96557e-05 0.609616 -0.60929 -8.96557e-05 1.45423 1.43613 0.394478 0.34583 2.15688e-36 1.52057e-38 7.59383e-39 0 
-8.10304 0.479337 -0.115474 -9.04846e-05 0.609452 -0.609126 -9.04846e-05 1.45632 1.43802 0.395493 0.346471 2.98904e-36 2.1064e-38 1.05967e-38 0 
-8.09935 0.47997 -0.115687 -9.13207e-05 0.609289 -0.608962 -9.13207e-05 1.45842 1.43992 0.396509 0.347112 2.74665e-36 1.93478e-38 9.8045e-39 0 
-8.09567 0.480607 -0.1159 -9.21639e-05 0.609124 -0.608797 -9.21639e-05 1.46053 1.44183 0.397528 0.347753 7.99203e-37 5.6273e-39 2.8724e-39 0 
-8.09198 0.481245 -0.116113 -9.30145e-05 0.60896 -0.608632 -9.30145e-05 1.46265 1.44375 0.398548 0.348392 -3.26744e-36 -2.29962e-38 -1.18234e-38 -0 
-8.0883 0.481886 -0.116326 -9.38723e-05 0.608795 -0.608466 -9.38723e-05 1.46478 1.44567 0.399571 0.349031 -8.03225e-36 -5.65045e-38 -2.92617e-38 -0 
-8.08461 0.482529 -0.116538 -9.47376e-05 0.60863 -0.6083 -9.47376e-05 1.46692 1.4476 0.400595 0.349669 -1.11492e-35 -7.83937e-38 -4.08899e-38 -0 
-8.08093 0.483175 -0.116751 -9.56103e-05 0.608464 -0.608134 -9.56103e-05 1.46907 1.44954 0.40162 0.350307 -1.02654e-35 -7.21427e-38 -3.78998e-38 -0 
-8.07724 0.483823 -0.116963 -9.64904e-05 0.608298 -0.607968 -9.64904e-05 1.47123 1.45148 0.402648 0.350943 -3.02758e-36 -2.12661e-38 -1.1252e-38 -0 
-8.07356 0.484474 -0.117174 -9.73782e-05 0.608132 -0.607801 -9.73782e-05 1.47339 1.45343 0.403677 0.351579 1.21225e-35 8.51037e-38 4.53503e-38 0 
-8.06987 0.485127 -0.117386 -9.82735e-05 0.607965 -0.607634 -9.82735e-05 1.47557 1.45539 0.404709 0.352214 2.9912e-35 2.09874e-37 1.12634e-37 0 
-8.06619 0.485782 -0.117597 -9.91766e-05 0.607798 -0.607466 -9.91766e-05 1.47776 1.45736 0.405742 0.352848 4.15869e-35 2.91622e-37 1.57617e-37 0 
-8.0625 0.48644 -0.117808 -0.000100087 0.607631 -0.607298 -0.000100087 1.47995 1.45933 0.406776 0.353482 3.83655e-35 2.68872e-37 1.46348e-37 0 
-8.05882 0.487101 -0.118018 -0.000101006 0.607464 -0.60713 -0.000101006 1.48216 1.46132 0.407813 0.354114 1.14662e-35 8.03074e-38 4.40199e-38 0 
-8.05513 0.487763 -0.118228 -0.000101932 0.607296 -0.606962 -0.000101932 1.48437 1.4633 0.408852 0.354746 -4.4974e-35 -3.14791e-37 -1.73764e-37 -0 
-8.05145 0.488429 -0.118438 -0.000102867 0.607127 -0.606793 -0.000102867 1.48659 1.4653 0.409892 0.355377 -1.11391e-34 -7.79159e-37 -4.33109e-37 -0 
-8.04776 0.489096 -0.118648 -0.000103809 0.606959 -0.606624 -0.000103809 1.48883 1.4673 0.410934 0.356007 -1.55119e-34 -1.0843e-36 -6.06939e-37 -0 
-8.04408 0.489766 -0.118857 -0.000104759 0.60679 -0.606454 -0.000104759 1.49107 1.46931 0.411978 0.356636 -1.43385e-34 -1.00158e-36 -5.64545e-37 -0 
-8.04039 0.490439 -0.119067 -0.000105718 0.606621 -0.606284 -0.000105718 1.49332 1.47133 0.413024 0.357265 -4.3414e-35 -3.03041e-37 -1.71999e-37 -0 
-8.03671 0.491114 -0.119275 -0.000106684 0.606451 -0.606114 -0.000106684 1.49559 1.47336 0.414071 0.357892 1.66847e-34 1.16378e-36 6.65114e-37 0 
-8.03302 0.491792 -0.119484 -0.000107659 0.606281 -0.605944 -0.000107659 1.49786 1.47539 0.41512 0.358518 4.14811e-34 2.89118e-36 1.66377e-36 0 
-8.02934 0.492472 -0.119692 -0.000108642 0.606111 -0.605773 -0.000108642 1.50014 1.47743 0.416172 0.359144 5.78589e-34 4.02956e-36 2.33488e-36 0 
-8.02565 0.493154 -0.1199 -0.000109633 0.605941 -0.605602 -0.000109633 1.50244 1.47948 0.417225 0.359768 5.35869e-34 3.72906e-36 2.17563e-36 0 
-8.02197 0.493839 -0.120107 -0.000110633 0.60577 -0.60543 -0.000110633 1.50474 1.48153 0.418279 0.360392 1.64336e-34 1.14266e-36 6.71239e-37 0 
-8.01828 0.494527 -0.120314 -0.000111642 0.605598 -0.605259 -0.000111642 1.50705 1.4836 0.419336 0.361015 -6.18956e-34 -4.30013e-36 -2.54335e-36 -0 
-8.0146 0.495217 -0.120521 -0.000112658 0.605427 -0.605087 -0.000112658 1.50937 1.48567 0.420394 0.361636 -1.54471e-33 -1.07225e-35 -6.38526e-36 -0 
-8.01091 0.495909 -0.120728 -0.000113684 0.605255 -0.604914 -0.000113684 1.5117 1.48774 0.421455 0.362257 -2.15811e-33 -1.49671e-35 -8.97376e-36 -0 
-8.00723 0.496604 -0.120934 -0.000114718 0.605083 -0.604741 -0.000114718 1.51405 1.48983 0.422517 0.362876 -2.00267e-33 -1.38766e-35 -8.37654e-36 -0 
-8.00354 0.497302 -0.12114 -0.000115761 0.60491 -0.604568 -0.000115761 1.5164 1.49192 0.423581 0.363495 -6.21914e-34 -4.30527e-36 -2.61652e-36 -0 
-7.99986 0.498002 -0.121345 -0.000116812 0.604737 -0.604395 -0.000116812 1.51876 1.49402 0.424646 0.364112 2.29609e-33 1.58799e-35 9.71638e-36 0 
-7.99617 0.498704 -0.12155 -0.000117873 0.604564 -0.604221 -0.000117873 1.52114 1.49613 0.425714 0.364729 5.75229e-33 3.97446e-35 2.4483e-35 0 
-7.99249 0.499409 -0.121755 -0.000118942 0.604391 -0.604047 -0.000118942 1.52352 1.49825 0.426783 0.365344 8.04959e-33 5.55623e-35 3.4458e-35 0 
-7.9888 0.500117 -0.121959 -0.00012002 0.604217 -0.603873 -0.00012002 1.52591 1.50037 0.427854 0.365959 7.48437e-33 5.16085e-35 3.22217e-35 0 
-7.98512 0.500827 -0.122163 -0.000121108 0.604043 -0.603698 -0.000121108 1.52832 1.5025 0.428927 0.366572 2.35303e-33 1.62085e-35 1.01878e-35 0 
-7.98144 0.50154 -0.122367 -0.000122204 0.603868 -0.603523 -0.000122204 1.53073 1.50464 0.430002 0.367184 -8.51731e-33 -5.86079e-35 -3.70855e-35 -0 
-7.97775 0.502255 -0.12257 -0.00012331 0.603693 -0.603347 -0.00012331 1.53315 1.50679 0.431078 0.367795 -2.14206e-32 -1.47236e-34 -9.37919e-35 -0 
-7.97407 0.502973 -0.122773 -0.000124425 0.603518 -0.603172 -0.000124425 1.53559 1.50894 0.432157 0.368405 -3.00242e-32 -2.06145e-34 -1.32197e-34 -0 
-7.97038 0.503694 -0.122976 -0.000125549 0.603343 -0.602996 -0.000125549 1.53803 1.5111 0.433237 0.369013 -2.79702e-32 -1.91826e-34 -1.23837e-34 -0 
-7.9667 0.504417 -0.123178 -0.000126683 0.603167 -0.602819 -0.000126683 1.54049 1.51327 0.434319 0.369621 -8.90071e-33 -6.09724e-35 -3.96247e-35 -0 
-7.96301 0.505142 -0.123379 -0.000127826 0.602991 -0.602643 -0.000127826 1.54296 1.51545 0.435403 0.370227 3.15938e-32 2.16172e-34 1.41422e-34 0 
-7.95933 0.50587 -0.12358 -0.000128979 0.602814 -0.602465 -0.000128979 1.54543 1.51763 0.436489 0.370832 7.97661e-32 5.4512e-34 3.58998e-34 0 
-7.95564 0.506601 -0.123781 -0.000130141 0.602638 -0.602288 -0.000130141 1.54792 1.51983 0.437576 0.371436 1.11987e-31 7.64376e-34 5.0674e-34 0 
-7.95196 0.507334 -0.123982 -0.000131313 0.60246 -0.60211 -0.000131313 1.55042 1.52203 0.438665 0.372039 1.04528e-31 7.12571e-34 4.75533e-34 0 
-7.94827 0.50807 -0.124182 -0.000132495 0.602283 -0.601932 -0.000132495 1.55293 1.52423 0.439757 0.37264 3.3661e-32 2.29175e-34 1.53954e-34 0 
-7.94459 0.508809 -0.124381 -0.000133686 0.602105 -0.601754 -0.000133686 1.55545 1.52645 0.44085 0.373241 -1.17189e-31 -7.96825e-34 -5.38833e-34 -0 
-7.9409 0.50955 -0.12458 -0.000134888 0.601927 -0.601575 -0.000134888 1.55798 1.52867 0.441944 0.373839 -2.97031e-31 -2.01697e-33 -1.37295e-33 -0 
-7.93722 0.510294 -0.124779 -0.000136099 0.601749 -0.601396 -0.000136099 1.56052 1.53091 0.443041 0.374437 -4.17695e-31 -2.8325e-33 -1.94083e-33 -0 
-7.93353 0.51104 -0.124977 -0.000137321 0.60157 -0.601217 -0.000137321 1.56307 1.53315 0.444139 0.375033 -3.90627e-31 -2.64529e-33 -1.82453e-33 -0 
-7.92985 0.511789 -0.125175 -0.000138552 0.601391 -0.601038 -0.000138552 1.56564 1.53539 0.44524 0.375628 -1.27273e-31 -8.60667e-34 -5.97543e-34 -0 
-7.92616 0.512541 -0.125373 -0.000139794 0.601211 -0.600858 -0.000139794 1.56821 1.53765 0.446342 0.376222 4.34668e-31 2.93519e-33 2.05128e-33 0 
-7.92248 0.513295 -0.12557 -0.000141046 0.601032 -0.600677 -0.000141046 1.5708 1.53991 0.447445 0.376815 1.10607e-30 7.45805e-33 5.24645e-33 0 
-7.91879 0.514052 -0.125766 -0.000142308 0.600852 -0.600497 -0.000142308 1.57339 1.54218 0.448551 0.377406 1.55794e-30 1.04893e-32 7.42743e-33 0 
-7.91511 0.514811 -0.125962 -0.000143581 0.600671 -0.600316 -0.000143581 1.576 1.54446 0.449659 0.377995 1.45978e-30 9.81364e-33 6.99469e-33 0 
-7.91142 0.515573 -0.126158 -0.000144864 0.600491 -0.600135 -0.000144864 1.57862 1.54675 0.450768 0.378584 4.8112e-31 3.22944e-33 2.31692e-33 0 
-7.90774 0.516338 -0.126353 -0.000146158 0.60031 -0.599953 -0.000146158 1.58125 1.54904 0.451879 0.37917 -1.61218e-30 -1.08045e-32 -7.80253e-33 -0 
-7.90405 0.517105 -0.126547 -0.000147463 0.600128 -0.599771 -0.000147463 1.58389 1.55135 0.452992 0.379756 -4.11867e-30 -2.75585e-32 -2.00322e-32 -0 
-7.90037 0.517875 -0.126741 -0.000148778 0.599947 -0.599589 -0.000148778 1.58654 1.55366 0.454107 0.38034 -5.81081e-30 -3.88177e-32 -2.84018e-32 -0 
-7.89668 0.518648 -0.126935 -0.000150104 0.599765 -0.599406 -0.000150104 1.58921 1.55597 0.455223 0.380923 -5.45518e-30 -3.63819e-32 -2.67943e-32 -0 
-7.893 0.519423 -0.127128 -0.00015144 0.599582 -0.599223 -0.00015144 1.59188 1.5583 0.456342 0.381504 -1.81838e-30 -1.21068e-32 -8.97487e-33 -0 
-7.88931 0.520201 -0.127321 -0.000152788 0.5994 -0.59904 -0.000152788 1.59457 1.56064 0.457462 0.382083 5.97936e-30 3.97427e-32 2.96548e-32 0 
-7.88563 0.520982 -0.127513 -0.000154147 0.599217 -0.598857 -0.000154147 1.59726 1.56298 0.458584 0.382662 1.53366e-29 1.0176e-31 7.64285e-32 0 
-7.88194 0.521766 -0.127704 -0.000155517 0.599033 -0.598673 -0.000155517 1.59997 1.56533 0.459708 0.383238 2.16731e-29 1.43549e-31 1.08522e-31 0 
-7.87826 0.522552 -0.127896 -0.000156898 0.59885 -0.598489 -0.000156898 1.60269 1.56769 0.460834 0.383814 2.03857e-29 1.3478e-31 1.0256e-31 0 
-7.87457 0.52334 -0.128086 -0.00015829 0.598666 -0.598304 -0.00015829 1.60543 1.57006 0.461961 0.384387 6.87115e-30 4.53455e-32 3.47319e-32 0 
-7.87089 0.524132 -0.128276 -0.000159693 0.598482 -0.59812 -0.000159693 1.60817 1.57243 0.463091 0.384959 -2.21758e-29 -1.46076e-31 -1.12619e-31 -0 
-7.8672 0.524926 -0.128466 -0.000161108 0.598297 -0.597934 -0.000161108 1.61093 1.57481 0.464222 0.38553 -5.71083e-29 -3.75471e-31 -2.91373e-31 -0 
-7.86352 0.525723 -0.128655 -0.000162535 0.598112 -0.597749 -0.000162535 1.61369 1.5772 0.465355 0.386099 -8.08358e-29 -5.30453e-31 -4.14344e-31 -0 
-7.85983 0.526522 -0.128843 -0.000163973 0.597927 -0.597563 -0.000163973 1.61647 1.5796 0.466489 0.386666 -7.61792e-29 -4.98921e-31 -3.92271e-31 -0 
-7.85615 0.527325 -0.129031 -0.000165423 0.597741 -0.597377 -0.000165423 1.61926 1.58201 0.467626 0.387232 -2.59592e-29 -1.69678e-31 -1.34283e-31 -0 
-7.85246 0.528129 -0.129219 -0.000166884 0.597555 -0.597191 -0.000166884 1.62206 1.58443 0.468764 0.387796 8.22414e-29 5.36476e-31 4.27356e-31 0 
-7.84878 0.528937 -0.129405 -0.000168357 0.597369 -0.597004 -0.000168357 1.62488 1.58685 0.469905 0.388359 2.1265e-28 1.38432e-30 1.10999e-30 0 
-7.84509 0.529747 -0.129592 -0.000169843 0.597183 -0.596817 -0.000169843 1.6277 1.58928 0.471047 0.38892 3.01497e-28 1.95862e-30 1.58081e-30 0 
-7.84141 0.530561 -0.129777 -0.00017134 0.596996 -0.59663 -0.00017134 1.63054 1.59172 0.472191 0.389479 2.8467e-28 1.84541e-30 1.49923e-30 0 
-7.83773 0.531376 -0.129962 -0.000172849 0.596809 -0.596442 -0.000172849 1.63339 1.59417 0.473336 0.390037 9.80557e-29 6.34294e-31 5.187e-31 0 
-7.83404 0.532195 -0.130147 -0.00017437 0.596621 -0.596254 -0.00017437 1.63625 1.59663 0.474484 0.390593 -3.0499e-28 -1.9686e-30 -1.62044e-30 -0 
-7.83036 0.533016 -0.130331 -0.000175904 0.596434 -0.596066 -0.000175904 1.63913 1.59909 0.475633 0.391147 -7.9182e-28 -5.09962e-30 -4.22539e-30 -0 
-7.82667 0.53384 -0.130514 -0.00017745 0.596246 -0.595877 -0.00017745 1.64201 1.60156 0.476784 0.3917 -1.1245e-27 -7.22595e-30 -6.02671e-30 -0 
-7.82299 0.534667 -0.130697 -0.000179008 0.596057 -0.595689 -0.000179008 1.64491 1.60404 0.477937 0.39225 -1.06376e-27 -6.82005e-30 -5.72573e-30 -0 
-7.8193 0.535496 -0.130879 -0.000180579 0.595869 -0.595499 -0.000180579 1.64782 1.60653 0.479092 0.392799 -3.70318e-28 -2.36872e-30 -2.00178e-30 -0 
-7.81562 0.536329 -0.131061 -0.000182163 0.59568 -0.59531 -0.000182163 1.65075 1.60903 0.480249 0.393347 1.13101e-27 7.21742e-30 6.13973e-30 0 
-7.81193 0.537164 -0.131242 -0.000183759 0.59549 -0.59512 -0.000183759 1.65368 1.61154 0.481407 0.393892 2.94839e-27 1.877e-29 1.60731e-29 0 
-7.80825 0.538001 -0.131422 -0.000185368 0.595301 -0.59493 -0.000185368 1.65663 1.61405 0.482568 0.394436 4.19406e-27 2.66356e-29 2.29597e-29 0 
-7.80456 0.538842 -0.131602 -0.000186989 0.595111 -0.594739 -0.000186989 1.65959 1.61657 0.48373 0.394978 3.97502e-27 2.51825e-29 2.18513e-29 0 
-7.80088 0.539685 -0.131781 -0.000188624 0.59492 -0.594549 -0.000188624 1.66256 1.6191 0.484894 0.395518 1.3983e-27 8.83642e-30 7.71846e-30 0 
-7.79719 0.540531 -0.13196 -0.000190272 0.59473 -0.594358 -0.000190272 1.66555 1.62164 0.486059 0.396056 -4.194e-27 -2.64365e-29 -2.32455e-29 -0 
-7.79351 0.54138 -0.132138 -0.000191932 0.594539 -0.594166 -0.000191932 1.66854 1.62419 0.487227 0.396593 -1.09784e-26 -6.90237e-29 -6.10968e-29 -0 
-7.78982 0.542232 -0.132315 -0.000193606 0.594348 -0.593974 -0.000193606 1.67155 1.62675 0.488396 0.397127 -1.56425e-26 -9.80916e-29 -8.74059e-29 -0 
-7.78614 0.543086 -0.132492 -0.000195294 0.594156 -0.593782 -0.000195294 1.67457 1.62931 0.489567 0.39766 -1.48536e-26 -9.28983e-29 -8.33317e-29 -0 
-7.78245 0.543943 -0.132668 -0.000196994 0.593964 -0.59359 -0.000196994 1.67761 1.63188 0.49074 0.398191 -5.279e-27 -3.29277e-29 -2.97346e-29 -0 
-7.77877 0.544803 -0.132843 -0.000198708 0.593772 -0.593397 -0.000198708 1.68066 1.63446 0.491915 0.39872 1.55516e-26 9.67392e-29 8.7944e-29 0 
-7.77508 0.545666 -0.133018 -0.000200436 0.59358 -0.593205 -0.000200436 1.68372 1.63705 0.493092 0.399247 4.08781e-26 2.53581e-28 2.32075e-28 0 
-7.7714 0.546531 -0.133192 -0.000202177 0.593387 -0.593011 -0.000202177 1.68679 1.63965 0.49427 0.399772 5.83412e-26 3.60897e-28 3.32513e-28 0 
-7.76771 0.547399 -0.133365 -0.000203932 0.593194 -0.592818 -0.000203932 1.68988 1.64226 0.49545 0.400295 5.55032e-26 3.42366e-28 3.17566e-28 0 
-7.76403 0.548271 -0.133538 -0.000205701 0.593 -0.592624 -0.000205701 1.69298 1.64487 0.496633 0.400816 1.99265e-26 1.2256e-28 1.1445e-28 0 
-7.76034 0.549144 -0.13371 -0.000207484 0.592807 -0.59243 -0.000207484 1.69609 1.64749 0.497816 0.401335 -5.76644e-26 -3.53635e-28 -3.32471e-28 -0 
-7.75666 0.550021 -0.133882 -0.000209281 0.592613 -0.592235 -0.000209281 1.69921 1.65012 0.499002 0.401852 -1.52208e-25 -9.3067e-28 -8.80909e-28 -0 
-7.75297 0.550901 -0.134052 -0.000211092 0.592418 -0.59204 -0.000211092 1.70235 1.65276 0.50019 0.402367 -2.17591e-25 -1.32645e-27 -1.26407e-27 -0 
-7.74929 0.551783 -0.134222 -0.000212917 0.592224 -0.591845 -0.000212917 1.7055 1.65541 0.501379 0.40288 -2.07396e-25 -1.26044e-27 -1.20935e-27 -0 
-7.7456 0.552668 -0.134391 -0.000214757 0.592029 -0.59165 -0.000214757 1.70867 1.65807 0.50257 0.403391 -7.52034e-26 -4.55633e-28 -4.40148e-28 -0 
-7.74192 0.553556 -0.13456 -0.00021661 0.591834 -0.591454 -0.00021661 1.71185 1.66073 0.503763 0.4039 2.13807e-25 1.29133e-27 1.25598e-27 0 
-7.73823 0.554447 -0.134728 -0.000218479 0.591638 -0.591258 -0.000218479 1.71504 1.66341 0.504958 0.404407 5.66737e-25 3.41202e-27 3.3414e-27 0 
-7.73455 0.55534 -0.134895 -0.000220362 0.591442 -0.591062 -0.000220362 1.71824 1.66609 0.506155 0.404912 8.11532e-25 4.87004e-27 4.80206e-27 0 
-7.73086 0.556237 -0.135062 -0.000222259 0.591246 -0.590865 -0.000222259 1.72146 1.66878 0.507353 0.405415 7.74957e-25 4.63534e-27 4.60216e-27 0 
-7.72718 0.557136 -0.135227 -0.000224172 0.59105 -0.590668 -0.000224172 1.72469 1.67148 0.508553 0.405916 2.83776e-25 1.69175e-27 1.69126e-27 0 
-7.72349 0.558038 -0.135392 -0.000226099 0.590853 -0.590471 -0.000226099 1.72793 1.67418 0.509755 0.406414 -7.92723e-25 -4.71e-27 -4.74128e-27 -0 
-7.71981 0.558943 -0.135557 -0.000228041 0.590656 -0.590274 -0.000228041 1.73119 1.6769 0.510959 0.406911 -2.11019e-24 -1.2495e-26 -1.26655e-26 -0 
-7.71612 0.55985 -0.13572 -0.000229999 0.590458 -0.590076 -0.000229999 1.73446 1.67962 0.512165 0.407405 -3.02668e-24 -1.78599e-26 -1.82298e-26 -0 
-7.71244 0.560761 -0.135883 -0.000231971 0.590261 -0.589878 -0.000231971 1.73775 1.68236 0.513372 0.407897 -2.89568e-24 -1.7027e-26 -1.75012e-26 -0 
-7.70875 0.561674 -0.136045 -0.000233959 0.590063 -0.589679 -0.000233959 1.74104 1.6851 0.514582 0.408387 -1.07065e-24 -6.27318e-27 -6.49316e-27 -0 
-7.70507 0.562591 -0.136206 -0.000235962 0.589864 -0.589481 -0.000235962 1.74436 1.68785 0.515793 0.408874 2.93903e-24 1.71584e-26 1.78851e-26 0 
-7.70138 0.56351 -0.136367 -0.000237981 0.589666 -0.589282 -0.000237981 1.74768 1.69061 0.517006 0.40936 7.85703e-24 4.57029e-26 4.79748e-26 0 
-7.6977 0.564432 -0.136527 -0.000240015 0.589467 -0.589082 -0.000240015 1.75102 1.69337 0.518221 0.409843 1.12882e-23 6.54184e-26 6.91569e-26 0 
-7.69402 0.565356 -0.136686 -0.000242065 0.589268 -0.588883 -0.000242065 1.75438 1.69615 0.519437 0.410324 1.08198e-23 6.24682e-26 6.65075e-26 0 
-7.69033 0.566284 -0.136844 -0.00024413 0.589068 -0.588683 -0.00024413 1.75774 1.69893 0.520656 0.410803 4.03879e-24 2.32294e-26 2.49078e-26 0 
-7.68665 0.567214 -0.137002 -0.000246212 0.588869 -0.588483 -0.000246212 1.76112 1.70173 0.521876 0.411279 -1.08961e-23 -6.24276e-26 -6.74175e-26 -0 
-7.68296 0.568148 -0.137158 -0.000248309 0.588669 -0.588282 -0.000248309 1.76452 1.70453 0.523098 0.411753 -2.92544e-23 -1.66954e-25 -1.81594e-25 -0 
-7.67928 0.569084 -0.137314 -0.000250423 0.588468 -0.588081 -0.000250423 1.76793 1.70734 0.524322 0.412225 -4.21e-23 -2.39311e-25 -2.62173e-25 -0 
-7.67559 0.570023 -0.137469 -0.000252553 0.588268 -0.58788 -0.000252553 1.77135 1.71016 0.525547 0.412695 -4.04279e-23 -2.28883e-25 -2.52563e-25 -0 
-7.67191 0.570965 -0.137624 -0.000254699 0.588067 -0.587679 -0.000254699 1.77479 1.71298 0.526775 0.413162 -1.52332e-23 -8.5892e-26 -9.54666e-26 -0 
-7.66822 0.57191 -0.137777 -0.000256861 0.587865 -0.587477 -0.000256861 1.77824 1.71582 0.528004 0.413627 4.03941e-23 2.2682e-25 2.53943e-25 0 
-7.66454 0.572857 -0.13793 -0.00025904 0.587664 -0.587275 -0.00025904 1.7817 1.71866 0.529235 0.414089 1.08923e-22 6.09065e-25 6.86889e-25 0 
-7.66085 0.573808 -0.138082 -0.000261236 0.587462 -0.587073 -0.000261236 1.78518 1.72152 0.530468 0.41455 1.57013e-22 8.74244e-25 9.932e-25 0 
-7.65717 0.574761 -0.138233 -0.000263448 0.58726 -0.58687 -0.000263448 1.78868 1.72438 0.531703 0.415007 1.51056e-22 8.37463e-25 9.58438e-25 0 
-7.65348 0.575717 -0.138383 -0.000265677 0.587057 -0.586668 -0.000265677 1.79219 1.72725 0.532939 0.415463 5.74473e-23 3.17102e-25 3.65599e-25 0 
-7.6498 0.576676 -0.138533 -0.000267923 0.586855 -0.586464 -0.000267923 1.79571 1.73013 0.534178 0.415916 -1.49744e-22 -8.22916e-25 -9.55836e-25 -0 
-7.64611 0.577638 -0.138681 -0.000270186 0.586652 -0.586261 -0.000270186 1.79925 1.73302 0.535418 0.416366 -4.05551e-22 -2.21872e-24 -2.59638e-24 -0 
-7.64243 0.578603 -0.138829 -0.000272466 0.586448 -0.586057 -0.000272466 1.8028 1.73591 0.53666 0.416814 -5.8558e-22 -3.1891e-24 -3.75996e-24 -0 
-7.63874 0.579571 -0.138976 -0.000274763 0.586245 -0.585853 -0.000274763 1.80637 1.73882 0.537904 0.41726 -5.64408e-22 -3.05966e-24 -3.63457e-24 -0 
-7.63506 0.580542 -0.139122 -0.000277078 0.586041 -0.585649 -0.000277078 1.80995 1.74173 0.539149 0.417703 -2.16614e-22 -1.16879e-24 -1.39893e-24 -0 
-7.63137 0.581515 -0.139267 -0.00027941 0.585837 -0.585445 -0.00027941 1.81354 1.74465 0.540397 0.418144 5.55089e-22 2.98094e-24 3.59511e-24 0 
-7.62769 0.582492 -0.139412 -0.000281759 0.585632 -0.58524 -0.000281759 1.81715 1.74759 0.541646 0.418582 1.50997e-21 8.06999e-24 9.80717e-24 0 
-7.624 0.583471 -0.139555 -0.000284127 0.585428 -0.585035 -0.000284127 1.82078 1.75053 0.542897 0.419017 2.18391e-21 1.16152e-23 1.42241e-23 0 
-7.62032 0.584453 -0.139698 -0.000286512 0.585222 -0.584829 -0.000286512 1.82442 1.75347 0.54415 0.41945 2.10883e-21 1.11607e-23 1.37732e-23 0 
-7.61663 0.585438 -0.13984 -0.000288915 0.585017 -0.584623 -0.000288915 1.82808 1.75643 0.545404 0.419881 8.16662e-22 4.30048e-24 5.34842e-24 0 
-7.61295 0.586426 -0.139981 -0.000291336 0.584812 -0.584417 -0.000291336 1.83175 1.7594 0.546661 0.420309 -2.05759e-21 -1.07803e-23 -1.3512e-23 -0 
-7.60926 0.587417 -0.140121 -0.000293775 0.584606 -0.584211 -0.000293775 1.83543 1.76237 0.547919 0.420734 -5.62193e-21 -2.93039e-23 -3.7018e-23 -0 
-7.60558 0.588411 -0.14026 -0.000296232 0.584399 -0.584005 -0.000296232 1.83913 1.76536 0.549179 0.421157 -8.1448e-21 -4.22334e-23 -5.37726e-23 -0 
-7.60189 0.589407 -0.140398 -0.000298708 0.584193 -0.583798 -0.000298708 1.84285 1.76835 0.550441 0.421577 -7.87929e-21 -4.06414e-23 -5.21566e-23 -0 
-7.59821 0.590407 -0.140535 -0.000301202 0.583986 -0.583591 -0.000301202 1.84658 1.77135 0.551705 0.421995 -3.07851e-21 -1.57941e-23 -2.04311e-23 -0 
-7.59452 0.591409 -0.140672 -0.000303714 0.583779 -0.583383 -0.000303714 1.85032 1.77436 0.55297 0.42241 7.6267e-21 3.89165e-23 5.07463e-23 0 
-7.59084 0.592415 -0.140807 -0.000306246 0.583572 -0.583176 -0.000306246 1.85408 1.77738 0.554238 0.422822 2.09315e-20 1.0622e-22 1.39628e-22 0 
-7.58715 0.593423 -0.140942 -0.000308796 0.583364 -0.582968 -0.000308796 1.85786 1.7804 0.555507 0.423232 3.03755e-20 1.53287e-22 2.03136e-22 0 
-7.58347 0.594434 -0.141076 -0.000311365 0.583156 -0.582759 -0.000311365 1.86165 1.78344 0.556778 0.423639 2.94393e-20 1.47724e-22 1.97366e-22 0 
-7.57978 0.595448 -0.141208 -0.000313953 0.582948 -0.582551 -0.000313953 1.86546 1.78648 0.55805 0.424044 1.16033e-20 5.78913e-23 7.79817e-23 0 
-7.5761 0.596465 -0.14134 -0.00031656 0.58274 -0.582342 -0.00031656 1.86928 1.78954 0.559325 0.424445 -2.82681e-20 -1.40218e-22 -1.90443e-22 -0 
-7.57241 0.597485 -0.141471 -0.000319186 0.582531 -0.582133 -0.000319186 1.87312 1.7926 0.560601 0.424844 -7.79309e-20 -3.84286e-22 -5.26283e-22 -0 
-7.56873 0.598507 -0.141601 -0.000321831 0.582322 -0.581924 -0.000321831 1.87697 1.79567 0.561879 0.42524 -1.13283e-19 -5.55278e-22 -7.66837e-22 -0 
-7.56504 0.599533 -0.14173 -0.000324496 0.582113 -0.581714 -0.000324496 1.88084 1.79875 0.563159 0.425634 -1.09992e-19 -5.3589e-22 -7.46311e-22 -0 
-7.56136 0.600562 -0.141858 -0.000327181 0.581903 -0.581504 -0.000327181 1.88473 1.80184 0.564441 0.426025 -4.37286e-20 -2.11742e-22 -2.97391e-22 -0 
-7.55767 0.601593 -0.141985 -0.000329886 0.581694 -0.581294 -0.000329886 1.88863 1.80493 0.565725 0.426413 1.04771e-19 5.04165e-22 7.14157e-22 0 
-7.55399 0.602627 -0.142112 -0.00033261 0.581484 -0.581084 -0.00033261 1.89254 1.80804 0.56701 0.426798 2.90146e-19 1.38741e-21 1.98222e-21 0 
-7.55031 0.603665 -0.142237 -0.000335354 0.581273 -0.580873 -0.000335354 1.89648 1.81115 0.568297 0.42718 4.22476e-19 2.00726e-21 2.8927e-21 0 
-7.54662 0.604705 -0.142361 -0.000338118 0.581063 -0.580662 -0.000338118 1.90042 1.81428 0.569586 0.42756 4.10954e-19 1.93986e-21 2.82001e-21 0 
-7.54294 0.605748 -0.142485 -0.000340902 0.580852 -0.580451 -0.000340902 1.90439 1.81741 0.570877 0.427937 1.64777e-19 7.72694e-22 1.13317e-21 0 
-7.53925 0.606794 -0.142607 -0.000343706 0.58064 -0.580239 -0.000343706 1.90837 1.82055 0.57217 0.428311 -3.88296e-19 -1.80871e-21 -2.67603e-21 -0 
-7.53557 0.607843 -0.142728 -0.000346531 0.580429 -0.580027 -0.000346531 1.91237 1.8237 0.573464 0.428682 -1.08024e-18 -4.99779e-21 -7.46043e-21 -0 
-7.53188 0.608894 -0.142849 -0.000349376 0.580217 -0.579815 -0.000349376 1.91638 1.82686 0.57476 0.42905 -1.57557e-18 -7.23945e-21 -1.0904e-20 -0 
-7.5282 0.609949 -0.142968 -0.000352242 0.580005 -0.579603 -0.000352242 1.92041 1.83002 0.576058 0.429416 -1.53539e-18 -7.00576e-21 -1.06478e-20 -0 
-7.52451 0.611006 -0.143086 -0.00035513 0.579793 -0.57939 -0.00035513 1.92445 1.8332 0.577358 0.429778 -6.20829e-19 -2.81275e-21 -4.31409e-21 -0 
-7.52083 0.612067 -0.143204 -0.000358039 0.579581 -0.579178 -0.000358039 1.92851 1.83638 0.57866 0.430138 1.43902e-18 6.47299e-21 1.00196e-20 0 
-7.51714 0.61313 -0.14332 -0.000360969 0.579368 -0.578965 -0.000360969 1.93259 1.83958 0.579963 0.430494 4.02178e-18 1.79593e-20 2.80577e-20 0 
-7.51346 0.614197 -0.143436 -0.00036392 0.579155 -0.578751 -0.00036392 1.93669 1.84278 0.581268 0.430848 5.87584e-18 2.60451e-20 4.10717e-20 0 
-7.50977 0.615266 -0.14355 -0.000366891 0.578941 -0.578538 -0.000366891 1.9408 1.84599 0.582575 0.431199 5.73643e-18 2.5237e-20 4.01736e-20 0 
-7.50609 0.616338 -0.143663 -0.000369881 0.578728 -0.578324 -0.000369881 1.94493 1.84921 0.583884 0.431547 2.33882e-18 1.02114e-20 1.641e-20 0 
-7.5024 0.617413 -0.143776 -0.00037289 0.578514 -0.57811 -0.00037289 1.94907 1.85244 0.585195 0.431892 -5.33279e-18 -2.31039e-20 -3.74857e-20 -0 
-7.49872 0.618491 -0.143887 -0.000375919 0.5783 -0.577895 -0.000375919 1.95323 1.85567 0.586507 0.432234 -1.49732e-17 -6.43631e-20 -1.05442e-19 -0 
-7.49503 0.619572 -0.143997 -0.000378972 0.578085 -0.57768 -0.000378972 1.95741 1.85892 0.587821 0.432573 -2.19129e-17 -9.34467e-20 -1.54587e-19 -0 
-7.49135 0.620655 -0.144107 -0.00038205 0.577871 -0.577466 -0.00038205 1.9616 1.86218 0.589137 0.432909 -2.14318e-17 -9.06595e-20 -1.51458e-19 -0 
-7.48766 0.621742 -0.144215 -0.000385158 0.577656 -0.57725 -0.000385158 1.96581 1.86544 0.590455 0.433242 -8.80987e-18 -3.69624e-20 -6.2366e-20 -0 
-7.48398 0.622831 -0.144322 -0.000388297 0.577441 -0.577035 -0.000388297 1.97004 1.86871 0.591775 0.433572 1.97616e-17 8.22232e-20 1.40131e-19 0 
-7.48029 0.623924 -0.144428 -0.000391467 0.577225 -0.576819 -0.000391467 1.97429 1.87199 0.593096 0.433899 5.57449e-17 2.29988e-19 3.95948e-19 0 
-7.47661 0.625019 -0.144533 -0.000394665 0.57701 -0.576603 -0.000394665 1.97855 1.87528 0.59442 0.434223 8.17198e-17 3.34271e-19 5.81389e-19 0 
-7.47292 0.626117 -0.144637 -0.000397888 0.576794 -0.576387 -0.000397888 1.98283 1.87858 0.595745 0.434544 8.00705e-17 3.24681e-19 5.70564e-19 0 
-7.46924 0.627218 -0.14474 -0.000401132 0.576578 -0.57617 -0.000401132 1.98712 1.88189 0.597071 0.434862 3.31812e-17 1.33362e-19 2.36812e-19 0 
-7.46555 0.628322 -0.144842 -0.000404396 0.576361 -0.575954 -0.000404396 1.99144 1.8852 0.5984 0.435177 -7.32267e-17 -2.91678e-19 -5.23416e-19 -0 
-7.46187 0.629429 -0.144943 -0.000407678 0.576144 -0.575737 -0.000407678 1.99577 1.88853 0.599731 0.435489 -2.07536e-16 -8.19145e-19 -1.48567e-18 -0 
-7.45818 0.630539 -0.145043 -0.000410981 0.575928 -0.575519 -0.000410981 2.00011 1.89186 0.601063 0.435798 -3.04756e-16 -1.19177e-18 -2.18484e-18 -0 
-7.4545 0.631652 -0.145141 -0.000414309 0.57571 -0.575302 -0.000414309 2.00448 1.8952 0.602397 0.436103 -2.99145e-16 -1.15885e-18 -2.1477e-18 -0 
-7.45081 0.632767 -0.145239 -0.000417662 0.575493 -0.575084 -0.000417662 2.00886 1.89855 0.603733 0.436406 -1.24959e-16 -4.7946e-19 -8.98399e-19 -0 
-7.44713 0.633886 -0.145335 -0.000421043 0.575275 -0.574866 -0.000421043 2.01326 1.90191 0.60507 0.436705 2.7133e-16 1.031e-18 1.95343e-18 0 
-7.44344 0.635007 -0.145431 -0.000424455 0.575057 -0.574648 -0.000424455 2.01768 1.90528 0.60641 0.437001 7.72639e-16 2.90699e-18 5.57007e-18 0 
-7.43976 0.636131 -0.145525 -0.000427896 0.574839 -0.57443 -0.000427896 2.02212 1.90866 0.607751 0.437294 1.13651e-15 4.23328e-18 8.20402e-18 0 
-7.43607 0.637258 -0.145618 -0.000431367 0.574621 -0.574211 -0.000431367 2.02657 1.91205 0.609094 0.437584 1.1176e-15 4.12052e-18 8.07778e-18 0 
-7.43239 0.638388 -0.14571 -0.00043487 0.574402 -0.573992 -0.00043487 2.03104 1.91544 0.610439 0.43787 4.70531e-16 1.7169e-18 3.40515e-18 0 
-7.4287 0.639521 -0.145801 -0.000438404 0.574183 -0.573773 -0.000438404 2.03553 1.91884 0.611785 0.438154 -1.00533e-15 -3.62979e-18 -7.28422e-18 -0 
-7.42502 0.640657 -0.145891 -0.000441971 0.573964 -0.573553 -0.000441971 2.04004 1.92226 0.613134 0.438434 -2.87647e-15 -1.02747e-17 -2.08663e-17 -0 
-7.42133 0.641796 -0.14598 -0.000445571 0.573744 -0.573333 -0.000445571 2.04456 1.92568 0.614484 0.438711 -4.23839e-15 -1.49751e-17 -3.07811e-17 -0 
-7.41765 0.642937 -0.146067 -0.000449208 0.573525 -0.573113 -0.000449208 2.0491 1.92911 0.615836 0.438985 -4.17542e-15 -1.45897e-17 -3.03576e-17 -0 
-7.41396 0.644082 -0.146154 -0.000452882 0.573305 -0.572893 -0.000452882 2.05366 1.93254 0.61719 0.439256 -1.77189e-15 -6.1218e-18 -1.28966e-17 -0 
-7.41028 0.645229 -0.146239 -0.000456596 0.573085 -0.572673 -0.000456596 2.05824 1.93599 0.618545 0.439524 3.7242e-15 1.27199e-17 2.71346e-17 0 
-7.40659 0.646379 -0.146324 -0.000460351 0.572864 -0.572452 -0.000460351 2.06284 1.93945 0.619903 0.439788 1.0707e-14 3.61443e-17 7.80904e-17 0 
-7.40291 0.647532 -0.146407 -0.000464153 0.572644 -0.572231 -0.000464153 2.06745 1.94291 0.621262 0.440049 1.58009e-14 5.27092e-17 1.15355e-16 0 
-7.39923 0.648688 -0.146489 -0.000468003 0.572423 -0.57201 -0.000468003 2.07209 1.94638 0.622623 0.440307 1.55874e-14 5.13709e-17 1.13904e-16 0 
-7.39554 0.649847 -0.146569 -0.000471907 0.572202 -0.571788 -0.000471907 2.07674 1.94987 0.623985 0.440561 6.64784e-15 2.16405e-17 4.86229e-17 0 
-7.39186 0.651008 -0.146649 -0.000475867 0.57198 -0.571566 -0.000475867 2.08141 1.95336 0.62535 0.440813 -1.38407e-14 -4.44929e-17 -1.01321e-16 -0 
-7.38817 0.652173 -0.146727 -0.000479887 0.571759 -0.571344 -0.000479887 2.0861 1.95685 0.626716 0.441061 -3.99837e-14 -1.269e-16 -2.92947e-16 -0 
-7.38449 0.65334 -0.146805 -0.000483973 0.571537 -0.571122 -0.000483973 2.09081 1.96036 0.628085 0.441305 -5.92745e-14 -1.85691e-16 -4.34634e-16 -0 
-7.3808 0.65451 -0.146881 -0.000488128 0.571315 -0.5709 -0.000488128 2.09553 1.96388 0.629454 0.441547 -5.90416e-14 -1.82523e-16 -4.3326e-16 -0 
-7.37712 0.655683 -0.146956 -0.000492356 0.571092 -0.570677 -0.000492356 2.10028 1.9674 0.630826 0.441785 -2.66139e-14 -8.11695e-17 -1.95442e-16 -0 
-7.37343 0.656859 -0.147029 -0.000496663 0.57087 -0.570454 -0.000496663 2.10504 1.97094 0.6322 0.44202 4.83152e-14 1.45339e-16 3.55057e-16 0 
-7.36975 0.658038 -0.147102 -0.000501056 0.570647 -0.57023 -0.000501056 2.10982 1.97448 0.633575 0.442252 1.40889e-13 4.179e-16 1.03605e-15 0 
-7.36606 0.65922 -0.147173 -0.000505546 0.570424 -0.570007 -0.000505546 2.11462 1.97803 0.634952 0.442481 1.99298e-13 5.82739e-16 1.46649e-15 0 
-7.36238 0.660404 -0.147244 -0.000510145 0.570201 -0.569783 -0.000510145 2.11944 1.98159 0.636331 0.442706 1.71044e-13 4.92868e-16 1.25934e-15 0 
-7.35869 0.661591 -0.147313 -0.000514864 0.569978 -0.569559 -0.000514864 2.12428 1.98516 0.637712 0.442928 3.62907e-15 1.03025e-17 2.67345e-17 0 
-7.35501 0.662781 -0.14738 -0.000519713 0.569754 -0.569334 -0.000519713 2.12914 1.98873 0.639094 0.443147 -3.56075e-13 -9.95591e-16 -2.62448e-15 -0 
-7.35132 0.663974 -0.147447 -0.000524706 0.56953 -0.569109 -0.000524706 2.13402 1.99232 0.640478 0.443362 -9.70733e-13 -2.67236e-15 -7.15834e-15 -0 
-7.34764 0.66517 -0.147512 -0.000529857 0.569306 -0.568884 -0.000529857 2.13891 1.99591 0.641864 0.443575 -1.9104e-12 -5.17645e-15 -1.40939e-14 -0 
-7.34395 0.666368 -0.147576 -0.000535178 0.569082 -0.568659 -0.000535178 2.14383 1.99952 0.643252 0.443784 -3.24531e-12 -8.65231e-15 -2.3952e-14 -0 
-7.34027 0.66757 -0.147639 -0.000540684 0.568857 -0.568433 -0.000540684 2.14877 2.00313 0.644642 0.44399 -5.04573e-12 -1.32317e-14 -3.72539e-14 -0 
-7.33658 0.668774 -0.1477 -0.000546388 0.568632 -0.568207 -0.000546388 2.15372 2.00675 0.646033 0.444193 -7.76419e-12 -2.00191e-14 -5.73442e-14 -0 
-7.3329 0.669981 -0.147761 -0.000552307 0.568407 -0.567981 -0.000552307 2.15869 2.01038 0.647426 0.444392 -1.77214e-11 -4.49097e-14 -1.30924e-13 -0 
-7.32921 0.671191 -0.14782 -0.000558457 0.568182 -0.567754 -0.000558457 2.16369 2.01401 0.648821 0.444589 -4.58321e-11 -1.14113e-13 -3.38693e-13 -0 
-7.32553 0.672403 -0.147877 -0.000564854 0.567957 -0.567527 -0.000564854 2.1687 2.01766 0.650218 0.444782 -1.03134e-10 -2.52184e-13 -7.62312e-13 -0 
-7.32184 0.673619 -0.147934 -0.000571516 0.567731 -0.567299 -0.000571516 2.17373 2.02131 0.651616 0.444973 -2.00664e-10 -4.81671e-13 -1.48348e-12 -0 
-7.31816 0.674837 -0.147989 -0.000578459 0.567505 -0.567071 -0.000578459 2.17879 2.02497 0.653017 0.44516 -3.60838e-10 -8.49901e-13 -2.668e-12 -0 
-7.31447 0.676058 -0.148043 -0.0005857 0.567279 -0.566843 -0.0005857 2.18386 2.02865 0.654419 0.445344 -7.8354e-10 -1.81007e-12 -5.79404e-12 -0 
-7.31079 0.677282 -0.148095 -0.000593258 0.567053 -0.566614 -0.000593258 2.18895 2.03232 0.655823 0.445526 -1.80906e-09 -4.09691e-12 -1.33784e-11 -0 
-7.3071 0.678508 -0.148146 -0.000601149 0.566827 -0.566385 -0.000601149 2.19406 2.03601 0.657228 0.445704 -3.78154e-09 -8.39122e-12 -2.79659e-11 -0 
-7.30342 0.679737 -0.148196 -0.000609392 0.5666 -0.566156 -0.000609392 2.19919 2.03971 0.658636 0.445879 -7.04509e-09 -1.53099e-11 -5.21005e-11 -0 
-7.29973 0.68097 -0.148245 -0.000618003 0.566373 -0.565926 -0.000618003 2.20435 2.04341 0.660045 0.446051 -1.22305e-08 -2.60149e-11 -9.04432e-11 -0 
-7.29605 0.682204 -0.148292 -0.000627001 0.566146 -0.565696 -0.000627001 2.20952 2.04713 0.661456 0.446221 -2.45122e-08 -5.10044e-11 -1.81248e-10 -0 
-7.29236 0.683442 -0.148337 -0.000636404 0.565919 -0.565465 -0.000636404 2.21471 2.05085 0.662868 0.446387 -5.26974e-08 -1.07202e-10 -3.89604e-10 -0 
-7.28868 0.684682 -0.148382 -0.000646232 0.565691 -0.565234 -0.000646232 2.21992 2.05458 0.664283 0.446551 -1.05695e-07 -2.1008e-10 -7.8129e-10 -0 
-7.28499 0.685925 -0.148425 -0.000656501 0.565464 -0.565003 -0.000656501 2.22516 2.05832 0.665699 0.446711 -1.92414e-07 -3.73422e-10 -1.422e-09 -0 
-7.28131 0.687171 -0.148466 -0.00066723 0.565236 -0.564771 -0.00066723 2.23041 2.06207 0.667117 0.446869 -3.27022e-07 -6.19261e-10 -2.41618e-09 -0 
-7.27762 0.68842 -0.148506 -0.00067844 0.565008 -0.564538 -0.00067844 2.23568 2.06582 0.668537 0.447024 -6.08423e-07 -1.12337e-09 -4.49396e-09 -0 
-7.27394 0.689671 -0.148545 -0.000690149 0.564779 -0.564305 -0.000690149 2.24098 2.06959 0.669958 0.447176 -1.20399e-06 -2.16582e-09 -8.8899e-09 -0 
-7.27025 0.690925 -0.148582 -0.000702379 0.564551 -0.564072 -0.000702379 2.24629 2.07336 0.671382 0.447326 -2.28304e-06 -3.99805e-09 -1.68509e-08 -0 
-7.26657 0.692181 -0.148617 -0.00071515 0.564322 -0.563838 -0.00071515 2.25163 2.07714 0.672807 0.447473 -4.0149e-06 -6.8387e-09 -2.9621e-08 -0 
-7.26288 0.693441 -0.148652 -0.000728481 0.564094 -0.563604 -0.000728481 2.25698 2.08093 0.674233 0.447617 -6.63775e-06 -1.09872e-08 -4.89487e-08 -0 
-7.2592 0.694703 -0.148684 -0.000742394 0.563865 -0.56337 -0.000742394 2.26236 2.08473 0.675662 0.447759 -1.15171e-05 -1.85082e-08 -8.48871e-08 -0 
-7.25552 0.695968 -0.148716 -0.000756913 0.563635 -0.563134 -0.000756913 2.26776 2.08853 0.677092 0.447898 -2.0939e-05 -3.26349e-08 -1.54246e-07 -0 
-7.25183 0.697235 -0.148745 -0.00077206 0.563406 -0.562899 -0.00077206 2.27318 2.09235 0.678524 0.448034 -3.72164e-05 -5.61946e-08 -2.73988e-07 -0 
-7.24815 0.698505 -0.148773 -0.000787859 0.563177 -0.562663 -0.000787859 2.27862 2.09617 0.679958 0.448168 -6.26622e-05 -9.15575e-08 -4.61023e-07 -0 
-7.24446 0.699778 -0.1488 -0.000804333 0.562947 -0.562426 -0.000804333 2.28408 2.1 0.681393 0.4483 -0.00010021 -1.4151e-07 -7.36768e-07 -0 
-7.24078 0.701053 -0.148825 -0.000821506 0.562717 -0.562189 -0.000821506 2.28956 2.10384 0.682831 0.448429 -0.00016313 -2.22338e-07 -1.19849e-06 -0 
-7.23709 0.702331 -0.148848 -0.000839405 0.562487 -0.561951 -0.000839405 2.29506 2.10769 0.68427 0.448556 -0.00027322 -3.58898e-07 -2.00574e-06 -0 
-7.23341 0.703612 -0.14887 -0.000858058 0.562257 -0.561713 -0.000858058 2.30059 2.11155 0.68571 0.44868 -0.000452534 -5.72022e-07 -3.31937e-06 -0 
-7.22972 0.704895 -0.14889 -0.000877491 0.562026 -0.561475 -0.000877491 2.30613 2.11541 0.687153 0.448802 -0.000723124 -8.78107e-07 -5.29955e-06 -0 
-7.22604 0.706181 -0.148908 -0.000897732 0.561796 -0.561236 -0.000897732 2.3117 2.11929 0.688597 0.448923 -0.00111079 -1.29343e-06 -8.13314e-06 -0 
-7.22235 0.70747 -0.148925 -0.000918809 0.561565 -0.560996 -0.000918809 2.31729 2.12317 0.690043 0.449041 -0.00170463 -1.89957e-06 -1.24692e-05 -0 
-7.21867 0.708761 -0.14894 -0.000940755 0.561334 -0.560756 -0.000940755 2.3229 2.12706 0.691491 0.449157 -0.00264657 -2.81627e-06 -1.93399e-05 -0 
-7.21498 0.710055 -0.148953 -0.000963601 0.561103 -0.560515 -0.000963601 2.32853 2.13096 0.69294 0.449271 -0.00408012 -4.13607e-06 -2.9784e-05 -0 
-7.2113 0.711351 -0.148964 -0.000987379 0.560872 -0.560274 -0.000987379 2.33419 2.13486 0.694391 0.449383 -0.00614881 -5.92215e-06 -4.48354e-05 -0 
-7.20761 0.71265 -0.148974 -0.00101212 0.560641 -0.560032 -0.00101212 2.33986 2.13878 0.695844 0.449494 -0.00901067 -8.22129e-06 -6.56275e-05 -0 
-7.20393 0.713952 -0.148982 -0.00103786 0.560409 -0.55979 -0.00103786 2.34556 2.1427 0.697298 0.449603 -0.0130733 -1.12625e-05 -9.51024e-05 -0 
-7.20024 0.715256 -0.148988 -0.00106464 0.560178 -0.559547 -0.00106464 2.35128 2.14663 0.698755 0.44971 -0.0189547 -1.53613e-05 -0.000137714 -0 
-7.19656 0.716562 -0.148992 -0.0010925 0.559946 -0.559303 -0.0010925 2.35702 2.15057 0.700213 0.449816 -0.0272792 -2.07103e-05 -0.000197937 -0 
-7.19287 0.717871 -0.148994 -0.00112146 0.559714 -0.559059 -0.00112146 2.36278 2.15452 0.701672 0.44992 -0.0386715 -2.73722e-05 -0.00028022 -0 
-7.18919 0.719183 -0.148994 -0.00115158 0.559482 -0.558814 -0.00115158 2.36857 2.15848 0.703134 0.450023 -0.0537898 -3.53008e-05 -0.000389223 -0 
-7.1855 0.720497 -0.148993 -0.00118289 0.55925 -0.558569 -0.00118289 2.37438 2.16244 0.704597 0.450125 -0.0738846 -4.46694e-05 -0.000533852 -0 
-7.18182 0.721813 -0.148989 -0.00121543 0.559017 -0.558323 -0.00121543 2.38021 2.16641 0.706061 0.450226 -0.100711 -5.56669e-05 -0.000726588 -0 
-7.17813 0.723132 -0.148983 -0.00124926 0.558785 -0.558076 -0.00124926 2.38606 2.17039 0.707528 0.450326 -0.136039 -6.81215e-05 -0.000979937 -0 
-7.17445 0.724454 -0.148975 -0.00128442 0.558552 -0.557829 -0.00128442 2.39193 2.17438 0.708996 0.450425 -0.181639 -8.14862e-05 -0.00130631 -0 
-7.17076 0.725778 -0.148965 -0.00132094 0.558319 -0.557581 -0.00132094 2.39783 2.17838 0.710466 0.450523 -0.239321 -9.48518e-05 -0.00171829 -0 
-7.16708 0.727104 -0.148953 -0.00135889 0.558086 -0.557333 -0.00135889 2.40375 2.18239 0.711937 0.450621 -0.311564 -0.000107152 -0.00223314 -0 
-7.16339 0.728433 -0.148939 -0.00139831 0.557853 -0.557084 -0.00139831 2.40969 2.1864 0.71341 0.450719 -0.401427 -0.000116959 -0.00287214 -0 
-7.15971 0.729764 -0.148922 -0.00143926 0.55762 -0.556834 -0.00143926 2.41566 2.19043 0.714885 0.450816 -0.511986 -0.000122192 -0.00365649 -0 
-7.15602 0.731098 -0.148903 -0.00148179 0.557387 -0.556583 -0.00148179 2.42164 2.19446 0.716362 0.450913 -0.646318 -0.000120109 -0.00460719 -0 
-7.15234 0.732434 -0.148882 -0.00152595 0.557154 -0.556332 -0.00152595 2.42765 2.1985 0.71784 0.451011 -0.807484 -0.000107295 -0.0057449 -0 
-7.14865 0.733772 -0.148858 -0.0015718 0.55692 -0.55608 -0.0015718 2.43369 2.20254 0.71932 0.451109 -0.998236 -7.96481e-05 -0.00708789 -0 
-7.14497 0.735113 -0.148831 -0.0016194 0.556687 -0.555827 -0.0016194 2.43974 2.2066 0.720801 0.451207 -1.22106 -3.24506e-05 -0.0086523 -0 
-7.14128 0.736455 -0.148803 -0.00166881 0.556453 -0.555574 -0.00166881 2.44582 2.21066 0.722285 0.451307 -1.47844 3.95637e-05 -0.010454 -0 
-7.1376 0.737801 -0.148771 -0.00172009 0.556219 -0.55532 -0.00172009 2.45192 2.21474 0.723769 0.451407 -1.77284 0.000142212 -0.0125086 -0 
-7.13391 0.739148 -0.148737 -0.0017733 0.555985 -0.555065 -0.0017733 2.45805 2.21882 0.725256 0.451508 -2.10664 0.000281849 -0.0148308 -0 
-7.13023 0.740498 -0.1487 -0.00182852 0.555751 -0.554809 -0.00182852 2.4642 2.22291 0.726744 0.451611 -2.47999 0.000464948 -0.0174194 -0 
-7.12654 0.74185 -0.14866 -0.0018858 0.555517 -0.554552 -0.0018858 2.47037 2.22701 0.728234 0.451716 -2.89115 0.000697578 -0.0202599 -0 
-7.12286 0.743204 -0.148618 -0.00194521 0.555283 -0.554295 -0.00194521 2.47657 2.23111 0.729725 0.451822 -3.3383 0.000985434 -0.0233372 -0 
-7.11917 0.744561 -0.148572 -0.00200683 0.555048 -0.554037 -0.00200683 2.48279 2.23523 0.731218 0.451931 -3.81962 0.00133383 -0.0266364 -0 
-7.11549 0.745919 -0.148524 -0.00207073 0.554814 -0.553778 -0.00207073 2.48903 2.23935 0.732713 0.452043 -4.33314 0.00174766 -0.0301412 -0 
-7.11181 0.74728 -0.148472 -0.00213697 0.554579 -0.553518 -0.00213697 2.49529 2.24349 0.734209 0.452157 -4.87381 0.00222998 -0.0338146 -0 
-7.10812 0.748643 -0.148417 -0.00220564 0.554345 -0.553258 -0.00220564 2.50158 2.24763 0.735707 0.452274 -5.43393 0.00278141 -0.0376009 -0 
-7.10444 0.750008 -0.148359 -0.0022768 0.55411 -0.552996 -0.0022768 2.5079 2.25178 0.737206 0.452395 -6.00565 0.00340082 -0.0414445 -0 
-7.10075 0.751375 -0.148297 -0.00235054 0.553875 -0.552734 -0.00235054 2.51424 2.25593 0.738707 0.45252 -6.58115 0.00408539 -0.04529 -0 
-7.09707 0.752744 -0.148232 -0.00242693 0.553641 -0.55247 -0.00242693 2.5206 2.2601 0.74021 0.452649 -7.15255 0.00483055 -0.0490826 -0 
-7.09338 0.754115 -0.148163 -0.00250605 0.553406 -0.552206 -0.00250605 2.52698 2.26428 0.741714 0.452783 -7.7107 0.00562908 -0.0527591 -0 
-7.0897 0.755488 -0.14809 -0.00258798 0.553171 -0.551941 -0.00258798 2.53339 2.26846 0.74322 0.452921 -8.24533 0.00647084 -0.0562496 -0 
-7.08601 0.756863 -0.148014 -0.00267279 0.552936 -0.551675 -0.00267279 2.53983 2.27265 0.744727 0.453065 -8.74611 0.00734343 -0.0594848 -0 
-7.08233 0.75824 -0.147933 -0.00276058 0.552701 -0.551408 -0.00276058 2.54628 2.27686 0.746236 0.453215 -9.20275 0.00823213 -0.0623962 -0 
-7.07864 0.759619 -0.147849 -0.00285142 0.552465 -0.55114 -0.00285142 2.55277 2.28107 0.747747 0.453371 -9.60502 0.00912005 -0.064917 -0 
-7.07496 0.761 -0.14776 -0.00294539 0.55223 -0.550871 -0.00294539 2.55927 2.28529 0.749259 0.453534 -9.94472 0.00999002 -0.0669949 -0 
-7.07127 0.762382 -0.147667 -0.00304257 0.551995 -0.550602 -0.00304257 2.5658 2.28952 0.750773 0.453704 -10.2154 0.010825 -0.0685907 -0 
-7.06759 0.763766 -0.147569 -0.00314306 0.55176 -0.550331 -0.00314306 2.57236 2.29375 0.752288 0.453881 -10.4109 0.0116064 -0.0696662 -0 
-7.0639 0.765153 -0.147467 -0.00324692 0.551524 -0.550059 -0.00324692 2.57894 2.298 0.753805 0.454067 -10.5246 0.0123145 -0.070184 -0 
-7.06022 0.76654 -0.14736 -0.00335424 0.551289 -0.549786 -0.00335424 2.58554 2.30226 0.755323 0.454261 -10.5506 0.0129282 -0.0701088 -0 
-7.05653 0.76793 -0.147248 -0.0034651 0.551053 -0.549513 -0.0034651 2.59217 2.30652 0.756843 0.454465 -10.4865 0.0134299 -0.0694319 -0 
-7.05285 0.769321 -0.147131 -0.00357958 0.550818 -0.549238 -0.00357958 2.59883 2.3108 0.758364 0.454678 -10.3336 0.0138064 -0.0681682 -0 
-7.04916 0.770713 -0.147008 -0.00369776 0.550582 -0.548962 -0.00369776 2.60551 2.31508 0.759887 0.454902 -10.0934 0.0140449 -0.0663336 -0 
-7.04548 0.772108 -0.14688 -0.00381971 0.550347 -0.548685 -0.00381971 2.61221 2.31938 0.761411 0.455136 -9.76725 0.0141328 -0.0639442 -0 
-7.04179 0.773503 -0.146746 -0.00394552 0.550111 -0.548408 -0.00394552 2.61894 2.32368 0.762937 0.455382 -9.35671 0.014058 -0.0610171 -0 
-7.03811 0.7749 -0.146607 -0.00407527 0.549875 -0.548129 -0.00407527 2.62569 2.328 0.764464 0.455641 -8.86647 0.0138138 -0.0575897 -0 
-7.03442 0.776299 -0.146462 -0.00420901 0.54964 -0.547849 -0.00420901 2.63247 2.33232 0.765993 0.455912 -8.30404 0.0133989 -0.0537172 -0 
-7.03074 0.777699 -0.14631 -0.00434682 0.549404 -0.547568 -0.00434682 2.63928 2.33665 0.767523 0.456196 -7.67705 0.012814 -0.0494554 -0 
-7.02705 0.7791 -0.146152 -0.00448878 0.549168 -0.547287 -0.00448878 2.64611 2.341 0.769055 0.456494 -6.99313 0.0120612 -0.0448591 -0 
-7.02337 0.780502 -0.145987 -0.00463494 0.548933 -0.547004 -0.00463494 2.65296 2.34535 0.770588 0.456807 -6.25995 0.0111449 -0.0399829 -0 
-7.01968 0.781906 -0.145816 -0.00478538 0.548697 -0.54672 -0.00478538 2.65984 2.34972 0.772123 0.457136 -5.48599 0.0100721 -0.0348854 -0 
-7.016 0.78331 -0.145637 -0.00494015 0.548461 -0.546436 -0.00494015 2.66675 2.35409 0.773659 0.457481 -4.68044 0.00885358 -0.0296296 -0 
-7.01231 0.784716 -0.145451 -0.0050993 0.548225 -0.54615 -0.0050993 2.67368 2.35848 0.775197 0.457842 -3.85254 0.00750188 -0.0242772 -0 
-7.00863 0.786123 -0.145258 -0.00526289 0.54799 -0.545863 -0.00526289 2.68064 2.36287 0.776736 0.458221 -3.01153 0.00603179 -0.0188891 -0 
-7.00494 0.78753 -0.145057 -0.00543098 0.547754 -0.545576 -0.00543098 2.68762 2.36728 0.778276 0.458618 -2.1666 0.00446001 -0.013525 -0 
-7.00126 0.788939 -0.144848 -0.0056036 0.547518 -0.545287 -0.0056036 2.69463 2.3717 0.779818 0.459034 -1.32574 0.00280284 -0.00823597 -0 
-6.99757 0.790348 -0.144631 -0.0057808 0.547282 -0.544998 -0.0057808 2.70167 2.37613 0.781361 0.459469 -0.49588 0.00107595 -0.0030654 -0 
-6.99389 0.791758 -0.144406 -0.00596261 0.547046 -0.544708 -0.00596261 2.70873 2.38057 0.782906 0.459925 0.316133 -0.000703513 0.00194444 0 
-6.9902 0.793168 -0.144172 -0.00614907 0.546811 -0.544416 -0.00614907 2.71582 2.38503 0.784452 0.460402 1.10343 -0.00251687 0.00675221 0 
-6.98652 0.794579 -0.143929 -0.0063402 0.546575 -0.544124 -0.0063402 2.72293 2.38949 0.785999 0.460901 1.85925 -0.00434413 0.011318 0 
-6.98283 0.795991 -0.143677 -0.00653603 0.546339 -0.543831 -0.00653603 2.73007 2.39397 0.787548 0.461422 2.57871 -0.00616832 0.0156144 0 
-6.97915 0.797403 -0.143415 -0.00673657 0.546104 -0.543538 -0.00673657 2.73724 2.39846 0.789099 0.461966 3.25877 -0.00797584 0.0196256 0 
-6.97546 0.798815 -0.143144 -0.00694184 0.545868 -0.543243 -0.00694184 2.74444 2.40297 0.79065 0.462535 3.89645 -0.0097526 0.0233368 0 
-6.97178 0.800228 -0.142863 -0.00715182 0.545632 -0.542948 -0.00715182 2.75166 2.40748 0.792203 0.463128 4.48877 -0.0114838 0.0267336 0 
-6.9681 0.80164 -0.142572 -0.00736655 0.545397 -0.542652 -0.00736655 2.7589 2.41201 0.793758 0.463746 5.03283 -0.0131543 0.0298028 0 
-6.96441 0.803053 -0.142271 -0.007586 0.545161 -0.542356 -0.007586 2.76618 2.41655 0.795313 0.464391 5.52734 -0.0147524 0.0325408 0 
-6.96073 0.804466 -0.141959 -0.00781016 0.544925 -0.542058 -0.00781016 2.77348 2.42111 0.79687 0.465062 5.97254 -0.0162706 0.0349536 0 
-6.95704 0.805878 -0.141636 -0.00803902 0.54469 -0.54176 -0.00803902 2.7808 2.42568 0.798429 0.46576 6.36876 -0.0177014 0.0370477 0 
-6.95336 0.80729 -0.141302 -0.00827254 0.544454 -0.541462 -0.00827254 2.78816 2.43026 0.799989 0.466486 6.7163 -0.0190375 0.0388295 0 
-6.94967 0.808702 -0.140957 -0.00851071 0.544219 -0.541163 -0.00851071 2.79554 2.43486 0.80155 0.467241 7.01553 -0.0202718 0.040306 0 
-6.94599 0.810114 -0.1406 -0.00875349 0.543983 -0.540863 -0.00875349 2.80295 2.43947 0.803112 0.468024 7.2677 -0.0213999 0.0414889 0 
-6.9423 0.811525 -0.140232 -0.00900084 0.543748 -0.540563 -0.00900084 2.81038 2.4441 0.804676 0.468838 7.47493 -0.0224202 0.0423954 0 
-6.93862 0.812935 -0.139851 -0.00925269 0.543512 -0.540262 -0.00925269 2.81784 2.44874 0.806241 0.469682 7.63937 -0.023332 0.0430421 0 
-6.93493 0.814344 -0.139458 -0.009509 0.543277 -0.539961 -0.009509 2.82533 2.4534 0.807808 0.470556 7.76319 -0.0241348 0.0434458 0 
-6.93125 0.815753 -0.139053 -0.00976972 0.543041 -0.53966 -0.00976972 2.83285 2.45807 0.809376 0.471461 7.84855 -0.0248287 0.043623 0 
-6.92756 0.81716 -0.138635 -0.0100348 0.542806 -0.539359 -0.0100348 2.8404 2.46276 0.810945 0.472398 7.89787 -0.0254152 0.0435914 0 
-6.92388 0.818567 -0.138204 -0.0103041 0.54257 -0.539057 -0.0103041 2.84797 2.46747 0.812515 0.473367 7.91381 -0.0258969 0.0433696 0 
-6.92019 0.819972 -0.13776 -0.0105776 0.542335 -0.538755 -0.0105776 2.85557 2.47219 0.814087 0.474369 7.89904 -0.0262773 0.042976 0 
-6.91651 0.821376 -0.137303 -0.0108552 0.5421 -0.538452 -0.0108552 2.8632 2.47693 0.81566 0.475403 7.85622 -0.0265603 0.0424287 0 
-6.91282 0.822778 -0.136833 -0.0111368 0.541865 -0.53815 -0.0111368 2.87086 2.48169 0.817235 0.47647 7.78802 -0.0267506 0.0417454 0 
-6.90914 0.824178 -0.136348 -0.0114223 0.541629 -0.537847 -0.0114223 2.87854 2.48647 0.81881 0.47757 7.69694 -0.0268527 0.0409427 0 
-6.90545 0.825577 -0.13585 -0.0117117 0.541394 -0.537545 -0.0117117 2.88626 2.49126 0.820388 0.478704 7.58537 -0.0268713 0.040036 0 
-6.90177 0.826974 -0.135338 -0.0120047 0.541159 -0.537242 -0.0120047 2.894 2.49607 0.821966 0.479871 7.45565 -0.0268117 0.0390403 0 
-6.89808 0.828369 -0.134812 -0.0123014 0.540924 -0.53694 -0.0123014 2.90177 2.5009 0.823546 0.481072 7.31016 -0.0266795 0.0379703 0 
-6.8944 0.829762 -0.134272 -0.0126015 0.540688 -0.536637 -0.0126015 2.90957 2.50575 0.825127 0.482307 7.15123 -0.0264809 0.0368403 0 
-6.89071 0.831153 -0.133717 -0.012905 0.540453 -0.536335 -0.012905 2.91739 2.51062 0.826709 0.483576 6.98091 -0.0262215 0.0356627 0 
-6.88703 0.832541 -0.133147 -0.0132117 0.540218 -0.536033 -0.0132117 2.92525 2.51551 0.828293 0.484879 6.80094 -0.0259062 0.0344479 0 
-6.88334 0.833926 -0.132563 -0.0135215 0.539983 -0.535731 -0.0135215 2.93313 2.52042 0.829878 0.486216 6.61306 -0.02554 0.0332062 0 
-6.87966 0.835309 -0.131965 -0.0138343 0.539748 -0.53543 -0.0138343 2.94105 2.52535 0.831465 0.487586 6.41897 -0.0251287 0.0319474 0 
-6.87597 0.836689 -0.131351 -0.01415 0.539513 -0.535128 -0.01415 2.94899 2.53031 0.833052 0.48899 6.22041 -0.024678 0.030681 0 
-6.87229 0.838066 -0.130723 -0.0144683 0.539278 -0.534828 -0.0144683 2.95696 2.53528 0.834641 0.490428 6.01877 -0.024193 0.0294148 0 
-6.8686 0.83944 -0.130079 -0.0147892 0.539043 -0.534527 -0.0147892 2.96496 2.54027 0.836232 0.491899 5.81515 -0.0236777 0.0281547 0 
-6.86492 0.84081 -0.129421 -0.0151125 0.538808 -0.534227 -0.0151125 2.97299 2.54529 0.837824 0.493403 5.61063 -0.0231364 0.0269065 0 
-6.86123 0.842177 -0.128748 -0.0154381 0.538573 -0.533928 -0.0154381 2.98105 2.55033 0.839417 0.494941 5.40629 -0.0225735 0.0256757 0 
-6.85755 0.843541 -0.128059 -0.0157657 0.538337 -0.533629 -0.0157657 2.98914 2.55539 0.841011 0.49651 5.2032 -0.0219937 0.0244675 0 
-6.85386 0.8449 -0.127355 -0.0160954 0.538102 -0.533331 -0.0160954 2.99726 2.56047 0.842607 0.498112 5.00219 -0.0214008 0.023286 0 
-6.85018 0.846256 -0.126637 -0.0164268 0.537867 -0.533033 -0.0164268 3.0054 2.56558 0.844205 0.499746 4.80384 -0.0207977 0.0221336 0 
-6.84649 0.847608 -0.125903 -0.0167599 0.537632 -0.532736 -0.0167599 3.01358 2.57071 0.845803 0.501411 4.6087 -0.0201874 0.0210129 0 
-6.84281 0.848955 -0.125153 -0.0170945 0.537397 -0.53244 -0.0170945 3.02179 2.57587 0.847403 0.503107 4.41736 -0.019573 0.0199262 0 
-6.83912 0.850299 -0.124389 -0.0174303 0.537162 -0.532145 -0.0174303 3.03003 2.58105 0.849005 0.504834 4.23036 -0.0189577 0.0188757 0 
-6.83544 0.851637 -0.12361 -0.0177674 0.536927 -0.53185 -0.0177674 3.0383 2.58626 0.850608 0.506591 4.0481 -0.018344 0.0178628 0 
-6.83175 0.852971 -0.122815 -0.0181055 0.536692 -0.531556 -0.0181055 3.04659 2.59149 0.852212 0.508377 3.87079 -0.0177338 0.0168878 0 
-6.82807 0.8543 -0.122006 -0.0184444 0.536456 -0.531263 -0.0184444 3.05492 2.59674 0.853818 0.510193 3.69866 -0.017129 0.0159513 0 
-6.82439 0.855624 -0.121181 -0.0187839 0.536221 -0.530971 -0.0187839 3.06328 2.60203 0.855425 0.512036 3.53192 -0.0165313 0.0150535 0 
-6.8207 0.856943 -0.120342 -0.019124 0.535986 -0.53068 -0.019124 3.07167 2.60734 0.857033 0.513908 3.37076 -0.0159427 0.0141948 0 
-6.81702 0.858257 -0.119488 -0.0194645 0.535751 -0.53039 -0.0194645 3.08009 2.61267 0.858644 0.515807 3.21531 -0.0153646 0.0133749 0 
-6.81333 0.859565 -0.118619 -0.0198051 0.535515 -0.530101 -0.0198051 3.08854 2.61804 0.860255 0.517732 3.06556 -0.014798 0.0125932 0 
-6.80965 0.860868 -0.117735 -0.0201458 0.53528 -0.529813 -0.0201458 3.09702 2.62343 0.861868 0.519684 2.92152 -0.0142438 0.0118489 0 
-6.80596 0.862165 -0.116836 -0.0204864 0.535044 -0.529526 -0.0204864 3.10554 2.62884 0.863482 0.521661 2.78317 -0.013703 0.0111414 0 
-6.80228 0.863456 -0.115923 -0.0208266 0.534809 -0.52924 -0.0208266 3.11408 2.63429 0.865098 0.523663 2.65053 -0.0131764 0.0104699 0 
-6.79859 0.864741 -0.114996 -0.0211664 0.534573 -0.528955 -0.0211664 3.12266 2.63976 0.866716 0.525688 2.52353 -0.0126648 0.00983347 0 
-6.79491 0.866019 -0.114054 -0.0215056 0.534338 -0.528671 -0.0215056 3.13127 2.64527 0.868335 0.527738 2.40207 -0.0121684 0.00923088 0 
-6.79122 0.867291 -0.113098 -0.0218441 0.534102 -0.528389 -0.0218441 3.1399 2.6508 0.869955 0.529809 2.28602 -0.0116875 0.008661 0 
-6.78754 0.868557 -0.112127 -0.0221816 0.533866 -0.528107 -0.0221816 3.14857 2.65636 0.871577 0.531903 2.17528 -0.0112224 0.00812265 0 
-6.78385 0.869816 -0.111143 -0.0225181 0.53363 -0.527827 -0.0225181 3.15728 2.66195 0.873201 0.534019 2.06973 -0.0107734 0.00761468 0 
-6.78017 0.871068 -0.110145 -0.0228533 0.533394 -0.527548 -0.0228533 3.16601 2.66758 0.874826 0.536155 1.96923 -0.0103405 0.00713587 0 
-6.77648 0.872313 -0.109133 -0.0231872 0.533158 -0.52727 -0.0231872 3.17478 2.67323 0.876453 0.538311 1.87363 -0.00992367 0.00668492 0 
-6.7728 0.87355 -0.108107 -0.0235195 0.532922 -0.526994 -0.0235195 3.18357 2.67891 0.878081 0.540487 1.78276 -0.00952282 0.00626057 0 
-6.76911 0.874781 -0.107068 -0.0238502 0.532686 -0.526718 -0.0238502 3.1924 2.68462 0.879711 0.542681 1.69647 -0.00913781 0.00586159 0 
-6.76543 0.876003 -0.106015 -0.0241791 0.53245 -0.526444 -0.0241791 3.20127 2.69037 0.881342 0.544894 1.61458 -0.00876844 0.00548673 0 
-6.76174 0.877219 -0.10495 -0.024506 0.532214 -0.526171 -0.024506 3.21016 2.69614 0.882975 0.547124 1.53694 -0.00841449 0.00513481 0 
-6.75806 0.878426 -0.10387 -0.0248308 0.531977 -0.5259 -0.0248308 3.21909 2.70195 0.88461 0.549371 1.46338 -0.00807566 0.00480463 0 
-6.75437 0.879625 -0.102778 -0.0251534 0.531741 -0.525629 -0.0251534 3.22805 2.70779 0.886246 0.551634 1.39373 -0.00775162 0.00449502 0 
-6.75069 0.880816 -0.101673 -0.0254737 0.531504 -0.52536 -0.0254737 3.23704 2.71366 0.887884 0.553913 1.32782 -0.007442 0.00420485 0 
-6.747 0.881999 -0.100555 -0.0257914 0.531267 -0.525093 -0.0257914 3.24607 2.71956 0.889524 0.556207 1.26548 -0.0071464 0.00393302 0 
-6.74332 0.883174 -0.099425 -0.0261065 0.53103 -0.524826 -0.0261065 3.25512 2.7255 0.891165 0.558515 1.20655 -0.00686441 0.00367847 0 
-6.73963 0.884339 -0.098282 -0.0264188 0.530793 -0.524561 -0.0264188 3.26422 2.73147 0.892808 0.560837 1.15088 -0.00659564 0.0034402 0 
-6.73595 0.885496 -0.0971267 -0.0267283 0.530556 -0.524297 -0.0267283 3.27334 2.73747 0.894453 0.563173 1.0983 -0.00633965 0.00321724 0 
-6.73226 0.886645 -0.0959591 -0.0270347 0.530319 -0.524035 -0.0270347 3.2825 2.74351 0.8961 0.565521 1.04866 -0.00609599 0.00300865 0 
-6.72858 0.887784 -0.0947794 -0.027338 0.530082 -0.523774 -0.027338 3.29169 2.74958 0.897748 0.567882 1.00182 -0.00586416 0.00281351 0 
-6.72489 0.888913 -0.0935877 -0.027638 0.529844 -0.523514 -0.027638 3.30092 2.75568 0.899398 0.570255 0.95761 -0.00564369 0.00263098 0 
-6.72121 0.890034 -0.0923841 -0.0279346 0.529607 -0.523255 -0.0279346 3.31018 2.76182 0.901049 0.572639 0.915913 -0.00543418 0.00246026 0 
-6.71752 0.891145 -0.0911688 -0.0282278 0.529369 -0.522998 -0.0282278 3.31947 2.76799 0.902703 0.575033 0.876595 -0.00523518 0.00230058 0 
-6.71384 0.892246 -0.0899418 -0.0285173 0.529131 -0.522742 -0.0285173 3.3288 2.7742 0.904358 0.577439 0.839522 -0.00504623 0.00215123 0 
-6.71015 0.893337 -0.0887034 -0.0288031 0.528893 -0.522487 -0.0288031 3.33816 2.78044 0.906015 0.579854 0.804563 -0.00486682 0.00201149 0 
-6.70647 0.894418 -0.0874536 -0.029085 0.528655 -0.522234 -0.029085 3.34755 2.78672 0.907674 0.582278 0.771598 -0.00469652 0.0018807 0 
-6.70278 0.89549 -0.0861925 -0.0293631 0.528417 -0.521982 -0.0293631 3.35698 2.79303 0.909335 0.584712 0.740521 -0.00453494 0.00175829 0 
-6.6991 0.896551 -0.0849203 -0.029637 0.528178 -0.521731 -0.029637 3.36645 2.79938 0.910998 0.587154 0.711226 -0.00438168 0.00164367 0 
-6.69541 0.897601 -0.0836372 -0.0299068 0.52794 -0.521482 -0.0299068 3.37595 2.80576 0.912662 0.589605 0.683606 -0.00423632 0.00153631 0 
-6.69173 0.898641 -0.0823431 -0.0301723 0.527701 -0.521233 -0.0301723 3.38548 2.81218 0.914328 0.592064 0.657557 -0.00409842 0.00143569 0 
-6.68804 0.89967 -0.0810382 -0.0304335 0.527462 -0.520986 -0.0304335 3.39505 2.81864 0.915997 0.59453 0.632984 -0.00396759 0.00134133 0 
-6.68436 0.900688 -0.0797227 -0.0306902 0.527223 -0.520741 -0.0306902 3.40465 2.82513 0.917667 0.597004 0.609805 -0.00384351 0.0012528 0 
-6.68067 0.901695 -0.0783966 -0.0309423 0.526984 -0.520496 -0.0309423 3.41429 2.83166 0.919339 0.599484 0.58794 -0.00372583 0.0011697 0 
-6.67699 0.902691 -0.07706 -0.0311898 0.526744 -0.520253 -0.0311898 3.42397 2.83822 0.921013 0.601972 0.567306 -0.00361421 0.00109163 0 
-6.67331 0.903675 -0.0757132 -0.0314325 0.526505 -0.520011 -0.0314325 3.43368 2.84482 0.922689 0.604465 0.547824 -0.00350828 0.00101823 0 
-6.66962 0.904648 -0.0743561 -0.0316703 0.526265 -0.51977 -0.0316703 3.44342 2.85146 0.924366 0.606965 0.529422 -0.00340772 0.000949167 0 
-6.66594 0.90561 -0.0729889 -0.0319032 0.526025 -0.519531 -0.0319032 3.4532 2.85814 0.926046 0.609471 0.512039 -0.00331228 0.000884134 0 
-6.66225 0.906559 -0.0716117 -0.032131 0.525785 -0.519292 -0.032131 3.46302 2.86485 0.927728 0.611982 0.495615 -0.00322168 0.00082285 0 
-6.65857 0.907497 -0.0702246 -0.0323537 0.525545 -0.519055 -0.0323537 3.47287 2.8716 0.929412 0.614499 0.48009 -0.00313565 0.000765042 0 
-6.65488 0.908422 -0.0688277 -0.0325712 0.525305 -0.518819 -0.0325712 3.48276 2.87839 0.931097 0.61702 0.465403 -0.00305389 0.000710457 0 
-6.6512 0.909335 -0.0674211 -0.0327834 0.525064 -0.518584 -0.0327834 3.49268 2.88522 0.932785 0.619547 0.451503 -0.00297617 0.000658861 0 
-6.64751 0.910236 -0.066005 -0.0329902 0.524824 -0.518351 -0.0329902 3.50264 2.89208 0.934475 0.622078 0.438345 -0.00290228 0.00061005 0 
-6.64383 0.911124 -0.0645793 -0.0331914 0.524583 -0.518118 -0.0331914 3.51264 2.89898 0.936167 0.624614 0.425884 -0.00283201 0.000563827 0 
-6.64014 0.912 -0.0631443 -0.0333871 0.524342 -0.517887 -0.0333871 3.52267 2.90593 0.937861 0.627154 0.414079 -0.00276515 0.000520007 0 
-6.63646 0.912862 -0.0617 -0.0335772 0.524101 -0.517657 -0.0335772 3.53274 2.91291 0.939557 0.629698 0.402884 -0.00270148 0.000478417 0 
-6.63277 0.913712 -0.0602465 -0.0337615 0.52386 -0.517428 -0.0337615 3.54284 2.91992 0.941255 0.632246 0.392263 -0.00264082 0.000438899 0 
-6.62909 0.914548 -0.0587839 -0.03394 0.523618 -0.5172 -0.03394 3.55299 2.92698 0.942955 0.634798 0.382183 -0.00258301 0.000401311 0 
-6.6254 0.915371 -0.0573123 -0.0341125 0.523376 -0.516973 -0.0341125 3.56317 2.93408 0.944657 0.637354 0.372612 -0.00252789 0.000365521 0 
-6.62172 0.916181 -0.0558319 -0.0342791 0.523135 -0.516747 -0.0342791 3.57338 2.94122 0.946361 0.639913 0.36352 -0.00247532 0.000331403 0 
-6.61803 0.916977 -0.0543427 -0.0344396 0.522893 -0.516522 -0.0344396 3.58364 2.94839 0.948068 0.642475 0.354875 -0.00242513 0.000298839 0 
-6.61435 0.917759 -0.0528448 -0.034594 0.522651 -0.516299 -0.034594 3.59393 2.95561 0.949776 0.645041 0.34665 -0.00237716 0.000267724 0 
-6.61066 0.918528 -0.0513383 -0.0347422 0.522408 -0.516076 -0.0347422 3.60426 2.96286 0.951487 0.647609 0.338822 -0.00233133 0.000237961 0 
-6.60698 0.919282 -0.0498233 -0.034884 0.522166 -0.515854 -0.034884 3.61462 2.97016 0.9532 0.650181 0.331369 -0.0022875 0.000209458 0 
-6.60329 0.920022 -0.0483 -0.0350195 0.521923 -0.515634 -0.0350195 3.62503 2.97749 0.954915 0.652755 0.324268 -0.00224556 0.000182132 0 
-6.59961 0.920748 -0.0467684 -0.0351485 0.521681 -0.515414 -0.0351485 3.63547 2.98487 0.956632 0.655333 0.317497 -0.00220539 0.000155903 0 
-6.59592 0.92146 -0.0452286 -0.035271 0.521438 -0.515196 -0.035271 3.64595 2.99228 0.958351 0.657913 0.311036 -0.00216689 0.000130699 0 
-6.59224 0.922156 -0.0436808 -0.0353869 0.521195 -0.514978 -0.0353869 3.65646 2.99974 0.960073 0.660495 0.30487 -0.00212997 0.000106454 0 
-6.58855 0.922838 -0.0421249 -0.0354961 0.520951 -0.514761 -0.0354961 3.66702 3.00723 0.961797 0.66308 0.298981 -0.00209455 8.31057e-05 0 
-6.58487 0.923505 -0.0405612 -0.0355986 0.520708 -0.514546 -0.0355986 3.67761 3.01477 0.963523 0.665667 0.293355 -0.00206054 6.05972e-05 0 
-6.58118 0.924157 -0.0389897 -0.0356942 0.520465 -0.514331 -0.0356942 3.68825 3.02235 0.965251 0.668257 0.287974 -0.00202786 3.88748e-05 0 
-6.5775 0.924794 -0.0374106 -0.035783 0.520221 -0.514117 -0.035783 3.69892 3.02997 0.966982 0.670849 0.282825 -0.00199642 1.78892e-05 0 
-6.57381 0.925415 -0.0358239 -0.0358647 0.519977 -0.513904 -0.0358647 3.70963 3.03763 0.968715 0.673443 0.277897 -0.00196617 -2.40491e-06 0 
-6.57013 0.926021 -0.0342297 -0.0359395 0.519733 -0.513693 -0.0359395 3.72038 3.04533 0.97045 0.676039 0.273177 -0.00193704 -2.205e-05 0 
-6.56644 0.926611 -0.0326282 -0.0360071 0.519489 -0.513482 -0.0360071 3.73116 3.05308 0.972187 0.678637 0.268654 -0.00190897 -4.10855e-05 0 
-6.56276 0.927185 -0.0310194 -0.0360676 0.519245 -0.513271 -0.0360676 3.74199 3.06086 0.973927 0.681237 0.264317 -0.00188189 -5.95476e-05 0 
-6.55907 0.927744 -0.0294035 -0.0361208 0.519 -0.513062 -0.0361208 3.75285 3.06869 0.975669 0.683839 0.260154 -0.00185575 -7.74702e-05 0 
-6.55539 0.928286 -0.0277805 -0.0361667 0.518756 -0.512854 -0.0361667 3.76376 3.07656 0.977413 0.686443 0.256159 -0.0018305 -9.48846e-05 0 
-6.5517 0.928812 -0.0261506 -0.0362053 0.518511 -0.512646 -0.0362053 3.7747 3.08447 0.97916 0.689048 0.252322 -0.00180609 -0.00011182 0 
-6.54802 0.929322 -0.0245139 -0.0362364 0.518267 -0.512439 -0.0362364 3.78569 3.09243 0.980909 0.691656 0.248636 -0.00178248 -0.000128305 0 
-6.54433 0.929815 -0.0228705 -0.03626 0.518022 -0.512234 -0.03626 3.79671 3.10042 0.98266 0.694265 0.24509 -0.00175961 -0.000144362 0 
-6.54065 0.930291 -0.0212205 -0.036276 0.517777 -0.512029 -0.036276 3.80777 3.10846 0.984414 0.696875 0.241679 -0.00173746 -0.000160016 0 
-6.53696 0.930751 -0.019564 -0.0362843 0.517532 -0.511824 -0.0362843 3.81888 3.11654 0.98617 0.699487 0.238396 -0.00171597 -0.000175289 0 
-6.53328 0.931194 -0.0179011 -0.036285 0.517286 -0.511621 -0.036285 3.83002 3.12467 0.987928 0.702101 0.235235 -0.00169512 -0.0001902 0 
-6.5296 0.931619 -0.016232 -0.0362779 0.517041 -0.511418 -0.0362779 3.8412 3.13284 0.989689 0.704716 0.23219 -0.00167487 -0.00020477 0 
-6.52591 0.932028 -0.0145567 -0.036263 0.516795 -0.511216 -0.036263 3.85243 3.14105 0.991452 0.707333 0.229253 -0.00165519 -0.000219014 0 
-6.52223 0.932419 -0.0128754 -0.0362402 0.51655 -0.511015 -0.0362402 3.86369 3.1493 0.993217 0.709951 0.226421 -0.00163604 -0.00023295 0 
-6.51854 0.932792 -0.0111881 -0.0362094 0.516304 -0.510815 -0.0362094 3.87499 3.1576 0.994985 0.712571 0.223688 -0.00161739 -0.000246592 0 
-6.51486 0.933148 -0.00949509 -0.0361706 0.516058 -0.510615 -0.0361706 3.88634 3.16594 0.996756 0.715192 0.22105 -0.00159923 -0.000259956 0 
-6.51117 0.933486 -0.00779639 -0.0361237 0.515813 -0.510416 -0.0361237 3.89772 3.17433 0.998529 0.717814 0.218503 -0.00158151 -0.000273054 0 
-6.50749 0.933807 -0.00609213 -0.0360687 0.515567 -0.510218 -0.0360687 3.90915 3.18275 1.0003 0.720438 0.21604 -0.00156423 -0.000285898 0 
-6.5038 0.934109 -0.00438243 -0.0360055 0.515321 -0.510021 -0.0360055 3.92062 3.19123 1.00208 0.723063 0.213659 -0.00154735 -0.000298499 0 
-6.50012 0.934393 -0.00266743 -0.0359341 0.515074 -0.509824 -0.0359341 3.93213 3.19975 1.00386 0.725689 0.211357 -0.00153084 -0.000310869 0 
-6.49643 0.934658 -0.000947236 -0.0358543 0.514828 -0.509628 -0.0358543 3.94368 3.20831 1.00564 0.728317 0.209129 -0.00151471 -0.000323017 0 
-6.49275 0.934906 0.000778014 -0.0357662 0.514582 -0.509432 -0.0357662 3.95527 3.21691 1.00743 0.730945 0.206972 -0.00149891 -0.000334953 0 
-6.48906 0.935134 0.0025082 -0.0356697 0.514336 -0.509238 -0.0356697 3.96691 3.22556 1.00922 0.733575 0.204882 -0.00148343 -0.000346685 0 
-6.48538 0.935344 0.00424319 -0.0355647 0.514089 -0.509044 -0.0355647 3.97858 3.23426 1.01101 0.736206 0.202858 -0.00146826 -0.000358221 0 
-6.48169 0.935535 0.00598286 -0.0354512 0.513843 -0.50885 -0.0354512 3.9903 3.243 1.0128 0.738839 0.200895 -0.00145337 -0.000369568 0 
-6.47801 0.935707 0.00772706 -0.0353291 0.513596 -0.508657 -0.0353291 4.00206 3.25179 1.01459 0.741472 0.198992 -0.00143875 -0.000380735 0 
-6.47432 0.93586 0.00947569 -0.0351983 0.51335 -0.508465 -0.0351983 4.01386 3.26062 1.01639 0.744107 0.197145 -0.00142439 -0.000391726 0 
-6.47064 0.935993 0.0112286 -0.0350589 0.513103 -0.508274 -0.0350589 4.0257 3.26949 1.01819 0.746742 0.195353 -0.00141027 -0.000402549 0 
-6.46695 0.936108 0.0129856 -0.0349107 0.512856 -0.508083 -0.0349107 4.03759 3.27841 1.02 0.749379 0.193612 -0.00139638 -0.000413208 0 
-6.46327 0.936202 0.0147467 -0.0347537 0.51261 -0.507893 -0.0347537 4.04951 3.28738 1.0218 0.752017 0.191921 -0.0013827 -0.000423709 0 
-6.45958 0.936277 0.0165116 -0.0345879 0.512363 -0.507703 -0.0345879 4.06149 3.29639 1.02361 0.754656 0.190278 -0.00136922 -0.000434057 0 
-6.4559 0.936333 0.0182803 -0.0344132 0.512116 -0.507514 -0.0344132 4.0735 3.30545 1.02542 0.757296 0.188681 -0.00135593 -0.000444256 0 
-6.45221 0.936368 0.0200525 -0.0342296 0.51187 -0.507325 -0.0342296 4.08556 3.31456 1.02723 0.759937 0.187127 -0.00134281 -0.000454311 0 
-6.44853 0.936383 0.0218282 -0.034037 0.511623 -0.507137 -0.034037 4.09766 3.32371 1.02905 0.762579 0.185615 -0.00132986 -0.000464225 0 
-6.44484 0.936379 0.0236072 -0.0338354 0.511376 -0.50695 -0.0338354 4.1098 3.33291 1.03087 0.765223 0.184143 -0.00131707 -0.000474002 0 
-6.44116 0.936354 0.0253893 -0.0336247 0.511129 -0.506763 -0.0336247 4.12198 3.34215 1.03269 0.767867 0.18271 -0.00130443 -0.000483645 0 
-6.43747 0.936308 0.0271745 -0.0334048 0.510883 -0.506576 -0.0334048 4.13421 3.35144 1.03451 0.770512 0.181314 -0.00129192 -0.000493158 0 
-6.43379 0.936242 0.0289625 -0.0331759 0.510636 -0.506391 -0.0331759 4.14649 3.36078 1.03634 0.773159 0.179954 -0.00127954 -0.000502543 0 
-6.4301 0.936156 0.0307533 -0.0329377 0.510389 -0.506205 -0.0329377 4.1588 3.37016 1.03816 0.775806 0.178628 -0.00126728 -0.000511802 0 
-6.42642 0.936049 0.0325466 -0.0326902 0.510142 -0.50602 -0.0326902 4.17116 3.37959 1.04 0.778454 0.177335 -0.00125513 -0.000520939 0 
-6.42273 0.93592 0.0343423 -0.0324335 0.509896 -0.505836 -0.0324335 4.18357 3.38907 1.04183 0.781104 0.176073 -0.00124309 -0.000529956 0 
-6.41905 0.935771 0.0361402 -0.0321675 0.509649 -0.505652 -0.0321675 4.19602 3.3986 1.04367 0.783754 0.174842 -0.00123114 -0.000538854 0 
-6.41536 0.935601 0.0379403 -0.0318921 0.509402 -0.505469 -0.0318921 4.20851 3.40817 1.0455 0.786405 0.17364 -0.00121928 -0.000547635 0 
-6.41168 0.93541 0.0397423 -0.0316073 0.509156 -0.505286 -0.0316073 4.22105 3.41779 1.04735 0.789058 0.172466 -0.00120751 -0.000556301 0 
-6.40799 0.935197 0.0415462 -0.031313 0.508909 -0.505104 -0.031313 4.23363 3.42746 1.04919 0.791711 0.171319 -0.00119581 -0.000564854 0 
-6.40431 0.934963 0.0433516 -0.0310093 0.508663 -0.504922 -0.0310093 4.24625 3.43717 1.05104 0.794365 0.170198 -0.00118418 -0.000573295 0 
-6.40062 0.934707 0.0451585 -0.0306961 0.508417 -0.504741 -0.0306961 4.25893 3.44694 1.05289 0.797021 0.169102 -0.00117262 -0.000581625 0 
-6.39694 0.93443 0.0469667 -0.0303734 0.50817 -0.50456 -0.0303734 4.27164 3.45675 1.05474 0.799677 0.16803 -0.00116111 -0.000589846 0 
-6.39325 0.934131 0.0487761 -0.030041 0.507924 -0.504379 -0.030041 4.2844 3.46661 1.05659 0.802334 0.166982 -0.00114966 -0.000597958 0 
-6.38957 0.93381 0.0505864 -0.0296991 0.507678 -0.504199 -0.0296991 4.29721 3.47652 1.05845 0.804992 0.165956 -0.00113826 -0.000605962 0 
-6.38589 0.933468 0.0523975 -0.0293475 0.507432 -0.504019 -0.0293475 4.31006 3.48648 1.06031 0.807651 0.164951 -0.0011269 -0.000613859 0 
-6.3822 0.933103 0.0542093 -0.0289863 0.507186 -0.50384 -0.0289863 4.32296 3.49648 1.06218 0.810312 0.163967 -0.00111558 -0.00062165 0 
-6.37852 0.932716 0.0560215 -0.0286154 0.50694 -0.503661 -0.0286154 4.3359 3.50654 1.06404 0.812973 0.163004 -0.0011043 -0.000629335 0 
-6.37483 0.932307 0.0578341 -0.0282348 0.506694 -0.503483 -0.0282348 4.34889 3.51665 1.06591 0.815635 0.162059 -0.00109304 -0.000636915 0 
-6.37115 0.931875 0.0596467 -0.0278444 0.506449 -0.503305 -0.0278444 4.36192 3.5268 1.06778 0.818298 0.161133 -0.00108182 -0.00064439 0 
-6.36746 0.931421 0.0614593 -0.0274442 0.506203 -0.503128 -0.0274442 4.375 3.537 1.06966 0.820962 0.160225 -0.00107062 -0.000651761 0 
-6.36378 0.930945 0.0632717 -0.0270343 0.505958 -0.50295 -0.0270343 4.38813 3.54725 1.07153 0.823627 0.159335 -0.00105943 -0.000659027 0 
-6.36009 0.930446 0.0650837 -0.0266146 0.505713 -0.502774 -0.0266146 4.4013 3.55756 1.07341 0.826293 0.158461 -0.00104827 -0.00066619 0 
-6.35641 0.929924 0.0668951 -0.026185 0.505468 -0.502597 -0.026185 4.41452 3.56791 1.07529 0.82896 0.157603 -0.00103711 -0.000673248 0 
-6.35272 0.92938 0.0687057 -0.0257456 0.505223 -0.502421 -0.0257456 4.42779 3.57831 1.07718 0.831628 0.15676 -0.00102597 -0.000680202 0 
-6.34904 0.928812 0.0705154 -0.0252964 0.504978 -0.502246 -0.0252964 4.4411 3.58876 1.07907 0.834296 0.155933 -0.00101483 -0.000687052 0 
-6.34535 0.928222 0.072324 -0.0248372 0.504733 -0.50207 -0.0248372 4.45446 3.59927 1.08096 0.836966 0.15512 -0.0010037 -0.000693798 0 
-6.34167 0.927608 0.0741312 -0.0243682 0.504489 -0.501895 -0.0243682 4.46786 3.60982 1.08285 0.839637 0.154322 -0.000992569 -0.00070044 0 
-6.33798 0.926972 0.075937 -0.0238892 0.504245 -0.501721 -0.0238892 4.48132 3.62042 1.08475 0.842309 0.153536 -0.000981437 -0.000706977 0 
-6.3343 0.926312 0.0777411 -0.0234003 0.504001 -0.501547 -0.0234003 4.49482 3.63108 1.08665 0.844982 0.152764 -0.000970303 -0.00071341 0 
-6.33061 0.925629 0.0795433 -0.0229015 0.503757 -0.501373 -0.0229015 4.50837 3.64178 1.08855 0.847655 0.152004 -0.000959164 -0.000719737 0 
-6.32693 0.924923 0.0813434 -0.0223928 0.503513 -0.501199 -0.0223928 4.52196 3.65254 1.09045 0.85033 0.151257 -0.000948017 -0.000725959 0 
-6.32324 0.924193 0.0831413 -0.0218741 0.50327 -0.501026 -0.0218741 4.53561 3.66334 1.09236 0.853006 0.150521 -0.000936861 -0.000732076 0 
-6.31956 0.92344 0.0849367 -0.0213455 0.503027 -0.500853 -0.0213455 4.5493 3.6742 1.09427 0.855682 0.149796 -0.000925694 -0.000738086 0 
-6.31587 0.922663 0.0867295 -0.0208069 0.502784 -0.50068 -0.0208069 4.56304 3.68511 1.09618 0.85836 0.149082 -0.000914514 -0.000743989 0 
-6.31219 0.921863 0.0885195 -0.0202583 0.502541 -0.500508 -0.0202583 4.57682 3.69607 1.0981 0.861039 0.148379 -0.000903321 -0.000749785 0 
-6.3085 0.921039 0.0903064 -0.0196998 0.502299 -0.500336 -0.0196998 4.59066 3.70709 1.10002 0.863719 0.147686 -0.000892111 -0.000755474 0 
-6.30482 0.920191 0.0920901 -0.0191313 0.502056 -0.500165 -0.0191313 4.60455 3.71815 1.10194 0.866399 0.147003 -0.000880884 -0.000761055 0 
-6.30113 0.91932 0.0938704 -0.0185528 0.501814 -0.499993 -0.0185528 4.61848 3.72927 1.10386 0.869081 0.14633 -0.000869639 -0.000766526 0 
-6.29745 0.918424 0.095647 -0.0179644 0.501573 -0.499822 -0.0179644 4.63246 3.74044 1.10579 0.871764 0.145665 -0.000858374 -0.000771889 0 
-6.29376 0.917505 0.0974198 -0.0173661 0.501331 -0.499652 -0.0173661 4.64649 3.75166 1.10772 0.874447 0.14501 -0.000847089 -0.000777141 0 
-6.29008 0.916562 0.0991886 -0.0167578 0.50109 -0.499481 -0.0167578 4.66057 3.76293 1.10965 0.877132 0.144363 -0.000835783 -0.000782283 0 
-6.28639 0.915595 0.100953 -0.0161395 0.500849 -0.499311 -0.0161395 4.6747 3.77426 1.11159 0.879818 0.143724 -0.000824454 -0.000787313 0 
-6.28271 0.914603 0.102713 -0.0155113 0.500609 -0.499141 -0.0155113 4.68888 3.78564 1.11353 0.882505 0.143093 -0.000813101 -0.000792231 0 
-6.27902 0.913588 0.104469 -0.0148732 0.500369 -0.498972 -0.0148732 4.70311 3.79707 1.11547 0.885193 0.14247 -0.000801725 -0.000797037 0 
-6.27534 0.912549 0.106219 -0.0142252 0.500129 -0.498803 -0.0142252 4.71738 3.80856 1.11741 0.887881 0.141854 -0.000790324 -0.000801729 0 
-6.27165 0.911485 0.107965 -0.0135673 0.499889 -0.498634 -0.0135673 4.73171 3.8201 1.11936 0.890571 0.141246 -0.000778899 -0.000806307 0 
-6.26797 0.910397 0.109705 -0.0128996 0.49965 -0.498465 -0.0128996 4.74609 3.83169 1.12131 0.893262 0.140645 -0.000767448 -0.000810771 0 
-6.26428 0.909285 0.11144 -0.012222 0.499411 -0.498297 -0.012222 4.76052 3.84334 1.12327 0.895954 0.14005 -0.000755971 -0.000815118 0 
-6.2606 0.908149 0.113169 -0.0115345 0.499172 -0.498128 -0.0115345 4.77499 3.85503 1.12522 0.898647 0.139461 -0.000744469 -0.000819349 0 
-6.25691 0.906989 0.114892 -0.0108372 0.498934 -0.49796 -0.0108372 4.78952 3.86679 1.12718 0.901341 0.138879 -0.00073294 -0.000823463 0 
-6.25323 0.905804 0.116609 -0.0101302 0.498696 -0.497793 -0.0101302 4.8041 3.8786 1.12914 0.904037 0.138303 -0.000721385 -0.000827459 0 
-6.24954 0.904595 0.118319 -0.00941335 0.498459 -0.497625 -0.00941335 4.81873 3.89046 1.13111 0.906733 0.137733 -0.000709803 -0.000831336 0 
-6.24586 0.903361 0.120024 -0.00868679 0.498222 -0.497458 -0.00868679 4.83341 3.90237 1.13307 0.90943 0.137168 -0.000698195 -0.000835094 0 
-6.24218 0.902104 0.121721 -0.00795053 0.497985 -0.497291 -0.00795053 4.84814 3.91435 1.13505 0.912129 0.136608 -0.000686561 -0.000838732 0 
-6.23849 0.900821 0.123411 -0.00720459 0.497749 -0.497125 -0.00720459 4.86293 3.92637 1.13702 0.914828 0.136054 -0.000674901 -0.000842248 0 
-6.23481 0.899515 0.125094 -0.006449 0.497513 -0.496958 -0.006449 4.87776 3.93845 1.139 0.917529 0.135505 -0.000663215 -0.000845643 0 
-6.23112 0.898184 0.12677 -0.00568381 0.497277 -0.496792 -0.00568381 4.89265 3.95059 1.14098 0.92023 0.134961 -0.000651504 -0.000848915 0 
-6.22744 0.896829 0.128438 -0.00490905 0.497042 -0.496626 -0.00490905 4.90758 3.96278 1.14296 0.922933 0.134421 -0.000639768 -0.000852064 0 
-6.22375 0.895449 0.130098 -0.00412475 0.496808 -0.496461 -0.00412475 4.92257 3.97502 1.14494 0.925637 0.133886 -0.000628007 -0.000855089 0 
-6.22007 0.894045 0.13175 -0.00333097 0.496573 -0.496295 -0.00333097 4.93761 3.98733 1.14693 0.928342 0.133355 -0.000616222 -0.000857988 0 
-6.21638 0.892617 0.133394 -0.00252773 0.49634 -0.49613 -0.00252773 4.95271 3.99968 1.14892 0.931048 0.132828 -0.000604414 -0.000860763 0 
-6.2127 0.891164 0.135029 -0.0017151 0.496106 -0.495965 -0.0017151 4.96785 4.0121 1.15092 0.933755 0.132305 -0.000592583 -0.00086341 0 
-6.20901 0.889687 0.136655 -0.0008931 0.495873 -0.4958 -0.0008931 4.98305 4.02457 1.15291 0.936464 0.131786 -0.000580729 -0.000865931 0 
-6.20533 0.888185 0.138273 -6.17976e-05 0.495641 -0.495636 -6.17976e-05 4.9983 4.03709 1.15491 0.939173 0.131271 -0.000568854 -0.000868324 0 
-6.20164 0.88666 0.139881 0.000778759 0.495409 -0.495472 0.000778759 5.01361 4.04967 1.15692 0.941884 0.130759 -0.000556959 -0.000870588 0 
-6.19796 0.88511 0.141479 0.00162852 0.495178 -0.495308 0.00162852 5.02896 4.06231 1.15892 0.944595 0.130251 -0.000545044 -0.000872723 0 
-6.19427 0.883535 0.143069 0.00248742 0.494947 -0.495144 0.00248742 5.04437 4.07501 1.16093 0.947308 0.129746 -0.00053311 -0.000874728 0 
-6.19059 0.881937 0.144648 0.00335542 0.494716 -0.49498 0.00335542 5.05984 4.08776 1.16295 0.950023 0.129244 -0.000521159 -0.000876603 0 
-6.1869 0.880314 0.146217 0.00423245 0.494486 -0.494817 0.00423245 5.07535 4.10057 1.16496 0.952738 0.128745 -0.000509191 -0.000878346 0 
-6.18322 0.878667 0.147775 0.00511845 0.494257 -0.494654 0.00511845 5.09092 4.11343 1.16698 0.955454 0.128249 -0.000497207 -0.000879958 0 
-6.17953 0.876996 0.149323 0.00601335 0.494028 -0.494491 0.00601335 5.10655 4.12636 1.169 0.958172 0.127756 -0.000485208 -0.000881437 0 
-6.17585 0.875301 0.15086 0.00691709 0.4938 -0.494328 0.00691709 5.12223 4.13934 1.17102 0.960891 0.127265 -0.000473197 -0.000882782 0 
-6.17216 0.873582 0.152386 0.0078296 0.493572 -0.494166 0.0078296 5.13796 4.15238 1.17305 0.963611 0.126777 -0.000461173 -0.000883995 0 
-6.16848 0.871839 0.153901 0.00875082 0.493345 -0.494003 0.00875082 5.15375 4.16547 1.17508 0.966332 0.126291 -0.000449139 -0.000885072 0 
-6.16479 0.870072 0.155405 0.00968066 0.493118 -0.493841 0.00968066 5.16959 4.17863 1.17712 0.969054 0.125808 -0.000437095 -0.000886015 0 
-6.16111 0.868281 0.156896 0.010619 0.492892 -0.493679 0.010619 5.18548 4.19184 1.17915 0.971778 0.125327 -0.000425044 -0.000886823 0 
-6.15742 0.866466 0.158376 0.0115659 0.492666 -0.493518 0.0115659 5.20143 4.20511 1.18119 0.974503 0.124848 -0.000412986 -0.000887495 0 
-6.15374 0.864628 0.159843 0.0125212 0.492441 -0.493356 0.0125212 5.21744 4.21844 1.18323 0.977229 0.124371 -0.000400922 -0.000888031 0 
-6.15005 0.862766 0.161298 0.0134848 0.492217 -0.493195 0.0134848 5.2335 4.23183 1.18528 0.979956 0.123896 -0.000388856 -0.00088843 0 
-6.14637 0.86088 0.16274 0.0144566 0.491993 -0.493034 0.0144566 5.24962 4.24528 1.18733 0.982685 0.123423 -0.000376787 -0.000888692 0 
-6.14268 0.858971 0.16417 0.0154365 0.49177 -0.492873 0.0154365 5.26579 4.25879 1.18938 0.985414 0.122952 -0.000364718 -0.000888816 0 
-6.139 0.857038 0.165586 0.0164245 0.491547 -0.492713 0.0164245 5.28202 4.27235 1.19144 0.988145 0.122482 -0.000352651 -0.000888802 0 
-6.13531 0.855082 0.166988 0.0174205 0.491325 -0.492552 0.0174205 5.2983 4.28598 1.19349 0.990878 0.122014 -0.000340586 -0.00088865 0 
-6.13163 0.853103 0.168378 0.0184244 0.491104 -0.492392 0.0184244 5.31464 4.29966 1.19555 0.993611 0.121547 -0.000328527 -0.00088836 0 
-6.12794 0.851101 0.169753 0.019436 0.490883 -0.492232 0.019436 5.33104 4.31341 1.19762 0.996346 0.121082 -0.000316473 -0.00088793 0 
-6.12426 0.849075 0.171114 0.0204553 0.490663 -0.492072 0.0204553 5.34749 4.32722 1.19969 0.999082 0.120618 -0.000304429 -0.000887362 0 
-6.12057 0.847027 0.172461 0.0214822 0.490444 -0.491913 0.0214822 5.364 4.34108 1.20176 1.00182 0.120155 -0.000292394 -0.000886654 0 
-6.11689 0.844956 0.173794 0.0225165 0.490225 -0.491754 0.0225165 5.38057 4.35501 1.20383 1.00456 0.119694 -0.000280372 -0.000885807 0 
-6.1132 0.842861 0.175111 0.0235583 0.490007 -0.491594 0.0235583 5.39719 4.36899 1.20591 1.0073 0.119234 -0.000268363 -0.00088482 0 
-6.10952 0.840745 0.176414 0.0246072 0.48979 -0.491436 0.0246072 5.41387 4.38304 1.20799 1.01004 0.118774 -0.000256371 -0.000883693 0 
-6.10583 0.838605 0.177701 0.0256634 0.489573 -0.491277 0.0256634 5.43061 4.39715 1.21007 1.01278 0.118316 -0.000244397 -0.000882426 0 
-6.10215 0.836444 0.178973 0.0267266 0.489357 -0.491118 0.0267266 5.4474 4.41132 1.21216 1.01553 0.117859 -0.000232442 -0.00088102 0 
-6.09847 0.83426 0.180229 0.0277967 0.489141 -0.49096 0.0277967 5.46425 4.42555 1.21424 1.01827 0.117402 -0.00022051 -0.000879473 0 
-6.09478 0.832054 0.18147 0.0288736 0.488927 -0.490802 0.0288736 5.48117 4.43984 1.21634 1.02102 0.116946 -0.000208601 -0.000877786 0 
-6.0911 0.829826 0.182694 0.0299572 0.488713 -0.490644 0.0299572 5.49813 4.45419 1.21843 1.02377 0.116491 -0.000196719 -0.00087596 0 
-6.08741 0.827576 0.183901 0.0310474 0.4885 -0.490487 0.0310474 5.51516 4.46861 1.22053 1.02652 0.116037 -0.000184866 -0.000873994 0 
-6.08373 0.825304 0.185093 0.032144 0.488287 -0.490329 0.032144 5.53225 4.48309 1.22263 1.02927 0.115583 -0.000173042 -0.000871888 0 
-6.08004 0.823011 0.186267 0.0332469 0.488075 -0.490172 0.0332469 5.54939 4.49763 1.22474 1.03202 0.11513 -0.000161251 -0.000869642 0 
-6.07636 0.820696 0.187424 0.034356 0.487864 -0.490015 0.034356 5.56659 4.51223 1.22685 1.03477 0.114677 -0.000149496 -0.000867257 0 
-6.07267 0.81836 0.188564 0.0354712 0.487654 -0.489858 0.0354712 5.58386 4.52689 1.22896 1.03753 0.114225 -0.000137777 -0.000864733 0 
-6.06899 0.816003 0.189686 0.0365923 0.487444 -0.489702 0.0365923 5.60118 4.54162 1.23107 1.04028 0.113773 -0.000126097 -0.00086207 0 
-6.0653 0.813624 0.190791 0.0377192 0.487236 -0.489545 0.0377192 5.61856 4.55641 1.23319 1.04304 0.113322 -0.000114459 -0.000859269 0 
-6.06162 0.811225 0.191878 0.0388517 0.487028 -0.489389 0.0388517 5.636 4.57127 1.23531 1.0458 0.112871 -0.000102865 -0.000856329 0 
-6.05793 0.808806 0.192946 0.0399897 0.48682 -0.489233 0.0399897 5.6535 4.58618 1.23743 1.04856 0.11242 -9.13168e-05 -0.000853252 0 
-6.05425 0.806366 0.193996 0.0411331 0.486614 -0.489078 0.0411331 5.67106 4.60116 1.23956 1.05132 0.11197 -7.98171e-05 -0.000850037 0 
-6.05056 0.803906 0.195027 0.0422817 0.486408 -0.488922 0.0422817 5.68868 4.61621 1.24169 1.05409 0.111519 -6.83682e-05 -0.000846685 0 
-6.04688 0.801425 0.19604 0.0434354 0.486204 -0.488767 0.0434354 5.70636 4.63132 1.24383 1.05685 0.111069 -5.69723e-05 -0.000843197 0 
-6.04319 0.798925 0.197033 0.044594 0.485999 -0.488612 0.044594 5.7241 4.64649 1.24596 1.05962 0.110619 -4.56318e-05 -0.000839573 0 
-6.03951 0.796405 0.198007 0.0457573 0.485796 -0.488457 0.0457573 5.74191 4.66173 1.2481 1.06239 0.110169 -3.43491e-05 -0.000835814 0 
-6.03582 0.793865 0.198962 0.0469252 0.485594 -0.488303 0.0469252 5.75977 4.67703 1.25025 1.06515 0.109719 -2.31266e-05 -0.000831921 0 
-6.03214 0.791307 0.199897 0.0480976 0.485392 -0.488148 0.0480976 5.77769 4.6924 1.25239 1.06793 0.109269 -1.19666e-05 -0.000827893 0 
-6.02845 0.788729 0.200812 0.0492742 0.485191 -0.487994 0.0492742 5.79568 4.70783 1.25454 1.0707 0.10882 -8.71444e-07 -0.000823733 0 
-6.02477 0.786132 0.201707 0.050455 0.484991 -0.48784 0.050455 5.81373 4.72333 1.2567 1.07347 0.10837 1.01564e-05 -0.000819439 0 
-6.02108 0.783517 0.202581 0.0516397 0.484792 -0.487687 0.0516397 5.83184 4.73889 1.25885 1.07625 0.10792 2.11146e-05 -0.000815015 0 
-6.0174 0.780883 0.203435 0.0528282 0.484594 -0.487533 0.0528282 5.85001 4.75452 1.26101 1.07902 0.107469 3.20007e-05 -0.00081046 0 
-6.01371 0.778231 0.204268 0.0540204 0.484397 -0.48738 0.0540204 5.86824 4.77021 1.26317 1.0818 0.107019 4.28123e-05 -0.000805774 0 
-6.01003 0.775561 0.20508 0.0552159 0.4842 -0.487227 0.0552159 5.88654 4.78597 1.26534 1.08458 0.106569 5.35471e-05 -0.00080096 0 
-6.00634 0.772873 0.205871 0.0564147 0.484004 -0.487075 0.0564147 5.9049 4.8018 1.26751 1.08736 0.106118 6.42026e-05 -0.000796018 0 
-6.00266 0.770168 0.206641 0.0576166 0.48381 -0.486922 0.0576166 5.92332 4.81769 1.26968 1.09015 0.105667 7.47765e-05 -0.00079095 0 
-5.99897 0.767445 0.207389 0.0588214 0.483616 -0.48677 0.0588214 5.9418 4.83365 1.27186 1.09293 0.105216 8.52664e-05 -0.000785755 0 
-5.99529 0.764705 0.208115 0.0600289 0.483423 -0.486618 0.0600289 5.96035 4.84968 1.27404 1.09572 0.104765 9.56698e-05 -0.000780436 0 
-5.9916 0.761949 0.208819 0.061239 0.48323 -0.486467 0.061239 5.97896 4.86577 1.27622 1.0985 0.104313 0.000105984 -0.000774993 0 
-5.98792 0.759176 0.209501 0.0624514 0.483039 -0.486315 0.0624514 5.99764 4.88193 1.27841 1.10129 0.103861 0.000116208 -0.000769428 0 
-5.98423 0.756387 0.210161 0.0636659 0.482849 -0.486164 0.0636659 6.01637 4.89816 1.2806 1.10408 0.103409 0.000126338 -0.000763741 0 
-5.98055 0.753582 0.210798 0.0648825 0.482659 -0.486013 0.0648825 6.03518 4.91446 1.28279 1.10688 0.102956 0.000136372 -0.000757935 0 
-5.97686 0.750761 0.211413 0.0661007 0.482471 -0.485862 0.0661007 6.05404 4.93082 1.28499 1.10967 0.102504 0.000146308 -0.000752011 0 
-5.97318 0.747925 0.212004 0.0673206 0.482283 -0.485712 0.0673206 6.07298 4.94725 1.28719 1.11247 0.10205 0.000156143 -0.000745969 0 
-5.96949 0.745073 0.212572 0.0685418 0.482097 -0.485562 0.0685418 6.09197 4.96375 1.28939 1.11526 0.101597 0.000165876 -0.000739812 0 
-5.96581 0.742207 0.213118 0.0697642 0.481911 -0.485412 0.0697642 6.11103 4.98032 1.29159 1.11806 0.101142 0.000175503 -0.000733541 0 
-5.96212 0.739326 0.213639 0.0709875 0.481726 -0.485262 0.0709875 6.13016 4.99696 1.2938 1.12086 0.100688 0.000185023 -0.000727157 0 
-5.95844 0.736431 0.214137 0.0722116 0.481542 -0.485113 0.0722116 6.14935 5.01367 1.29602 1.12367 0.100233 0.000194434 -0.000720661 0 
-5.95475 0.733522 0.214611 0.0734363 0.481359 -0.484964 0.0734363 6.16861 5.03044 1.29823 1.12647 0.0997777 0.000203732 -0.000714057 0 
-5.95107 0.730599 0.215062 0.0746613 0.481177 -0.484815 0.0746613 6.18794 5.04729 1.30045 1.12927 0.099322 0.000212916 -0.000707344 0 
-5.94739 0.727663 0.215488 0.0758864 0.480996 -0.484667 0.0758864 6.20733 5.0642 1.30268 1.13208 0.0988657 0.000221984 -0.000700525 0 
-5.9437 0.724714 0.215889 0.0771114 0.480816 -0.484519 0.0771114 6.22678 5.08119 1.3049 1.13489 0.098409 0.000230934 -0.000693602 0 
-5.94002 0.721752 0.216267 0.0783361 0.480637 -0.484371 0.0783361 6.2463 5.09825 1.30713 1.1377 0.0979518 0.000239763 -0.000686575 0 
-5.93633 0.718777 0.216619 0.0795603 0.480459 -0.484223 0.0795603 6.26589 5.11537 1.30936 1.14051 0.0974942 0.000248469 -0.000679448 0 
-5.93265 0.715791 0.216947 0.0807837 0.480282 -0.484076 0.0807837 6.28555 5.13257 1.3116 1.14333 0.0970361 0.00025705 -0.000672222 0 
-5.92896 0.712792 0.21725 0.0820062 0.480105 -0.483928 0.0820062 6.30527 5.14984 1.31384 1.14614 0.0965774 0.000265505 -0.000664898 0 
-5.92528 0.709783 0.217528 0.0832275 0.47993 -0.483782 0.0832275 6.32507 5.16717 1.31608 1.14896 0.0961183 0.00027383 -0.000657479 0 
-5.92159 0.706762 0.217781 0.0844473 0.479756 -0.483635 0.0844473 6.34493 5.18458 1.31833 1.15178 0.0956587 0.000282025 -0.000649967 0 
-5.91791 0.70373 0.218008 0.0856655 0.479583 -0.483489 0.0856655 6.36485 5.20207 1.32058 1.1546 0.0951986 0.000290087 -0.000642363 0 
-5.91422 0.700688 0.21821 0.0868818 0.47941 -0.483343 0.0868818 6.38485 5.21962 1.32284 1.15743 0.094738 0.000298014 -0.00063467 0 
-5.91054 0.697636 0.218386 0.0880959 0.479239 -0.483198 0.0880959 6.40491 5.23724 1.32509 1.16025 0.0942769 0.000305804 -0.000626889 0 
-5.90685 0.694574 0.218536 0.0893077 0.479069 -0.483052 0.0893077 6.42504 5.25494 1.32735 1.16308 0.0938152 0.000313456 -0.000619023 0 
-5.90317 0.691502 0.218661 0.0905169 0.4789 -0.482907 0.0905169 6.44524 5.27271 1.32962 1.16591 0.0933531 0.000320967 -0.000611074 0 
-5.89948 0.688422 0.218759 0.0917233 0.478731 -0.482763 0.0917233 6.46551 5.29055 1.33189 1.16874 0.0928905 0.000328336 -0.000603045 0 
-5.8958 0.685333 0.218832 0.0929266 0.478564 -0.482618 0.0929266 6.48585 5.30847 1.33416 1.17157 0.0924274 0.000335562 -0.000594936 0 
-5.89211 0.682236 0.218878 0.0941266 0.478398 -0.482474 0.0941266 6.50626 5.32646 1.33643 1.1744 0.0919637 0.000342642 -0.000586751 0 
-5.88843 0.679131 0.218897 0.095323 0.478233 -0.482331 0.095323 6.52674 5.34452 1.33871 1.17724 0.0914996 0.000349574 -0.000578492 0 
-5.88474 0.676018 0.218891 0.0965156 0.478069 -0.482187 0.0965156 6.54729 5.36266 1.34099 1.18008 0.091035 0.000356358 -0.000570161 0 
-5.88106 0.672899 0.218857 0.0977041 0.477905 -0.482044 0.0977041 6.56791 5.38087 1.34328 1.18292 0.0905699 0.000362991 -0.000561761 0 
-5.87737 0.669772 0.218798 0.0988883 0.477743 -0.481902 0.0988883 6.5886 5.39915 1.34557 1.18576 0.0901043 0.000369473 -0.000553293 0 
-5.87369 0.66664 0.218711 0.100068 0.477582 -0.481759 0.100068 6.60936 5.41751 1.34786 1.1886 0.0896382 0.000375801 -0.00054476 0 
-5.87 0.663501 0.218597 0.101243 0.477422 -0.481617 0.101243 6.63019 5.43594 1.35016 1.19145 0.0891717 0.000381975 -0.000536166 0 
-5.86632 0.660357 0.218457 0.102413 0.477263 -0.481476 0.102413 6.6511 5.45445 1.35246 1.19429 0.0887047 0.000387992 -0.000527511 0 
-5.86263 0.657207 0.218289 0.103577 0.477105 -0.481334 0.103577 6.67207 5.47304 1.35476 1.19714 0.0882372 0.000393852 -0.000518799 0 
-5.85895 0.654053 0.218094 0.104736 0.476948 -0.481193 0.104736 6.69312 5.49169 1.35707 1.19999 0.0877693 0.000399553 -0.000510031 0 
-5.85526 0.650894 0.217873 0.105889 0.476793 -0.481053 0.105889 6.71424 5.51043 1.35938 1.20285 0.087301 0.000405094 -0.000501212 0 
-5.85158 0.647732 0.217624 0.107036 0.476638 -0.480913 0.107036 6.73543 5.52924 1.36169 1.2057 0.0868322 0.000410475 -0.000492343 0 
-5.84789 0.644566 0.217347 0.108177 0.476484 -0.480773 0.108177 6.75669 5.54813 1.36401 1.20856 0.086363 0.000415693 -0.000483426 0 
-5.84421 0.641397 0.217043 0.109311 0.476331 -0.480633 0.109311 6.77803 5.56709 1.36633 1.21142 0.0858934 0.000420748 -0.000474465 0 
-5.84052 0.638225 0.216712 0.110438 0.47618 -0.480494 0.110438 6.79944 5.58613 1.36865 1.21428 0.0854234 0.000425639 -0.000465461 0 
-5.83684 0.635051 0.216354 0.111558 0.476029 -0.480355 0.111558 6.82092 5.60525 1.37098 1.21714 0.0849529 0.000430364 -0.000456419 0 
-5.83315 0.631876 0.215967 0.11267 0.47588 -0.480217 0.11267 6.84248 5.62444 1.37331 1.22001 0.0844822 0.000434924 -0.000447339 0 
-5.82947 0.628698 0.215554 0.113775 0.475731 -0.480079 0.113775 6.86411 5.64371 1.37565 1.22288 0.084011 0.000439317 -0.000438226 0 
-5.82578 0.62552 0.215112 0.114872 0.475584 -0.479941 0.114872 6.88581 5.66306 1.37799 1.22575 0.0835395 0.000443542 -0.000429081 0 
-5.8221 0.622342 0.214644 0.11596 0.475438 -0.479804 0.11596 6.90759 5.68249 1.38033 1.22862 0.0830677 0.000447599 -0.000419908 0 
-5.81841 0.619163 0.214147 0.117041 0.475292 -0.479667 0.117041 6.92944 5.70199 1.38268 1.23149 0.0825956 0.000451488 -0.000410708 0 
-5.81473 0.615985 0.213623 0.118112 0.475148 -0.47953 0.118112 6.95137 5.72158 1.38503 1.23437 0.0821231 0.000455207 -0.000401486 0 
-5.81104 0.612808 0.213071 0.119174 0.475005 -0.479394 0.119174 6.97338 5.74124 1.38738 1.23724 0.0816503 0.000458756 -0.000392243 0 
-5.80736 0.609632 0.212491 0.120228 0.474863 -0.479258 0.120228 6.99545 5.76098 1.38974 1.24012 0.0811773 0.000462134 -0.000382982 0 
-5.80368 0.606457 0.211884 0.121271 0.474722 -0.479123 0.121271 7.01761 5.7808 1.3921 1.24301 0.080704 0.000465343 -0.000373707 0 
-5.79999 0.603285 0.211249 0.122305 0.474582 -0.478988 0.122305 7.03984 5.80071 1.39447 1.24589 0.0802305 0.00046838 -0.000364419 0 
-5.79631 0.600116 0.210586 0.123328 0.474443 -0.478853 0.123328 7.06215 5.82069 1.39684 1.24878 0.0797567 0.000471246 -0.000355123 0 
-5.79262 0.596949 0.209896 0.124341 0.474306 -0.478719 0.124341 7.08453 5.84075 1.39921 1.25166 0.0792827 0.00047394 -0.000345819 0 
-5.78894 0.593786 0.209178 0.125344 0.474169 -0.478586 0.125344 7.10699 5.86089 1.40159 1.25456 0.0788086 0.000476463 -0.000336512 0 
-5.78525 0.590628 0.208433 0.126336 0.474034 -0.478452 0.126336 7.12953 5.88111 1.40397 1.25745 0.0783342 0.000478815 -0.000327204 0 
-5.78157 0.587473 0.20766 0.127316 0.473899 -0.478319 0.127316 7.15215 5.90142 1.40635 1.26034 0.0778597 0.000480995 -0.000317898 0 
-5.77788 0.584324 0.206859 0.128285 0.473766 -0.478187 0.128285 7.17484 5.9218 1.40874 1.26324 0.0773851 0.000483003 -0.000308596 0 
-5.7742 0.581181 0.206031 0.129242 0.473633 -0.478055 0.129242 7.19761 5.94227 1.41113 1.26614 0.0769103 0.00048484 -0.000299302 0 
-5.77051 0.578043 0.205175 0.130187 0.473502 -0.477923 0.130187 7.22046 5.96281 1.41353 1.26904 0.0764355 0.000486507 -0.000290019 0 
-5.76683 0.574911 0.204292 0.13112 0.473372 -0.477792 0.13112 7.24339 5.98344 1.41593 1.27195 0.0759606 0.000488002 -0.000280748 0 
-5.76314 0.571787 0.203382 0.13204 0.473243 -0.477661 0.13204 7.2664 6.00416 1.41833 1.27485 0.0754856 0.000489328 -0.000271493 0 
-5.75946 0.56867 0.202444 0.132947 0.473115 -0.477531 0.132947 7.28948 6.02495 1.42074 1.27776 0.0750106 0.000490483 -0.000262257 0 
-5.75577 0.565561 0.201479 0.133842 0.472988 -0.477401 0.133842 7.31265 6.04583 1.42315 1.28067 0.0745356 0.000491469 -0.000253043 0 
-5.75209 0.56246 0.200488 0.134722 0.472862 -0.477272 0.134722 7.33589 6.06679 1.42556 1.28359 0.0740606 0.000492287 -0.000243852 0 
-5.7484 0.559368 0.199469 0.135589 0.472737 -0.477143 0.135589 7.35922 6.08784 1.42798 1.2865 0.0735856 0.000492936 -0.000234689 0 
-5.74472 0.556285 0.198423 0.136443 0.472614 -0.477014 0.136443 7.38262 6.10897 1.43041 1.28942 0.0731106 0.000493417 -0.000225555 0 
-5.74103 0.553212 0.19735 0.137282 0.472491 -0.476886 0.137282 7.40611 6.13018 1.43283 1.29234 0.0726358 0.000493732 -0.000216454 0 
-5.73735 0.55015 0.196251 0.138106 0.47237 -0.476759 0.138106 7.42967 6.15148 1.43526 1.29526 0.0721611 0.000493882 -0.000207388 0 
-5.73366 0.547098 0.195125 0.138916 0.472249 -0.476632 0.138916 7.45332 6.17286 1.4377 1.29819 0.0716864 0.000493866 -0.00019836 0 
-5.72998 0.544057 0.193972 0.13971 0.47213 -0.476505 0.13971 7.47705 6.19433 1.44013 1.30112 0.071212 0.000493687 -0.000189372 0 
-5.72629 0.541028 0.192793 0.14049 0.472012 -0.476379 0.14049 7.50086 6.21588 1.44258 1.30405 0.0707376 0.000493344 -0.000180428 0 
-5.72261 0.538012 0.191588 0.141254 0.471894 -0.476253 0.141254 7.52476 6.23752 1.44502 1.30698 0.0702635 0.00049284 -0.00017153 0 
-5.71892 0.535008 0.190357 0.142002 0.471778 -0.476128 0.142002 7.54873 6.25924 1.44747 1.30991 0.0697897 0.000492176 -0.00016268 0 
-5.71524 0.532018 0.189099 0.142734 0.471663 -0.476003 0.142734 7.57279 6.28105 1.44993 1.31285 0.069316 0.000491352 -0.000153881 0 
-5.71155 0.529041 0.187816 0.143449 0.471549 -0.475879 0.143449 7.59693 6.30295 1.45239 1.31579 0.0688427 0.00049037 -0.000145136 0 
-5.70787 0.526079 0.186508 0.144148 0.471436 -0.475755 0.144148 7.62116 6.32493 1.45485 1.31873 0.0683696 0.000489232 -0.000136448 0 
-5.70418 0.523131 0.185173 0.14483 0.471324 -0.475632 0.14483 7.64546 6.34701 1.45731 1.32168 0.0678969 0.000487938 -0.000127818 0 
-5.7005 0.520198 0.183814 0.145495 0.471214 -0.475509 0.145495 7.66986 6.36916 1.45979 1.32463 0.0674245 0.000486491 -0.000119249 0 
-5.69681 0.517282 0.182429 0.146143 0.471104 -0.475387 0.146143 7.69433 6.39141 1.46226 1.32758 0.0669524 0.000484893 -0.000110745 0 
-5.69313 0.514381 0.18102 0.146772 0.470995 -0.475265 0.146772 7.71889 6.41375 1.46474 1.33053 0.0664808 0.000483143 -0.000102306 0 
-5.68944 0.511497 0.179586 0.147384 0.470888 -0.475144 0.147384 7.74354 6.43617 1.46722 1.33348 0.0660097 0.000481245 -9.39363e-05 0 
-5.68576 0.508631 0.178127 0.147978 0.470781 -0.475023 0.147978 7.76827 6.45868 1.46971 1.33644 0.0655389 0.000479201 -8.56375e-05 0 
-5.68207 0.505782 0.176643 0.148554 0.470675 -0.474903 0.148554 7.79309 6.48128 1.4722 1.3394 0.0650687 0.000477011 -7.74121e-05 0 
-5.67839 0.502951 0.175136 0.14911 0.470571 -0.474783 0.14911 7.81799 6.50397 1.47469 1.34237 0.064599 0.000474678 -6.92623e-05 0 
-5.6747 0.500139 0.173605 0.149648 0.470468 -0.474664 0.149648 7.84298 6.52675 1.47719 1.34533 0.0641298 0.000472204 -6.11905e-05 0 
-5.67102 0.497346 0.17205 0.150167 0.470365 -0.474545 0.150167 7.86805 6.54962 1.47969 1.3483 0.0636612 0.000469591 -5.31989e-05 0 
-5.66733 0.494573 0.170472 0.150666 0.470264 -0.474427 0.150666 7.89322 6.57258 1.4822 1.35127 0.0631931 0.000466841 -4.52896e-05 0 
-5.66365 0.49182 0.16887 0.151146 0.470164 -0.474309 0.151146 7.91846 6.59563 1.48471 1.35424 0.0627257 0.000463955 -3.74649e-05 0 
-5.65997 0.489087 0.167245 0.151606 0.470064 -0.474192 0.151606 7.9438 6.61877 1.48723 1.35722 0.062259 0.000460937 -2.97268e-05 0 
-5.65628 0.486376 0.165598 0.152046 0.469966 -0.474075 0.152046 7.96922 6.64201 1.48975 1.3602 0.0617929 0.000457788 -2.20774e-05 0 
-5.6526 0.483686 0.163929 0.152465 0.469869 -0.473959 0.152465 7.99474 6.66533 1.49227 1.36318 0.0613276 0.000454511 -1.45188e-05 0 
-5.64891 0.481019 0.162237 0.152864 0.469773 -0.473844 0.152864 8.02034 6.68875 1.4948 1.36617 0.0608629 0.000451108 -7.05284e-06 0 
-5.64523 0.478374 0.160523 0.153242 0.469678 -0.473729 0.153242 8.04603 6.71226 1.49733 1.36915 0.0603991 0.000447582 3.18471e-07 0 
-5.64154 0.475751 0.158788 0.153599 0.469584 -0.473614 0.153599 8.07181 6.73586 1.49987 1.37214 0.059936 0.000443934 7.59326e-06 0 
-5.63786 0.473153 0.157031 0.153935 0.469491 -0.4735 0.153935 8.09767 6.75955 1.50241 1.37514 0.0594738 0.000440167 1.47697e-05 0 
-5.63417 0.470578 0.155253 0.15425 0.469398 -0.473387 0.15425 8.12363 6.78334 1.50495 1.37813 0.0590124 0.000436285 2.1846e-05 0 
-5.63049 0.468028 0.153455 0.154543 0.469307 -0.473274 0.154543 8.14968 6.80722 1.5075 1.38113 0.0585519 0.000432288 2.88204e-05 0 
-5.6268 0.465503 0.151636 0.154814 0.469217 -0.473162 0.154814 8.17582 6.8312 1.51006 1.38413 0.0580924 0.000428181 3.56912e-05 0 
-5.62312 0.463003 0.149797 0.155063 0.469128 -0.47305 0.155063 8.20205 6.85527 1.51262 1.38714 0.0576337 0.000423965 4.24569e-05 0 
-5.61943 0.460529 0.147938 0.15529 0.46904 -0.472939 0.15529 8.22837 6.87943 1.51518 1.39014 0.0571761 0.000419644 4.91158e-05 0 
-5.61575 0.458081 0.14606 0.155495 0.468953 -0.472828 0.155495 8.25478 6.90369 1.51774 1.39315 0.0567194 0.00041522 5.56663e-05 0 
-5.61206 0.45566 0.144163 0.155676 0.468867 -0.472718 0.155676 8.28128 6.92805 1.52032 1.39617 0.0562638 0.000410696 6.21071e-05 0 
-5.60838 0.453267 0.142247 0.155835 0.468782 -0.472609 0.155835 8.30788 6.9525 1.52289 1.39918 0.0558092 0.000406074 6.84368e-05 0 
-5.60469 0.450901 0.140313 0.155972 0.468698 -0.4725 0.155972 8.33457 6.97704 1.52547 1.4022 0.0553558 0.000401358 7.46539e-05 0 
-5.60101 0.448562 0.138361 0.156084 0.468615 -0.472391 0.156084 8.36135 7.00169 1.52805 1.40523 0.0549034 0.00039655 8.07571e-05 0 
-5.59732 0.446253 0.136391 0.156174 0.468532 -0.472284 0.156174 8.38822 7.02643 1.53064 1.40825 0.0544522 0.000391653 8.67453e-05 0 
-5.59364 0.443972 0.134404 0.15624 0.468451 -0.472176 0.15624 8.41519 7.05126 1.53324 1.41128 0.0540022 0.000386671 9.26172e-05 0 
-5.58995 0.441721 0.132399 0.156282 0.468371 -0.47207 0.156282 8.44225 7.0762 1.53583 1.41431 0.0535534 0.000381605 9.83717e-05 0 
-5.58627 0.4395 0.130379 0.156301 0.468292 -0.471964 0.156301 8.46941 7.10123 1.53844 1.41734 0.0531059 0.00037646 0.000104008 0 
-5.58258 0.437308 0.128342 0.156296 0.468213 -0.471858 0.156296 8.49666 7.12636 1.54104 1.42038 0.0526596 0.000371238 0.000109524 0 
-5.5789 0.435148 0.12629 0.156266 0.468136 -0.471754 0.156266 8.52401 7.15159 1.54365 1.42342 0.0522146 0.000365942 0.00011492 0 
-5.57521 0.433018 0.124222 0.156212 0.46806 -0.471649 0.156212 8.55145 7.17692 1.54627 1.42646 0.051771 0.000360575 0.000120195 0 
-5.57153 0.43092 0.122139 0.156134 0.467984 -0.471546 0.156134 8.57898 7.20234 1.54889 1.42951 0.0513287 0.00035514 0.000125348 0 
-5.56784 0.428854 0.120042 0.156031 0.467909 -0.471443 0.156031 8.60662 7.22787 1.55151 1.43256 0.0508878 0.00034964 0.000130378 0 
-5.56416 0.42682 0.117931 0.155904 0.467836 -0.47134 0.155904 8.63435 7.2535 1.55414 1.43561 0.0504483 0.000344079 0.000135284 0 
-5.56047 0.424818 0.115806 0.155751 0.467763 -0.471238 0.155751 8.66217 7.27922 1.55677 1.43867 0.0500103 0.000338459 0.000140066 0 
-5.55679 0.42285 0.113668 0.155574 0.467691 -0.471137 0.155574 8.6901 7.30505 1.55941 1.44173 0.0495738 0.000332784 0.000144724 0 
-5.5531 0.420915 0.111517 0.155372 0.46762 -0.471036 0.155372 8.71812 7.33098 1.56206 1.44479 0.0491388 0.000327056 0.000149256 0 
-5.54942 0.419014 0.109354 0.155144 0.46755 -0.470936 0.155144 8.74624 7.35701 1.5647 1.44786 0.0487053 0.000321279 0.000153662 0 
-5.54573 0.417146 0.10718 0.154892 0.467481 -0.470837 0.154892 8.77446 7.38314 1.56735 1.45092 0.0482734 0.000315456 0.000157942 0 
-5.54205 0.415314 0.104994 0.154614 0.467413 -0.470738 0.154614 8.80278 7.40938 1.57001 1.454 0.0478431 0.00030959 0.000162096 0 
-5.53836 0.413516 0.102797 0.15431 0.467345 -0.47064 0.15431 8.83119 7.43571 1.57267 1.45707 0.0474144 0.000303684 0.000166123 0 
-5.53468 0.411753 0.100589 0.153981 0.467279 -0.470542 0.153981 8.85971 7.46215 1.57534 1.46015 0.0469874 0.000297741 0.000170023 0 
-5.53099 0.410026 0.0983721 0.153627 0.467213 -0.470445 0.153627 8.88832 7.48869 1.57801 1.46323 0.0465621 0.000291765 0.000173796 0 
-5.52731 0.408334 0.0961454 0.153247 0.467148 -0.470348 0.153247 8.91704 7.51534 1.58068 1.46632 0.0461385 0.000285758 0.000177442 0 
-5.52362 0.406679 0.0939098 0.152841 0.467085 -0.470253 0.152841 8.94585 7.54209 1.58336 1.46941 0.0457166 0.000279723 0.000180961 0 
-5.51994 0.40506 0.0916658 0.152409 0.467021 -0.470157 0.152409 8.97477 7.56895 1.58605 1.4725 0.0452966 0.000273664 0.000184352 0 
-5.51626 0.403478 0.0894138 0.151952 0.466959 -0.470063 0.151952 9.00379 7.59591 1.58874 1.47559 0.0448783 0.000267584 0.000187617 0 
-5.51257 0.401933 0.0871545 0.151469 0.466898 -0.469969 0.151469 9.03291 7.62297 1.59143 1.47869 0.0444618 0.000261485 0.000190755 0 
-5.50889 0.400426 0.0848882 0.150959 0.466837 -0.469876 0.150959 9.06213 7.65014 1.59413 1.4818 0.0440473 0.000255371 0.000193767 0 
-5.5052 0.398956 0.0826156 0.150424 0.466778 -0.469783 0.150424 9.09146 7.67742 1.59683 1.4849 0.0436346 0.000249245 0.000196652 0 
-5.50152 0.397524 0.0803371 0.149863 0.466719 -0.469691 0.149863 9.12089 7.7048 1.59954 1.48801 0.0432238 0.00024311 0.000199412 0 
-5.49783 0.39613 0.0780533 0.149276 0.466661 -0.469599 0.149276 9.15042 7.7323 1.60226 1.49112 0.042815 0.000236969 0.000202046 0 
-5.49415 0.394774 0.0757648 0.148663 0.466603 -0.469508 0.148663 9.18006 7.75989 1.60497 1.49424 0.0424081 0.000230824 0.000204555 0 
-5.49046 0.393457 0.073472 0.148024 0.466547 -0.469418 0.148024 9.2098 7.7876 1.6077 1.49736 0.0420032 0.000224679 0.00020694 0 
-5.48678 0.392179 0.0711755 0.147359 0.466491 -0.469329 0.147359 9.23964 7.81541 1.61043 1.50048 0.0416004 0.000218536 0.000209201 0 
-5.48309 0.39094 0.0688758 0.146669 0.466436 -0.46924 0.146669 9.26959 7.84333 1.61316 1.50361 0.0411996 0.000212399 0.000211339 0 
-5.47941 0.389741 0.0665736 0.145952 0.466382 -0.469151 0.145952 9.29965 7.87136 1.6159 1.50674 0.0408009 0.00020627 0.000213354 0 
-5.47572 0.388581 0.0642693 0.145209 0.466329 -0.469064 0.145209 9.32981 7.8995 1.61864 1.50987 0.0404043 0.000200153 0.000215248 0 
-5.47204 0.387461 0.0619636 0.144441 0.466276 -0.468976 0.144441 9.36008 7.92775 1.62139 1.51301 0.0400099 0.000194049 0.000217021 0 
-5.46835 0.38638 0.059657 0.143647 0.466224 -0.46889 0.143647 9.39045 7.95611 1.62414 1.51615 0.0396176 0.000187962 0.000218674 0 
-5.46467 0.38534 0.05735 0.142827 0.466173 -0.468804 0.142827 9.42093 7.98458 1.6269 1.5193 0.0392275 0.000181894 0.000220208 0 
-5.46098 0.38434 0.0550433 0.141981 0.466122 -0.468719 0.141981 9.45152 8.01317 1.62966 1.52245 0.0388396 0.000175848 0.000221624 0 
-5.4573 0.383381 0.0527374 0.14111 0.466073 -0.468634 0.14111 9.48222 8.04186 1.63243 1.5256 0.0384539 0.000169826 0.000222923 0 
-5.45361 0.382462 0.0504329 0.140213 0.466024 -0.468551 0.140213 9.51302 8.07066 1.6352 1.52876 0.0380705 0.000163832 0.000224106 0 
-5.44993 0.381584 0.0481304 0.139291 0.465976 -0.468467 0.139291 9.54394 8.09958 1.63798 1.53192 0.0376894 0.000157867 0.000225174 0 
-5.44624 0.380747 0.0458305 0.138343 0.465928 -0.468385 0.138343 9.57496 8.12861 1.64076 1.53508 0.0373106 0.000151935 0.000226129 0 
-5.44256 0.379951 0.0435337 0.13737 0.465881 -0.468303 0.13737 9.60609 8.15775 1.64355 1.53825 0.0369341 0.000146037 0.000226971 0 
-5.43887 0.379196 0.0412406 0.136372 0.465835 -0.468221 0.136372 9.63734 8.187 1.64634 1.54142 0.03656 0.000140176 0.000227703 0 
-5.43519 0.378482 0.038952 0.135349 0.46579 -0.46814 0.135349 9.66869 8.21637 1.64914 1.5446 0.0361883 0.000134354 0.000228324 0 
-5.4315 0.377809 0.0366682 0.134302 0.465745 -0.46806 0.134302 9.70015 8.24586 1.65194 1.54777 0.035819 0.000128574 0.000228837 0 
-5.42782 0.377178 0.03439 0.133229 0.465701 -0.467981 0.133229 9.73173 8.27545 1.65475 1.55096 0.0354521 0.000122838 0.000229244 0 
-5.42413 0.376588 0.0321179 0.132132 0.465657 -0.467902 0.132132 9.76342 8.30517 1.65756 1.55414 0.0350877 0.000117148 0.000229545 0 
-5.42045 0.37604 0.0298526 0.131011 0.465614 -0.467824 0.131011 9.79522 8.335 1.66038 1.55734 0.0347257 0.000111506 0.000229741 0 
-5.41676 0.375533 0.0275946 0.129865 0.465572 -0.467746 0.129865 9.82713 8.36494 1.66321 1.56053 0.0343662 0.000105914 0.000229836 0 
-5.41308 0.375067 0.0253446 0.128695 0.465531 -0.467669 0.128695 9.85915 8.395 1.66604 1.56373 0.0340093 0.000100375 0.000229829 0 
-5.40939 0.374644 0.0231032 0.127501 0.46549 -0.467593 0.127501 9.89129 8.42518 1.66887 1.56693 0.0336549 9.48892e-05 0.000229723 0 
-5.40571 0.374261 0.0208709 0.126284 0.465449 -0.467517 0.126284 9.92354 8.45548 1.67171 1.57014 0.033303 8.94598e-05 0.00022952 0 
-5.40202 0.37392 0.0186484 0.125043 0.46541 -0.467442 0.125043 9.95591 8.48589 1.67456 1.57335 0.0329537 8.40882e-05 0.00022922 0 
-5.39834 0.373621 0.0164363 0.123778 0.465371 -0.467368 0.123778 9.98839 8.51642 1.67741 1.57656 0.032607 7.87764e-05 0.000228826 0 
-5.39465 0.373363 0.0142351 0.122491 0.465332 -0.467294 0.122491 10.021 8.54707 1.68026 1.57978 0.032263 7.35259e-05 0.00022834 0 
-5.39097 0.373146 0.0120456 0.121181 0.465294 -0.467221 0.121181 10.0537 8.57784 1.68312 1.58301 0.0319216 6.83384e-05 0.000227763 0 
-5.38728 0.372971 0.00986834 0.119848 0.465257 -0.467148 0.119848 10.0865 8.60873 1.68599 1.58623 0.0315828 6.32154e-05 0.000227096 0 
-5.3836 0.372837 0.00770387 0.118493 0.46522 -0.467076 0.118493 10.1195 8.63974 1.68886 1.58947 0.0312467 5.81587e-05 0.000226343 0 
-5.37991 0.372745 0.00555284 0.117116 0.465184 -0.467005 0.117116 10.1525 8.67086 1.69174 1.5927 0.0309133 5.31694e-05 0.000225504 0 
-5.37623 0.372693 0.00341585 0.115717 0.465148 -0.466935 0.115717 10.1857 8.70211 1.69462 1.59594 0.0305826 4.82492e-05 0.000224582 0 
-5.37255 0.372682 0.00129351 0.114296 0.465113 -0.466865 0.114296 10.219 8.73349 1.69751 1.59918 0.0302547 4.33992e-05 0.000223577 0 
-5.36886 0.372713 -0.000813566 0.112854 0.465079 -0.466795 0.112854 10.2524 8.76498 1.7004 1.60243 0.0299295 3.86208e-05 0.000222494 0 
-5.36518 0.372783 -0.00290478 0.111391 0.465044 -0.466727 0.111391 10.286 8.79659 1.7033 1.60568 0.029607 3.39152e-05 0.000221332 0 
-5.36149 0.372895 -0.00497952 0.109908 0.465011 -0.466658 0.109908 10.3196 8.82833 1.7062 1.60894 0.0292874 2.92835e-05 0.000220094 0 
-5.35781 0.373047 -0.0070372 0.108404 0.464978 -0.466591 0.108404 10.3534 8.86019 1.70911 1.6122 0.0289705 2.47267e-05 0.000218782 0 
-5.35412 0.373239 -0.0090772 0.106879 0.464945 -0.466524 0.106879 10.3873 8.89218 1.71203 1.61547 0.0286564 2.02459e-05 0.000217398 0 
-5.35044 0.373471 -0.0110989 0.105336 0.464913 -0.466458 0.105336 10.4213 8.92429 1.71495 1.61874 0.0283452 1.58419e-05 0.000215944 0 
-5.34675 0.373742 -0.0131018 0.103773 0.464882 -0.466392 0.103773 10.4555 8.95652 1.71788 1.62201 0.0280368 1.15158e-05 0.000214422 0 
-5.34307 0.374054 -0.0150852 0.10219 0.464851 -0.466327 0.10219 10.4897 8.98888 1.72081 1.62529 0.0277312 7.26822e-06 0.000212834 0 
-5.33938 0.374405 -0.0170486 0.10059 0.46482 -0.466263 0.10059 10.5241 9.02136 1.72375 1.62857 0.0274286 3.09996e-06 0.000211181 0 
-5.3357 0.374795 -0.0189914 0.0989703 0.46479 -0.466199 0.0989703 10.5586 9.05397 1.72669 1.63186 0.0271287 -9.88297e-07 0.000209466 0 
-5.33201 0.375223 -0.0209129 0.0973332 0.46476 -0.466136 0.0973332 10.5932 9.08671 1.72964 1.63515 0.0268318 -4.99595e-06 0.000207691 0 
-5.32833 0.375691 -0.0228127 0.0956785 0.464731 -0.466073 0.0956785 10.628 9.11957 1.73259 1.63845 0.0265378 -8.92243e-06 0.000205858 0 
-5.32464 0.376196 -0.0246901 0.0940067 0.464702 -0.466011 0.0940067 10.6629 9.15256 1.73555 1.64175 0.0262467 -1.27673e-05 0.000203968 0 
-5.32096 0.37674 -0.0265445 0.0923181 0.464674 -0.46595 0.0923181 10.6979 9.18568 1.73852 1.64505 0.0259585 -1.65301e-05 0.000202024 0 
-5.31727 0.377321 -0.0283755 0.0906132 0.464646 -0.465889 0.0906132 10.733 9.21893 1.74149 1.64836 0.0256733 -2.02104e-05 0.000200027 0 
-5.31359 0.37794 -0.0301823 0.0888923 0.464618 -0.465829 0.0888923 10.7682 9.2523 1.74447 1.65167 0.025391 -2.3808e-05 0.00019798 0 
-5.3099 0.378595 -0.0319646 0.0871559 0.464591 -0.465769 0.0871559 10.8036 9.28581 1.74745 1.65499 0.0251116 -2.73226e-05 0.000195885 0 
-5.30622 0.379288 -0.0337217 0.0854045 0.464564 -0.465711 0.0854045 10.8391 9.31944 1.75044 1.65832 0.0248353 -3.07541e-05 0.000193743 0 
-5.30253 0.380016 -0.0354531 0.0836384 0.464538 -0.465652 0.0836384 10.8748 9.35321 1.75343 1.66164 0.0245618 -3.41023e-05 0.000191556 0 
-5.29885 0.380781 -0.0371582 0.0818582 0.464512 -0.465594 0.0818582 10.9105 9.3871 1.75643 1.66498 0.0242914 -3.73672e-05 0.000189327 0 
-5.29516 0.381581 -0.0388366 0.0800643 0.464486 -0.465537 0.0800643 10.9464 9.42113 1.75944 1.66831 0.024024 -4.05487e-05 0.000187057 0 
-5.29148 0.382416 -0.0404876 0.0782572 0.464461 -0.465481 0.0782572 10.9824 9.45529 1.76245 1.67165 0.0237595 -4.3647e-05 0.000184748 0 
-5.28779 0.383285 -0.0421108 0.0764373 0.464436 -0.465425 0.0764373 11.0186 9.48958 1.76547 1.675 0.0234981 -4.6662e-05 0.000182402 0 
-5.28411 0.384189 -0.0437057 0.0746051 0.464411 -0.465369 0.0746051 11.0548 9.524 1.76849 1.67835 0.0232396 -4.9594e-05 0.00018002 0 
-5.28042 0.385127 -0.0452717 0.0727612 0.464387 -0.465315 0.0727612 11.0912 9.55856 1.77152 1.68171 0.0229842 -5.24432e-05 0.000177606 0 
-5.27674 0.386098 -0.0468083 0.070906 0.464363 -0.46526 0.070906 11.1278 9.59325 1.77456 1.68507 0.0227318 -5.52098e-05 0.000175159 0 
-5.27305 0.387102 -0.0483151 0.0690401 0.46434 -0.465207 0.0690401 11.1644 9.62808 1.7776 1.68843 0.0224824 -5.78941e-05 0.000172683 0 
-5.26937 0.388138 -0.0497916 0.067164 0.464316 -0.465154 0.067164 11.2012 9.66304 1.78064 1.6918 0.022236 -6.04966e-05 0.000170179 0 
-5.26568 0.389206 -0.0512373 0.0652781 0.464293 -0.465101 0.0652781 11.2382 9.69813 1.7837 1.69518 0.0219926 -6.30175e-05 0.000167649 0 
-5.262 0.390305 -0.0526517 0.0633831 0.464271 -0.465049 0.0633831 11.2752 9.73336 1.78676 1.69856 0.0217523 -6.54575e-05 0.000165094 0 
-5.25831 0.391435 -0.0540344 0.0614794 0.464248 -0.464998 0.0614794 11.3124 9.76873 1.78982 1.70194 0.021515 -6.78168e-05 0.000162517 0 
-5.25463 0.392596 -0.0553849 0.0595677 0.464226 -0.464947 0.0595677 11.3497 9.80423 1.79289 1.70533 0.0212808 -7.00962e-05 0.000159918 0 
-5.25094 0.393786 -0.0567028 0.0576485 0.464204 -0.464897 0.0576485 11.3872 9.83988 1.79597 1.70873 0.0210495 -7.22961e-05 0.000157299 0 
-5.24726 0.395005 -0.0579876 0.0557222 0.464182 -0.464847 0.0557222 11.4248 9.87566 1.79905 1.71213 0.0208213 -7.44172e-05 0.000154662 0 
-5.24357 0.396253 -0.059239 0.0537896 0.464161 -0.464798 0.0537896 11.4625 9.91157 1.80214 1.71553 0.0205962 -7.64601e-05 0.000152009 0 
-5.23989 0.397528 -0.0604565 0.0518512 0.46414 -0.46475 0.0518512 11.5004 9.94763 1.80524 1.71894 0.0203741 -7.84256e-05 0.000149341 0 
-5.2362 0.398832 -0.0616398 0.0499076 0.464119 -0.464702 0.0499076 11.5384 9.98383 1.80834 1.72235 0.020155 -8.03143e-05 0.00014666 0 
-5.23252 0.400161 -0.0627883 0.0479593 0.464098 -0.464654 0.0479593 11.5766 10.0202 1.81145 1.72577 0.0199389 -8.2127e-05 0.000143966 0 
-5.22883 0.401517 -0.0639018 0.046007 0.464078 -0.464607 0.046007 11.6148 10.0566 1.81456 1.7292 0.0197259 -8.38645e-05 0.000141262 0 
-5.22515 0.402899 -0.06498 0.0440513 0.464058 -0.464561 0.0440513 11.6533 10.0933 1.81768 1.73263 0.0195159 -8.55276e-05 0.000138549 0 
-5.22147 0.404305 -0.0660223 0.0420927 0.464038 -0.464515 0.0420927 11.6918 10.13 1.82081 1.73606 0.0193089 -8.71171e-05 0.000135828 0 
-5.21778 0.405735 -0.0670286 0.0401319 0.464018 -0.46447 0.0401319 11.7305 10.1669 1.82394 1.7395 0.0191049 -8.8634e-05 0.0001331 0 
-5.2141 0.407189 -0.0679984 0.0381695 0.463998 -0.464425 0.0381695 11.7693 10.204 1.82708 1.74295 0.018904 -9.00791e-05 0.000130367 0 
-5.21041 0.408665 -0.0689314 0.0362061 0.463979 -0.46438 0.0362061 11.8083 10.2411 1.83022 1.7464 0.018706 -9.14534e-05 0.000127631 0 
-5.20673 0.410164 -0.0698274 0.0342423 0.46396 -0.464337 0.0342423 11.8474 10.2785 1.83337 1.74985 0.0185111 -9.27577e-05 0.000124891 0 
-5.20304 0.411684 -0.070686 0.0322789 0.463941 -0.464293 0.0322789 11.8867 10.316 1.83653 1.75331 0.0183192 -9.3993e-05 0.00012215 0 
-5.19936 0.413225 -0.071507 0.0303163 0.463922 -0.464251 0.0303163 11.9261 10.3536 1.83969 1.75678 0.0181302 -9.51603e-05 0.000119408 0 
-5.19567 0.414785 -0.07229 0.0283554 0.463903 -0.464208 0.0283554 11.9656 10.3913 1.84286 1.76025 0.0179442 -9.62606e-05 0.000116667 0 
-5.19199 0.416365 -0.0730349 0.0263966 0.463885 -0.464167 0.0263966 12.0053 10.4292 1.84604 1.76372 0.0177612 -9.72948e-05 0.000113928 0 
-5.1883 0.417963 -0.0737413 0.0244407 0.463866 -0.464125 0.0244407 12.0451 10.4673 1.84922 1.7672 0.0175812 -9.8264e-05 0.000111191 0 
-5.18462 0.419579 -0.0744092 0.0224883 0.463848 -0.464085 0.0224883 12.0851 10.5055 1.85241 1.77069 0.0174041 -9.91692e-05 0.000108458 0 
-5.18093 0.421212 -0.0750381 0.0205401 0.46383 -0.464045 0.0205401 12.1252 10.5439 1.85561 1.77418 0.01723 -0.000100011 0.000105729 0 
-5.17725 0.42286 -0.075628 0.0185966 0.463812 -0.464005 0.0185966 12.1655 10.5824 1.85881 1.77768 0.0170588 -0.000100792 0.000103006 0 
-5.17356 0.424525 -0.0761787 0.0166587 0.463794 -0.463965 0.0166587 12.2059 10.621 1.86202 1.78118 0.0168905 -0.000101511 0.000100289 0 
-5.16988 0.426203 -0.07669 0.014727 0.463776 -0.463927 0.014727 12.2464 10.6598 1.86523 1.78469 0.0167252 -0.000102171 9.75794e-05 0 
-5.16619 0.427896 -0.0771617 0.0128021 0.463758 -0.463888 0.0128021 12.2871 10.6988 1.86845 1.7882 0.0165628 -0.000102771 9.48775e-05 0 
-5.16251 0.429601 -0.0775936 0.0108846 0.463741 -0.463851 0.0108846 12.328 10.7378 1.87168 1.79172 0.0164032 -0.000103314 9.21843e-05 0 
-5.15882 0.431319 -0.0779858 0.00897536 0.463723 -0.463813 0.00897536 12.369 10.7771 1.87491 1.79525 0.0162466 -0.0001038 8.95004e-05 0 
-5.15514 0.433048 -0.078338 0.00707494 0.463706 -0.463776 0.00707494 12.4101 10.8165 1.87815 1.79878 0.0160928 -0.00010423 8.68264e-05 0 
-5.15145 0.434787 -0.0786501 0.00518402 0.463689 -0.46374 0.00518402 12.4514 10.856 1.8814 1.80231 0.0159418 -0.000104606 8.41631e-05 0 
-5.14777 0.436536 -0.0789222 0.0033033 0.463671 -0.463704 0.0033033 12.4928 10.8957 1.88465 1.80585 0.0157937 -0.000104928 8.1511e-05 0 
-5.14408 0.438293 -0.0791541 0.00143345 0.463654 -0.463668 0.00143345 12.5344 10.9356 1.88791 1.8094 0.0156484 -0.000105197 7.88706e-05 0 
-5.1404 0.440059 -0.0793457 -0.000424867 0.463637 -0.463633 -0.000424867 12.5762 10.9756 1.89118 1.81295 0.0155059 -0.000105414 7.62425e-05 0 
-5.13671 0.441831 -0.0794971 -0.00227096 0.46362 -0.463598 -0.00227096 12.618 11.0158 1.89445 1.81651 0.0153662 -0.000105581 7.36271e-05 0 
-5.13303 0.44361 -0.0796082 -0.00410416 0.463603 -0.463564 -0.00410416 12.6601 11.0561 1.89773 1.82007 0.0152293 -0.000105698 7.1025e-05 0 
-5.12934 0.445394 -0.0796791 -0.0059238 0.463586 -0.46353 -0.0059238 12.7023 11.0966 1.90102 1.82364 0.0150952 -0.000105766 6.84364e-05 0 
-5.12566 0.447182 -0.0797097 -0.00772918 0.463569 -0.463497 -0.00772918 12.7446 11.1372 1.90431 1.82721 0.0149638 -0.000105787 6.58619e-05 0 
-5.12197 0.448974 -0.0797001 -0.00951965 0.463552 -0.463464 -0.00951965 12.7871 11.178 1.90761 1.83079 0.0148351 -0.00010576 6.33017e-05 0 
-5.11829 0.450769 -0.0796504 -0.0112945 0.463535 -0.463431 -0.0112945 12.8298 11.2189 1.91092 1.83438 0.0147091 -0.000105688 6.07562e-05 0 
-5.1146 0.452565 -0.0795606 -0.0130532 0.463519 -0.463399 -0.0130532 12.8726 11.26 1.91423 1.83797 0.0145858 -0.00010557 5.82257e-05 0 
-5.11092 0.454363 -0.0794308 -0.0147948 0.463502 -0.463367 -0.0147948 12.9156 11.3013 1.91755 1.84157 0.0144652 -0.000105408 5.57105e-05 0 
-5.10723 0.45616 -0.0792612 -0.0165189 0.463485 -0.463336 -0.0165189 12.9587 11.3427 1.92088 1.84517 0.0143472 -0.000105203 5.32107e-05 0 
-5.10355 0.457956 -0.0790517 -0.0182248 0.463468 -0.463305 -0.0182248 13.002 11.3843 1.92421 1.84878 0.0142319 -0.000104955 5.07266e-05 0 
-5.09986 0.459751 -0.0788027 -0.0199117 0.463451 -0.463275 -0.0199117 13.0454 11.426 1.92755 1.85239 0.0141191 -0.000104666 4.82585e-05 0 
-5.09618 0.461543 -0.0785142 -0.0215791 0.463435 -0.463244 -0.0215791 13.089 11.4679 1.9309 1.85601 0.014009 -0.000104335 4.58063e-05 0 
-5.09249 0.463331 -0.0781865 -0.0232262 0.463418 -0.463215 -0.0232262 13.1327 11.51 1.93425 1.85964 0.0139014 -0.000103965 4.33704e-05 0 
-5.08881 0.465115 -0.0778197 -0.0248525 0.463401 -0.463185 -0.0248525 13.1766 11.5522 1.93761 1.86327 0.0137963 -0.000103554 4.09509e-05 0 
-5.08512 0.466893 -0.077414 -0.0264573 0.463384 -0.463156 -0.0264573 13.2207 11.5946 1.94098 1.86691 0.0136938 -0.000103106 3.85478e-05 0 
-5.08144 0.468665 -0.0769697 -0.0280399 0.463368 -0.463128 -0.0280399 13.2649 11.6371 1.94435 1.87055 0.0135938 -0.000102619 3.61612e-05 0 
-5.07776 0.47043 -0.076487 -0.0295997 0.463351 -0.463099 -0.0295997 13.3093 11.6799 1.94773 1.8742 0.0134962 -0.000102094 3.37912e-05 0 
-5.07407 0.472186 -0.0759662 -0.0311362 0.463334 -0.463071 -0.0311362 13.3539 11.7227 1.95112 1.87785 0.0134011 -0.000101533 3.14379e-05 0 
-5.07039 0.473934 -0.0754076 -0.0326486 0.463317 -0.463044 -0.0326486 13.3986 11.7658 1.95451 1.88151 0.0133084 -0.000100936 2.91012e-05 0 
-5.0667 0.475671 -0.0748115 -0.0341363 0.4633 -0.463016 -0.0341363 13.4435 11.809 1.95792 1.88518 0.0132181 -0.000100304 2.67813e-05 0 
-5.06302 0.477398 -0.0741782 -0.0355988 0.463283 -0.462989 -0.0355988 13.4885 11.8524 1.96132 1.88885 0.0131302 -9.96362e-05 2.44781e-05 0 
-5.05933 0.479113 -0.0735081 -0.0370355 0.463266 -0.462963 -0.0370355 13.5337 11.8959 1.96474 1.89253 0.0130446 -9.89343e-05 2.21917e-05 0 
-5.05565 0.480816 -0.0728015 -0.0384458 0.463249 -0.462937 -0.0384458 13.5791 11.9396 1.96816 1.89622 0.0129614 -9.81984e-05 1.99221e-05 0 
-5.05196 0.482505 -0.0720588 -0.039829 0.463232 -0.462911 -0.039829 13.6246 11.9835 1.97159 1.89991 0.0128804 -9.74292e-05 1.76692e-05 0 
-5.04828 0.484179 -0.0712803 -0.0411846 0.463215 -0.462885 -0.0411846 13.6703 12.0275 1.97503 1.90361 0.0128018 -9.6627e-05 1.5433e-05 0 
-5.04459 0.485838 -0.0704666 -0.042512 0.463198 -0.46286 -0.042512 13.7162 12.0717 1.97847 1.90731 0.0127253 -9.57924e-05 1.32135e-05 0 
-5.04091 0.487482 -0.069618 -0.0438107 0.463181 -0.462835 -0.0438107 13.7622 12.1161 1.98192 1.91102 0.0126511 -9.49257e-05 1.10108e-05 0 
-5.03722 0.489108 -0.0687351 -0.0450802 0.463163 -0.46281 -0.0450802 13.8084 12.1607 1.98538 1.91473 0.0125791 -9.40273e-05 8.82471e-06 0 
-5.03354 0.490716 -0.0678182 -0.0463198 0.463146 -0.462786 -0.0463198 13.8548 12.2054 1.98884 1.91846 0.0125092 -9.30977e-05 6.6553e-06 0 
-5.02985 0.492305 -0.0668679 -0.0475291 0.463129 -0.462762 -0.0475291 13.9013 12.2503 1.99231 1.92218 0.0124415 -9.21371e-05 4.50254e-06 0 
-5.02617 0.493875 -0.0658846 -0.0487075 0.463111 -0.462738 -0.0487075 13.948 12.2953 1.99579 1.92592 0.0123758 -9.11459e-05 2.3664e-06 0 
-5.02248 0.495425 -0.0648689 -0.0498546 0.463094 -0.462714 -0.0498546 13.9949 12.3406 1.99928 1.92966 0.0123123 -9.01245e-05 2.46889e-07 0 
-5.0188 0.496953 -0.0638214 -0.0509698 0.463076 -0.462691 -0.0509698 14.0419 12.386 2.00277 1.9334 0.0122508 -8.90731e-05 -1.85601e-06 0 
-5.01511 0.498459 -0.0627425 -0.0520527 0.463058 -0.462668 -0.0520527 14.0891 12.4316 2.00627 1.93715 0.0121913 -8.7992e-05 -3.94228e-06 0 
-5.01143 0.499942 -0.061633 -0.0531027 0.463041 -0.462645 -0.0531027 14.1365 12.4773 2.00978 1.94091 0.0121337 -8.68814e-05 -6.01191e-06 0 
-5.00774 0.501401 -0.0604932 -0.0541194 0.463023 -0.462623 -0.0541194 14.1841 12.5233 2.01329 1.94468 0.0120782 -8.57416e-05 -8.06489e-06 0 
-5.00406 0.502836 -0.059324 -0.0551025 0.463005 -0.462601 -0.0551025 14.2318 12.5694 2.01681 1.94845 0.0120245 -8.45729e-05 -1.01012e-05 0 
-5.00037 0.504246 -0.0581258 -0.0560514 0.462987 -0.462579 -0.0560514 14.2797 12.6157 2.02034 1.95223 0.0119728 -8.33754e-05 -1.21207e-05 0 
-4.99669 0.50563 -0.0568995 -0.0569657 0.462969 -0.462557 -0.0569657 14.3278 12.6622 2.02388 1.95601 0.0119229 -8.21494e-05 -1.41235e-05 0 
-4.993 0.506986 -0.0556455 -0.057845 0.462951 -0.462536 -0.057845 14.3761 12.7088 2.02742 1.9598 0.0118749 -8.0895e-05 -1.61094e-05 0 
-4.98932 0.508315 -0.0543646 -0.0586889 0.462932 -0.462514 -0.0586889 14.4245 12.7556 2.03097 1.9636 0.0118286 -7.96125e-05 -1.80783e-05 0 
-4.98563 0.509616 -0.0530575 -0.0594971 0.462914 -0.462493 -0.0594971 14.4731 12.8026 2.03453 1.9674 0.0117841 -7.83019e-05 -2.00301e-05 0 
-4.98195 0.510887 -0.0517249 -0.0602692 0.462895 -0.462473 -0.0602692 14.5219 12.8498 2.03809 1.97121 0.0117414 -7.69636e-05 -2.19648e-05 0 
-4.97826 0.512129 -0.0503675 -0.0610049 0.462877 -0.462452 -0.0610049 14.5709 12.8972 2.04166 1.97502 0.0117003 -7.55976e-05 -2.38821e-05 0 
-4.97458 0.513341 -0.048986 -0.0617037 0.462858 -0.462432 -0.0617037 14.62 12.9447 2.04524 1.97884 0.011661 -7.42041e-05 -2.57819e-05 0 
-4.97089 0.514521 -0.0475813 -0.0623654 0.46284 -0.462412 -0.0623654 14.6694 12.9925 2.04883 1.98267 0.0116233 -7.27833e-05 -2.7664e-05 0 
-4.96721 0.515669 -0.0461541 -0.0629897 0.462821 -0.462392 -0.0629897 14.7189 13.0404 2.05242 1.98651 0.0115871 -7.13353e-05 -2.95283e-05 0 
-4.96352 0.516785 -0.0447052 -0.0635764 0.462802 -0.462372 -0.0635764 14.7685 13.0885 2.05602 1.99035 0.0115526 -6.98602e-05 -3.13744e-05 0 
-4.95984 0.517867 -0.0432353 -0.0641251 0.462783 -0.462352 -0.0641251 14.8184 13.1367 2.05963 1.99419 0.0115196 -6.83584e-05 -3.32021e-05 0 
-4.95615 0.518916 -0.0417453 -0.0646356 0.462764 -0.462333 -0.0646356 14.8685 13.1852 2.06325 1.99805 0.0114881 -6.68298e-05 -3.50112e-05 0 
-4.95247 0.51993 -0.0402361 -0.0651076 0.462745 -0.462314 -0.0651076 14.9187 13.2339 2.06687 2.00191 0.0114581 -6.52748e-05 -3.68014e-05 0 
-4.94878 0.520909 -0.0387084 -0.0655411 0.462725 -0.462295 -0.0655411 14.9691 13.2827 2.0705 2.00578 0.0114295 -6.36934e-05 -3.85723e-05 0 
-4.9451 0.521853 -0.0371631 -0.0659357 0.462706 -0.462276 -0.0659357 15.0197 13.3317 2.07414 2.00965 0.0114023 -6.20859e-05 -4.03236e-05 0 
-4.94141 0.522761 -0.0356011 -0.0662913 0.462687 -0.462257 -0.0662913 15.0705 13.3809 2.07779 2.01353 0.0113765 -6.04525e-05 -4.20549e-05 0 
-4.93773 0.523632 -0.0340233 -0.0666077 0.462667 -0.462239 -0.0666077 15.1214 13.4303 2.08144 2.01742 0.0113521 -5.87934e-05 -4.37659e-05 0 
-4.93405 0.524466 -0.0324305 -0.0668848 0.462647 -0.462221 -0.0668848 15.1726 13.4799 2.0851 2.02131 0.0113289 -5.71088e-05 -4.5456e-05 0 
-4.93036 0.525262 -0.0308237 -0.0671225 0.462627 -0.462202 -0.0671225 15.2239 13.5297 2.08877 2.02521 0.011307 -5.5399e-05 -4.71249e-05 0 
-4.92668 0.52602 -0.0292037 -0.0673207 0.462608 -0.462184 -0.0673207 15.2755 13.5797 2.09244 2.02912 0.0112864 -5.36643e-05 -4.87721e-05 0 
-4.92299 0.526739 -0.0275716 -0.0674794 0.462588 -0.462167 -0.0674794 15.3272 13.6298 2.09612 2.03303 0.011267 -5.19049e-05 -5.03971e-05 0 
-4.91931 0.527419 -0.0259281 -0.0675983 0.462568 -0.462149 -0.0675983 15.3791 13.6802 2.09982 2.03695 0.0112487 -5.01211e-05 -5.19993e-05 0 
-4.91562 0.52806 -0.0242744 -0.0676776 0.462547 -0.462131 -0.0676776 15.4312 13.7307 2.10351 2.04088 0.0112316 -4.83133e-05 -5.35783e-05 0 
-4.91194 0.528661 -0.0226112 -0.0677172 0.462527 -0.462114 -0.0677172 15.4835 13.7814 2.10722 2.04481 0.0112156 -4.64818e-05 -5.51334e-05 0 
-4.90825 0.529222 -0.0209397 -0.0677171 0.462507 -0.462097 -0.0677171 15.5359 13.8324 2.11093 2.04875 0.0112007 -4.46271e-05 -5.6664e-05 0 
-4.90457 0.529742 -0.0192607 -0.0676773 0.462486 -0.462079 -0.0676773 15.5886 13.8835 2.11465 2.0527 0.0111868 -4.27495e-05 -5.81696e-05 0 
-4.90088 0.530221 -0.0175753 -0.0675979 0.462466 -0.462062 -0.0675979 15.6415 13.9348 2.11838 2.05665 0.0111739 -4.08494e-05 -5.96495e-05 0 
-4.8972 0.530659 -0.0158843 -0.0674789 0.462445 -0.462045 -0.0674789 15.6945 13.9863 2.12211 2.06061 0.011162 -3.89274e-05 -6.11029e-05 0 
-4.89351 0.531055 -0.0141889 -0.0673205 0.462424 -0.462028 -0.0673205 15.7478 14.038 2.12586 2.06458 0.011151 -3.69839e-05 -6.25293e-05 0 
-4.88983 0.53141 -0.01249 -0.0671227 0.462404 -0.462012 -0.0671227 15.8012 14.0899 2.12961 2.06855 0.0111409 -3.50196e-05 -6.39279e-05 0 
-4.88614 0.531722 -0.0107886 -0.0668858 0.462383 -0.461995 -0.0668858 15.8549 14.142 2.13337 2.07253 0.0111317 -3.30348e-05 -6.5298e-05 0 
-4.88246 0.531993 -0.00908567 -0.0666097 0.462362 -0.461978 -0.0666097 15.9087 14.1943 2.13713 2.07652 0.0111233 -3.10304e-05 -6.66388e-05 0 
-4.87877 0.53222 -0.00738232 -0.0662948 0.462341 -0.461962 -0.0662948 15.9627 14.2468 2.1409 2.08051 0.0111158 -2.90068e-05 -6.79495e-05 0 
-4.87509 0.532406 -0.00567951 -0.0659412 0.462319 -0.461945 -0.0659412 16.0169 14.2996 2.14469 2.08451 0.011109 -2.69648e-05 -6.92294e-05 0 
-4.8714 0.532548 -0.00397828 -0.0655491 0.462298 -0.461929 -0.0655491 16.0714 14.3525 2.14847 2.08852 0.0111029 -2.49051e-05 -7.04777e-05 0 
-4.86772 0.532648 -0.00227965 -0.0651189 0.462277 -0.461913 -0.0651189 16.126 14.4056 2.15227 2.09253 0.0110976 -2.28284e-05 -7.16936e-05 0 
-4.86403 0.532705 -0.00058463 -0.0646506 0.462255 -0.461897 -0.0646506 16.1808 14.4589 2.15607 2.09656 0.0110929 -2.07356e-05 -7.28761e-05 0 
-4.86035 0.532719 0.00110574 -0.0641448 0.462234 -0.461881 -0.0641448 16.2358 14.5124 2.15989 2.10058 0.0110889 -1.86275e-05 -7.40245e-05 0 
-4.85666 0.53269 0.00279045 -0.0636016 0.462212 -0.461865 -0.0636016 16.2911 14.5661 2.16371 2.10462 0.0110854 -1.65049e-05 -7.5138e-05 0 
-4.85298 0.532618 0.00446845 -0.0630214 0.462191 -0.461849 -0.0630214 16.3465 14.62 2.16753 2.10866 0.0110826 -1.43689e-05 -7.62155e-05 0 
-4.84929 0.532503 0.00613872 -0.0624046 0.462169 -0.461833 -0.0624046 16.4021 14.6741 2.17137 2.11271 0.0110803 -1.22202e-05 -7.72564e-05 0 
-4.84561 0.532345 0.00780023 -0.0617515 0.462147 -0.461817 -0.0617515 16.458 14.7285 2.17521 2.11677 0.0110785 -1.006e-05 -7.82596e-05 0 
-4.84192 0.532144 0.00945196 -0.0610626 0.462125 -0.461801 -0.0610626 16.514 14.783 2.17906 2.12083 0.0110772 -7.88935e-06 -7.92243e-05 0 
-4.83824 0.531901 0.0110929 -0.0603383 0.462103 -0.461785 -0.0603383 16.5702 14.8378 2.18292 2.1249 0.0110763 -5.70924e-06 -8.01497e-05 0 
-4.83455 0.531615 0.012722 -0.0595791 0.462081 -0.46177 -0.0595791 16.6267 14.8927 2.18678 2.12898 0.0110759 -3.52085e-06 -8.10348e-05 0 
-4.83087 0.531286 0.0143383 -0.0587853 0.462059 -0.461754 -0.0587853 16.6834 14.9479 2.19066 2.13306 0.0110758 -1.32533e-06 -8.18787e-05 0 
-4.82718 0.530915 0.0159407 -0.0579575 0.462037 -0.461738 -0.0579575 16.7402 15.0033 2.19454 2.13715 0.0110761 8.76081e-07 -8.26805e-05 0 
-4.8235 0.530502 0.0175283 -0.0570963 0.462015 -0.461723 -0.0570963 16.7973 15.0588 2.19843 2.14125 0.0110768 3.08214e-06 -8.34395e-05 0 
-4.81981 0.530048 0.0191 -0.0562022 0.461992 -0.461707 -0.0562022 16.8546 15.1146 2.20233 2.14536 0.0110777 5.29156e-06 -8.41546e-05 0 
-4.81613 0.529551 0.0206548 -0.0552757 0.46197 -0.461691 -0.0552757 16.9121 15.1706 2.20623 2.14947 0.0110789 7.50299e-06 -8.4825e-05 0 
-4.81244 0.529014 0.0221918 -0.0543174 0.461948 -0.461676 -0.0543174 16.9698 15.2269 2.21014 2.15359 0.0110803 9.71507e-06 -8.54498e-05 0 
-4.80876 0.528435 0.02371 -0.053328 0.461925 -0.46166 -0.053328 17.0277 15.2833 2.21406 2.15771 0.011082 1.19264e-05 -8.60283e-05 0 
-4.80507 0.527816 0.0252084 -0.052308 0.461903 -0.461645 -0.052308 17.0858 15.3399 2.21799 2.16185 0.0110838 1.41354e-05 -8.65596e-05 0 
-4.80139 0.527157 0.0266861 -0.0512582 0.46188 -0.461629 -0.0512582 17.1441 15.3968 2.22193 2.16599 0.0110858 1.63408e-05 -8.70427e-05 0 
-4.7977 0.526458 0.028142 -0.0501792 0.461858 -0.461614 -0.0501792 17.2027 15.4539 2.22587 2.17014 0.0110879 1.8541e-05 -8.74771e-05 0 
-4.79402 0.525719 0.0295754 -0.0490717 0.461835 -0.461598 -0.0490717 17.2614 15.5112 2.22982 2.17429 0.0110901 2.07343e-05 -8.78618e-05 0 
-4.79034 0.524942 0.0309851 -0.0479364 0.461812 -0.461583 -0.0479364 17.3204 15.5687 2.23378 2.17845 0.0110924 2.29193e-05 -8.81961e-05 0 
-4.78665 0.524126 0.0323703 -0.0467741 0.46179 -0.461567 -0.0467741 17.3796 15.6264 2.23775 2.18262 0.0110948 2.50943e-05 -8.84793e-05 0 
-4.78297 0.523273 0.0337302 -0.0455854 0.461767 -0.461552 -0.0455854 17.439 15.6844 2.24173 2.1868 0.0110971 2.72576e-05 -8.87106e-05 0 
-4.77928 0.522382 0.0350637 -0.0443714 0.461744 -0.461536 -0.0443714 17.4986 15.7426 2.24571 2.19098 0.0110995 2.94076e-05 -8.88895e-05 0 
-4.7756 0.521454 0.0363701 -0.0431326 0.461722 -0.461521 -0.0431326 17.5585 15.8009 2.2497 2.19518 0.0111018 3.15426e-05 -8.90152e-05 0 
-4.77191 0.52049 0.0376485 -0.0418699 0.461699 -0.461505 -0.0418699 17.6185 15.8596 2.2537 2.19937 0.011104 3.36608e-05 -8.90871e-05 0 
-4.76823 0.519491 0.038898 -0.0405841 0.461676 -0.46149 -0.0405841 17.6788 15.9184 2.25771 2.20358 0.0111062 3.57606e-05 -8.91046e-05 0 
-4.76454 0.518456 0.0401178 -0.0392762 0.461653 -0.461474 -0.0392762 17.7393 15.9775 2.26173 2.20779 0.0111083 3.784e-05 -8.90672e-05 0 
-4.76086 0.517388 0.041307 -0.037947 0.46163 -0.461459 -0.037947 17.8001 16.0367 2.26575 2.21201 0.0111102 3.98975e-05 -8.89744e-05 0 
-4.75717 0.516285 0.042465 -0.0365974 0.461607 -0.461443 -0.0365974 17.861 16.0962 2.26978 2.21624 0.011112 4.19311e-05 -8.88257e-05 0 
-4.75349 0.51515 0.0435909 -0.0352283 0.461584 -0.461428 -0.0352283 17.9222 16.156 2.27382 2.22047 0.0111136 4.3939e-05 -8.86207e-05 0 
-4.7498 0.513984 0.0446839 -0.0338406 0.461562 -0.461412 -0.0338406 17.9836 16.2159 2.27787 2.22472 0.011115 4.59195e-05 -8.83589e-05 0 
-4.74612 0.512785 0.0457434 -0.0324353 0.461539 -0.461396 -0.0324353 18.0452 16.2761 2.28192 2.22897 0.0111162 4.78706e-05 -8.80401e-05 0 
-4.74243 0.511557 0.0467685 -0.0310134 0.461516 -0.461381 -0.0310134 18.107 16.3365 2.28599 2.23322 0.0111171 4.97907e-05 -8.7664e-05 0 
-4.73875 0.510298 0.0477587 -0.0295758 0.461493 -0.461365 -0.0295758 18.1691 16.3972 2.29006 2.23749 0.0111178 5.16778e-05 -8.72303e-05 0 
-4.73506 0.509011 0.0487132 -0.0281235 0.46147 -0.461349 -0.0281235 18.2314 16.4581 2.29414 2.24176 0.0111182 5.353e-05 -8.67389e-05 0 
-4.73138 0.507696 0.0496314 -0.0266575 0.461447 -0.461334 -0.0266575 18.2939 16.5192 2.29823 2.24604 0.0111183 5.53457e-05 -8.61895e-05 0 
-4.72769 0.506354 0.0505126 -0.0251789 0.461424 -0.461318 -0.0251789 18.3567 16.5805 2.30232 2.25032 0.0111181 5.71229e-05 -8.55821e-05 0 
-4.72401 0.504986 0.0513563 -0.0236887 0.461401 -0.461302 -0.0236887 18.4197 16.6421 2.30643 2.25462 0.0111175 5.88598e-05 -8.49167e-05 0 
-4.72032 0.503593 0.0521619 -0.022188 0.461379 -0.461286 -0.022188 18.4829 16.7039 2.31054 2.25892 0.0111166 6.05547e-05 -8.41933e-05 0 
-4.71664 0.502175 0.0529288 -0.0206778 0.461356 -0.46127 -0.0206778 18.5463 16.7659 2.31466 2.26323 0.0111153 6.22057e-05 -8.34119e-05 0 
-4.71295 0.500735 0.0536565 -0.0191592 0.461333 -0.461254 -0.0191592 18.61 16.8282 2.31879 2.26754 0.0111136 6.38112e-05 -8.25727e-05 0 
-4.70927 0.499272 0.0543444 -0.0176332 0.46131 -0.461238 -0.0176332 18.6739 16.8907 2.32292 2.27186 0.0111115 6.53692e-05 -8.16759e-05 0 
-4.70558 0.497788 0.0549923 -0.0161011 0.461287 -0.461222 -0.0161011 18.7381 16.9534 2.32707 2.27619 0.0111089 6.68782e-05 -8.07218e-05 0 
-4.7019 0.496284 0.0555995 -0.0145638 0.461265 -0.461206 -0.0145638 18.8025 17.0164 2.33122 2.28053 0.0111059 6.83365e-05 -7.97107e-05 0 
-4.69821 0.49476 0.0561656 -0.0130225 0.461242 -0.46119 -0.0130225 18.8671 17.0796 2.33538 2.28488 0.0111025 6.97423e-05 -7.86429e-05 0 
-4.69453 0.493219 0.0566902 -0.0114784 0.461219 -0.461174 -0.0114784 18.9319 17.1431 2.33955 2.28923 0.0110986 7.10941e-05 -7.75188e-05 0 
-4.69084 0.491661 0.0571731 -0.0099325 0.461197 -0.461158 -0.0099325 18.997 17.2068 2.34373 2.29359 0.0110942 7.23902e-05 -7.63391e-05 0 
-4.68716 0.490087 0.0576139 -0.00838605 0.461174 -0.461141 -0.00838605 19.0624 17.2707 2.34791 2.29796 0.0110893 7.36291e-05 -7.51043e-05 0 
-4.68347 0.488498 0.0580122 -0.00684015 0.461152 -0.461125 -0.00684015 19.1279 17.3349 2.35211 2.30234 0.0110839 7.48094e-05 -7.38149e-05 0 
-4.67979 0.486896 0.0583679 -0.00529596 0.461129 -0.461109 -0.00529596 19.1937 17.3993 2.35631 2.30672 0.0110779 7.59295e-05 -7.24717e-05 0 
-4.6761 0.485281 0.0586805 -0.00375463 0.461107 -0.461092 -0.00375463 19.2598 17.464 2.36052 2.31111 0.0110714 7.69881e-05 -7.10755e-05 0 
-4.67242 0.483655 0.0589501 -0.00221734 0.461085 -0.461076 -0.00221734 19.3261 17.5289 2.36474 2.31551 0.0110644 7.79837e-05 -6.9627e-05 0 
-4.66873 0.482019 0.0591763 -0.000685247 0.461062 -0.461059 -0.000685247 19.3926 17.5941 2.36897 2.31992 0.0110568 7.89152e-05 -6.81271e-05 0 
-4.66505 0.480374 0.0593591 0.000840477 0.46104 -0.461043 0.000840477 19.4594 17.6595 2.3732 2.32433 0.0110487 7.97812e-05 -6.65769e-05 0 
-4.66136 0.478721 0.0594983 0.00235867 0.461018 -0.461026 0.00235867 19.5264 17.7251 2.37744 2.32875 0.0110399 8.05805e-05 -6.49772e-05 0 
-4.65768 0.477062 0.0595938 0.00386815 0.460996 -0.46101 0.00386815 19.5937 17.791 2.38169 2.33318 0.0110306 8.13121e-05 -6.33293e-05 0 
-4.65399 0.475398 0.0596457 0.00536776 0.460974 -0.460993 0.00536776 19.6612 17.8571 2.38595 2.33762 0.0110207 8.19749e-05 -6.16341e-05 0 
-4.65031 0.47373 0.0596539 0.00685632 0.460952 -0.460976 0.00685632 19.729 17.9235 2.39022 2.34206 0.0110101 8.25679e-05 -5.98929e-05 0 
-4.64663 0.472058 0.0596184 0.00833267 0.46093 -0.460959 0.00833267 19.797 17.9902 2.3945 2.34651 0.010999 8.30902e-05 -5.81071e-05 0 
-4.64294 0.470386 0.0595393 0.00979563 0.460908 -0.460943 0.00979563 19.8652 18.0571 2.39878 2.35097 0.0109872 8.35409e-05 -5.62777e-05 0 
-4.63926 0.468713 0.0594166 0.0112441 0.460886 -0.460926 0.0112441 19.9338 18.1242 2.40308 2.35544 0.0109749 8.39193e-05 -5.44064e-05 0 
-4.63557 0.46704 0.0592506 0.0126768 0.460864 -0.460909 0.0126768 20.0025 18.1916 2.40738 2.35992 0.0109619 8.42247e-05 -5.24944e-05 0 
-4.63189 0.46537 0.0590414 0.0140927 0.460843 -0.460892 0.0140927 20.0715 18.2593 2.41169 2.3644 0.0109482 8.44565e-05 -5.05433e-05 0 
-4.6282 0.463704 0.0587891 0.0154906 0.460821 -0.460875 0.0154906 20.1408 18.3272 2.41601 2.36889 0.0109339 8.46142e-05 -4.85546e-05 0 
-4.62452 0.462042 0.0584941 0.0168693 0.4608 -0.460858 0.0168693 20.2103 18.3954 2.42033 2.37339 0.010919 8.46972e-05 -4.65298e-05 0 
-4.62083 0.460386 0.0581565 0.0182278 0.460778 -0.46084 0.0182278 20.2801 18.4638 2.42467 2.37789 0.0109034 8.47053e-05 -4.44708e-05 0 
-4.61715 0.458737 0.0577767 0.019565 0.460757 -0.460823 0.019565 20.3501 18.5325 2.42901 2.38241 0.0108872 8.46382e-05 -4.23791e-05 0 
-4.61346 0.457096 0.057355 0.0208796 0.460736 -0.460806 0.0208796 20.4204 18.6014 2.43336 2.38693 0.0108704 8.44957e-05 -4.02564e-05 0 
-4.60978 0.455465 0.0568919 0.0221707 0.460715 -0.460789 0.0221707 20.4909 18.6706 2.43772 2.39146 0.0108529 8.42776e-05 -3.81046e-05 0 
-4.60609 0.453845 0.0563876 0.0234371 0.460694 -0.460771 0.0234371 20.5617 18.7401 2.44209 2.396 0.0108347 8.3984e-05 -3.59256e-05 0 
-4.60241 0.452237 0.0558427 0.0246777 0.460673 -0.460754 0.0246777 20.6328 18.8098 2.44647 2.40054 0.0108159 8.3615e-05 -3.3721e-05 0 
-4.59872 0.450643 0.0552577 0.0258916 0.460652 -0.460737 0.0258916 20.7041 18.8798 2.45085 2.40509 0.0107964 8.31707e-05 -3.1493e-05 0 
-4.59504 0.449063 0.0546331 0.0270776 0.460631 -0.460719 0.0270776 20.7757 18.9501 2.45525 2.40965 0.0107763 8.26513e-05 -2.92434e-05 0 
-4.59135 0.447499 0.0539694 0.0282348 0.460611 -0.460702 0.0282348 20.8476 19.0206 2.45965 2.41422 0.0107555 8.20574e-05 -2.69742e-05 0 
-4.58767 0.445951 0.0532672 0.029362 0.46059 -0.460684 0.029362 20.9197 19.0914 2.46406 2.4188 0.010734 8.13891e-05 -2.46874e-05 0 
-4.58398 0.444422 0.0525272 0.0304584 0.46057 -0.460666 0.0304584 20.992 19.1624 2.46848 2.42338 0.010712 8.06473e-05 -2.23851e-05 0 
-4.5803 0.442912 0.0517499 0.031523 0.46055 -0.460649 0.031523 21.0647 19.2337 2.47291 2.42798 0.0106893 7.98323e-05 -2.00694e-05 0 
-4.57661 0.441423 0.0509362 0.0325547 0.46053 -0.460631 0.0325547 21.1376 19.3053 2.47734 2.43258 0.0106659 7.89451e-05 -1.77423e-05 0 
-4.57293 0.439955 0.0500867 0.0335528 0.46051 -0.460613 0.0335528 21.2108 19.3772 2.48179 2.43718 0.0106419 7.79863e-05 -1.54059e-05 0 
-4.56924 0.43851 0.0492022 0.0345162 0.46049 -0.460596 0.0345162 21.2842 19.4493 2.48624 2.4418 0.0106173 7.69569e-05 -1.30625e-05 0 
-4.56556 0.437089 0.0482834 0.035444 0.46047 -0.460578 0.035444 21.3579 19.5217 2.4907 2.44642 0.010592 7.58579e-05 -1.07141e-05 0 
-4.56187 0.435693 0.0473313 0.0363355 0.46045 -0.46056 0.0363355 21.4319 19.5943 2.49517 2.45106 0.0105661 7.46904e-05 -8.36294e-06 0 
-4.55819 0.434323 0.0463467 0.0371898 0.46043 -0.460542 0.0371898 21.5061 19.6673 2.49965 2.4557 0.0105396 7.34555e-05 -6.01117e-06 0 
-4.5545 0.43298 0.0453304 0.038006 0.460411 -0.460524 0.038006 21.5807 19.7405 2.50414 2.46035 0.0105125 7.21545e-05 -3.66099e-06 0 
-4.55082 0.431665 0.0442834 0.0387834 0.460392 -0.460507 0.0387834 21.6554 19.814 2.50864 2.465 0.0104848 7.07888e-05 -1.31458e-06 0 
-4.54713 0.430379 0.0432066 0.0395212 0.460372 -0.460489 0.0395212 21.7305 19.8878 2.51314 2.46967 0.0104565 6.93597e-05 1.02586e-06 0 
-4.54345 0.429124 0.0421011 0.0402187 0.460353 -0.460471 0.0402187 21.8059 19.9618 2.51765 2.47434 0.0104276 6.78687e-05 3.35814e-06 0 
-4.53976 0.427899 0.0409679 0.0408752 0.460334 -0.460453 0.0408752 21.8815 20.0361 2.52218 2.47902 0.0103981 6.63176e-05 5.68007e-06 0 
-4.53608 0.426707 0.039808 0.04149 0.460315 -0.460435 0.04149 21.9574 20.1107 2.52671 2.48371 0.0103681 6.47078e-05 7.98947e-06 0 
-4.53239 0.425547 0.0386224 0.0420624 0.460296 -0.460417 0.0420624 22.0336 20.1856 2.53125 2.4884 0.0103375 6.30413e-05 1.02842e-05 0 
-4.52871 0.424421 0.0374123 0.0425919 0.460278 -0.460399 0.0425919 22.11 20.2608 2.53579 2.49311 0.0103063 6.13197e-05 1.2562e-05 0 
-4.52502 0.42333 0.0361788 0.0430779 0.460259 -0.460381 0.0430779 22.1868 20.3362 2.54035 2.49782 0.0102746 5.95449e-05 1.48209e-05 0 
-4.52134 0.422275 0.0349231 0.0435199 0.460241 -0.460363 0.0435199 22.2638 20.412 2.54492 2.50254 0.0102423 5.7719e-05 1.70586e-05 0 
-4.51765 0.421256 0.0336463 0.0439174 0.460223 -0.460345 0.0439174 22.3411 20.488 2.54949 2.50727 0.0102095 5.58439e-05 1.92731e-05 0 
-4.51397 0.420273 0.0323496 0.0442697 0.460204 -0.460326 0.0442697 22.4187 20.5643 2.55407 2.51201 0.0101762 5.39218e-05 2.14623e-05 0 
-4.51028 0.419329 0.0310344 0.0445766 0.460186 -0.460308 0.0445766 22.4965 20.6409 2.55867 2.51675 0.0101424 5.19547e-05 2.36241e-05 0 
-4.5066 0.418423 0.0297017 0.0448376 0.460168 -0.46029 0.0448376 22.5747 20.7178 2.56327 2.52151 0.0101081 4.99449e-05 2.57566e-05 0 
-4.50291 0.417556 0.028353 0.0450524 0.460151 -0.460272 0.0450524 22.6531 20.7949 2.56788 2.52627 0.0100734 4.78945e-05 2.78577e-05 0 
-4.49923 0.416729 0.0269895 0.0452206 0.460133 -0.460254 0.0452206 22.7318 20.8724 2.57249 2.53104 0.0100381 4.58061e-05 2.99255e-05 0 
-4.49555 0.415942 0.0256125 0.045342 0.460115 -0.460236 0.045342 22.8109 20.9501 2.57712 2.53582 0.0100024 4.36818e-05 3.19581e-05 0 
-4.49186 0.415197 0.0242233 0.0454162 0.460098 -0.460218 0.0454162 22.8902 21.0282 2.58176 2.5406 0.0099663 4.1524e-05 3.39535e-05 0 
-4.48818 0.414492 0.0228233 0.0454432 0.460081 -0.4602 0.0454432 22.9698 21.1065 2.5864 2.5454 0.00992973 3.93353e-05 3.59101e-05 0 
-4.48449 0.413829 0.0214139 0.0454227 0.460064 -0.460182 0.0454227 23.0496 21.1851 2.59105 2.5502 0.00989275 3.7118e-05 3.78259e-05 0 
-4.48081 0.413209 0.0199964 0.0453546 0.460046 -0.460164 0.0453546 23.1298 21.264 2.59572 2.55501 0.00985535 3.48747e-05 3.96992e-05 0 
-4.47712 0.412631 0.0185723 0.0452388 0.46003 -0.460145 0.0452388 23.2103 21.3433 2.60039 2.55983 0.00981757 3.2608e-05 4.15284e-05 0 
-4.47344 0.412097 0.0171429 0.0450752 0.460013 -0.460127 0.0450752 23.2911 21.4228 2.60507 2.56466 0.0097794 3.03203e-05 4.33117e-05 0 
-4.46975 0.411605 0.0157097 0.0448639 0.459996 -0.460109 0.0448639 23.3721 21.5026 2.60976 2.5695 0.00974087 2.80142e-05 4.50477e-05 0 
-4.46607 0.411158 0.0142741 0.0446049 0.459979 -0.460091 0.0446049 23.4535 21.5827 2.61445 2.57434 0.009702 2.56924e-05 4.67348e-05 0 
-4.46238 0.410754 0.0128376 0.0442983 0.459963 -0.460073 0.0442983 23.5352 21.6631 2.61916 2.57919 0.00966278 2.33575e-05 4.83715e-05 0 
-4.4587 0.410394 0.0114016 0.0439442 0.459947 -0.460055 0.0439442 23.6171 21.7438 2.62388 2.58406 0.00962325 2.10122e-05 4.99564e-05 0 
-4.45501 0.410078 0.00996748 0.0435427 0.45993 -0.460037 0.0435427 23.6994 21.8249 2.6286 2.58893 0.00958342 1.86589e-05 5.14881e-05 0 
-4.45133 0.409806 0.00853681 0.0430942 0.459914 -0.460019 0.0430942 23.782 21.9062 2.63333 2.5938 0.00954329 1.63004e-05 5.29654e-05 0 
-4.44764 0.409579 0.00711102 0.0425988 0.459898 -0.460001 0.0425988 23.8648 21.9878 2.63808 2.59869 0.00950289 1.39394e-05 5.4387e-05 0 
-4.44396 0.409395 0.00569158 0.0420569 0.459883 -0.459983 0.0420569 23.948 22.0697 2.64283 2.60359 0.00946224 1.15784e-05 5.57518e-05 0 
-4.44027 0.409256 0.00427996 0.0414686 0.459867 -0.459966 0.0414686 24.0315 22.152 2.64759 2.60849 0.00942134 9.22009e-06 5.70586e-05 0 
-4.43659 0.409161 0.00287762 0.0408346 0.459851 -0.459948 0.0408346 24.1153 22.2345 2.65236 2.6134 0.00938021 6.86706e-06 5.83065e-05 0 
-4.4329 0.40911 0.00148602 0.0401552 0.459836 -0.45993 0.0401552 24.1994 22.3174 2.65714 2.61832 0.00933887 4.52193e-06 5.94945e-05 0 
-4.42922 0.409102 0.000106634 0.0394309 0.45982 -0.459912 0.0394309 24.2838 22.4006 2.66192 2.62325 0.00929733 2.18726e-06 6.06216e-05 0 
-4.42553 0.409138 -0.00125908 0.0386622 0.459805 -0.459894 0.0386622 24.3685 22.484 2.66672 2.62819 0.00925561 -1.34371e-07 6.16871e-05 0 
-4.42185 0.409217 -0.00260967 0.0378497 0.45979 -0.459877 0.0378497 24.4535 22.5678 2.67152 2.63314 0.00921371 -2.44044e-06 6.26901e-05 0 
-4.41816 0.409338 -0.0039437 0.0369939 0.459775 -0.459859 0.0369939 24.5388 22.6519 2.67634 2.63809 0.00917167 -4.72844e-06 6.36301e-05 0 
-4.41448 0.409503 -0.00525975 0.0360955 0.45976 -0.459841 0.0360955 24.6245 22.7364 2.68116 2.64306 0.00912949 -6.99589e-06 6.45063e-05 0 
-4.41079 0.409709 -0.00655639 0.0351554 0.459745 -0.459824 0.0351554 24.7104 22.8211 2.686 2.64803 0.00908718 -9.24036e-06 6.53182e-05 0 
-4.40711 0.409956 -0.0078322 0.0341741 0.45973 -0.459806 0.0341741 24.7967 22.9062 2.69084 2.65301 0.00904478 -1.14594e-05 6.60653e-05 0 
-4.40342 0.410245 -0.00908577 0.0331524 0.459715 -0.459789 0.0331524 24.8833 22.9916 2.69569 2.658 0.00900228 -1.36508e-05 6.67473e-05 0 
-4.39974 0.410573 -0.0103157 0.0320912 0.459701 -0.459771 0.0320912 24.9702 23.0773 2.70055 2.663 0.00895971 -1.5812e-05 6.73639e-05 0 
-4.39605 0.410942 -0.0115208 0.0309914 0.459686 -0.459754 0.0309914 25.0574 23.1633 2.70542 2.668 0.00891708 -1.7941e-05 6.79146e-05 0 
-4.39237 0.411349 -0.0126995 0.0298539 0.459672 -0.459737 0.0298539 25.145 23.2496 2.7103 2.67302 0.0088744 -2.00354e-05 6.83994e-05 0 
-4.38868 0.411795 -0.0138506 0.0286795 0.459658 -0.45972 0.0286795 25.2328 23.3363 2.71519 2.67804 0.0088317 -2.2093e-05 6.88181e-05 0 
-4.385 0.412278 -0.0149728 0.0274694 0.459644 -0.459702 0.0274694 25.321 23.4233 2.72008 2.68308 0.00878898 -2.41119e-05 6.91707e-05 0 
-4.38131 0.412799 -0.0160648 0.0262245 0.459629 -0.459685 0.0262245 25.4096 23.5106 2.72499 2.68812 0.00874627 -2.60898e-05 6.94571e-05 0 
-4.37763 0.413354 -0.0171253 0.0249459 0.459615 -0.459668 0.0249459 25.4984 23.5982 2.72991 2.69317 0.00870357 -2.80248e-05 6.96774e-05 0 
-4.37394 0.413945 -0.0181532 0.0236347 0.459602 -0.459651 0.0236347 25.5876 23.6862 2.73483 2.69823 0.0086609 -2.99151e-05 6.98318e-05 0 
-4.37026 0.41457 -0.0191472 0.0222922 0.459588 -0.459634 0.0222922 25.6771 23.7745 2.73977 2.7033 0.00861828 -3.17586e-05 6.99206e-05 0 
-4.36657 0.415227 -0.0201061 0.0209193 0.459574 -0.459617 0.0209193 25.7669 23.8631 2.74471 2.70837 0.00857572 -3.35536e-05 6.99439e-05 0 
-4.36289 0.415917 -0.0210289 0.0195174 0.45956 -0.4596 0.0195174 25.857 23.9521 2.74966 2.71346 0.00853324 -3.52983e-05 6.99022e-05 0 
-4.3592 0.416637 -0.0219144 0.0180878 0.459547 -0.459584 0.0180878 25.9475 24.0414 2.75463 2.71856 0.00849084 -3.69912e-05 6.97957e-05 0 
-4.35552 0.417387 -0.0227616 0.0166318 0.459533 -0.459567 0.0166318 26.0383 24.131 2.7596 2.72366 0.00844855 -3.86304e-05 6.9625e-05 0 
-4.35184 0.418166 -0.0235695 0.0151506 0.45952 -0.45955 0.0151506 26.1295 24.221 2.76458 2.72877 0.00840637 -4.02146e-05 6.93905e-05 0 
-4.34815 0.418971 -0.0243369 0.0136456 0.459507 -0.459534 0.0136456 26.221 24.3113 2.76957 2.73389 0.00836431 -4.17422e-05 6.90929e-05 0 
-4.34447 0.419803 -0.0250631 0.0121181 0.459493 -0.459518 0.0121181 26.3128 24.402 2.77457 2.73902 0.0083224 -4.32119e-05 6.87328e-05 0 
-4.34078 0.42066 -0.025747 0.0105698 0.45948 -0.459501 0.0105698 26.405 24.4929 2.77958 2.74416 0.00828064 -4.46223e-05 6.83109e-05 0 
-4.3371 0.42154 -0.0263879 0.00900188 0.459467 -0.459485 0.00900188 26.4975 24.5843 2.7846 2.74931 0.00823905 -4.59723e-05 6.7828e-05 0 
-4.33341 0.422442 -0.0269848 0.00741595 0.459454 -0.459469 0.00741595 26.5903 24.6759 2.78963 2.75447 0.00819765 -4.72606e-05 6.72848e-05 0 
-4.32973 0.423364 -0.027537 0.00581344 0.459441 -0.459453 0.00581344 26.6835 24.7679 2.79466 2.75964 0.00815645 -4.84861e-05 6.66823e-05 0 
-4.32604 0.424306 -0.0280437 0.00419591 0.459428 -0.459437 0.00419591 26.777 24.8603 2.79971 2.76481 0.00811546 -4.9648e-05 6.60214e-05 0 
-4.32236 0.425266 -0.0285043 0.00256492 0.459415 -0.459421 0.00256492 26.8709 24.953 2.80477 2.77 0.00807469 -5.07451e-05 6.53029e-05 0 
-4.31867 0.426242 -0.0289182 0.000922067 0.459403 -0.459405 0.000922067 26.9651 25.046 2.80983 2.77519 0.00803415 -5.17767e-05 6.45279e-05 0 
-4.31499 0.427232 -0.0292847 -0.000731084 0.45939 -0.459389 -0.000731084 27.0596 25.1394 2.81491 2.78039 0.00799385 -5.27419e-05 6.36974e-05 0 
-4.3113 0.428236 -0.0296032 -0.00239294 0.459377 -0.459373 -0.00239294 27.1545 25.2332 2.82 2.78561 0.0079538 -5.364e-05 6.28125e-05 0 
-4.30762 0.429251 -0.0298733 -0.00406186 0.459365 -0.459358 -0.00406186 27.2498 25.3273 2.82509 2.79083 0.007914 -5.44704e-05 6.18742e-05 0 
-4.30393 0.430277 -0.0300946 -0.00573617 0.459352 -0.459342 -0.00573617 27.3454 25.4217 2.8302 2.79606 0.00787446 -5.52324e-05 6.08838e-05 0 
-4.30025 0.43131 -0.0302667 -0.0074142 0.45934 -0.459327 -0.0074142 27.4413 25.5165 2.83531 2.8013 0.0078352 -5.59257e-05 5.98424e-05 0 
-4.29656 0.432351 -0.0303893 -0.0090943 0.459327 -0.459311 -0.0090943 27.5376 25.6117 2.84044 2.80654 0.00779622 -5.65497e-05 5.87513e-05 0 
-4.29288 0.433396 -0.0304619 -0.0107748 0.459315 -0.459296 -0.0107748 27.6343 25.7072 2.84557 2.8118 0.00775753 -5.71042e-05 5.76117e-05 0 
-4.28919 0.434445 -0.0304844 -0.012454 0.459303 -0.459281 -0.012454 27.7313 25.803 2.85071 2.81707 0.00771914 -5.7589e-05 5.64251e-05 0 
-4.28551 0.435496 -0.0304568 -0.0141301 0.45929 -0.459266 -0.0141301 27.8287 25.8993 2.85587 2.82235 0.00768106 -5.80037e-05 5.51927e-05 0 
-4.28182 0.436546 -0.030379 -0.0158015 0.459278 -0.459251 -0.0158015 27.9264 25.9958 2.86103 2.82763 0.0076433 -5.83484e-05 5.39159e-05 0 
-4.27814 0.437595 -0.0302507 -0.0174665 0.459266 -0.459236 -0.0174665 28.0245 26.0928 2.8662 2.83293 0.00760588 -5.86231e-05 5.25962e-05 0 
-4.27445 0.43864 -0.030072 -0.0191233 0.459254 -0.459221 -0.0191233 28.123 26.1901 2.87138 2.83823 0.0075688 -5.88278e-05 5.12351e-05 0 
-4.27077 0.43968 -0.0298431 -0.0207702 0.459242 -0.459207 -0.0207702 28.2218 26.2878 2.87658 2.84355 0.00753206 -5.89627e-05 4.9834e-05 0 
-4.26708 0.440713 -0.029564 -0.0224055 0.459229 -0.459192 -0.0224055 28.3209 26.3858 2.88178 2.84887 0.00749567 -5.90278e-05 4.83943e-05 0 
-4.2634 0.441737 -0.0292351 -0.0240275 0.459217 -0.459177 -0.0240275 28.4205 26.4842 2.88699 2.8542 0.00745964 -5.90234e-05 4.69176e-05 0 
-4.25971 0.442751 -0.0288565 -0.0256345 0.459205 -0.459163 -0.0256345 28.5204 26.583 2.89221 2.85954 0.00742397 -5.89499e-05 4.54054e-05 0 
-4.25603 0.443752 -0.0284284 -0.0272248 0.459193 -0.459149 -0.0272248 28.6207 26.6821 2.89744 2.86489 0.00738866 -5.88076e-05 4.38592e-05 0 
-4.25234 0.444739 -0.0279514 -0.0287967 0.459181 -0.459135 -0.0287967 28.7213 26.7817 2.90269 2.87025 0.00735371 -5.8597e-05 4.22807e-05 0 
-4.24866 0.445711 -0.0274258 -0.0303485 0.459169 -0.45912 -0.0303485 28.8223 26.8815 2.90794 2.87562 0.00731914 -5.83187e-05 4.06713e-05 0 
-4.24497 0.446665 -0.0268523 -0.0318786 0.459158 -0.459106 -0.0318786 28.9237 26.9818 2.9132 2.881 0.00728495 -5.79731e-05 3.90328e-05 0 
-4.24129 0.4476 -0.0262313 -0.0333853 0.459146 -0.459093 -0.0333853 29.0254 27.0824 2.91847 2.88639 0.00725113 -5.7561e-05 3.73668e-05 0 
-4.2376 0.448514 -0.0255634 -0.0348669 0.459134 -0.459079 -0.0348669 29.1276 27.1834 2.92375 2.89179 0.00721769 -5.70832e-05 3.56748e-05 0 
-4.23392 0.449405 -0.0248494 -0.0363219 0.459122 -0.459065 -0.0363219 29.2301 27.2848 2.92904 2.8972 0.00718465 -5.65404e-05 3.39587e-05 0 
-4.23023 0.450272 -0.02409 -0.0377487 0.45911 -0.459051 -0.0377487 29.333 27.3866 2.93434 2.90262 0.00715199 -5.59335e-05 3.22201e-05 0 
-4.22655 0.451113 -0.0232861 -0.0391457 0.459098 -0.459038 -0.0391457 29.4362 27.4887 2.93966 2.90805 0.00711973 -5.52633e-05 3.04605e-05 0 
-4.22286 0.451926 -0.0224385 -0.0405114 0.459087 -0.459024 -0.0405114 29.5399 27.5913 2.94498 2.91348 0.00708786 -5.4531e-05 2.86819e-05 0 
-4.21918 0.45271 -0.021548 -0.0418442 0.459075 -0.459011 -0.0418442 29.6439 27.6942 2.95031 2.91893 0.00705638 -5.37374e-05 2.68858e-05 0 
-4.21549 0.453463 -0.0206158 -0.0431427 0.459063 -0.458998 -0.0431427 29.7483 27.7975 2.95565 2.92439 0.0070253 -5.28838e-05 2.5074e-05 0 
-4.21181 0.454183 -0.0196428 -0.0444054 0.459051 -0.458985 -0.0444054 29.8531 27.9012 2.961 2.92985 0.00699461 -5.19712e-05 2.32482e-05 0 
-4.20813 0.454869 -0.0186304 -0.0456309 0.45904 -0.458972 -0.0456309 29.9583 28.0052 2.96636 2.93533 0.0069643 -5.10008e-05 2.14101e-05 0 
-4.20444 0.45552 -0.0175795 -0.0468179 0.459028 -0.458959 -0.0468179 30.0638 28.1097 2.97173 2.94081 0.00693438 -4.99739e-05 1.95615e-05 0 
-4.20076 0.456134 -0.0164914 -0.0479648 0.459016 -0.458946 -0.0479648 30.1698 28.2145 2.97712 2.94631 0.00690485 -4.88918e-05 1.77041e-05 0 
-4.19707 0.456709 -0.0153673 -0.0490705 0.459005 -0.458933 -0.0490705 30.2761 28.3198 2.98251 2.95181 0.0068757 -4.77559e-05 1.58397e-05 0 
-4.19339 0.457245 -0.0142087 -0.0501338 0.458993 -0.45892 -0.0501338 30.3828 28.4254 2.98791 2.95733 0.00684693 -4.65677e-05 1.397e-05 0 
-4.1897 0.457739 -0.0130169 -0.0511534 0.458981 -0.458908 -0.0511534 30.4899 28.5314 2.99332 2.96285 0.00681856 -4.53287e-05 1.2097e-05 0 
-4.18602 0.458191 -0.0117935 -0.052128 0.45897 -0.458895 -0.052128 30.5975 28.6379 2.99875 2.96839 0.00679058 -4.40405e-05 1.02222e-05 0 
-4.18233 0.458599 -0.0105397 -0.0530566 0.458958 -0.458883 -0.0530566 30.7054 28.7447 3.00418 2.97393 0.006763 -4.27047e-05 8.34758e-06 0 
-4.17865 0.458962 -0.00925725 -0.0539381 0.458946 -0.45887 -0.0539381 30.8137 28.8519 3.00962 2.97948 0.00673581 -4.13228e-05 6.47479e-06 0 
-4.17496 0.459279 -0.00794773 -0.0547714 0.458935 -0.458858 -0.0547714 30.9224 28.9595 3.01508 2.98505 0.00670898 -3.98966e-05 4.60562e-06 0 
-4.17128 0.459548 -0.00661281 -0.0555557 0.458923 -0.458846 -0.0555557 31.0315 29.0676 3.02054 2.99062 0.00668251 -3.84277e-05 2.74184e-06 0 
-4.16759 0.459769 -0.00525414 -0.05629 0.458911 -0.458834 -0.05629 31.141 29.176 3.02601 2.99621 0.00665637 -3.69177e-05 8.85245e-07 0 
-4.16391 0.459941 -0.00387339 -0.0569732 0.4589 -0.458822 -0.0569732 31.2509 29.2848 3.0315 3.0018 0.00663055 -3.53686e-05 -9.6237e-07 0 
-4.16022 0.460062 -0.00247238 -0.0576047 0.458888 -0.45881 -0.0576047 31.3612 29.3941 3.03699 3.0074 0.00660506 -3.37823e-05 -2.7992e-06 0 
-4.15654 0.460133 -0.00105297 -0.0581838 0.458877 -0.458798 -0.0581838 31.4719 29.5037 3.0425 3.01302 0.00657989 -3.21607e-05 -4.62345e-06 0 
-4.15285 0.460151 0.000382992 -0.0587098 0.458865 -0.458786 -0.0587098 31.5831 29.6138 3.04801 3.01864 0.00655506 -3.05059e-05 -6.43335e-06 0 
-4.14917 0.460116 0.00183364 -0.059182 0.458853 -0.458775 -0.059182 31.6946 29.7242 3.05354 3.02427 0.00653056 -2.88199e-05 -8.22715e-06 0 
-4.14548 0.460028 0.00329709 -0.0595998 0.458842 -0.458763 -0.0595998 31.8066 29.8351 3.05908 3.02992 0.00650641 -2.7105e-05 -1.00031e-05 0 
-4.1418 0.459886 0.00477138 -0.0599626 0.45883 -0.458752 -0.0599626 31.9189 29.9464 3.06462 3.03557 0.0064826 -2.53632e-05 -1.17595e-05 0 
-4.13811 0.459689 0.00625447 -0.0602702 0.458819 -0.45874 -0.0602702 32.0317 30.0581 3.07018 3.04124 0.00645912 -2.35966e-05 -1.34945e-05 0 
-4.13443 0.459437 0.00774435 -0.0605222 0.458807 -0.458729 -0.0605222 32.1449 30.1702 3.07575 3.04691 0.00643598 -2.18074e-05 -1.52066e-05 0 
-4.13074 0.459129 0.009239 -0.0607181 0.458796 -0.458718 -0.0607181 32.2585 30.2828 3.08133 3.05259 0.00641317 -1.99978e-05 -1.6894e-05 0 
-4.12706 0.458766 0.0107364 -0.0608578 0.458784 -0.458706 -0.0608578 32.3725 30.3957 3.08692 3.05829 0.00639068 -1.81701e-05 -1.8555e-05 0 
-4.12337 0.458346 0.0122345 -0.060941 0.458772 -0.458695 -0.060941 32.487 30.5091 3.09252 3.06399 0.0063685 -1.63265e-05 -2.0188e-05 0 
-4.11969 0.45787 0.013731 -0.0609677 0.458761 -0.458684 -0.0609677 32.6018 30.6229 3.09813 3.06971 0.00634662 -1.44693e-05 -2.17912e-05 0 
-4.116 0.457338 0.0152241 -0.0609381 0.458749 -0.458673 -0.0609381 32.7171 30.7371 3.10375 3.07543 0.006325 -1.26007e-05 -2.33629e-05 0 
-4.11232 0.456749 0.0167114 -0.0608519 0.458738 -0.458662 -0.0608519 32.8328 30.8518 3.10938 3.08117 0.00630364 -1.07232e-05 -2.49015e-05 0 
-4.10863 0.456104 0.0181909 -0.0607092 0.458726 -0.458652 -0.0607092 32.9489 30.9669 3.11502 3.08691 0.00628251 -8.83906e-06 -2.64053e-05 0 
-4.10495 0.455402 0.0196604 -0.0605104 0.458715 -0.458641 -0.0605104 33.0655 31.0824 3.12068 3.09267 0.0062616 -6.95083e-06 -2.78726e-05 0 
-4.10126 0.454645 0.0211178 -0.0602556 0.458703 -0.45863 -0.0602556 33.1825 31.1984 3.12634 3.09844 0.00624092 -5.06093e-06 -2.9302e-05 0 
-4.09758 0.453831 0.022561 -0.0599453 0.458691 -0.458619 -0.0599453 33.2999 31.3147 3.13201 3.10421 0.00622046 -3.17185e-06 -3.06918e-05 0 
-4.09389 0.452963 0.0239878 -0.0595799 0.45868 -0.458609 -0.0595799 33.4178 31.4315 3.1377 3.11 0.00620022 -1.28607e-06 -3.20406e-05 0 
-4.09021 0.452039 0.025396 -0.0591596 0.458668 -0.458598 -0.0591596 33.5361 31.5488 3.14339 3.1158 0.00618019 5.93915e-07 -3.3347e-05 0 
-4.08652 0.451061 0.0267836 -0.0586851 0.458657 -0.458588 -0.0586851 33.6548 31.6665 3.1491 3.1216 0.00616037 2.46561e-06 -3.46094e-05 0 
-4.08284 0.450029 0.0281484 -0.0581572 0.458645 -0.458577 -0.0581572 33.774 31.7846 3.15482 3.12742 0.00614073 4.32649e-06 -3.58264e-05 0 
-4.07915 0.448944 0.0294884 -0.0575765 0.458634 -0.458567 -0.0575765 33.8936 31.9032 3.16055 3.13325 0.00612127 6.17404e-06 -3.69966e-05 0 
-4.07547 0.447807 0.0308013 -0.0569437 0.458622 -0.458557 -0.0569437 34.0136 32.0222 3.16629 3.13909 0.00610197 8.00572e-06 -3.81185e-05 0 
-4.07178 0.446618 0.0320852 -0.0562595 0.458611 -0.458547 -0.0562595 34.1341 32.1416 3.17204 3.14494 0.00608282 9.81901e-06 -3.9191e-05 0 
-4.0681 0.445379 0.033338 -0.055525 0.458599 -0.458536 -0.055525 34.255 32.2615 3.1778 3.1508 0.00606381 1.16114e-05 -4.02126e-05 0 
-4.06442 0.444091 0.0345578 -0.0547413 0.458588 -0.458526 -0.0547413 34.3764 32.3819 3.18357 3.15667 0.00604494 1.33804e-05 -4.11823e-05 0 
-4.06073 0.442755 0.0357424 -0.0539092 0.458576 -0.458516 -0.0539092 34.4982 32.5026 3.18935 3.16255 0.00602621 1.51234e-05 -4.20988e-05 0 
-4.05705 0.441371 0.03689 -0.0530301 0.458565 -0.458506 -0.0530301 34.6205 32.6239 3.19514 3.16844 0.00600761 1.68381e-05 -4.29611e-05 0 
-4.05336 0.439942 0.0379986 -0.0521048 0.458554 -0.458496 -0.0521048 34.7432 32.7456 3.20095 3.17434 0.00598913 1.8522e-05 -4.37682e-05 0 
-4.04968 0.438469 0.0390663 -0.0511349 0.458542 -0.458486 -0.0511349 34.8663 32.8677 3.20676 3.18026 0.00597076 2.01727e-05 -4.4519e-05 0 
-4.04599 0.436952 0.0400914 -0.0501215 0.458531 -0.458476 -0.0501215 34.99 32.9903 3.21259 3.18618 0.00595249 2.17877e-05 -4.52125e-05 0 
-4.04231 0.435395 0.041072 -0.0490662 0.458519 -0.458466 -0.0490662 35.114 33.1134 3.21843 3.19211 0.00593429 2.33646e-05 -4.58477e-05 0 
-4.03862 0.433797 0.0420063 -0.0479704 0.458508 -0.458457 -0.0479704 35.2386 33.2369 3.22427 3.19806 0.00591615 2.49011e-05 -4.64238e-05 0 
-4.03494 0.432162 0.0428927 -0.0468354 0.458497 -0.458447 -0.0468354 35.3636 33.3609 3.23013 3.20401 0.00589806 2.63948e-05 -4.69398e-05 0 
-4.03125 0.43049 0.0437294 -0.0456629 0.458485 -0.458437 -0.0456629 35.489 33.4853 3.236 3.20998 0.00588001 2.78435e-05 -4.73953e-05 0 
-4.02757 0.428784 0.0445151 -0.0444545 0.458474 -0.458427 -0.0444545 35.6149 33.6102 3.24189 3.21596 0.00586202 2.92451e-05 -4.77896e-05 0 
-4.02388 0.427045 0.0452481 -0.0432121 0.458463 -0.458418 -0.0432121 35.7413 33.7356 3.24778 3.22194 0.00584409 3.05974e-05 -4.81224e-05 0 
-4.0202 0.425276 0.0459269 -0.0419372 0.458451 -0.458408 -0.0419372 35.8681 33.8614 3.25368 3.22794 0.00582624 3.18987e-05 -4.83934e-05 0 
-4.01651 0.423479 0.04655 -0.0406316 0.45844 -0.458398 -0.0406316 35.9954 33.9877 3.2596 3.23395 0.00580845 3.31468e-05 -4.86022e-05 0 
-4.01283 0.421655 0.0471162 -0.0392972 0.458429 -0.458389 -0.0392972 36.1232 34.1145 3.26552 3.23997 0.00579072 3.43398e-05 -4.87483e-05 0 
-4.00914 0.419806 0.0476244 -0.0379359 0.458418 -0.458379 -0.0379359 36.2515 34.2418 3.27146 3.246 0.00577298 3.54755e-05 -4.88312e-05 0 
-4.00546 0.417936 0.0480732 -0.0365497 0.458407 -0.45837 -0.0365497 36.3802 34.3695 3.27741 3.25204 0.0057552 3.6552e-05 -4.88504e-05 0 
-4.00177 0.416046 0.0484615 -0.0351405 0.458395 -0.45836 -0.0351405 36.5094 34.4977 3.28337 3.2581 0.00573733 3.75672e-05 -4.88054e-05 0 
-3.99809 0.414139 0.0487883 -0.0337102 0.458384 -0.458351 -0.0337102 36.6391 34.6264 3.28934 3.26416 0.00571934 3.85192e-05 -4.86961e-05 0 
-3.9944 0.412217 0.0490525 -0.032261 0.458373 -0.458342 -0.032261 36.7692 34.7555 3.29532 3.27024 0.00570123 3.94065e-05 -4.85227e-05 0 
-3.99072 0.410282 0.0492535 -0.030795 0.458362 -0.458332 -0.030795 36.8998 34.8851 3.30131 3.27632 0.00568304 4.02279e-05 -4.82856e-05 0 
-3.98703 0.408337 0.0493903 -0.0293143 0.458351 -0.458323 -0.0293143 37.0309 35.0153 3.30732 3.28242 0.00566477 4.09822e-05 -4.79853e-05 0 
-3.98335 0.406385 0.0494624 -0.027821 0.45834 -0.458313 -0.027821 37.1625 35.1459 3.31334 3.28852 0.00564646 4.16684e-05 -4.76225e-05 0 
-3.97966 0.404428 0.0494689 -0.0263173 0.458329 -0.458304 -0.0263173 37.2946 35.2769 3.31936 3.29464 0.00562813 4.22854e-05 -4.71979e-05 0 
-3.97598 0.402469 0.0494093 -0.0248053 0.458318 -0.458295 -0.0248053 37.4272 35.4085 3.3254 3.30077 0.0056098 4.28325e-05 -4.67121e-05 0 
-3.97229 0.400509 0.0492834 -0.0232874 0.458308 -0.458286 -0.0232874 37.5602 35.5406 3.33145 3.30691 0.00559146 4.33089e-05 -4.61659e-05 0 
-3.96861 0.398553 0.0490909 -0.0217658 0.458297 -0.458276 -0.0217658 37.6937 35.6731 3.33751 3.31306 0.00557313 4.37138e-05 -4.55602e-05 0 
-3.96492 0.396603 0.0488313 -0.0202427 0.458286 -0.458267 -0.0202427 37.8278 35.8062 3.34359 3.31923 0.00555483 4.40468e-05 -4.48959e-05 0 
-3.96124 0.394661 0.0485045 -0.0187204 0.458275 -0.458258 -0.0187204 37.9623 35.9397 3.34967 3.3254 0.00553655 4.43073e-05 -4.41739e-05 0 
-3.95755 0.392731 0.0481104 -0.0172011 0.458265 -0.458249 -0.0172011 38.0973 36.0738 3.35577 3.33158 0.00551827 4.44947e-05 -4.3395e-05 0 
-3.95387 0.390814 0.0476492 -0.0156871 0.458254 -0.45824 -0.0156871 38.2328 36.2083 3.36187 3.33778 0.00549994 4.46084e-05 -4.25599e-05 0 
-3.95018 0.388914 0.0471211 -0.0141806 0.458243 -0.45823 -0.0141806 38.3689 36.3434 3.36799 3.34399 0.00548152 4.46479e-05 -4.16696e-05 0 
-3.9465 0.387034 0.0465263 -0.012684 0.458233 -0.458221 -0.012684 38.5054 36.4789 3.37412 3.35021 0.00546296 4.46127e-05 -4.07249e-05 0 
-3.94281 0.385176 0.0458649 -0.0111995 0.458222 -0.458212 -0.0111995 38.6424 36.615 3.38026 3.35644 0.00544423 4.45027e-05 -3.9727e-05 0 
-3.93913 0.383343 0.0451374 -0.0097294 0.458212 -0.458203 -0.0097294 38.7799 36.7515 3.38642 3.36268 0.00542533 4.4318e-05 -3.86775e-05 0 
-3.93544 0.381538 0.0443447 -0.00827582 0.458201 -0.458194 -0.00827582 38.9179 36.8886 3.39258 3.36893 0.00540628 4.40593e-05 -3.7578e-05 0 
-3.93176 0.379763 0.0434873 -0.00684101 0.458191 -0.458185 -0.00684101 39.0565 37.0262 3.39876 3.37519 0.0053871 4.37271e-05 -3.64303e-05 0 
-3.92807 0.378022 0.0425658 -0.0054272 0.458181 -0.458176 -0.0054272 39.1955 37.1643 3.40495 3.38147 0.0053678 4.33222e-05 -3.52363e-05 0 
-3.92439 0.376316 0.0415811 -0.00403657 0.45817 -0.458167 -0.00403657 39.3351 37.3029 3.41115 3.38775 0.00534841 4.28456e-05 -3.39979e-05 0 
-3.92071 0.37465 0.0405341 -0.00267124 0.45816 -0.458158 -0.00267124 39.4752 37.442 3.41736 3.39405 0.00532893 4.22981e-05 -3.2717e-05 0 
-3.91702 0.373025 0.0394261 -0.00133328 0.45815 -0.458149 -0.00133328 39.6157 37.5816 3.42358 3.40036 0.00530935 4.16808e-05 -3.13954e-05 0 
-3.91334 0.371444 0.0382582 -2.47385e-05 0.45814 -0.45814 -2.47385e-05 39.7569 37.7218 3.42982 3.40668 0.00528967 4.09948e-05 -3.00352e-05 0 
-3.90965 0.36991 0.0370315 0.0012523 0.45813 -0.458131 0.0012523 39.8985 37.8624 3.43606 3.41301 0.00526989 4.02412e-05 -2.86383e-05 0 
-3.90597 0.368425 0.0357474 0.0024958 0.45812 -0.458122 0.0024958 40.0406 38.0036 3.44232 3.41935 0.00525 3.94216e-05 -2.7207e-05 0 
-3.90228 0.366992 0.0344073 0.00370387 0.45811 -0.458113 0.00370387 40.1833 38.1453 3.44859 3.42571 0.00522999 3.85374e-05 -2.57432e-05 0 
-3.8986 0.365614 0.033013 0.00487469 0.4581 -0.458104 0.00487469 40.3265 38.2876 3.45487 3.43207 0.00520986 3.75902e-05 -2.42494e-05 0 
-3.89491 0.364292 0.031566 0.00600642 0.45809 -0.458095 0.00600642 40.4702 38.4304 3.46117 3.43845 0.00518961 3.65818e-05 -2.27278e-05 0 
-3.89123 0.363029 0.030068 0.00709723 0.458081 -0.458086 0.00709723 40.6145 38.5737 3.46747 3.44484 0.00516924 3.55141e-05 -2.11806e-05 0 
-3.88754 0.361827 0.0285208 0.00814534 0.458071 -0.458077 0.00814534 40.7593 38.7175 3.47379 3.45124 0.00514872 3.4389e-05 -1.96104e-05 0 
-3.88386 0.360689 0.0269262 0.00914915 0.458061 -0.458068 0.00914915 40.9046 38.8619 3.48012 3.45765 0.00512808 3.32089e-05 -1.80196e-05 0 
-3.88017 0.359617 0.0252865 0.0101072 0.458052 -0.45806 0.0101072 41.0504 39.0068 3.48646 3.46407 0.00510732 3.19759e-05 -1.64107e-05 0 
-3.87649 0.358612 0.0236038 0.0110179 0.458042 -0.458051 0.0110179 41.1968 39.1523 3.49281 3.47051 0.00508646 3.06926e-05 -1.47863e-05 0 
-3.8728 0.357678 0.0218801 0.0118798 0.458033 -0.458042 0.0118798 41.3438 39.2983 3.49918 3.47695 0.00506549 2.93613e-05 -1.31489e-05 0 
-3.86912 0.356815 0.0201175 0.0126914 0.458023 -0.458033 0.0126914 41.4912 39.4448 3.50555 3.48341 0.00504442 2.79848e-05 -1.15012e-05 0 
-3.86543 0.356026 0.0183185 0.0134516 0.458014 -0.458024 0.0134516 41.6392 39.5919 3.51194 3.48988 0.00502329 2.65658e-05 -9.84575e-06 0 
-3.86175 0.355312 0.0164856 0.0141592 0.458005 -0.458015 0.0141592 41.7878 39.7395 3.51834 3.49636 0.00500209 2.5107e-05 -8.18517e-06 0 
-3.85806 0.354675 0.0146212 0.0148131 0.457995 -0.458007 0.0148131 41.9369 39.8877 3.52476 3.50286 0.00498085 2.36113e-05 -6.52206e-06 0 
-3.85438 0.354117 0.0127277 0.0154122 0.457986 -0.457998 0.0154122 42.0866 40.0364 3.53118 3.50936 0.00495958 2.20816e-05 -4.859e-06 0 
-3.85069 0.353639 0.0108078 0.0159555 0.457977 -0.457989 0.0159555 42.2368 40.1857 3.53762 3.51588 0.0049383 2.05208e-05 -3.19858e-06 0 
-3.84701 0.353242 0.00886413 0.0164422 0.457968 -0.45798 0.0164422 42.3875 40.3355 3.54407 3.52241 0.004917 1.8932e-05 -1.54333e-06 0 
-3.84332 0.352928 0.00689942 0.0168717 0.457959 -0.457971 0.0168717 42.5389 40.4859 3.55053 3.52895 0.00489566 1.7318e-05 1.04186e-07 0 
-3.83964 0.352698 0.00491647 0.0172433 0.45795 -0.457963 0.0172433 42.6907 40.6369 3.557 3.5355 0.00487428 1.5682e-05 1.74142e-06 0 
-3.83595 0.352552 0.00291806 0.0175564 0.457941 -0.457954 0.0175564 42.8432 40.7884 3.56349 3.54206 0.00485284 1.40269e-05 3.3658e-06 0 
-3.83227 0.352492 0.00090697 0.0178103 0.457933 -0.457945 0.0178103 42.9962 40.9405 3.56998 3.54864 0.00483132 1.2356e-05 4.97477e-06 0 
-3.82858 0.352519 -0.00111387 0.018005 0.457924 -0.457937 0.018005 43.1497 41.0931 3.57649 3.55523 0.00480974 1.06725e-05 6.56578e-06 0 
-3.8249 0.352632 -0.00314151 0.0181401 0.457915 -0.457928 0.0181401 43.3038 41.2463 3.58301 3.56183 0.0047881 8.97971e-06 8.13634e-06 0 
-3.82121 0.352833 -0.00517298 0.0182156 0.457907 -0.457919 0.0182156 43.4585 41.4001 3.58955 3.56844 0.00476642 7.28094e-06 9.68402e-06 0 
-3.81753 0.353122 -0.00720531 0.0182314 0.457898 -0.457911 0.0182314 43.6138 41.5545 3.59609 3.57506 0.0047447 5.57948e-06 1.12064e-05 0 
-3.81384 0.3535 -0.00923553 0.0181874 0.45789 -0.457902 0.0181874 43.7696 41.7094 3.60265 3.5817 0.00472297 3.87863e-06 1.27012e-05 0 
-3.81016 0.353966 -0.0112606 0.0180838 0.457881 -0.457894 0.0180838 43.926 41.8649 3.60922 3.58835 0.00470123 2.18165e-06 1.4166e-05 0 
-3.80647 0.35452 -0.0132776 0.0179211 0.457873 -0.457885 0.0179211 44.083 42.021 3.61581 3.595 0.0046795 4.91804e-07 1.55988e-05 0 
-3.80279 0.355163 -0.0152833 0.0176996 0.457864 -0.457876 0.0176996 44.2406 42.1776 3.6224 3.60168 0.00465779 -1.18768e-06 1.69973e-05 0 
-3.7991 0.355893 -0.0172748 0.0174198 0.457856 -0.457868 0.0174198 44.3987 42.3349 3.62901 3.60836 0.00463611 -2.85361e-06 1.83594e-05 0 
-3.79542 0.356712 -0.0192491 0.0170822 0.457848 -0.457859 0.0170822 44.5574 42.4927 3.63563 3.61506 0.00461447 -4.50284e-06 1.96832e-05 0 
-3.79173 0.357617 -0.0212031 0.0166874 0.45784 -0.457851 0.0166874 44.7167 42.6511 3.64226 3.62176 0.00459289 -6.13227e-06 2.09667e-05 0 
-3.78805 0.358609 -0.0231339 0.0162366 0.457832 -0.457843 0.0162366 44.8766 42.8101 3.64891 3.62848 0.00457136 -7.73881e-06 2.2208e-05 0 
-3.78436 0.359687 -0.0250384 0.0157305 0.457824 -0.457834 0.0157305 45.0371 42.9697 3.65556 3.63521 0.0045499 -9.31948e-06 2.34053e-05 0 
-3.78068 0.360849 -0.0269138 0.0151702 0.457816 -0.457826 0.0151702 45.1982 43.1299 3.66223 3.64196 0.00452851 -1.08713e-05 2.45569e-05 0 
-3.77699 0.362096 -0.028757 0.0145567 0.457808 -0.457817 0.0145567 45.3599 43.2907 3.66891 3.64872 0.00450719 -1.23914e-05 2.56611e-05 0 
-3.77331 0.363425 -0.0305652 0.0138912 0.4578 -0.457809 0.0138912 45.5221 43.452 3.67561 3.65548 0.00448596 -1.38769e-05 2.67163e-05 0 
-3.76963 0.364834 -0.0323356 0.0131753 0.457792 -0.457801 0.0131753 45.685 43.614 3.68232 3.66227 0.00446481 -1.53251e-05 2.7721e-05 0 
-3.76594 0.366324 -0.0340655 0.0124103 0.457784 -0.457792 0.0124103 45.8485 43.7766 3.68904 3.66906 0.00444374 -1.67333e-05 2.86738e-05 0 
-3.76226 0.367891 -0.0357519 0.0115978 0.457777 -0.457784 0.0115978 46.0125 43.9398 3.69577 3.67586 0.00442277 -1.80988e-05 2.95734e-05 0 
-3.75857 0.369536 -0.0373923 0.0107392 0.457769 -0.457776 0.0107392 46.1772 44.1035 3.70251 3.68268 0.0044019 -1.94193e-05 3.04185e-05 0 
-3.75489 0.371254 -0.0389839 0.00983638 0.457761 -0.457768 0.00983638 46.3425 44.2679 3.70927 3.68951 0.00438114 -2.06923e-05 3.12081e-05 0 
-3.7512 0.373045 -0.0405245 0.00889116 0.457754 -0.457759 0.00889116 46.5084 44.4329 3.71604 3.69635 0.00436053 -2.19155e-05 3.19412e-05 0 
-3.74752 0.374907 -0.0420113 0.0079055 0.457746 -0.457751 0.0079055 46.6749 44.5986 3.72282 3.70321 0.00434007 -2.3087e-05 3.26171e-05 0 
-3.74383 0.376836 -0.0434421 0.00688131 0.457739 -0.457743 0.00688131 46.842 44.7648 3.72962 3.71008 0.00431979 -2.42048e-05 3.32351e-05 0 
-3.74015 0.378832 -0.0448144 0.00582055 0.457731 -0.457735 0.00582055 47.0097 44.9316 3.73643 3.71696 0.00429972 -2.52669e-05 3.37945e-05 0 
-3.73646 0.380891 -0.0461261 0.00472541 0.457724 -0.457727 0.00472541 47.178 45.0991 3.74325 3.72385 0.00427983 -2.62714e-05 3.42945e-05 0 
-3.73278 0.383011 -0.047375 0.00359819 0.457717 -0.457719 0.00359819 47.347 45.2672 3.75008 3.73075 0.00426011 -2.72164e-05 3.47345e-05 0 
-3.72909 0.385188 -0.0485592 0.0024412 0.457709 -0.457711 0.0024412 47.5166 45.4359 3.75693 3.73767 0.00424052 -2.81002e-05 3.51135e-05 0 
-3.72541 0.387422 -0.0496767 0.00125673 0.457702 -0.457703 0.00125673 47.6868 45.6053 3.76379 3.7446 0.00422105 -2.89208e-05 3.54311e-05 0 
-3.72172 0.389707 -0.0507255 4.71089e-05 0.457695 -0.457695 4.71089e-05 47.8577 45.7752 3.77066 3.75154 0.00420167 -2.96769e-05 3.56867e-05 0 
-3.71804 0.392042 -0.0517039 -0.00118515 0.457688 -0.457687 -0.00118515 48.0291 45.9458 3.77754 3.7585 0.0041824 -3.0367e-05 3.58802e-05 0 
-3.71435 0.394424 -0.0526106 -0.00243748 0.45768 -0.457679 -0.00243748 48.2012 46.1171 3.78444 3.76546 0.00416328 -3.09904e-05 3.60119e-05 0 
-3.71067 0.396849 -0.053444 -0.00370727 0.457673 -0.457671 -0.00370727 48.374 46.2889 3.79135 3.77244 0.00414434 -3.15461e-05 3.60819e-05 0 
-3.70698 0.399313 -0.0542026 -0.00499195 0.457666 -0.457664 -0.00499195 48.5473 46.4615 3.79827 3.77944 0.00412562 -3.20337e-05 3.60908e-05 0 
-3.7033 0.401815 -0.0548851 -0.00628892 0.457659 -0.457656 -0.00628892 48.7213 46.6346 3.80521 3.78644 0.00410716 -3.24526e-05 3.6039e-05 0 
-3.69961 0.404349 -0.0554904 -0.00759548 0.457652 -0.457648 -0.00759548 48.896 46.8084 3.81216 3.79346 0.00408896 -3.28024e-05 3.5927e-05 0 
-3.69593 0.406914 -0.0560178 -0.00890887 0.457645 -0.457641 -0.00890887 49.0713 46.9828 3.81912 3.80049 0.00407106 -3.30827e-05 3.57553e-05 0 
-3.69224 0.409505 -0.0564663 -0.0102263 0.457638 -0.457633 -0.0102263 49.2472 47.1579 3.8261 3.80753 0.00405347 -3.32934e-05 3.55244e-05 0 
-3.68856 0.412118 -0.0568352 -0.0115452 0.457631 -0.457625 -0.0115452 49.4238 47.3337 3.83309 3.81459 0.00403619 -3.34343e-05 3.52351e-05 0 
-3.68487 0.414751 -0.0571237 -0.0128626 0.457624 -0.457618 -0.0128626 49.6011 47.5101 3.84009 3.82166 0.00401925 -3.35054e-05 3.48881e-05 0 
-3.68119 0.417399 -0.0573314 -0.0141758 0.457617 -0.45761 -0.0141758 49.779 47.6871 3.8471 3.82874 0.00400262 -3.35068e-05 3.44839e-05 0 
-3.6775 0.420059 -0.0574583 -0.015482 0.45761 -0.457603 -0.015482 49.9575 47.8648 3.85413 3.83584 0.00398628 -3.34381e-05 3.40231e-05 0 
-3.67382 0.422726 -0.0575042 -0.0167785 0.457604 -0.457595 -0.0167785 50.1367 48.0432 3.86117 3.84294 0.00397019 -3.32996e-05 3.35062e-05 0 
-3.67013 0.425399 -0.057469 -0.0180625 0.457597 -0.457588 -0.0180625 50.3166 48.2222 3.86822 3.85007 0.00395433 -3.30914e-05 3.2934e-05 0 
-3.66645 0.428071 -0.0573526 -0.0193312 0.45759 -0.45758 -0.0193312 50.4971 48.4019 3.87529 3.8572 0.00393865 -3.28137e-05 3.23073e-05 0 
-3.66276 0.430741 -0.0571555 -0.0205819 0.457583 -0.457573 -0.0205819 50.6783 48.5822 3.88237 3.86435 0.00392317 -3.24673e-05 3.16272e-05 0 
-3.65908 0.433403 -0.0568781 -0.021812 0.457576 -0.457566 -0.021812 50.8602 48.7632 3.88946 3.8715 0.00390791 -3.20532e-05 3.08952e-05 0 
-3.65539 0.436055 -0.0565212 -0.0230187 0.45757 -0.457558 -0.0230187 51.0427 48.9449 3.89657 3.87868 0.00389287 -3.15724e-05 3.01127e-05 0 
-3.65171 0.438692 -0.0560853 -0.0241994 0.457563 -0.457551 -0.0241994 51.2259 49.1273 3.90369 3.88586 0.00387808 -3.10262e-05 2.92812e-05 0 
-3.64802 0.44131 -0.0555711 -0.0253516 0.457556 -0.457544 -0.0253516 51.4098 49.3104 3.91082 3.89306 0.00386354 -3.0416e-05 2.84023e-05 0 
-3.64434 0.443907 -0.0549797 -0.0264726 0.45755 -0.457537 -0.0264726 51.5944 49.4941 3.91797 3.90027 0.00384928 -2.9743e-05 2.74775e-05 0 
-3.64065 0.446478 -0.0543124 -0.0275601 0.457543 -0.45753 -0.0275601 51.7796 49.6785 3.92513 3.9075 0.00383528 -2.90089e-05 2.65084e-05 0 
-3.63697 0.44902 -0.0535706 -0.0286117 0.457536 -0.457523 -0.0286117 51.9655 49.8636 3.9323 3.91474 0.00382155 -2.82151e-05 2.54968e-05 0 
-3.63328 0.451529 -0.0527555 -0.029625 0.45753 -0.457516 -0.029625 52.1522 50.0494 3.93949 3.92199 0.0038081 -2.73635e-05 2.44444e-05 0 
-3.6296 0.454001 -0.0518686 -0.0305975 0.457523 -0.457509 -0.0305975 52.3395 50.2358 3.94669 3.92925 0.00379493 -2.64557e-05 2.3353e-05 0 
-3.62592 0.456433 -0.0509116 -0.0315273 0.457516 -0.457502 -0.0315273 52.5274 50.423 3.9539 3.93653 0.00378204 -2.54939e-05 2.22245e-05 0 
-3.62223 0.458822 -0.0498866 -0.0324122 0.45751 -0.457495 -0.0324122 52.7161 50.6109 3.96113 3.94382 0.00376942 -2.44799e-05 2.10607e-05 0 
-3.61855 0.461164 -0.0487955 -0.0332503 0.457503 -0.457488 -0.0332503 52.9055 50.7994 3.96837 3.95112 0.00375708 -2.34158e-05 1.98635e-05 0 
-3.61486 0.463457 -0.0476403 -0.0340395 0.457497 -0.457481 -0.0340395 53.0956 50.9887 3.97562 3.95844 0.00374501 -2.2304e-05 1.86351e-05 0 
-3.61118 0.465696 -0.0464231 -0.0347779 0.45749 -0.457474 -0.0347779 53.2864 51.1786 3.98289 3.96577 0.00373322 -2.11467e-05 1.73774e-05 0 
-3.60749 0.467879 -0.0451463 -0.0354638 0.457483 -0.457467 -0.0354638 53.4778 51.3693 3.99017 3.97311 0.00372168 -1.99463e-05 1.60926e-05 0 
-3.60381 0.470002 -0.0438124 -0.0360958 0.457477 -0.457461 -0.0360958 53.67 51.5606 3.99747 3.98047 0.00371041 -1.87052e-05 1.47828e-05 0 
-3.60012 0.472064 -0.0424241 -0.0366723 0.45747 -0.457454 -0.0366723 53.8629 51.7527 4.00477 3.98784 0.00369937 -1.74262e-05 1.34502e-05 0 
-3.59644 0.474061 -0.0409839 -0.0371918 0.457464 -0.457447 -0.0371918 54.0565 51.9455 4.0121 3.99523 0.00368858 -1.61118e-05 1.20971e-05 0 
-3.59275 0.475991 -0.0394944 -0.037653 0.457457 -0.45744 -0.037653 54.2508 52.139 4.01943 4.00262 0.003678 -1.47649e-05 1.07258e-05 0 
-3.58907 0.47785 -0.0379586 -0.0380547 0.457451 -0.457434 -0.0380547 54.4459 52.3332 4.02678 4.01003 0.00366766 -1.33883e-05 9.3386e-06 0 
-3.58538 0.479637 -0.0363795 -0.0383961 0.457444 -0.457427 -0.0383961 54.6416 52.5282 4.03414 4.01746 0.00365753 -1.1985e-05 7.938e-06 0 
-3.5817 0.48135 -0.0347601 -0.0386762 0.457437 -0.457421 -0.0386762 54.8381 52.7238 4.04152 4.0249 0.00364763 -1.0558e-05 6.52643e-06 0 
-3.57801 0.482986 -0.0331035 -0.0388942 0.457431 -0.457414 -0.0388942 55.0353 52.9202 4.04891 4.03235 0.00363794 -9.11046e-06 5.10637e-06 0 
-3.57433 0.484543 -0.0314128 -0.0390494 0.457424 -0.457408 -0.0390494 55.2332 53.1174 4.05631 4.03981 0.00362847 -7.64554e-06 3.68034e-06 0 
-3.57064 0.486019 -0.0296912 -0.0391411 0.457418 -0.457401 -0.0391411 55.4319 53.3152 4.06373 4.04729 0.00361921 -6.16644e-06 2.25085e-06 0 
-3.56696 0.487414 -0.0279421 -0.0391694 0.457411 -0.457395 -0.0391694 55.6313 53.5138 4.07116 4.05478 0.00361014 -4.67641e-06 8.20467e-07 0 
-3.56327 0.488725 -0.0261688 -0.0391339 0.457405 -0.457388 -0.0391339 55.8314 53.7131 4.07861 4.06229 0.00360126 -3.17878e-06 -6.08218e-07 0 
-3.55959 0.48995 -0.0243748 -0.0390345 0.457398 -0.457382 -0.0390345 56.0323 53.9132 4.08607 4.06981 0.00359254 -1.67693e-06 -2.03259e-06 0 
-3.5559 0.49109 -0.0225634 -0.038871 0.457392 -0.457376 -0.038871 56.2339 54.114 4.09354 4.07734 0.00358397 -1.74265e-07 -3.45e-06 0 
-3.55222 0.492142 -0.0207381 -0.0386437 0.457385 -0.457369 -0.0386437 56.4362 54.3155 4.10103 4.08489 0.00357557 1.32574e-06 -4.8578e-06 0 
-3.54853 0.493106 -0.0189023 -0.0383531 0.457379 -0.457363 -0.0383531 56.6393 54.5178 4.10853 4.09245 0.00356731 2.81962e-06 -6.25336e-06 0 
-3.54485 0.493981 -0.0170596 -0.0379997 0.457372 -0.457357 -0.0379997 56.8432 54.7209 4.11605 4.10002 0.00355922 4.30391e-06 -7.63404e-06 0 
-3.54116 0.494767 -0.0152135 -0.0375841 0.457366 -0.45735 -0.0375841 57.0478 54.9247 4.12358 4.10761 0.00355128 5.77513e-06 -8.99723e-06 0 
-3.53748 0.495463 -0.0133674 -0.0371067 0.457359 -0.457344 -0.0371067 57.2531 55.1292 4.13112 4.11521 0.0035435 7.22983e-06 -1.03403e-05 0 
-3.53379 0.496069 -0.011525 -0.0365686 0.457353 -0.457338 -0.0365686 57.4592 55.3345 4.13868 4.12283 0.00353588 8.66454e-06 -1.16608e-05 0 
-3.53011 0.496586 -0.00968952 -0.035971 0.457346 -0.457332 -0.035971 57.6661 55.5406 4.14625 4.13046 0.00352838 1.00758e-05 -1.29559e-05 0 
-3.52642 0.497012 -0.00786457 -0.035315 0.45734 -0.457326 -0.035315 57.8737 55.7475 4.15384 4.1381 0.003521 1.14601e-05 -1.4223e-05 0 
-3.52274 0.49735 -0.00605356 -0.0346019 0.457333 -0.45732 -0.0346019 58.0821 55.9551 4.16144 4.14576 0.00351371 1.2814e-05 -1.54597e-05 0 
-3.51905 0.497598 -0.00425996 -0.033833 0.457327 -0.457313 -0.033833 58.2913 56.1634 4.16905 4.15343 0.00350649 1.41341e-05 -1.66632e-05 0 
-3.51537 0.497758 -0.00248705 -0.0330097 0.45732 -0.457307 -0.0330097 58.5012 56.3726 4.17668 4.16112 0.00349936 1.54171e-05 -1.78311e-05 0 
-3.51168 0.497831 -0.000738078 -0.0321341 0.457314 -0.457301 -0.0321341 58.7119 56.5825 4.18432 4.16882 0.00349231 1.66597e-05 -1.89611e-05 0 
-3.508 0.497817 0.000983741 -0.0312079 0.457307 -0.457295 -0.0312079 58.9234 56.7932 4.19198 4.17653 0.00348535 1.78588e-05 -2.00508e-05 0 
-3.50431 0.497719 0.00267517 -0.0302329 0.457301 -0.457289 -0.0302329 59.1356 57.0047 4.19965 4.18426 0.00347849 1.90114e-05 -2.1098e-05 0 
-3.50063 0.497536 0.00433302 -0.0292111 0.457294 -0.457283 -0.0292111 59.3487 57.217 4.20733 4.192 0.00347173 2.01145e-05 -2.21005e-05 0 
-3.49694 0.497272 0.00595433 -0.0281446 0.457288 -0.457277 -0.0281446 59.5625 57.43 4.21503 4.19976 0.00346504 2.11651e-05 -2.30561e-05 0 
-3.49326 0.496926 0.0075363 -0.0270359 0.457281 -0.457271 -0.0270359 59.7771 57.6439 4.22275 4.20753 0.0034584 2.21603e-05 -2.39625e-05 0 
-3.48957 0.496502 0.00907611 -0.0258872 0.457275 -0.457265 -0.0258872 59.9926 57.8585 4.23048 4.21531 0.00345175 2.3097e-05 -2.48173e-05 0 
-3.48589 0.496002 0.0105709 -0.024701 0.457268 -0.457259 -0.024701 60.2088 58.0739 4.23822 4.22311 0.00344507 2.39725e-05 -2.56183e-05 0 
-3.48221 0.495426 0.012018 -0.0234797 0.457262 -0.457253 -0.0234797 60.4258 58.2902 4.24598 4.23092 0.00343833 2.4784e-05 -2.63636e-05 0 
-3.47852 0.494778 0.0134149 -0.0222258 0.457255 -0.457247 -0.0222258 60.6436 58.5072 4.25375 4.23875 0.00343151 2.55292e-05 -2.70512e-05 0 
-3.47484 0.49406 0.0147594 -0.0209423 0.457249 -0.457242 -0.0209423 60.8622 58.725 4.26153 4.24659 0.00342465 2.62061e-05 -2.76797e-05 0 
-3.47115 0.493275 0.0160492 -0.0196318 0.457243 -0.457236 -0.0196318 61.0816 58.9437 4.26933 4.25445 0.00341776 2.68128e-05 -2.82478e-05 0 
-3.46747 0.492425 0.0172822 -0.0182972 0.457236 -0.45723 -0.0182972 61.3018 59.1631 4.27715 4.26232 0.00341086 2.73477e-05 -2.87542e-05 0 
-3.46378 0.491512 0.018456 -0.0169413 0.45723 -0.457224 -0.0169413 61.5228 59.3834 4.28498 4.2702 0.00340396 2.78094e-05 -2.91979e-05 0 
-3.4601 0.490541 0.019569 -0.0155669 0.457223 -0.457218 -0.0155669 61.7447 59.6045 4.29282 4.2781 0.00339707 2.81965e-05 -2.95777e-05 0 
-3.45641 0.489513 0.0206196 -0.0141771 0.457217 -0.457212 -0.0141771 61.9674 59.8264 4.30068 4.28601 0.0033902 2.85078e-05 -2.98929e-05 0 
-3.45273 0.488432 0.0216062 -0.0127749 0.457211 -0.457206 -0.0127749 62.1908 60.0491 4.30856 4.29394 0.00338334 2.87422e-05 -3.01424e-05 0 
-3.44904 0.487301 0.0225274 -0.0113633 0.457204 -0.4572 -0.0113633 62.4152 60.2727 4.31644 4.30188 0.0033765 2.88991e-05 -3.03257e-05 0 
-3.44536 0.486123 0.0233816 -0.00994541 0.457198 -0.457195 -0.00994541 62.6403 60.4971 4.32435 4.30984 0.00336967 2.89777e-05 -3.04422e-05 0 
-3.44167 0.484902 0.0241679 -0.00852418 0.457192 -0.457189 -0.00852418 62.8663 60.7223 4.33226 4.31781 0.00336283 2.89774e-05 -3.04913e-05 0 
-3.43799 0.483641 0.0248854 -0.0071027 0.457185 -0.457183 -0.0071027 63.0931 60.9483 4.3402 4.32579 0.00335595 2.88978e-05 -3.04723e-05 0 
-3.4343 0.482343 0.0255334 -0.00568404 0.457179 -0.457177 -0.00568404 63.3207 61.1752 4.34814 4.33379 0.00334898 2.87386e-05 -3.03849e-05 0 
-3.43062 0.481013 0.0261113 -0.00427127 0.457173 -0.457171 -0.00427127 63.5492 61.4029 4.35611 4.34181 0.0033419 2.84998e-05 -3.02288e-05 0 
-3.42693 0.479652 0.0266182 -0.00286744 0.457167 -0.457166 -0.00286744 63.7785 61.6315 4.36408 4.34984 0.00333466 2.81814e-05 -3.00039e-05 0 
-3.42325 0.478266 0.0270539 -0.00147551 0.45716 -0.45716 -0.00147551 64.0087 61.8609 4.37207 4.35788 0.00332727 2.77844e-05 -2.97106e-05 0 
-3.41956 0.476858 0.0274187 -9.84102e-05 0.457154 -0.457154 -9.84102e-05 64.2397 62.0912 4.38008 4.36594 0.00331974 2.73098e-05 -2.93496e-05 0 
-3.41588 0.47543 0.0277124 0.00126094 0.457148 -0.457148 0.00126094 64.4716 62.3223 4.3881 4.37401 0.00331207 2.67588e-05 -2.89216e-05 0 
-3.41219 0.473988 0.0279353 0.00259961 0.457142 -0.457143 0.00259961 64.7043 62.5543 4.39614 4.3821 0.00330429 2.61331e-05 -2.84278e-05 0 
-3.40851 0.472534 0.0280874 0.00391472 0.457136 -0.457137 0.00391472 64.9379 62.7871 4.40419 4.3902 0.0032964 2.54344e-05 -2.78692e-05 0 
-3.40482 0.471073 0.0281693 0.00520356 0.45713 -0.457131 0.00520356 65.1723 63.0208 4.41225 4.39832 0.0032884 2.46646e-05 -2.72472e-05 0 
-3.40114 0.469607 0.0281819 0.00646354 0.457123 -0.457125 0.00646354 65.4076 63.2554 4.42034 4.40645 0.00328029 2.38259e-05 -2.6563e-05 0 
-3.39745 0.468141 0.0281262 0.00769207 0.457117 -0.45712 0.00769207 65.6438 63.4908 4.42843 4.4146 0.00327206 2.29205e-05 -2.58181e-05 0 
-3.39377 0.466678 0.0280029 0.00888657 0.457111 -0.457114 0.00888657 65.8808 63.7271 4.43654 4.42276 0.0032637 2.1951e-05 -2.50144e-05 0 
-3.39008 0.465221 0.0278131 0.0100445 0.457105 -0.457108 0.0100445 66.1188 63.9643 4.44467 4.43094 0.00325522 2.09201e-05 -2.41535e-05 0 
-3.3864 0.463774 0.027558 0.0111636 0.457099 -0.457102 0.0111636 66.3576 64.2024 4.45281 4.43913 0.0032466 1.98309e-05 -2.32376e-05 0 
-3.38271 0.462341 0.0272394 0.0122417 0.457093 -0.457097 0.0122417 66.5972 64.4413 4.46097 4.44734 0.00323786 1.86866e-05 -2.22688e-05 0 
-3.37903 0.460924 0.0268588 0.0132768 0.457087 -0.457091 0.0132768 66.8378 64.6812 4.46914 4.45556 0.00322899 1.74905e-05 -2.12495e-05 0 
-3.37534 0.459527 0.0264179 0.0142669 0.457081 -0.457085 0.0142669 67.0792 64.9219 4.47733 4.4638 0.00322001 1.62463e-05 -2.01823e-05 0 
-3.37166 0.458153 0.0259183 0.0152098 0.457075 -0.45708 0.0152098 67.3216 65.1635 4.48553 4.47205 0.0032109 1.49575e-05 -1.90696e-05 0 
-3.36797 0.456806 0.025362 0.0161039 0.457069 -0.457074 0.0161039 67.5648 65.406 4.49374 4.48031 0.00320167 1.36283e-05 -1.79143e-05 0 
-3.36429 0.455488 0.0247515 0.0169477 0.457063 -0.457068 0.0169477 67.8089 65.6494 4.50198 4.4886 0.00319231 1.22625e-05 -1.67191e-05 0 
-3.3606 0.454202 0.0240887 0.0177399 0.457058 -0.457063 0.0177399 68.054 65.8937 4.51023 4.49689 0.00318284 1.08643e-05 -1.54871e-05 0 
-3.35692 0.45295 0.0233761 0.018479 0.457052 -0.457057 0.018479 68.2999 66.1389 4.51849 4.5052 0.00317324 9.43795e-06 -1.42214e-05 0 
-3.35323 0.451737 0.0226159 0.0191635 0.457046 -0.457051 0.0191635 68.5467 66.385 4.52677 4.51353 0.00316352 7.98791e-06 -1.2925e-05 0 
-3.34955 0.450563 0.0218107 0.0197926 0.45704 -0.457046 0.0197926 68.7945 66.632 4.53506 4.52187 0.00315368 6.51865e-06 -1.16014e-05 0 
-3.34586 0.449432 0.0209631 0.0203655 0.457034 -0.45704 0.0203655 69.0432 66.88 4.54337 4.53023 0.00314371 5.03472e-06 -1.02538e-05 0 
-3.34218 0.448346 0.0200759 0.0208815 0.457029 -0.457034 0.0208815 69.2927 67.1289 4.55169 4.5386 0.00313361 3.54077e-06 -8.88566e-06 0 
-3.3385 0.447307 0.0191519 0.02134 0.457023 -0.457029 0.02134 69.5432 67.3786 4.56003 4.54699 0.00312339 2.04148e-06 -7.50054e-06 0 
-3.33481 0.446317 0.0181936 0.0217402 0.457017 -0.457023 0.0217402 69.7947 67.6293 4.56839 4.5554 0.00311305 5.41575e-07 -6.10199e-06 0 
-3.33113 0.445378 0.0172041 0.022082 0.457012 -0.457018 0.022082 70.047 67.881 4.57676 4.56382 0.00310259 -9.54202e-07 -4.6936e-06 0 
-3.32744 0.444491 0.0161864 0.0223654 0.457006 -0.457012 0.0223654 70.3003 68.1336 4.58515 4.57225 0.00309201 -2.44111e-06 -3.27904e-06 0 
-3.32376 0.443659 0.0151433 0.0225906 0.457 -0.457007 0.0225906 70.5545 68.3871 4.59355 4.5807 0.00308131 -3.9144e-06 -1.86198e-06 0 
-3.32007 0.442882 0.014078 0.0227577 0.456995 -0.457001 0.0227577 70.8097 68.6415 4.60197 4.58916 0.00307049 -5.3694e-06 -4.46123e-07 0 
-3.31639 0.442162 0.0129933 0.0228666 0.456989 -0.456995 0.0228666 71.0658 68.8969 4.6104 4.59764 0.00305955 -6.80143e-06 9.64842e-07 0 
-3.3127 0.4415 0.0118925 0.0229182 0.456984 -0.45699 0.0229182 71.3228 69.1532 4.61885 4.60614 0.00304851 -8.20592e-06 2.36722e-06 0 
-3.30902 0.440897 0.0107784 0.0229131 0.456978 -0.456984 0.0229131 71.5808 69.4105 4.62732 4.61465 0.00303737 -9.5784e-06 3.75736e-06 0 
-3.30533 0.440353 0.00965418 0.0228523 0.456973 -0.456979 0.0228523 71.8397 69.6687 4.6358 4.62318 0.00302615 -1.09145e-05 5.13163e-06 0 
-3.30165 0.43987 0.0085229 0.0227365 0.456967 -0.456973 0.0227365 72.0996 69.9279 4.64429 4.63172 0.00301485 -1.221e-05 6.48648e-06 0 
-3.29796 0.439447 0.00738761 0.0225668 0.456962 -0.456968 0.0225668 72.3605 70.1881 4.6528 4.64028 0.00300349 -1.34608e-05 7.81841e-06 0 
-3.29428 0.439086 0.00625127 0.0223444 0.456957 -0.456962 0.0223444 72.6223 70.4492 4.66133 4.64885 0.00299208 -1.4663e-05 9.12396e-06 0 
-3.29059 0.438785 0.0051168 0.0220709 0.456951 -0.456957 0.0220709 72.8851 70.7113 4.66988 4.65744 0.0029806 -1.58126e-05 1.03997e-05 0 
-3.28691 0.438546 0.00398713 0.0217479 0.456946 -0.456951 0.0217479 73.1488 70.9743 4.67844 4.66605 0.00296906 -1.69059e-05 1.16424e-05 0 
-3.28322 0.438367 0.00286518 0.0213769 0.456941 -0.456946 0.0213769 73.4136 71.2383 4.68701 4.67467 0.00295747 -1.79396e-05 1.28488e-05 0 
-3.27954 0.43825 0.00175385 0.0209594 0.456935 -0.456941 0.0209594 73.6793 71.5033 4.6956 4.68331 0.00294581 -1.89102e-05 1.40156e-05 0 
-3.27585 0.438192 0.000655838 0.0204976 0.45693 -0.456935 0.0204976 73.9459 71.7693 4.70421 4.69196 0.0029341 -1.98148e-05 1.51399e-05 0 
-3.27217 0.438194 -0.000426264 0.0199934 0.456925 -0.45693 0.0199934 74.2136 72.0363 4.71283 4.70063 0.00292235 -2.06505e-05 1.62189e-05 0 
-3.26848 0.438254 -0.00148987 0.0194491 0.45692 -0.456924 0.0194491 74.4823 72.3042 4.72147 4.70931 0.00291059 -2.14148e-05 1.72499e-05 0 
-3.2648 0.438372 -0.0025324 0.0188668 0.456915 -0.456919 0.0188668 74.7519 72.5732 4.73013 4.71801 0.00289883 -2.21054e-05 1.82303e-05 0 
-3.26111 0.438547 -0.00355129 0.0182487 0.456909 -0.456914 0.0182487 75.0225 72.8431 4.7388 4.72673 0.00288707 -2.27203e-05 1.91576e-05 0 
-3.25743 0.438778 -0.00454429 0.0175972 0.456904 -0.456909 0.0175972 75.2942 73.1141 4.74748 4.73546 0.00287533 -2.32575e-05 2.00296e-05 0 
-3.25374 0.439062 -0.0055093 0.0169149 0.456899 -0.456903 0.0169149 75.5668 73.386 4.75619 4.7442 0.00286358 -2.37154e-05 2.08439e-05 0 
-3.25006 0.439399 -0.00644426 0.0162044 0.456894 -0.456898 0.0162044 75.8404 73.659 4.76491 4.75297 0.00285181 -2.40924e-05 2.15983e-05 0 
-3.24637 0.439787 -0.00734707 0.0154682 0.456889 -0.456893 0.0154682 76.1151 73.9329 4.77364 4.76175 0.00284001 -2.43872e-05 2.22909e-05 0 
-3.24269 0.440225 -0.0082157 0.014709 0.456884 -0.456887 0.014709 76.3907 74.2079 4.78239 4.77054 0.00282817 -2.45989e-05 2.29197e-05 0 
-3.239 0.44071 -0.00904845 0.0139294 0.456879 -0.456882 0.0139294 76.6674 74.4839 4.79116 4.77935 0.0028163 -2.47271e-05 2.34833e-05 0 
-3.23532 0.441241 -0.00984389 0.0131323 0.456874 -0.456877 0.0131323 76.9451 74.7609 4.79995 4.78818 0.00280443 -2.47717e-05 2.39805e-05 0 
-3.23163 0.441816 -0.0106006 0.0123205 0.456869 -0.456872 0.0123205 77.2238 75.039 4.80875 4.79703 0.00279258 -2.47328e-05 2.44102e-05 0 
-3.22795 0.442433 -0.011317 0.0114968 0.456864 -0.456867 0.0114968 77.5036 75.318 4.81756 4.80589 0.00278077 -2.4611e-05 2.47717e-05 0 
-3.22426 0.443089 -0.0119918 0.010664 0.456859 -0.456862 0.010664 77.7844 75.5981 4.8264 4.81476 0.00276903 -2.44071e-05 2.50643e-05 0 
-3.22058 0.443783 -0.012624 0.00982499 0.456854 -0.456857 0.00982499 78.0662 75.8793 4.83525 4.82365 0.00275737 -2.4122e-05 2.52875e-05 0 
-3.21689 0.444511 -0.0132128 0.00898253 0.45685 -0.456851 0.00898253 78.349 76.1615 4.84411 4.83256 0.00274581 -2.37569e-05 2.54411e-05 0 
-3.21321 0.445273 -0.0137574 0.00813948 0.456845 -0.456846 0.00813948 78.6329 76.4447 4.853 4.84149 0.00273434 -2.33133e-05 2.55247e-05 0 
-3.20952 0.446064 -0.0142572 0.00729868 0.45684 -0.456841 0.00729868 78.9179 76.729 4.8619 4.85043 0.00272298 -2.27929e-05 2.55385e-05 0 
-3.20584 0.446884 -0.0147114 0.00646294 0.456835 -0.456836 0.00646294 79.2039 77.0143 4.87081 4.85939 0.00271174 -2.21975e-05 2.54825e-05 0 
-3.20215 0.44773 -0.0151198 0.00563499 0.45683 -0.456831 0.00563499 79.4909 77.3007 4.87974 4.86836 0.0027006 -2.15293e-05 2.53571e-05 0 
-3.19847 0.448598 -0.0154822 0.00481746 0.456825 -0.456826 0.00481746 79.7791 77.5881 4.88869 4.87735 0.00268956 -2.07906e-05 2.51626e-05 0 
-3.19478 0.449487 -0.0157988 0.00401301 0.456821 -0.456821 0.00401301 80.0682 77.8766 4.89766 4.88636 0.00267859 -1.99838e-05 2.48994e-05 0 
-3.1911 0.450394 -0.0160694 0.00322428 0.456816 -0.456816 0.00322428 80.3585 78.1662 4.90664 4.89538 0.00266769 -1.91118e-05 2.45684e-05 0 
-3.18742 0.451317 -0.0162941 0.0024539 0.456811 -0.456812 0.0024539 80.6498 78.4568 4.91564 4.90442 0.00265684 -1.81775e-05 2.41704e-05 0 
-3.18373 0.452253 -0.0164734 0.00170427 0.456806 -0.456807 0.00170427 80.9422 78.7485 4.92465 4.91348 0.00264605 -1.71844e-05 2.37066e-05 0 
-3.18005 0.4532 -0.0166078 0.000977654 0.456802 -0.456802 0.000977654 81.2356 79.0413 4.93368 4.92255 0.00263532 -1.61361e-05 2.31788e-05 0 
-3.17636 0.454155 -0.0166981 0.000276318 0.456797 -0.456797 0.000276318 81.5302 79.3352 4.94273 4.93164 0.00262469 -1.50364e-05 2.25886e-05 0 
-3.17268 0.455115 -0.0167449 -0.000397472 0.456792 -0.456792 -0.000397472 81.8258 79.6302 4.9518 4.94074 0.00261417 -1.38894e-05 2.19379e-05 0 
-3.16899 0.456079 -0.016749 -0.00104148 0.456788 -0.456787 -0.00104148 82.1225 79.9263 4.96088 4.94987 0.00260376 -1.26991e-05 2.12287e-05 0 
-3.16531 0.457044 -0.0167113 -0.0016538 0.456783 -0.456783 -0.0016538 82.4204 80.2234 4.96998 4.95901 0.00259349 -1.14699e-05 2.04631e-05 0 
-3.16162 0.458008 -0.0166333 -0.00223269 0.456778 -0.456778 -0.00223269 82.7193 80.5217 4.97909 4.96816 0.00258335 -1.02059e-05 1.96433e-05 0 
-3.15794 0.458969 -0.016516 -0.00277644 0.456774 -0.456773 -0.00277644 83.0193 80.821 4.98823 4.97734 0.00257333 -8.91164e-06 1.87718e-05 0 
-3.15425 0.459923 -0.0163609 -0.00328334 0.456769 -0.456768 -0.00328334 83.3204 81.1215 4.99738 4.98652 0.00256344 -7.5917e-06 1.78509e-05 0 
-3.15057 0.460871 -0.0161691 -0.00375169 0.456765 -0.456764 -0.00375169 83.6226 81.4231 5.00654 4.99573 0.00255368 -6.25071e-06 1.68833e-05 0 
-3.14688 0.461808 -0.0159424 -0.00418019 0.45676 -0.456759 -0.00418019 83.926 81.7258 5.01573 5.00495 0.00254405 -4.89341e-06 1.58717e-05 0 
-3.1432 0.462734 -0.0156824 -0.0045678 0.456756 -0.456755 -0.0045678 84.2305 82.0296 5.02493 5.01419 0.00253455 -3.52462e-06 1.48191e-05 0 
-3.13951 0.463646 -0.0153908 -0.00491344 0.456751 -0.45675 -0.00491344 84.5361 82.3345 5.03414 5.02345 0.00252517 -2.14918e-06 1.37283e-05 0 
-3.13583 0.464543 -0.0150695 -0.00521608 0.456747 -0.456745 -0.00521608 84.8428 82.6406 5.04338 5.03273 0.00251591 -7.72006e-07 1.26027e-05 0 
-3.13214 0.465423 -0.0147201 -0.00547468 0.456742 -0.456741 -0.00547468 85.1506 82.9478 5.05263 5.04202 0.00250679 6.01996e-07 1.14452e-05 0 
-3.12846 0.466285 -0.0143447 -0.00568865 0.456737 -0.456736 -0.00568865 85.4596 83.2561 5.0619 5.05132 0.00249779 1.96791e-06 1.02594e-05 0 
-3.12477 0.467127 -0.0139452 -0.00585767 0.456733 -0.456732 -0.00585767 85.7697 83.5656 5.07118 5.06065 0.00248892 3.32084e-06 9.04849e-06 0 
-3.12109 0.467947 -0.0135237 -0.0059814 0.456728 -0.456727 -0.0059814 86.081 83.8762 5.08049 5.06999 0.00248018 4.65592e-06 7.81602e-06 0 
-3.1174 0.468745 -0.0130823 -0.00605953 0.456724 -0.456723 -0.00605953 86.3934 84.188 5.08981 5.07935 0.00247158 5.96835e-06 6.56552e-06 0 
-3.11372 0.469519 -0.012623 -0.00609175 0.45672 -0.456718 -0.00609175 86.707 84.5009 5.09915 5.08873 0.00246312 7.25339e-06 5.30057e-06 0 
-3.11003 0.470268 -0.0121479 -0.00607822 0.456715 -0.456714 -0.00607822 87.0217 84.815 5.1085 5.09812 0.0024548 8.50639e-06 4.02479e-06 0 
-3.10635 0.470992 -0.0116593 -0.00601934 0.456711 -0.456709 -0.00601934 87.3376 85.1303 5.11787 5.10753 0.00244661 9.72279e-06 2.74185e-06 0 
-3.10266 0.47169 -0.0111592 -0.00591553 0.456706 -0.456705 -0.00591553 87.6546 85.4467 5.12726 5.11696 0.00243855 1.08981e-05 1.45545e-06 0 
-3.09898 0.47236 -0.0106499 -0.00576719 0.456702 -0.456701 -0.00576719 87.9729 85.7643 5.13667 5.1264 0.00243063 1.20281e-05 1.69296e-07 0 
-3.09529 0.473003 -0.0101335 -0.00557478 0.456697 -0.456696 -0.00557478 88.2923 86.083 5.14609 5.13586 0.00242284 1.31085e-05 -1.11288e-06 0 
-3.09161 0.473617 -0.00961219 -0.00533914 0.456693 -0.456692 -0.00533914 88.6128 86.403 5.15554 5.14534 0.00241517 1.41353e-05 -2.38733e-06 0 
-3.08792 0.474203 -0.009088 -0.00506138 0.456689 -0.456688 -0.00506138 88.9346 86.7241 5.165 5.15484 0.00240763 1.51047e-05 -3.65033e-06 0 
-3.08424 0.474761 -0.00856306 -0.0047426 0.456684 -0.456683 -0.0047426 89.2575 87.0464 5.17447 5.16436 0.00240021 1.6013e-05 -4.89815e-06 0 
-3.08055 0.47529 -0.00803948 -0.0043839 0.45668 -0.456679 -0.0043839 89.5816 87.3699 5.18397 5.17389 0.0023929 1.68566e-05 -6.12708e-06 0 
-3.07687 0.475791 -0.00751935 -0.00398643 0.456675 -0.456675 -0.00398643 89.907 87.6946 5.19348 5.18344 0.00238569 1.76324e-05 -7.33345e-06 0 
-3.07318 0.476262 -0.00700461 -0.00355164 0.456671 -0.45667 -0.00355164 90.2335 88.0205 5.20301 5.193 0.00237859 1.83373e-05 -8.51365e-06 0 
-3.0695 0.476706 -0.00649712 -0.00308125 0.456667 -0.456666 -0.00308125 90.5612 88.3476 5.21256 5.20259 0.0023716 1.89687e-05 -9.66414e-06 0 
-3.06581 0.477122 -0.00599875 -0.00257695 0.456662 -0.456662 -0.00257695 90.8902 88.6759 5.22212 5.21219 0.00236472 1.9524e-05 -1.07815e-05 0 
-3.06213 0.47751 -0.00551135 -0.00204043 0.456658 -0.456658 -0.00204043 91.2203 89.0054 5.2317 5.22181 0.00235795 2.00012e-05 -1.18623e-05 0 
-3.05844 0.477872 -0.00503676 -0.00147342 0.456654 -0.456653 -0.00147342 91.5517 89.3362 5.24131 5.23144 0.00235131 2.03984e-05 -1.29032e-05 0 
-3.05476 0.478207 -0.00457658 -0.000877898 0.45665 -0.456649 -0.000877898 91.8843 89.6681 5.25092 5.2411 0.00234477 2.07138e-05 -1.39013e-05 0 
-3.05107 0.478517 -0.00413229 -0.000256002 0.456645 -0.456645 -0.000256002 92.2181 90.0013 5.26056 5.25077 0.00233835 2.09462e-05 -1.48532e-05 0 
-3.04739 0.478802 -0.00370533 0.000390115 0.456641 -0.456641 0.000390115 92.5532 90.3357 5.27021 5.26046 0.00233203 2.10945e-05 -1.5756e-05 0 
-3.04371 0.479063 -0.00329718 0.00105831 0.456637 -0.456637 0.00105831 92.8894 90.6714 5.27989 5.27017 0.00232581 2.1158e-05 -1.66069e-05 0 
-3.04002 0.479302 -0.00290926 0.00174641 0.456632 -0.456633 0.00174641 93.227 91.0083 5.28958 5.27989 0.00231968 2.11363e-05 -1.74031e-05 0 
-3.03634 0.47952 -0.00254272 0.0024521 0.456628 -0.456628 0.0024521 93.5657 91.3465 5.29928 5.28964 0.00231363 2.10292e-05 -1.81421e-05 0 
-3.03265 0.479716 -0.0021985 0.00317297 0.456624 -0.456624 0.00317297 93.9058 91.6859 5.30901 5.2994 0.00230767 2.08371e-05 -1.88215e-05 0 
-3.02897 0.479894 -0.00187754 0.00390658 0.45662 -0.45662 0.00390658 94.247 92.0265 5.31875 5.30918 0.0023018 2.05606e-05 -1.94391e-05 0 
-3.02528 0.480054 -0.00158081 0.00465052 0.456615 -0.456616 0.00465052 94.5896 92.3684 5.32851 5.31897 0.002296 2.02006e-05 -1.99928e-05 0 
-3.0216 0.480197 -0.0013092 0.00540235 0.456611 -0.456612 0.00540235 94.9334 92.7116 5.33829 5.32879 0.00229028 1.97585e-05 -2.04807e-05 0 
-3.01791 0.480325 -0.0010633 0.00615961 0.456607 -0.456608 0.00615961 95.2784 93.0561 5.34809 5.33862 0.00228464 1.92359e-05 -2.09012e-05 0 
-3.01423 0.480439 -0.00084348 0.00691978 0.456603 -0.456604 0.00691978 95.6248 93.4018 5.35791 5.34847 0.00227907 1.86346e-05 -2.12529e-05 0 
-3.01054 0.48054 -0.000650086 0.00768036 0.456599 -0.4566 0.00768036 95.9724 93.7488 5.36774 5.35834 0.00227356 1.79572e-05 -2.15344e-05 0 
-3.00686 0.480631 -0.000483478 0.00843884 0.456595 -0.456596 0.00843884 96.3213 94.0971 5.37759 5.36823 0.00226813 1.7206e-05 -2.17447e-05 0 
-3.00317 0.480712 -0.000343983 0.00919273 0.45659 -0.456592 0.00919273 96.6714 94.4467 5.38746 5.37813 0.00226275 1.63841e-05 -2.1883e-05 0 
-2.99949 0.480785 -0.000231582 0.00993959 0.456586 -0.456588 0.00993959 97.0229 94.7975 5.39735 5.38806 0.00225743 1.54948e-05 -2.19487e-05 0 
-2.9958 0.480851 -0.000146025 0.010677 0.456582 -0.456584 0.010677 97.3757 95.1497 5.40726 5.398 0.00225216 1.45415e-05 -2.19414e-05 0 
-2.99212 0.480913 -8.70553e-05 0.0114026 0.456578 -0.45658 0.0114026 97.7298 95.5032 5.41718 5.40796 0.00224694 1.35281e-05 -2.1861e-05 0 
-2.98843 0.480971 -5.44172e-05 0.0121141 0.456574 -0.456576 0.0121141 98.0851 95.8579 5.42713 5.41793 0.00224177 1.24588e-05 -2.17076e-05 0 
-2.98475 0.481027 -4.78285e-05 0.0128089 0.45657 -0.456571 0.0128089 98.4418 96.214 5.43709 5.42793 0.00223665 1.13379e-05 -2.14815e-05 0 
-2.98106 0.481082 -6.66763e-05 0.013485 0.456566 -0.456567 0.013485 98.7998 96.5714 5.44707 5.43794 0.00223157 1.01701e-05 -2.11834e-05 0 
-2.97738 0.481138 -0.000110124 0.0141402 0.456562 -0.456563 0.0141402 99.1591 96.9301 5.45707 5.44798 0.00222653 8.96028e-06 -2.08141e-05 0 
-2.97369 0.481197 -0.000177331 0.0147724 0.456557 -0.456559 0.0147724 99.5198 97.2902 5.46709 5.45803 0.00222155 7.71351e-06 -2.03748e-05 0 
-2.97001 0.481259 -0.000267457 0.0153797 0.456553 -0.456556 0.0153797 99.8818 97.6516 5.47712 5.4681 0.00221661 6.43508e-06 -1.98668e-05 0 
-2.96632 0.481325 -0.000379637 0.0159598 0.456549 -0.456552 0.0159598 100.245 98.0143 5.48718 5.47818 0.00221173 5.13042e-06 -1.92917e-05 0 
-2.96264 0.481398 -0.000512724 0.016511 0.456545 -0.456548 0.016511 100.61 98.3783 5.49725 5.48829 0.0022069 3.80508e-06 -1.86514e-05 0 
-2.95895 0.481478 -0.00066537 0.0170317 0.456541 -0.456544 0.0170317 100.976 98.7437 5.50734 5.49842 0.0022021 2.46477e-06 -1.79476e-05 0 
-2.95527 0.481566 -0.000836229 0.0175203 0.456537 -0.45654 0.0175203 101.343 99.1105 5.51745 5.50856 0.00219731 1.11529e-06 -1.71826e-05 0 
-2.95158 0.481664 -0.00102395 0.0179751 0.456533 -0.456536 0.0179751 101.712 99.4786 5.52758 5.51872 0.00219253 -2.37404e-07 -1.63588e-05 0 
-2.9479 0.481772 -0.00122717 0.0183947 0.456529 -0.456532 0.0183947 102.082 99.8481 5.53773 5.5289 0.00218774 -1.58731e-06 -1.54789e-05 0 
-2.94421 0.481891 -0.0014443 0.0187776 0.456525 -0.456528 0.0187776 102.453 100.219 5.5479 5.5391 0.00218294 -2.92835e-06 -1.45457e-05 0 
-2.94053 0.482023 -0.00167361 0.019123 0.456521 -0.456524 0.019123 102.826 100.591 5.55808 5.54932 0.00217815 -4.25451e-06 -1.35627e-05 0 
-2.93684 0.482167 -0.00191338 0.0194299 0.456517 -0.45652 0.0194299 103.2 100.965 5.56829 5.55955 0.00217336 -5.5598e-06 -1.25332e-05 0 
-2.93316 0.482324 -0.00216185 0.0196971 0.456513 -0.456516 0.0196971 103.576 101.34 5.57851 5.56981 0.0021686 -6.83833e-06 -1.14608e-05 0 
-2.92947 0.482495 -0.0024173 0.0199238 0.45651 -0.456512 0.0199238 103.953 101.716 5.58875 5.58008 0.00216387 -8.0843e-06 -1.03492e-05 0 
-2.92579 0.48268 -0.00267784 0.0201093 0.456506 -0.456508 0.0201093 104.331 102.094 5.59901 5.59038 0.00215917 -9.29204e-06 -9.2023e-06 0 
-2.9221 0.48288 -0.00294152 0.0202534 0.456502 -0.456504 0.0202534 104.711 102.473 5.60929 5.60069 0.00215452 -1.0456e-05 -8.02409e-06 0 
-2.91842 0.483094 -0.00320639 0.0203556 0.456498 -0.4565 0.0203556 105.092 102.853 5.61959 5.61102 0.00214991 -1.15709e-05 -6.81867e-06 0 
-2.91473 0.483323 -0.00347047 0.0204159 0.456494 -0.456496 0.0204159 105.474 103.235 5.62991 5.62137 0.00214535 -1.26315e-05 -5.59027e-06 0 
-2.91105 0.483567 -0.00373182 0.0204337 0.45649 -0.456492 0.0204337 105.858 103.619 5.64025 5.63173 0.00214084 -1.36329e-05 -4.34317e-06 0 
-2.90736 0.483825 -0.00398844 0.0204094 0.456486 -0.456489 0.0204094 106.244 104.003 5.6506 5.64212 0.00213638 -1.45703e-05 -3.08178e-06 0 
-2.90368 0.484097 -0.00423835 0.0203432 0.456482 -0.456485 0.0203432 106.63 104.39 5.66098 5.65253 0.00213195 -1.54391e-05 -1.81054e-06 0 
-2.9 0.484383 -0.00447955 0.0202357 0.456478 -0.456481 0.0202357 107.019 104.777 5.67137 5.66295 0.00212754 -1.6235e-05 -5.34022e-07 0 
-2.89631 0.484682 -0.00471004 0.0200873 0.456475 -0.456477 0.0200873 107.408 105.166 5.68178 5.6734 0.00212314 -1.69541e-05 7.43147e-07 0 
-2.89263 0.484994 -0.00492783 0.0198983 0.456471 -0.456473 0.0198983 107.799 105.557 5.69222 5.68386 0.00211872 -1.75925e-05 2.01627e-06 0 
-2.88894 0.485318 -0.00513104 0.0196697 0.456467 -0.456469 0.0196697 108.192 105.949 5.70267 5.69434 0.0021143 -1.81472e-05 3.28063e-06 0 
-2.88526 0.485652 -0.00531783 0.0194026 0.456463 -0.456465 0.0194026 108.586 106.342 5.71314 5.70484 0.00210987 -1.86152e-05 4.53153e-06 0 
-2.88157 0.485997 -0.00548638 0.0190982 0.456459 -0.456461 0.0190982 108.981 106.737 5.72363 5.71537 0.00210545 -1.89943e-05 5.76432e-06 0 
-2.87789 0.486349 -0.00563487 0.0187576 0.456456 -0.456458 0.0187576 109.378 107.133 5.73414 5.72591 0.00210105 -1.92824e-05 6.97441e-06 0 
-2.8742 0.48671 -0.00576148 0.018382 0.456452 -0.456454 0.018382 109.776 107.531 5.74467 5.73647 0.00209668 -1.9478e-05 8.1573e-06 0 
-2.87052 0.487076 -0.00586461 0.0179728 0.456448 -0.45645 0.0179728 110.176 107.93 5.75522 5.74704 0.00209233 -1.958e-05 9.30855e-06 0 
-2.86683 0.487448 -0.00594282 0.0175319 0.456444 -0.456446 0.0175319 110.577 108.331 5.76579 5.75764 0.00208801 -1.95876e-05 1.04238e-05 0 
-2.86315 0.487822 -0.00599465 0.0170611 0.456441 -0.456442 0.0170611 110.98 108.733 5.77637 5.76826 0.00208371 -1.95005e-05 1.14987e-05 0 
-2.85946 0.488198 -0.00601865 0.0165622 0.456437 -0.456438 0.0165622 111.384 109.137 5.78698 5.7789 0.00207944 -1.93188e-05 1.25293e-05 0 
-2.85578 0.488573 -0.0060134 0.0160368 0.456433 -0.456435 0.0160368 111.79 109.542 5.79761 5.78955 0.00207518 -1.90432e-05 1.35114e-05 0 
-2.85209 0.488946 -0.00597779 0.0154872 0.456429 -0.456431 0.0154872 112.197 109.949 5.80825 5.80023 0.00207095 -1.86748e-05 1.44413e-05 0 
-2.84841 0.489316 -0.00591092 0.0149157 0.456426 -0.456427 0.0149157 112.606 110.357 5.81892 5.81092 0.00206674 -1.8215e-05 1.53154e-05 0 
-2.84472 0.489679 -0.00581192 0.0143244 0.456422 -0.456423 0.0143244 113.016 110.766 5.82961 5.82164 0.00206256 -1.7666e-05 1.61302e-05 0 
-2.84104 0.490033 -0.0056799 0.0137156 0.456418 -0.45642 0.0137156 113.428 111.178 5.84031 5.83237 0.00205841 -1.70303e-05 1.68825e-05 0 
-2.83735 0.490378 -0.00551402 0.0130918 0.456415 -0.456416 0.0130918 113.841 111.59 5.85104 5.84313 0.00205431 -1.63107e-05 1.75693e-05 0 
-2.83367 0.49071 -0.0053138 0.0124553 0.456411 -0.456412 0.0124553 114.256 112.005 5.86178 5.8539 0.00205023 -1.55106e-05 1.81879e-05 0 
-2.82998 0.491028 -0.00507908 0.0118087 0.456407 -0.456408 0.0118087 114.672 112.42 5.87255 5.8647 0.00204619 -1.46336e-05 1.87357e-05 0 
-2.8263 0.491328 -0.0048097 0.0111546 0.456403 -0.456404 0.0111546 115.09 112.838 5.88333 5.87551 0.00204218 -1.36839e-05 1.92102e-05 0 
-2.82261 0.49161 -0.00450549 0.0104956 0.4564 -0.456401 0.0104956 115.51 113.256 5.89413 5.88634 0.00203819 -1.2666e-05 1.96095e-05 0 
-2.81893 0.49187 -0.00416632 0.00983426 0.456396 -0.456397 0.00983426 115.931 113.677 5.90496 5.8972 0.00203422 -1.15848e-05 1.99318e-05 0 
-2.81524 0.492106 -0.00379251 0.00917325 0.456392 -0.456393 0.00917325 116.353 114.099 5.9158 5.90807 0.00203027 -1.04456e-05 2.01756e-05 0 
-2.81156 0.492315 -0.00338469 0.00851519 0.456389 -0.45639 0.00851519 116.777 114.522 5.92667 5.91896 0.00202636 -9.25404e-06 2.03401e-05 0 
-2.80787 0.492497 -0.00294353 0.00786273 0.456385 -0.456386 0.00786273 117.203 114.947 5.93755 5.92987 0.00202251 -8.01612e-06 2.04244e-05 0 
-2.80419 0.492648 -0.00246967 0.00721852 0.456382 -0.456382 0.00721852 117.63 115.374 5.94846 5.94081 0.00201874 -6.73799e-06 2.04282e-05 0 
-2.8005 0.492766 -0.00196379 0.0065852 0.456378 -0.456378 0.0065852 118.059 115.802 5.95938 5.95176 0.00201505 -5.42601e-06 2.03514e-05 0 
-2.79682 0.492849 -0.00142704 0.0059653 0.456374 -0.456375 0.0059653 118.489 116.232 5.97032 5.96273 0.00201143 -4.08669e-06 2.0194e-05 0 
-2.79313 0.492894 -0.000860888 0.00536126 0.456371 -0.456371 0.00536126 118.921 116.663 5.98129 5.97372 0.00200787 -2.7267e-06 1.99561e-05 0 
-2.78945 0.492901 -0.00026682 0.00477551 0.456367 -0.456367 0.00477551 119.354 117.096 5.99227 5.98474 0.00200432 -1.35295e-06 1.96381e-05 0 
-2.78576 0.492866 0.000353676 0.00421049 0.456363 -0.456364 0.00421049 119.79 117.531 6.00328 5.99577 0.00200076 2.74421e-08 1.92407e-05 0 
-2.78208 0.492789 0.000999087 0.00366863 0.45636 -0.45636 0.00366863 120.226 117.967 6.01431 6.00682 0.00199717 1.4072e-06 1.87651e-05 0 
-2.77839 0.492666 0.00166749 0.00315207 0.456356 -0.456356 0.00315207 120.665 118.405 6.02535 6.0179 0.00199353 2.77898e-06 1.82131e-05 0 
-2.77471 0.492497 0.00235663 0.00266277 0.456353 -0.456353 0.00266277 121.105 118.844 6.03642 6.02899 0.00198989 4.13544e-06 1.75868e-05 0 
-2.77102 0.49228 0.00306428 0.00220268 0.456349 -0.456349 0.00220268 121.546 119.285 6.0475 6.0401 0.00198625 5.46937e-06 1.68889e-05 0 
-2.76734 0.492014 0.00378819 0.00177374 0.456345 -0.456345 0.00177374 121.989 119.728 6.05861 6.05124 0.00198264 6.77366e-06 1.61221e-05 0 
-2.76365 0.491697 0.00452607 0.00137787 0.456342 -0.456342 0.00137787 122.434 120.172 6.06974 6.06239 0.00197909 8.04138e-06 1.52896e-05 0 
-2.75997 0.491329 0.00527536 0.00101661 0.456338 -0.456338 0.00101661 122.881 120.618 6.08089 6.07357 0.00197561 9.26583e-06 1.43948e-05 0 
-2.75629 0.490908 0.0060332 0.000691142 0.456335 -0.456335 0.000691142 123.329 121.066 6.09205 6.08476 0.00197223 1.04405e-05 1.34413e-05 0 
-2.7526 0.490434 0.00679678 0.000402685 0.456331 -0.456331 0.000402685 123.778 121.515 6.10324 6.09598 0.00196899 1.15593e-05 1.24327e-05 0 
-2.74892 0.489906 0.00756324 0.000152436 0.456328 -0.456327 0.000152436 124.23 121.966 6.11445 6.10721 0.0019659 1.26162e-05 1.13733e-05 0 
-2.74523 0.489324 0.00832974 -5.84347e-05 0.456324 -0.456324 -5.84347e-05 124.683 122.418 6.12568 6.11847 0.001963 1.36057e-05 1.0267e-05 0 
-2.74155 0.488687 0.00909326 -0.000229267 0.45632 -0.45632 -0.000229267 125.138 122.872 6.13693 6.12975 0.00196025 1.45222e-05 9.11796e-06 0 
-2.73786 0.487997 0.00985064 -0.000359792 0.456317 -0.456317 -0.000359792 125.594 123.328 6.14821 6.14105 0.00195762 1.53602e-05 7.93044e-06 0 
-2.73418 0.487252 0.0105987 -0.000449753 0.456313 -0.456313 -0.000449753 126.052 123.786 6.1595 6.15237 0.00195505 1.61146e-05 6.7089e-06 0 
-2.73049 0.486454 0.0113343 -0.000498893 0.45631 -0.45631 -0.000498893 126.512 124.245 6.17081 6.1637 0.0019525 1.67804e-05 5.45815e-06 0 
-2.72681 0.485603 0.0120543 -0.000506992 0.456306 -0.456306 -0.000506992 126.973 124.706 6.18214 6.17506 0.00194992 1.73532e-05 4.18326e-06 0 
-2.72312 0.484701 0.0127555 -0.000474391 0.456303 -0.456303 -0.000474391 127.437 125.169 6.1935 6.18645 0.0019473 1.78292e-05 2.88963e-06 0 
-2.71944 0.483747 0.0134348 -0.000401874 0.456299 -0.456299 -0.000401874 127.902 125.633 6.20488 6.19785 0.00194467 1.82056e-05 1.58284e-06 0 
-2.71575 0.482745 0.014089 -0.000290238 0.456296 -0.456296 -0.000290238 128.368 126.099 6.21627 6.20927 0.00194204 1.848e-05 2.68498e-07 0 
-2.71207 0.481696 0.0147151 -0.000140278 0.456292 -0.456292 -0.000140278 128.837 126.567 6.22769 6.22071 0.00193944 1.86506e-05 -1.04779e-06 0 
-2.70838 0.4806 0.0153098 4.71737e-05 0.456289 -0.456288 4.71737e-05 129.307 127.037 6.23913 6.23218 0.0019369 1.87164e-05 -2.36042e-06 0 
-2.7047 0.479461 0.0158703 0.000270732 0.456285 -0.456285 0.000270732 129.778 127.508 6.25059 6.24366 0.00193442 1.86766e-05 -3.66382e-06 0 
-2.70101 0.47828 0.0163939 0.000528573 0.456281 -0.456281 0.000528573 130.252 127.981 6.26207 6.25517 0.001932 1.85309e-05 -4.95239e-06 0 
-2.69733 0.477061 0.0168778 0.000818858 0.456278 -0.456278 0.000818858 130.727 128.456 6.27357 6.2667 0.00192966 1.82797e-05 -6.22059e-06 0 
-2.69364 0.475807 0.0173193 0.00113975 0.456274 -0.456274 0.00113975 131.204 128.932 6.28509 6.27824 0.00192739 1.7924e-05 -7.46292e-06 0 
-2.68996 0.474519 0.0177158 0.00148939 0.456271 -0.456271 0.00148939 131.683 129.41 6.29664 6.28981 0.00192519 1.74653e-05 -8.67395e-06 0 
-2.68627 0.473201 0.0180649 0.00186543 0.456267 -0.456268 0.00186543 132.164 129.89 6.3082 6.3014 0.00192306 1.69057e-05 -9.84832e-06 0 
-2.68259 0.471856 0.0183647 0.00226515 0.456264 -0.456264 0.00226515 132.646 130.372 6.31979 6.31302 0.001921 1.62478e-05 -1.09808e-05 0 
-2.6789 0.470489 0.0186134 0.00268584 0.45626 -0.456261 0.00268584 133.13 130.856 6.3314 6.32465 0.00191898 1.54948e-05 -1.20661e-05 0 
-2.67522 0.469102 0.018809 0.00312477 0.456257 -0.456257 0.00312477 133.616 131.341 6.34303 6.3363 0.00191702 1.46507e-05 -1.30993e-05 0 
-2.67153 0.4677 0.0189497 0.00357919 0.456253 -0.456254 0.00357919 134.104 131.828 6.35468 6.34798 0.00191509 1.37197e-05 -1.40756e-05 0 
-2.66785 0.466286 0.0190341 0.00404604 0.45625 -0.45625 0.00404604 134.593 132.317 6.36635 6.35967 0.00191319 1.27068e-05 -1.49903e-05 0 
-2.66416 0.464865 0.0190616 0.00452201 0.456246 -0.456247 0.00452201 135.084 132.808 6.37804 6.37139 0.00191133 1.16177e-05 -1.58391e-05 0 
-2.66048 0.463441 0.0190314 0.00500377 0.456243 -0.456243 0.00500377 135.577 133.301 6.38976 6.38313 0.00190951 1.04582e-05 -1.6618e-05 0 
-2.65679 0.462018 0.0189427 0.00548801 0.456239 -0.45624 0.00548801 136.072 133.795 6.4015 6.39489 0.00190773 9.23494e-06 -1.73232e-05 0 
-2.65311 0.4606 0.0187949 0.0059714 0.456236 -0.456236 0.0059714 136.569 134.291 6.41325 6.40668 0.001906 7.95481e-06 -1.79511e-05 0 
-2.64942 0.459193 0.0185879 0.00645052 0.456232 -0.456233 0.00645052 137.068 134.789 6.42503 6.41848 0.00190431 6.62512e-06 -1.84986e-05 0 
-2.64574 0.457799 0.0183223 0.00692186 0.456229 -0.456229 0.00692186 137.568 135.289 6.43683 6.4303 0.00190268 5.25354e-06 -1.8963e-05 0 
-2.64205 0.456424 0.0179989 0.00738194 0.456225 -0.456226 0.00738194 138.07 135.791 6.44866 6.44215 0.00190111 3.84806e-06 -1.93418e-05 0 
-2.63837 0.455073 0.0176182 0.00782725 0.456222 -0.456222 0.00782725 138.574 136.294 6.4605 6.45402 0.0018996 2.41688e-06 -1.9633e-05 0 
-2.63468 0.453749 0.0171809 0.0082543 0.456218 -0.456219 0.0082543 139.08 136.8 6.47237 6.46591 0.00189817 9.68461e-07 -1.98348e-05 0 
-2.631 0.452457 0.0166885 0.00865977 0.456215 -0.456216 0.00865977 139.588 137.307 6.48426 6.47782 0.00189681 -4.88606e-07 -1.99459e-05 0 
-2.62731 0.451202 0.016143 0.00904047 0.456211 -0.456212 0.00904047 140.098 137.816 6.49617 6.48976 0.00189551 -1.94557e-06 -1.99652e-05 0 
-2.62363 0.449986 0.0155466 0.00939323 0.456208 -0.456209 0.00939323 140.609 138.327 6.5081 6.50171 0.00189427 -3.39358e-06 -1.9892e-05 0 
-2.61994 0.448815 0.0149012 0.00971485 0.456205 -0.456205 0.00971485 141.123 138.84 6.52005 6.51369 0.00189307 -4.82373e-06 -1.97262e-05 0 
-2.61626 0.447693 0.0142091 0.0100022 0.456201 -0.456202 0.0100022 141.638 139.355 6.53203 6.52569 0.00189192 -6.22712e-06 -1.9468e-05 0 
-2.61258 0.446622 0.013473 0.0102525 0.456198 -0.456198 0.0102525 142.155 139.872 6.54403 6.53771 0.0018908 -7.59492e-06 -1.91179e-05 0 
-2.60889 0.445607 0.0126963 0.0104635 0.456194 -0.456195 0.0104635 142.674 140.391 6.55605 6.54975 0.00188972 -8.91844e-06 -1.86772e-05 0 
-2.60521 0.444651 0.0118824 0.0106327 0.456191 -0.456191 0.0106327 143.195 140.911 6.56809 6.56182 0.00188869 -1.01892e-05 -1.81474e-05 0 
-2.60152 0.443756 0.0110348 0.0107579 0.456187 -0.456188 0.0107579 143.718 141.434 6.58015 6.57391 0.00188769 -1.13989e-05 -1.75305e-05 0 
-2.59784 0.442926 0.0101567 0.0108367 0.456184 -0.456185 0.0108367 144.243 141.958 6.59224 6.58601 0.00188674 -1.25397e-05 -1.68291e-05 0 
-2.59415 0.442164 0.00925224 0.0108675 0.45618 -0.456181 0.0108675 144.77 142.484 6.60435 6.59815 0.00188584 -1.3604e-05 -1.60458e-05 0 
-2.59047 0.441472 0.00832565 0.0108491 0.456177 -0.456178 0.0108491 145.299 143.013 6.61648 6.6103 0.00188498 -1.45846e-05 -1.51841e-05 0 
-2.58678 0.44085 0.0073813 0.0107806 0.456174 -0.456174 0.0107806 145.83 143.543 6.62863 6.62247 0.00188418 -1.54749e-05 -1.42475e-05 0 
-2.5831 0.440301 0.00642354 0.0106608 0.45617 -0.456171 0.0106608 146.362 144.075 6.64081 6.63467 0.00188345 -1.62688e-05 -1.32402e-05 0 
-2.57941 0.439828 0.00545674 0.0104887 0.456167 -0.456167 0.0104887 146.897 144.609 6.653 6.64689 0.00188278 -1.69605e-05 -1.21665e-05 0 
-2.57573 0.439429 0.00448546 0.0102641 0.456163 -0.456164 0.0102641 147.433 145.145 6.66522 6.65913 0.00188219 -1.75451e-05 -1.10312e-05 0 
-2.57204 0.439107 0.00351447 0.00998747 0.45616 -0.45616 0.00998747 147.972 145.683 6.67747 6.6714 0.00188168 -1.80183e-05 -9.83943e-06 0 
-2.56836 0.43886 0.00254853 0.00965936 0.456156 -0.456157 0.00965936 148.513 146.223 6.68973 6.68369 0.00188127 -1.83764e-05 -8.59647e-06 0 
-2.56467 0.438689 0.0015924 0.00928026 0.456153 -0.456154 0.00928026 149.055 146.765 6.70202 6.696 0.00188096 -1.86165e-05 -7.30799e-06 0 
-2.56099 0.438593 0.000650831 0.00885072 0.45615 -0.45615 0.00885072 149.6 147.309 6.71433 6.70833 0.00188076 -1.87362e-05 -5.97987e-06 0 
-2.5573 0.438572 -0.000271559 0.00837213 0.456146 -0.456147 0.00837213 150.146 147.856 6.72666 6.72068 0.00188066 -1.87339e-05 -4.61816e-06 0 
-2.55362 0.438624 -0.00117027 0.00784665 0.456143 -0.456143 0.00784665 150.695 148.404 6.73901 6.73306 0.00188064 -1.86084e-05 -3.22911e-06 0 
-2.54993 0.438748 -0.0020408 0.00727642 0.456139 -0.45614 0.00727642 151.245 148.954 6.75139 6.74546 0.00188065 -1.83593e-05 -1.81928e-06 0 
-2.54625 0.43894 -0.00287865 0.00666362 0.456136 -0.456136 0.00666362 151.798 149.506 6.76379 6.75788 0.00188068 -1.79872e-05 -3.95447e-07 0 
-2.54256 0.439199 -0.00367935 0.00601044 0.456133 -0.456133 0.00601044 152.353 150.06 6.77621 6.77032 0.0018807 -1.74933e-05 1.03536e-06 0 
-2.53888 0.439523 -0.00443893 0.00531982 0.456129 -0.456129 0.00531982 152.909 150.616 6.78866 6.78279 0.00188072 -1.68803e-05 2.46597e-06 0 
-2.53519 0.439908 -0.00515386 0.00459538 0.456126 -0.456126 0.00459538 153.468 151.174 6.80113 6.79528 0.00188076 -1.61517e-05 3.88925e-06 0 
-2.53151 0.44035 -0.00582059 0.00384073 0.456122 -0.456122 0.00384073 154.029 151.735 6.81362 6.80779 0.00188088 -1.53118e-05 5.29814e-06 0 
-2.52782 0.440846 -0.00643561 0.00305948 0.456119 -0.456119 0.00305948 154.592 152.297 6.82613 6.82033 0.0018811 -1.43659e-05 6.68569e-06 0 
-2.52414 0.441391 -0.00699543 0.00225529 0.456115 -0.456116 0.00225529 155.157 152.862 6.83867 6.83289 0.00188147 -1.33195e-05 8.04509e-06 0 
-2.52045 0.441982 -0.00749738 0.0014323 0.456112 -0.456112 0.0014323 155.724 153.428 6.85123 6.84547 0.00188201 -1.21791e-05 9.36962e-06 0 
-2.51677 0.442613 -0.00793951 0.00059511 0.456109 -0.456109 0.00059511 156.293 153.997 6.86381 6.85807 0.00188271 -1.09513e-05 1.06526e-05 0 
-2.51308 0.44328 -0.00831987 -0.00025168 0.456105 -0.456105 -0.00025168 156.864 154.568 6.87642 6.8707 0.00188358 -9.64373e-06 1.18874e-05 0 
-2.5094 0.443978 -0.00863655 -0.00110346 0.456102 -0.456102 -0.00110346 157.437 155.14 6.88905 6.88335 0.00188461 -8.26434e-06 1.30677e-05 0 
-2.50571 0.444702 -0.00888767 -0.00195563 0.456098 -0.456098 -0.00195563 158.013 155.715 6.9017 6.89602 0.00188581 -6.82178e-06 1.41872e-05 0 
-2.50203 0.445446 -0.00907235 -0.00280341 0.456095 -0.456095 -0.00280341 158.59 156.292 6.91437 6.90872 0.00188716 -5.32517e-06 1.52397e-05 0 
-2.49834 0.446205 -0.00919065 -0.00364194 0.456092 -0.456091 -0.00364194 159.17 156.872 6.92707 6.92144 0.00188863 -3.7841e-06 1.62194e-05 0 
-2.49466 0.446973 -0.00924265 -0.00446632 0.456088 -0.456088 -0.00446632 159.752 157.453 6.93979 6.93418 0.0018902 -2.20872e-06 1.71203e-05 0 
-2.49097 0.447745 -0.00922842 -0.00527167 0.456085 -0.456084 -0.00527167 160.336 158.036 6.95254 6.94694 0.00189183 -6.09578e-07 1.7937e-05 0 
-2.48729 0.448516 -0.0091481 -0.00605312 0.456081 -0.456081 -0.00605312 160.922 158.622 6.96531 6.95973 0.00189352 1.00235e-06 1.86644e-05 0 
-2.4836 0.449279 -0.00900289 -0.00680608 0.456078 -0.456077 -0.00680608 161.51 159.21 6.9781 6.97254 0.00189524 2.61581e-06 1.92978e-05 0 
-2.47992 0.45003 -0.00879495 -0.00752621 0.456074 -0.456074 -0.00752621 162.1 159.8 6.99091 6.98538 0.00189704 4.21947e-06 1.98335e-05 0 
-2.47623 0.450763 -0.00852647 -0.0082092 0.456071 -0.45607 -0.0082092 162.693 160.392 7.00375 6.99824 0.00189894 5.802e-06 2.02681e-05 0 
-2.47255 0.451472 -0.00819965 -0.00885071 0.456067 -0.456067 -0.00885071 163.288 160.986 7.01661 7.01112 0.00190096 7.35213e-06 2.05988e-05 0 
-2.46886 0.452154 -0.00781672 -0.00944646 0.456064 -0.456063 -0.00944646 163.885 161.583 7.0295 7.02403 0.00190313 8.85879e-06 2.08231e-05 0 
-2.46518 0.452802 -0.00738087 -0.00999286 0.45606 -0.45606 -0.00999286 164.484 162.181 7.04241 7.03695 0.00190546 1.0311e-05 2.09391e-05 0 
-2.4615 0.453413 -0.0068961 -0.010487 0.456057 -0.456056 -0.010487 165.085 162.782 7.05534 7.04991 0.00190792 1.16978e-05 2.09449e-05 0 
-2.45781 0.453983 -0.00636647 -0.0109259 0.456054 -0.456053 -0.0109259 165.689 163.385 7.06829 7.06288 0.00191049 1.30087e-05 2.08392e-05 0 
-2.45413 0.454507 -0.00579601 -0.0113066 0.45605 -0.456049 -0.0113066 166.295 163.991 7.08127 7.07588 0.00191317 1.42334e-05 2.06214e-05 0 
-2.45044 0.454981 -0.00518881 -0.0116264 0.456047 -0.456046 -0.0116264 166.903 164.598 7.09428 7.0889 0.00191594 1.53619e-05 2.02915e-05 0 
-2.44676 0.455403 -0.00454955 -0.0118832 0.456043 -0.456042 -0.0118832 167.513 165.208 7.1073 7.10195 0.00191879 1.63852e-05 1.98499e-05 0 
-2.44307 0.455769 -0.00388348 -0.0120764 0.45604 -0.456039 -0.0120764 168.125 165.82 7.12035 7.11502 0.00192175 1.72949e-05 1.92983e-05 0 
-2.43939 0.456078 -0.00319586 -0.012205 0.456036 -0.456035 -0.012205 168.74 166.434 7.13343 7.12812 0.00192483 1.80832e-05 1.86386e-05 0 
-2.4357 0.456328 -0.00249196 -0.0122681 0.456033 -0.456032 -0.0122681 169.357 167.051 7.14653 7.14123 0.00192805 1.87433e-05 1.78734e-05 0 
-2.43202 0.456515 -0.00177706 -0.012265 0.456029 -0.456028 -0.012265 169.976 167.67 7.15965 7.15438 0.00193142 1.92691e-05 1.70058e-05 0 
-2.42833 0.45664 -0.00105657 -0.0121961 0.456025 -0.456025 -0.0121961 170.598 168.291 7.1728 7.16754 0.00193495 1.96554e-05 1.60395e-05 0 
-2.42465 0.456702 -0.000336055 -0.0120629 0.456022 -0.456021 -0.0120629 171.222 168.914 7.18597 7.18073 0.00193864 1.98978e-05 1.49784e-05 0 
-2.42096 0.456701 0.000378915 -0.011867 0.456018 -0.456018 -0.011867 171.848 169.54 7.19916 7.19394 0.00194248 1.99927e-05 1.38272e-05 0 
-2.41728 0.456638 0.00108278 -0.01161 0.456015 -0.456014 -0.01161 172.476 170.168 7.21238 7.20718 0.00194646 1.99378e-05 1.25911e-05 0 
-2.41359 0.456512 0.00176999 -0.0112934 0.456011 -0.456011 -0.0112934 173.107 170.798 7.22562 7.22044 0.00195059 1.97316e-05 1.12758e-05 0 
-2.40991 0.456325 0.00243537 -0.0109201 0.456008 -0.456007 -0.0109201 173.74 171.431 7.23889 7.23373 0.00195485 1.93739e-05 9.88751e-06 0 
-2.40622 0.456079 0.00307411 -0.010494 0.456004 -0.456004 -0.010494 174.376 172.066 7.25218 7.24704 0.00195924 1.88656e-05 8.43294e-06 0 
-2.40254 0.455778 0.00368141 -0.0100189 0.456 -0.456 -0.0100189 175.013 172.703 7.26549 7.26037 0.00196377 1.82085e-05 6.9193e-06 0 
-2.39885 0.455422 0.00425246 -0.00949871 0.455997 -0.455996 -0.00949871 175.653 173.343 7.27883 7.27373 0.00196842 1.74059e-05 5.35425e-06 0 
-2.39517 0.455016 0.00478251 -0.00893744 0.455993 -0.455993 -0.00893744 176.296 173.985 7.29219 7.28711 0.0019732 1.64622e-05 3.74581e-06 0 
-2.39148 0.454561 0.00526765 -0.00833988 0.45599 -0.455989 -0.00833988 176.941 174.629 7.30558 7.30052 0.0019781 1.53826e-05 2.1024e-06 0 
-2.3878 0.454064 0.00570483 -0.00771166 0.455986 -0.455986 -0.00771166 177.588 175.276 7.31899 7.31395 0.00198312 1.4174e-05 4.32771e-07 0 
-2.38411 0.453527 0.006091 -0.00705846 0.455982 -0.455982 -0.00705846 178.237 175.925 7.33243 7.3274 0.00198826 1.28439e-05 -1.25407e-06 0 
-2.38043 0.452956 0.00642312 -0.00638595 0.455979 -0.455978 -0.00638595 178.889 176.576 7.34589 7.34088 0.00199351 1.14012e-05 -2.94885e-06 0 
-2.37674 0.452355 0.00669822 -0.00569981 0.455975 -0.455975 -0.00569981 179.544 177.23 7.35938 7.35439 0.00199889 9.85565e-06 -4.64213e-06 0 
-2.37306 0.451729 0.00691453 -0.0050061 0.455971 -0.455971 -0.0050061 180.2 177.887 7.37289 7.36791 0.00200439 8.21803e-06 -6.32431e-06 0 
-2.36937 0.451084 0.00707146 -0.00431125 0.455968 -0.455967 -0.00431125 180.86 178.545 7.38642 7.38147 0.00201002 6.50002e-06 -7.98575e-06 0 
-2.36569 0.450424 0.00716846 -0.00362169 0.455964 -0.455964 -0.00362169 181.521 179.206 7.39998 7.39504 0.00201577 4.71412e-06 -9.61674e-06 0 
-2.362 0.449755 0.00720498 -0.00294385 0.45596 -0.45596 -0.00294385 182.185 179.87 7.41356 7.40865 0.00202165 2.87355e-06 -1.12076e-05 0 
-2.35832 0.449084 0.00718054 -0.00228417 0.455956 -0.455956 -0.00228417 182.852 180.536 7.42717 7.42227 0.00202767 9.92192e-07 -1.27488e-05 0 
-2.35463 0.448414 0.00709598 -0.00164881 0.455953 -0.455953 -0.00164881 183.521 181.204 7.44081 7.43592 0.00203382 -9.15514e-07 -1.42309e-05 0 
-2.35095 0.447752 0.00695344 -0.00104372 0.455949 -0.455949 -0.00104372 184.192 181.875 7.45446 7.4496 0.00204012 -2.83467e-06 -1.56446e-05 0 
-2.34726 0.447103 0.00675514 -0.000474821 0.455945 -0.455945 -0.000474821 184.866 182.549 7.46815 7.4633 0.00204654 -4.75003e-06 -1.69807e-05 0 
-2.34358 0.446472 0.00650325 5.19563e-05 0.455941 -0.455941 5.19563e-05 185.542 183.225 7.48185 7.47703 0.0020531 -6.64606e-06 -1.82306e-05 0 
-2.33989 0.445865 0.00620003 0.000530724 0.455938 -0.455938 0.000530724 186.221 183.903 7.49559 7.49078 0.00205979 -8.50714e-06 -1.93857e-05 0 
-2.33621 0.445286 0.0058489 0.000956475 0.455934 -0.455934 0.000956475 186.902 184.584 7.50934 7.50455 0.0020666 -1.03176e-05 -2.04381e-05 0 
-2.33252 0.444739 0.00545444 0.00132506 0.45593 -0.45593 0.00132506 187.586 185.267 7.52313 7.51835 0.00207355 -1.2062e-05 -2.13802e-05 0 
-2.32884 0.444228 0.00502124 0.00163237 0.455926 -0.455926 0.00163237 188.272 185.953 7.53693 7.53218 0.00208062 -1.37249e-05 -2.22049e-05 0 
-2.32515 0.443757 0.00455394 0.00187429 0.455922 -0.455923 0.00187429 188.961 186.642 7.55076 7.54603 0.00208781 -1.52914e-05 -2.29056e-05 0 
-2.32147 0.44333 0.00405717 0.00204678 0.455919 -0.455919 0.00204678 189.653 187.333 7.56462 7.5599 0.00209512 -1.67473e-05 -2.34766e-05 0 
-2.31779 0.44295 0.00353631 0.00214716 0.455915 -0.455915 0.00214716 190.347 188.026 7.5785 7.5738 0.00210255 -1.80786e-05 -2.39125e-05 0 
-2.3141 0.442619 0.00299746 0.00217416 0.455911 -0.455911 0.00217416 191.043 188.722 7.59241 7.58772 0.0021101 -1.92726e-05 -2.42089e-05 0 
-2.31042 0.442337 0.00244674 0.00212654 0.455907 -0.455907 0.00212654 191.742 189.421 7.60635 7.60167 0.00211777 -2.03171e-05 -2.43622e-05 0 
-2.30673 0.442107 0.00189028 0.00200307 0.455903 -0.455903 0.00200307 192.444 190.122 7.6203 7.61565 0.00212558 -2.12013e-05 -2.43693e-05 0 
-2.30305 0.44193 0.00133421 0.00180259 0.455899 -0.455899 0.00180259 193.148 190.826 7.63429 7.62965 0.00213353 -2.19152e-05 -2.42283e-05 0 
-2.29936 0.441806 0.000784721 0.00152558 0.455895 -0.455895 0.00152558 193.855 191.532 7.6483 7.64368 0.0021416 -2.24503e-05 -2.39378e-05 0 
-2.29568 0.441734 0.000248104 0.00117417 0.455891 -0.455891 0.00117417 194.564 192.241 7.66233 7.65773 0.00214982 -2.27992e-05 -2.34974e-05 0 
-2.29199 0.441713 -0.000269363 0.000750558 0.455888 -0.455888 0.000750558 195.276 192.952 7.67639 7.6718 0.00215816 -2.29561e-05 -2.29076e-05 0 
-2.28831 0.441741 -0.000761398 0.000256929 0.455884 -0.455884 0.000256929 195.99 193.666 7.69047 7.68591 0.00216663 -2.29166e-05 -2.21697e-05 0 
-2.28462 0.441816 -0.00122175 -0.00030445 0.45588 -0.45588 -0.00030445 196.708 194.383 7.70458 7.70003 0.00217523 -2.2678e-05 -2.12861e-05 0 
-2.28094 0.441937 -0.00164482 -0.000929761 0.455876 -0.455876 -0.000929761 197.427 195.103 7.71872 7.71419 0.00218395 -2.22394e-05 -2.026e-05 0 
-2.27725 0.442098 -0.00202568 -0.00161362 0.455872 -0.455872 -0.00161362 198.15 195.825 7.73288 7.72836 0.00219281 -2.16013e-05 -1.90956e-05 0 
-2.27357 0.442296 -0.00235944 -0.00235056 0.455868 -0.455868 -0.00235056 198.875 196.549 7.74707 7.74257 0.00220182 -2.07662e-05 -1.77982e-05 0 
-2.26988 0.442527 -0.00264119 -0.00313513 0.455864 -0.455863 -0.00313513 199.603 197.277 7.76128 7.7568 0.00221096 -1.97385e-05 -1.63737e-05 0 
-2.2662 0.442786 -0.00286609 -0.00396182 0.45586 -0.455859 -0.00396182 200.333 198.007 7.77552 7.77105 0.00222026 -1.85239e-05 -1.48292e-05 0 
-2.26251 0.443068 -0.00303062 -0.00482403 0.455855 -0.455855 -0.00482403 201.066 198.74 7.78978 7.78533 0.00222971 -1.71303e-05 -1.31723e-05 0 
-2.25883 0.443367 -0.00313257 -0.00571401 0.455851 -0.455851 -0.00571401 201.802 199.475 7.80407 7.79964 0.00223932 -1.55669e-05 -1.14117e-05 0 
-2.25514 0.443677 -0.00316981 -0.00662398 0.455847 -0.455847 -0.00662398 202.541 200.213 7.81839 7.81397 0.00224908 -1.3845e-05 -9.55671e-06 0 
-2.25146 0.443992 -0.0031402 -0.00754613 0.455843 -0.455843 -0.00754613 203.282 200.954 7.83273 7.82833 0.002259 -1.19771e-05 -7.61757e-06 0 
-2.24777 0.444305 -0.00304168 -0.00847267 0.455839 -0.455839 -0.00847267 204.026 201.697 7.8471 7.84271 0.00226907 -9.97759e-06 -5.60513e-06 0 
-2.24409 0.444611 -0.0028739 -0.00939544 0.455835 -0.455835 -0.00939544 204.773 202.444 7.86149 7.85712 0.00227929 -7.86218e-06 -3.53095e-06 0 
-2.2404 0.444902 -0.00263827 -0.0103059 0.455831 -0.45583 -0.0103059 205.522 203.193 7.87591 7.87155 0.00228966 -5.648e-06 -1.40718e-06 0 
-2.23672 0.445172 -0.00233628 -0.0111955 0.455826 -0.455826 -0.0111955 206.274 203.945 7.89035 7.88602 0.00230018 -3.35341e-06 7.53439e-07 0 
-2.23303 0.445415 -0.00196941 -0.0120557 0.455822 -0.455822 -0.0120557 207.029 204.699 7.90483 7.9005 0.00231084 -9.97929e-07 2.93768e-06 0 
-2.22935 0.445624 -0.00153924 -0.012878 0.455818 -0.455818 -0.012878 207.787 205.456 7.91932 7.91502 0.00232164 1.39796e-06 5.13189e-06 0 
-2.22566 0.445792 -0.00104905 -0.0136544 0.455814 -0.455813 -0.0136544 208.548 206.216 7.93385 7.92956 0.00233258 3.81295e-06 7.32211e-06 0 
-2.22198 0.445915 -0.000503932 -0.0143775 0.455809 -0.455809 -0.0143775 209.311 206.979 7.9484 7.94412 0.00234367 6.22515e-06 9.49414e-06 0 
-2.21829 0.445987 9.09338e-05 -0.01504 0.455805 -0.455805 -0.01504 210.077 207.745 7.96297 7.95871 0.00235492 8.61227e-06 1.16337e-05 0 
-2.21461 0.446003 0.000730371 -0.0156344 0.455801 -0.4558 -0.0156344 210.846 208.514 7.97757 7.97333 0.00236634 1.09518e-05 1.37264e-05 0 
-2.21092 0.445958 0.00140915 -0.0161535 0.455797 -0.455796 -0.0161535 211.618 209.285 7.9922 7.98797 0.00237794 1.32212e-05 1.57579e-05 0 
-2.20724 0.445848 0.00212073 -0.0165914 0.455792 -0.455792 -0.0165914 212.392 210.059 8.00686 8.00264 0.00238973 1.53982e-05 1.77141e-05 0 
-2.20355 0.44567 0.00285718 -0.0169437 0.455788 -0.455787 -0.0169437 213.169 210.836 8.02154 8.01734 0.0024017 1.74607e-05 1.95809e-05 0 
-2.19987 0.445422 0.00361052 -0.0172061 0.455783 -0.455783 -0.0172061 213.95 211.616 8.03624 8.03206 0.00241386 1.93873e-05 2.13447e-05 0 
-2.19618 0.445102 0.00437274 -0.0173742 0.455779 -0.455778 -0.0173742 214.733 212.399 8.05098 8.04681 0.0024262 2.11575e-05 2.29919e-05 0 
-2.1925 0.444708 0.00513584 -0.0174438 0.455774 -0.455774 -0.0174438 215.519 213.184 8.06574 8.06159 0.00243873 2.27516e-05 2.45099e-05 0 
-2.18881 0.444239 0.0058913 -0.0174127 0.45577 -0.455769 -0.0174127 216.308 213.973 8.08052 8.07639 0.00245144 2.41513e-05 2.58862e-05 0 
-2.18513 0.443698 0.00663004 -0.0172809 0.455765 -0.455765 -0.0172809 217.099 214.764 8.09534 8.09122 0.00246434 2.53397e-05 2.71094e-05 0 
-2.18144 0.443085 0.00734298 -0.0170484 0.455761 -0.45576 -0.0170484 217.894 215.558 8.11018 8.10607 0.00247742 2.63014e-05 2.81686e-05 0 
-2.17776 0.442404 0.00802101 -0.0167153 0.455756 -0.455756 -0.0167153 218.692 216.355 8.12504 8.12095 0.00249069 2.7023e-05 2.90538e-05 0 
-2.17408 0.441656 0.00865506 -0.0162817 0.455752 -0.455751 -0.0162817 219.492 217.155 8.13994 8.13586 0.00250415 2.74931e-05 2.97561e-05 0 
-2.17039 0.440845 0.00923659 -0.0157501 0.455747 -0.455747 -0.0157501 220.296 217.958 8.15486 8.1508 0.0025178 2.77025e-05 3.02674e-05 0 
-2.16671 0.439977 0.00975759 -0.0151251 0.455742 -0.455742 -0.0151251 221.102 218.764 8.1698 8.16576 0.00253165 2.76443e-05 3.05811e-05 0 
-2.16302 0.439059 0.0102101 -0.0144115 0.455738 -0.455737 -0.0144115 221.911 219.573 8.18478 8.18074 0.00254571 2.7314e-05 3.06915e-05 0 
-2.15934 0.438097 0.0105862 -0.0136144 0.455733 -0.455733 -0.0136144 222.724 220.385 8.19978 8.19576 0.00255997 2.67098e-05 3.05943e-05 0 
-2.15565 0.437097 0.0108779 -0.0127385 0.455728 -0.455728 -0.0127385 223.539 221.2 8.2148 8.2108 0.00257446 2.58323e-05 3.02864e-05 0 
-2.15197 0.436067 0.0110789 -0.0117906 0.455724 -0.455723 -0.0117906 224.357 222.018 8.22986 8.22587 0.00258917 2.46851e-05 2.9766e-05 0 
-2.14828 0.435018 0.0111846 -0.0107795 0.455719 -0.455719 -0.0107795 225.178 222.839 8.24494 8.24096 0.00260409 2.32742e-05 2.90327e-05 0 
-2.1446 0.433959 0.0111903 -0.00971422 0.455714 -0.455714 -0.00971422 226.003 223.663 8.26004 8.25609 0.00261923 2.16084e-05 2.80874e-05 0 
-2.14091 0.432899 0.0110915 -0.0086035 0.455709 -0.455709 -0.0086035 226.83 224.49 8.27518 8.27124 0.00263457 1.96994e-05 2.69328e-05 0 
-2.13723 0.431849 0.0108836 -0.0074563 0.455704 -0.455704 -0.0074563 227.66 225.32 8.29034 8.28641 0.00265011 1.75614e-05 2.55726e-05 0 
-2.13354 0.430818 0.0105645 -0.00628256 0.455699 -0.455699 -0.00628256 228.494 226.153 8.30553 8.30161 0.00266586 1.52116e-05 2.40126e-05 0 
-2.12986 0.42982 0.0101346 -0.00509327 0.455695 -0.455694 -0.00509327 229.33 226.989 8.32074 8.31684 0.00268185 1.26696e-05 2.226e-05 0 
-2.12617 0.428864 0.00959428 -0.0038995 0.45569 -0.455689 -0.0038995 230.17 227.828 8.33599 8.3321 0.00269809 9.95745e-06 2.03235e-05 0 
-2.12249 0.427961 0.00894404 -0.00271232 0.455685 -0.455685 -0.00271232 231.012 228.67 8.35126 8.34739 0.0027146 7.09933e-06 1.82129e-05 0 
-2.1188 0.427124 0.00818447 -0.00154278 0.45568 -0.45568 -0.00154278 231.858 229.515 8.36655 8.3627 0.00273142 4.12138e-06 1.59399e-05 0 
-2.11512 0.426364 0.00731869 -0.000401744 0.455675 -0.455674 -0.000401744 232.707 230.363 8.38188 8.37804 0.00274852 1.05149e-06 1.35167e-05 0 
-2.11143 0.425689 0.00635266 0.000700161 0.455669 -0.455669 0.000700161 233.558 231.215 8.39723 8.3934 0.00276588 -2.08074e-06 1.09574e-05 0 
-2.10775 0.42511 0.00529251 0.00175232 0.455664 -0.455664 0.00175232 234.413 232.069 8.41261 8.4088 0.00278344 -5.24414e-06 8.27693e-06 0 
-2.10406 0.424638 0.00414433 0.0027441 0.455659 -0.455659 0.0027441 235.271 232.927 8.42802 8.42422 0.00280117 -8.40626e-06 5.49197e-06 0 
-2.10038 0.424282 0.00291434 0.00366494 0.455654 -0.455654 0.00366494 236.133 233.788 8.44345 8.43966 0.00281902 -1.15337e-05 2.62035e-06 0 
-2.09669 0.42405 0.00161088 0.00450574 0.455649 -0.455649 0.00450574 236.997 234.652 8.45891 8.45514 0.002837 -1.45925e-05 -3.18853e-07 0 
-2.09301 0.423949 0.000244737 0.00525901 0.455644 -0.455644 0.00525901 237.865 235.519 8.4744 8.47064 0.00285516 -1.75492e-05 -3.30574e-06 0 
-2.08932 0.423984 -0.00117317 0.00591738 0.455638 -0.455638 0.00591738 238.735 236.389 8.48992 8.48617 0.00287355 -2.03706e-05 -6.31981e-06 0 
-2.08564 0.424163 -0.00263193 0.00647345 0.455633 -0.455633 0.00647345 239.609 237.263 8.50546 8.50173 0.00289221 -2.30243e-05 -9.34014e-06 0 
-2.08195 0.424489 -0.00412058 0.00691992 0.455628 -0.455628 0.00691992 240.486 238.14 8.52103 8.51732 0.00291121 -2.54792e-05 -1.23455e-05 0 
-2.07827 0.424968 -0.00562702 0.00725194 0.455622 -0.455622 0.00725194 241.367 239.02 8.53663 8.53293 0.00293058 -2.77052e-05 -1.53142e-05 0 
-2.07458 0.425598 -0.00713782 0.00746743 0.455617 -0.455617 0.00746743 242.25 239.903 8.55226 8.54857 0.00295032 -2.96739e-05 -1.82245e-05 0 
-2.0709 0.42638 -0.00863949 0.00756447 0.455611 -0.455612 0.00756447 243.137 240.789 8.56791 8.56424 0.00297043 -3.13587e-05 -2.10544e-05 0 
-2.06721 0.427314 -0.0101185 0.00754113 0.455606 -0.455606 0.00754113 244.027 241.679 8.5836 8.57993 0.00299092 -3.27355e-05 -2.3782e-05 0 
-2.06353 0.428398 -0.0115615 0.00739558 0.4556 -0.455601 0.00739558 244.92 242.572 8.59931 8.59566 0.00301179 -3.37827e-05 -2.63856e-05 0 
-2.05984 0.42963 -0.0129551 0.00712886 0.455595 -0.455595 0.00712886 245.817 243.468 8.61504 8.61141 0.00303303 -3.44815e-05 -2.88435e-05 0 
-2.05616 0.431003 -0.0142866 0.00674532 0.455589 -0.455589 0.00674532 246.716 244.367 8.63081 8.62719 0.0030546 -3.48161e-05 -3.11345e-05 0 
-2.05247 0.43251 -0.015543 0.00624948 0.455584 -0.455584 0.00624948 247.62 245.27 8.6466 8.64299 0.00307645 -3.4774e-05 -3.32377e-05 0 
-2.04879 0.434143 -0.0167114 0.00564587 0.455578 -0.455578 0.00564587 248.526 246.176 8.66242 8.65883 0.00309855 -3.4347e-05 -3.51332e-05 0 
-2.0451 0.435895 -0.0177791 0.0049391 0.455572 -0.455572 0.0049391 249.436 247.085 8.67827 8.67469 0.00312085 -3.35305e-05 -3.6802e-05 0 
-2.04142 0.437756 -0.0187351 0.00413633 0.455567 -0.455567 0.00413633 250.349 247.998 8.69415 8.69058 0.00314335 -3.2325e-05 -3.82266e-05 0 
-2.03773 0.439713 -0.0195703 0.00324772 0.455561 -0.455561 0.00324772 251.265 248.914 8.71006 8.7065 0.0031661 -3.07356e-05 -3.93917e-05 0 
-2.03405 0.441753 -0.0202761 0.00228357 0.455555 -0.455555 0.00228357 252.185 249.833 8.72599 8.72245 0.00318912 -2.87718e-05 -4.02834e-05 0 
-2.03037 0.443862 -0.0208435 0.00125419 0.455549 -0.455549 0.00125419 253.108 250.756 8.74195 8.73842 0.00321246 -2.64475e-05 -4.08896e-05 0 
-2.02668 0.446027 -0.0212638 0.000169948 0.455543 -0.455543 0.000169948 254.034 251.682 8.75794 8.75442 0.00323617 -2.37809e-05 -4.12002e-05 0 
-2.023 0.448234 -0.0215313 -0.000957282 0.455537 -0.455537 -0.000957282 254.964 252.611 8.77396 8.77045 0.00326024 -2.07942e-05 -4.12064e-05 0 
-2.01931 0.450465 -0.0216438 -0.00211384 0.455531 -0.455531 -0.00211384 255.897 253.544 8.79 8.78651 0.00328467 -1.75137e-05 -4.09013e-05 0 
-2.01563 0.452704 -0.0215993 -0.00328595 0.455525 -0.455525 -0.00328595 256.834 254.481 8.80608 8.8026 0.00330944 -1.39695e-05 -4.028e-05 0 
-2.01194 0.454935 -0.0213956 -0.00445986 0.455519 -0.455519 -0.00445986 257.774 255.42 8.82218 8.81872 0.00333452 -1.01962e-05 -3.934e-05 0 
-2.00826 0.45714 -0.0210309 -0.0056218 0.455513 -0.455513 -0.0056218 258.717 256.363 8.83831 8.83486 0.00335989 -6.23149e-06 -3.8081e-05 0 
-2.00457 0.459303 -0.0205068 -0.00675806 0.455507 -0.455507 -0.00675806 259.664 257.31 8.85447 8.85103 0.00338555 -2.11686e-06 -3.65057e-05 0 
-2.00089 0.461409 -0.0198289 -0.00785494 0.4555 -0.4555 -0.00785494 260.615 258.26 8.87066 8.86723 0.00341152 2.1035e-06 -3.46191e-05 0 
-1.9972 0.46344 -0.0190031 -0.00889876 0.455494 -0.455494 -0.00889876 261.569 259.213 8.88687 8.88346 0.00343782 6.38303e-06 -3.2429e-05 0 
-1.99352 0.465381 -0.0180355 -0.00987585 0.455488 -0.455488 -0.00987585 262.526 260.17 8.90312 8.89972 0.00346448 1.06733e-05 -2.99455e-05 0 
-1.98983 0.467215 -0.016932 -0.0107726 0.455481 -0.455481 -0.0107726 263.487 261.131 8.91939 8.916 0.0034915 1.49244e-05 -2.71813e-05 0 
-1.98615 0.468929 -0.0157017 -0.011577 0.455475 -0.455475 -0.011577 264.451 262.095 8.93569 8.93231 0.00351891 1.90856e-05 -2.41512e-05 0 
-1.98246 0.470511 -0.0143575 -0.0122793 0.455469 -0.455468 -0.0122793 265.419 263.062 8.95202 8.94866 0.00354668 2.31058e-05 -2.08726e-05 0 
-1.97878 0.471949 -0.0129123 -0.0128698 0.455462 -0.455462 -0.0128698 266.39 264.033 8.96838 8.96503 0.00357481 2.69338e-05 -1.73649e-05 0 
-1.97509 0.473232 -0.0113793 -0.0133386 0.455455 -0.455455 -0.0133386 267.365 265.008 8.98477 8.98143 0.00360329 3.05195e-05 -1.36502e-05 0 
-1.97141 0.474349 -0.0097714 -0.0136762 0.455449 -0.455449 -0.0136762 268.344 265.986 9.00118 8.99785 0.00363212 3.3814e-05 -9.75264e-06 0 
-1.96772 0.475291 -0.00810354 -0.013876 0.455442 -0.455442 -0.013876 269.326 266.968 9.01763 9.01431 0.00366128 3.67709e-05 -5.69854e-06 0 
-1.96404 0.476056 -0.0063927 -0.013935 0.455435 -0.455435 -0.013935 270.311 267.953 9.0341 9.03079 0.0036908 3.93463e-05 -1.51608e-06 0 
-1.96035 0.476639 -0.00465604 -0.0138505 0.455428 -0.455428 -0.0138505 271.3 268.942 9.0506 9.04731 0.00372069 4.15e-05 2.76484e-06 0 
-1.95667 0.477038 -0.00291069 -0.01362 0.455422 -0.455421 -0.01362 272.293 269.934 9.06713 9.06385 0.00375097 4.31957e-05 7.11285e-06 0 
-1.95298 0.477249 -0.00117379 -0.0132407 0.455415 -0.455414 -0.0132407 273.29 270.93 9.08369 9.08042 0.00378165 4.44017e-05 1.14953e-05 0 
-1.9493 0.477273 0.000537644 -0.0127138 0.455408 -0.455407 -0.0127138 274.29 271.93 9.10028 9.09702 0.00381272 4.50911e-05 1.58784e-05 0 
-1.94561 0.477115 0.00220676 -0.0120446 0.455401 -0.4554 -0.0120446 275.293 272.933 9.11689 9.11365 0.0038442 4.52427e-05 2.02274e-05 0 
-1.94193 0.476783 0.00381671 -0.0112389 0.455394 -0.455393 -0.0112389 276.301 273.94 9.13354 9.13031 0.00387607 4.4841e-05 2.4507e-05 0 
-1.93824 0.476281 0.00535065 -0.0103024 0.455386 -0.455386 -0.0103024 277.312 274.951 9.15021 9.14699 0.00390832 4.38771e-05 2.86815e-05 0 
-1.93456 0.475617 0.00679179 -0.00924082 0.455379 -0.455379 -0.00924082 278.326 275.965 9.16692 9.16371 0.00394094 4.23488e-05 3.27147e-05 0 
-1.93087 0.474799 0.0081255 -0.00806317 0.455372 -0.455372 -0.00806317 279.345 276.983 9.18365 9.18045 0.00397394 4.0261e-05 3.65711e-05 0 
-1.92719 0.473843 0.00933981 -0.00678229 0.455365 -0.455364 -0.00678229 280.367 278.005 9.20041 9.19723 0.0040073 3.76257e-05 4.02154e-05 0 
-1.9235 0.472762 0.0104229 -0.00541126 0.455357 -0.455357 -0.00541126 281.393 279.03 9.2172 9.21403 0.00404104 3.44622e-05 4.36131e-05 0 
-1.91982 0.471571 0.011363 -0.00396316 0.45535 -0.45535 -0.00396316 282.422 280.059 9.23402 9.23086 0.00407514 3.0797e-05 4.67309e-05 0 
-1.91613 0.470285 0.0121483 -0.00245112 0.455342 -0.455342 -0.00245112 283.456 281.092 9.25087 9.24772 0.00410962 2.6664e-05 4.95368e-05 0 
-1.91245 0.46892 0.0127709 -0.000890002 0.455334 -0.455334 -0.000890002 284.493 282.129 9.26774 9.26461 0.00414447 2.21037e-05 5.20007e-05 0 
-1.90876 0.467495 0.0132273 0.000703188 0.455327 -0.455327 0.000703188 285.533 283.17 9.28465 9.28152 0.00417973 1.71637e-05 5.40947e-05 0 
-1.90508 0.466029 0.0135145 0.00231131 0.455319 -0.455319 0.00231131 286.578 284.214 9.30159 9.29847 0.00421541 1.18976e-05 5.57931e-05 0 
-1.90139 0.464542 0.0136294 0.00391722 0.455311 -0.455311 0.00391722 287.626 285.262 9.31855 9.31545 0.00425154 6.36441e-06 5.70729e-05 0 
-1.89771 0.463053 0.0135689 0.00550378 0.455303 -0.455303 0.00550378 288.679 286.314 9.33554 9.33245 0.00428815 6.28593e-07 5.79139e-05 0 
-1.89402 0.461579 0.0133345 0.0070542 0.455295 -0.455296 0.0070542 289.735 287.369 9.35257 9.34949 0.00432524 -5.24115e-06 5.82985e-05 0 
-1.89034 0.460141 0.0129326 0.00855211 0.455287 -0.455288 0.00855211 290.794 288.429 9.36962 9.36655 0.00436277 -1.11722e-05 5.82122e-05 0 
-1.88666 0.458757 0.0123704 0.00998114 0.455279 -0.45528 0.00998114 291.858 289.492 9.3867 9.38364 0.00440073 -1.7089e-05 5.76439e-05 0 
-1.88297 0.457445 0.0116549 0.011325 0.455271 -0.455271 0.011325 292.926 290.559 9.40381 9.40077 0.00443909 -2.29134e-05 5.65863e-05 0 
-1.87929 0.456223 0.0107931 0.0125673 0.455263 -0.455263 0.0125673 293.997 291.631 9.42095 9.41792 0.00447782 -2.85665e-05 5.50358e-05 0 
-1.8756 0.455108 0.00979566 0.0136943 0.455255 -0.455255 0.0136943 295.072 292.706 9.43812 9.4351 0.00451693 -3.3969e-05 5.29935e-05 0 
-1.87192 0.454112 0.00867794 0.0146952 0.455246 -0.455247 0.0146952 296.152 293.784 9.45532 9.45231 0.00455645 -3.90431e-05 5.04649e-05 0 
-1.86823 0.453248 0.00745543 0.0155595 0.455238 -0.455238 0.0155595 297.235 294.867 9.47255 9.46955 0.00459643 -4.37133e-05 4.74597e-05 0 
-1.86455 0.452528 0.00614367 0.0162767 0.455229 -0.45523 0.0162767 298.322 295.954 9.48981 9.48682 0.00463691 -4.79073e-05 4.39916e-05 0 
-1.86086 0.451964 0.00475824 0.0168363 0.455221 -0.455221 0.0168363 299.413 297.045 9.50709 9.50411 0.00467793 -5.1557e-05 4.00786e-05 0 
-1.85718 0.451564 0.00331648 0.0172318 0.455212 -0.455213 0.0172318 300.508 298.139 9.52441 9.52144 0.00471951 -5.45996e-05 3.57424e-05 0 
-1.85349 0.451332 0.001838 0.0174619 0.455204 -0.455204 0.0174619 301.607 299.238 9.54176 9.5388 0.00476163 -5.69781e-05 3.10086e-05 0 
-1.84981 0.451268 0.00034252 0.0175255 0.455195 -0.455195 0.0175255 302.71 300.341 9.55913 9.55619 0.00480427 -5.86426e-05 2.59067e-05 0 
-1.84612 0.451376 -0.0011502 0.0174213 0.455186 -0.455186 0.0174213 303.817 301.447 9.57654 9.5736 0.00484743 -5.95514e-05 2.04705e-05 0 
-1.84244 0.451657 -0.00262045 0.0171486 0.455177 -0.455177 0.0171486 304.928 302.558 9.59397 9.59105 0.00489108 -5.96719e-05 1.47374e-05 0 
-1.83875 0.452109 -0.00404924 0.0167104 0.455168 -0.455168 0.0167104 306.043 303.672 9.61144 9.60852 0.00493521 -5.89813e-05 8.74856e-06 0 
-1.83507 0.452723 -0.00541854 0.0161159 0.455159 -0.455159 0.0161159 307.162 304.791 9.62893 9.62603 0.00497982 -5.74675e-05 2.54834e-06 0 
-1.83138 0.453491 -0.0067104 0.015374 0.45515 -0.45515 0.015374 308.285 305.914 9.64645 9.64356 0.00502491 -5.51293e-05 -3.81574e-06 0 
-1.8277 0.454402 -0.00790684 0.0144943 0.45514 -0.45514 0.0144943 309.412 307.041 9.66401 9.66112 0.00507047 -5.19771e-05 -1.02935e-05 0 
-1.82401 0.455448 -0.00898999 0.0134859 0.455131 -0.455131 0.0134859 310.543 308.171 9.68159 9.67872 0.0051165 -4.80329e-05 -1.68324e-05 0 
-1.82033 0.456616 -0.00994511 0.0123614 0.455121 -0.455122 0.0123614 311.678 309.306 9.6992 9.69634 0.00516301 -4.33307e-05 -2.33781e-05 0 
-1.81664 0.457888 -0.0107616 0.0111379 0.455112 -0.455112 0.0111379 312.818 310.445 9.71684 9.71399 0.00521004 -3.79161e-05 -2.98747e-05 0 
-1.81296 0.459246 -0.0114291 0.00983242 0.455102 -0.455102 0.00983242 313.961 311.589 9.73452 9.73168 0.00525763 -3.18462e-05 -3.62656e-05 0 
-1.80927 0.460673 -0.0119373 0.00846231 0.455093 -0.455093 0.00846231 315.109 312.736 9.75222 9.74939 0.00530581 -2.5189e-05 -4.24936e-05 0 
-1.80559 0.46215 -0.0122759 0.00704477 0.455083 -0.455083 0.00704477 316.261 313.888 9.76995 9.76713 0.00535462 -1.80224e-05 -4.85017e-05 0 
-1.8019 0.463658 -0.0124394 0.0055982 0.455073 -0.455073 0.0055982 317.417 315.043 9.78771 9.7849 0.00540407 -1.0434e-05 -5.42328e-05 0 
-1.79822 0.465176 -0.0124285 0.0041425 0.455063 -0.455063 0.0041425 318.577 316.203 9.8055 9.8027 0.00545415 -2.51988e-06 -5.96305e-05 0 
-1.79453 0.466682 -0.0122442 0.0026977 0.455053 -0.455053 0.0026977 319.741 317.367 9.82332 9.82053 0.00550483 5.61602e-06 -6.46398e-05 0 
-1.79085 0.468156 -0.0118875 0.00128381 0.455043 -0.455043 0.00128381 320.91 318.535 9.84117 9.83839 0.00555612 1.38633e-05 -6.92072e-05 0 
-1.78716 0.469576 -0.0113596 -7.91749e-05 0.455032 -0.455032 -7.91749e-05 322.083 319.708 9.85905 9.85628 0.00560797 2.21063e-05 -7.32816e-05 0 
-1.78348 0.470921 -0.0106665 -0.00137277 0.455022 -0.455022 -0.00137277 323.26 320.884 9.87696 9.8742 0.0056604 3.02259e-05 -7.68151e-05 0 
-1.77979 0.472175 -0.00982021 -0.0025805 0.455012 -0.455012 -0.0025805 324.441 322.065 9.8949 9.89215 0.00571341 3.81011e-05 -7.97633e-05 0 
-1.77611 0.47332 -0.00883354 -0.00368599 0.455001 -0.455001 -0.00368599 325.627 323.251 9.91287 9.91013 0.00576702 4.56107e-05 -8.20858e-05 0 
-1.77242 0.474338 -0.00771913 -0.00467292 0.45499 -0.45499 -0.00467292 326.816 324.44 9.93087 9.92814 0.00582125 5.26351e-05 -8.37466e-05 0 
-1.76874 0.475212 -0.00648971 -0.00552501 0.45498 -0.45498 -0.00552501 328.01 325.634 9.9489 9.94618 0.0058761 5.90584e-05 -8.47144e-05 0 
-1.76505 0.475928 -0.00516122 -0.00622979 0.454969 -0.454969 -0.00622979 329.209 326.832 9.96696 9.96425 0.0059316 6.47696e-05 -8.49633e-05 0 
-1.76137 0.476478 -0.0037539 -0.00677989 0.454958 -0.454958 -0.00677989 330.412 328.034 9.98505 9.98235 0.00598775 6.96648e-05 -8.44727e-05 0 
-1.75768 0.476855 -0.00228833 -0.00716832 0.454947 -0.454947 -0.00716832 331.619 329.241 10.0032 10.0005 0.00604455 7.36492e-05 -8.3228e-05 0 
-1.754 0.477051 -0.000785059 -0.00738809 0.454936 -0.454935 -0.00738809 332.83 330.452 10.0213 10.0186 0.00610201 7.66382e-05 -8.12209e-05 0 
-1.75031 0.477058 0.000735329 -0.0074323 0.454924 -0.454924 -0.0074323 334.046 331.668 10.0395 10.0368 0.00616012 7.85597e-05 -7.84494e-05 0 
-1.74663 0.476874 0.00225179 -0.00729898 0.454913 -0.454913 -0.00729898 335.266 332.887 10.0577 10.055 0.0062189 7.93552e-05 -7.49185e-05 0 
-1.74294 0.476505 0.00374261 -0.00699284 0.454901 -0.454901 -0.00699284 336.491 334.112 10.0759 10.0733 0.00627836 7.89816e-05 -7.06398e-05 0 
-1.73926 0.475956 0.00518604 -0.00651908 0.45489 -0.45489 -0.00651908 337.719 335.34 10.0942 10.0916 0.0063385 7.74119e-05 -6.56321e-05 0 
-1.73558 0.475233 0.00656033 -0.00588291 0.454878 -0.454878 -0.00588291 338.953 336.573 10.1125 10.1099 0.00639933 7.46364e-05 -5.99209e-05 0 
-1.73189 0.474341 0.00784378 -0.00508963 0.454866 -0.454866 -0.00508963 340.191 337.811 10.1308 10.1282 0.00646086 7.06637e-05 -5.35388e-05 0 
-1.72821 0.473291 0.00901727 -0.00414892 0.454854 -0.454854 -0.00414892 341.433 339.053 10.1492 10.1466 0.0065231 6.55206e-05 -4.65252e-05 0 
-1.72452 0.4721 0.0100652 -0.0030765 0.454842 -0.454842 -0.0030765 342.68 340.299 10.1676 10.165 0.00658604 5.9253e-05 -3.89261e-05 0 
-1.72084 0.470786 0.0109722 -0.00188855 0.45483 -0.45483 -0.00188855 343.931 341.55 10.186 10.1834 0.0066497 5.19255e-05 -3.07941e-05 0 
-1.71715 0.469367 0.0117231 -0.000601245 0.454818 -0.454818 -0.000601245 345.187 342.805 10.2045 10.2019 0.00671408 4.3621e-05 -2.2188e-05 0 
-1.71347 0.46786 0.0123024 0.000769189 0.454805 -0.454805 0.000769189 346.447 344.065 10.2229 10.2204 0.00677918 3.44405e-05 -1.31723e-05 0 
-1.70978 0.466287 0.0127 0.00220424 0.454793 -0.454793 0.00220424 347.712 345.33 10.2414 10.2389 0.00684502 2.45016e-05 -3.81707e-06 0 
-1.7061 0.46467 0.0129123 0.00368222 0.45478 -0.45478 0.00368222 348.981 346.599 10.26 10.2574 0.00691159 1.39377e-05 5.80273e-06 0 
-1.70241 0.463034 0.0129362 0.00518117 0.454767 -0.454767 0.00518117 350.255 347.872 10.2786 10.276 0.00697891 2.89619e-06 1.56078e-05 0 
-1.69873 0.461403 0.0127687 0.00667917 0.454754 -0.454754 0.00667917 351.533 349.15 10.2972 10.2946 0.007047 -8.4633e-06 2.55149e-05 0 
-1.69504 0.459803 0.0124069 0.00815427 0.454741 -0.454741 0.00815427 352.816 350.433 10.3158 10.3133 0.00711586 -1.99711e-05 3.54378e-05 0 
-1.69136 0.458255 0.0118534 0.0095853 0.454728 -0.454728 0.0095853 354.104 351.72 10.3344 10.3319 0.0071855 -3.14496e-05 4.52877e-05 0 
-1.68767 0.456783 0.0111188 0.0109521 0.454715 -0.454715 0.0109521 355.396 353.012 10.3531 10.3506 0.00725592 -4.27161e-05 5.49741e-05 0 
-1.68399 0.455409 0.0102143 0.0122345 0.454701 -0.454701 0.0122345 356.693 354.309 10.3719 10.3694 0.00732712 -5.35853e-05 6.44053e-05 0 
-1.6803 0.454155 0.00915079 0.0134125 0.454688 -0.454688 0.0134125 357.994 355.61 10.3906 10.3881 0.00739909 -6.38721e-05 7.34895e-05 0 
-1.67662 0.453044 0.00793965 0.0144661 0.454674 -0.454674 0.0144661 359.3 356.916 10.4094 10.4069 0.00747184 -7.33951e-05 8.21356e-05 0 
-1.67293 0.452093 0.00659634 0.0153788 0.45466 -0.45466 0.0153788 360.611 358.226 10.4282 10.4257 0.00754538 -8.19793e-05 9.0254e-05 0 
-1.66925 0.451317 0.00514245 0.0161394 0.454646 -0.454646 0.0161394 361.927 359.541 10.447 10.4446 0.00761974 -8.94594e-05 9.77578e-05 0 
-1.66556 0.450726 0.00360007 0.0167372 0.454632 -0.454632 0.0167372 363.247 360.861 10.4659 10.4634 0.00769496 -9.56832e-05 0.000104563 0 
-1.66188 0.450333 0.00199127 0.0171612 0.454618 -0.454618 0.0171612 364.572 362.186 10.4848 10.4824 0.00777105 -0.000100514 0.000110591 0 
-1.65819 0.45015 0.00033817 0.0174007 0.454604 -0.454604 0.0174007 365.902 363.515 10.5037 10.5013 0.00784806 -0.000103833 0.000115767 0 
-1.65451 0.450182 -0.0013358 0.0174504 0.454589 -0.454589 0.0174504 367.236 364.849 10.5227 10.5203 0.00792599 -0.000105542 0.000120022 0 
-1.65082 0.450428 -0.00300523 0.0173123 0.454574 -0.454574 0.0173123 368.575 366.188 10.5417 10.5393 0.00800481 -0.000105567 0.000123293 0 
-1.64714 0.450884 -0.00464461 0.0169894 0.45456 -0.45456 0.0169894 369.919 367.532 10.5607 10.5583 0.00808449 -0.000103858 0.000125523 0 
-1.64345 0.451547 -0.00622837 0.0164844 0.454545 -0.454545 0.0164844 371.268 368.88 10.5797 10.5773 0.00816498 -0.000100393 0.000126664 0 
-1.63977 0.452412 -0.00773104 0.0158003 0.454529 -0.45453 0.0158003 372.621 370.234 10.5988 10.5964 0.00824625 -9.51783e-05 0.000126678 0 
-1.63608 0.453471 -0.00912936 0.014945 0.454514 -0.454514 0.014945 373.98 371.592 10.6179 10.6156 0.00832832 -8.825e-05 0.000125534 0 
-1.6324 0.454706 -0.0104034 0.0139338 0.454499 -0.454499 0.0139338 375.343 372.955 10.6371 10.6347 0.00841122 -7.96754e-05 0.000123214 0 
-1.62871 0.456098 -0.0115334 0.0127826 0.454483 -0.454483 0.0127826 376.711 374.323 10.6562 10.6539 0.00849502 -6.95514e-05 0.000119709 0 
-1.62503 0.457628 -0.0124998 0.0115074 0.454468 -0.454468 0.0115074 378.084 375.695 10.6754 10.6731 0.00857978 -5.8004e-05 0.000115021 0 
-1.62134 0.459278 -0.0132829 0.0101241 0.454452 -0.454452 0.0101241 379.462 377.073 10.6947 10.6923 0.00866555 -4.51872e-05 0.000109162 0 
-1.61766 0.461026 -0.0138683 0.0086515 0.454436 -0.454436 0.0086515 380.845 378.455 10.7139 10.7116 0.00875238 -3.1281e-05 0.000102157 0 
-1.61397 0.462843 -0.0142493 0.00711263 0.454419 -0.454419 0.00711263 382.233 379.843 10.7332 10.7309 0.00884028 -1.64899e-05 9.40384e-05 0 
-1.61029 0.464702 -0.0144196 0.00553085 0.454403 -0.454403 0.00553085 383.625 381.235 10.7525 10.7502 0.00892926 -1.04007e-06 8.48514e-05 0 
-1.6066 0.466574 -0.0143732 0.00392953 0.454387 -0.454387 0.00392953 385.023 382.632 10.7719 10.7696 0.00901933 1.48237e-05 7.46517e-05 0 
-1.60292 0.468432 -0.014104 0.002332 0.45437 -0.45437 0.002332 386.425 384.035 10.7913 10.789 0.00911049 3.08411e-05 6.3506e-05 0 
-1.59923 0.470247 -0.0136122 0.000761077 0.454353 -0.454353 0.000761077 387.833 385.442 10.8107 10.8084 0.00920274 4.67409e-05 5.1491e-05 0 
-1.59555 0.471993 -0.0129074 -0.000761224 0.454336 -0.454336 -0.000761224 389.245 386.854 10.8301 10.8278 0.00929604 6.22444e-05 3.86936e-05 0 
-1.59187 0.473641 -0.0119999 -0.00221295 0.454319 -0.454319 -0.00221295 390.663 388.271 10.8496 10.8473 0.00939038 7.70703e-05 2.52103e-05 0 
-1.58818 0.475165 -0.0109 -0.00357217 0.454301 -0.454301 -0.00357217 392.086 389.694 10.8691 10.8668 0.0094857 9.09399e-05 1.11466e-05 0 
-1.5845 0.476536 -0.0096182 -0.00481698 0.454284 -0.454284 -0.00481698 393.513 391.121 10.8886 10.8863 0.009582 0.000103582 -3.38353e-06 0 
-1.58081 0.477731 -0.00816975 -0.00592934 0.454266 -0.454266 -0.00592934 394.946 392.553 10.9082 10.9059 0.00967925 0.000114737 -1.82586e-05 0 
-1.57713 0.478733 -0.00657758 -0.00689693 0.454248 -0.454248 -0.00689693 396.384 393.991 10.9277 10.9255 0.00977751 0.000124166 -3.33509e-05 0 
-1.57344 0.479525 -0.00486517 -0.00770792 0.45423 -0.45423 -0.00770792 397.826 395.433 10.9474 10.9451 0.00987681 0.000131651 -4.85277e-05 0 
-1.56976 0.48009 -0.003056 -0.00835048 0.454212 -0.454212 -0.00835048 399.274 396.881 10.967 10.9648 0.00997721 0.000137003 -6.36521e-05 0 
-1.56607 0.480412 -0.00117358 -0.00881287 0.454193 -0.454193 -0.00881287 400.728 398.334 10.9867 10.9845 0.0100788 0.000140063 -7.85845e-05 0 
-1.56239 0.480481 0.000756851 -0.00908901 0.454175 -0.454175 -0.00908901 402.186 399.792 11.0064 11.0042 0.0101815 0.000140711 -9.31833e-05 0 
-1.5587 0.480296 0.00270749 -0.00918141 0.454156 -0.454156 -0.00918141 403.649 401.255 11.0261 11.0239 0.0102853 0.000138862 -0.000107306 0 
-1.55502 0.479858 0.00465031 -0.0090933 0.454137 -0.454137 -0.0090933 405.118 402.723 11.0459 11.0437 0.0103903 0.000134476 -0.000120811 0 
-1.55133 0.479168 0.00655728 -0.00882791 0.454118 -0.454118 -0.00882791 406.591 404.196 11.0657 11.0635 0.0104965 0.000127556 -0.000133558 0 
-1.54765 0.478226 0.0084004 -0.00838858 0.454098 -0.454098 -0.00838858 408.07 405.675 11.0855 11.0833 0.0106038 0.000118153 -0.00014541 0 
-1.54396 0.477039 0.010154 -0.00778382 0.454079 -0.454078 -0.00778382 409.554 407.159 11.1054 11.1032 0.0107123 0.000106363 -0.000156236 0 
-1.54028 0.475625 0.0117958 -0.00703015 0.454059 -0.454059 -0.00703015 411.044 408.648 11.1252 11.1231 0.0108219 9.23314e-05 -0.00016591 0 
-1.53659 0.474001 0.0133041 -0.0061448 0.454039 -0.454039 -0.0061448 412.538 410.142 11.1451 11.143 0.0109327 7.62483e-05 -0.000174314 0 
-1.53291 0.472187 0.014657 -0.00514495 0.454018 -0.454018 -0.00514495 414.038 411.642 11.1651 11.1629 0.0110446 5.83481e-05 -0.000181338 0 
-1.52922 0.470199 0.0158326 -0.00404787 0.453998 -0.453998 -0.00404787 415.544 413.147 11.1851 11.1829 0.0111579 3.89067e-05 -0.000186882 0 
-1.52554 0.468061 0.0168147 -0.00287337 0.453977 -0.453977 -0.00287337 417.054 414.657 11.2051 11.2029 0.0112723 1.82377e-05 -0.000190858 0 
-1.52185 0.465799 0.0175953 -0.0016453 0.453956 -0.453956 -0.0016453 418.57 416.173 11.2251 11.223 0.011388 -3.31209e-06 -0.000193189 0 
-1.51817 0.463444 0.0181672 -0.000387853 0.453935 -0.453935 -0.000387853 420.091 417.693 11.2451 11.243 0.011505 -2.53677e-05 -0.00019381 0 
-1.51448 0.461023 0.0185232 0.000874798 0.453914 -0.453914 0.000874798 421.617 419.22 11.2652 11.2631 0.0116232 -4.75322e-05 -0.000192673 0 
-1.5108 0.458566 0.0186563 0.00211848 0.453893 -0.453893 0.00211848 423.149 420.751 11.2853 11.2832 0.0117427 -6.93932e-05 -0.000189742 0 
-1.50711 0.456102 0.0185656 0.00332021 0.453871 -0.453871 0.00332021 424.686 422.288 11.3055 11.3034 0.0118635 -9.05303e-05 -0.000184998 0 
-1.50343 0.453658 0.0182604 0.00445881 0.453849 -0.453849 0.00445881 426.229 423.83 11.3257 11.3236 0.0119856 -0.000110523 -0.000178437 0 
-1.49974 0.451263 0.0177509 0.00551328 0.453827 -0.453827 0.00551328 427.777 425.378 11.3459 11.3438 0.0121089 -0.000128958 -0.000170073 0 
-1.49606 0.448947 0.0170471 0.00646264 0.453804 -0.453804 0.00646264 429.33 426.931 11.3661 11.364 0.0122336 -0.000145438 -0.000159935 0 
-1.49237 0.446736 0.0161593 0.00728595 0.453782 -0.453782 0.00728595 430.889 428.49 11.3863 11.3843 0.0123596 -0.000159592 -0.00014807 0 
-1.48869 0.444656 0.0151023 0.00796673 0.453759 -0.453759 0.00796673 432.453 430.054 11.4066 11.4046 0.012487 -0.000171077 -0.000134542 0 
-1.485 0.442725 0.0138985 0.00849558 0.453736 -0.453736 0.00849558 434.023 431.623 11.427 11.4249 0.0126157 -0.000179593 -0.00011943 0 
-1.48132 0.440959 0.0125708 0.00886374 0.453712 -0.453712 0.00886374 435.598 433.198 11.4473 11.4453 0.0127458 -0.000184888 -0.000102831 0 
-1.47763 0.439377 0.0111422 0.00906241 0.453689 -0.453689 0.00906241 437.179 434.779 11.4677 11.4656 0.0128773 -0.000186763 -8.48568e-05 0 
-1.47395 0.437995 0.00963575 0.00908293 0.453665 -0.453665 0.00908293 438.765 436.365 11.4881 11.486 0.0130102 -0.000185078 -6.56352e-05 0 
-1.47026 0.436825 0.00807542 0.00892243 0.453641 -0.453641 0.00892243 440.357 437.956 11.5085 11.5065 0.0131445 -0.000179759 -4.53073e-05 0 
-1.46658 0.435867 0.00648709 0.0085874 0.453616 -0.453616 0.0085874 441.955 439.553 11.529 11.527 0.0132803 -0.000170801 -2.40278e-05 0 
-1.46289 0.435123 0.00489675 0.00808518 0.453592 -0.453592 0.00808518 443.558 441.156 11.5494 11.5474 0.0134175 -0.000158269 -1.96382e-06 0 
-1.45921 0.434591 0.00333039 0.00742309 0.453567 -0.453567 0.00742309 445.166 442.764 11.57 11.568 0.0135562 -0.000142302 2.07068e-05 0 
-1.45552 0.434272 0.00181395 0.00660853 0.453542 -0.453542 0.00660853 446.78 444.378 11.5905 11.5885 0.0136964 -0.000123113 4.37964e-05 0 
-1.45184 0.43416 0.00037051 0.00565355 0.453516 -0.453516 0.00565355 448.4 445.997 11.6111 11.6091 0.013838 -0.000100982 6.71091e-05 0 
-1.44816 0.434241 -0.000981513 0.00457769 0.453491 -0.453491 0.00457769 450.025 447.622 11.6317 11.6297 0.0139812 -7.62614e-05 9.04428e-05 0 
-1.44447 0.434498 -0.00222413 0.00340119 0.453465 -0.453465 0.00340119 451.656 449.253 11.6523 11.6503 0.0141258 -4.93652e-05 0.00011359 0 
-1.44079 0.434916 -0.00333935 0.00214428 0.453439 -0.453439 0.00214428 453.293 450.889 11.673 11.671 0.0142721 -2.07655e-05 0.000136341 0 
-1.4371 0.435478 -0.00430925 0.000827237 0.453412 -0.453412 0.000827237 454.935 452.531 11.6936 11.6917 0.0144198 9.01573e-06 0.000158484 0 
-1.43342 0.436166 -0.0051214 -0.000528334 0.453386 -0.453386 -0.000528334 456.583 454.179 11.7144 11.7124 0.0145692 3.94147e-05 0.000179808 0 
-1.42973 0.436957 -0.00577229 -0.00189858 0.453359 -0.453359 -0.00189858 458.237 455.833 11.7351 11.7332 0.0147201 6.98365e-05 0.000200104 0 
-1.42605 0.437827 -0.00625926 -0.00325942 0.453331 -0.453331 -0.00325942 459.896 457.492 11.7559 11.7539 0.0148726 9.96654e-05 0.000219169 0 
-1.42236 0.438751 -0.00657966 -0.00458682 0.453304 -0.453304 -0.00458682 461.561 459.157 11.7766 11.7747 0.0150268 0.000128277 0.000236804 0 
-1.41868 0.439707 -0.00673089 -0.00585674 0.453276 -0.453276 -0.00585674 463.232 460.827 11.7975 11.7956 0.0151826 0.000155052 0.000252821 0 
-1.41499 0.440671 -0.0067159 -0.00704768 0.453248 -0.453248 -0.00704768 464.909 462.504 11.8183 11.8164 0.0153402 0.000179386 0.000267038 0 
-1.41131 0.441624 -0.00654677 -0.00814237 0.45322 -0.45322 -0.00814237 466.591 464.186 11.8392 11.8373 0.0154993 0.000200705 0.000279289 0 
-1.40762 0.442544 -0.00623647 -0.00912391 0.453191 -0.453191 -0.00912391 468.28 465.874 11.8601 11.8582 0.0156603 0.00021848 0.000289419 0 
-1.40394 0.44341 -0.00579796 -0.00997541 0.453162 -0.453162 -0.00997541 469.974 467.568 11.881 11.8791 0.0158229 0.000232235 0.000297289 0 
-1.40025 0.444203 -0.00524422 -0.0106801 0.453133 -0.453133 -0.0106801 471.674 469.267 11.902 11.9001 0.0159873 0.000241564 0.000302774 0 
-1.39657 0.444907 -0.0045913 -0.0112263 0.453103 -0.453103 -0.0112263 473.379 470.973 11.923 11.9211 0.0161535 0.000246136 0.000305772 0 
-1.39288 0.445513 -0.00386029 -0.0116114 0.453073 -0.453073 -0.0116114 475.091 472.684 11.944 11.9421 0.0163214 0.000245713 0.000306194 0 
-1.3892 0.446012 -0.0030728 -0.0118334 0.453043 -0.453043 -0.0118334 476.809 474.401 11.965 11.9632 0.0164912 0.00024015 0.000303976 0 
-1.38551 0.446397 -0.00225042 -0.0118905 0.453012 -0.453012 -0.0118905 478.532 476.124 11.9861 11.9842 0.0166627 0.000229408 0.000299073 0 
-1.38183 0.446661 -0.00141474 -0.0117808 0.452981 -0.452981 -0.0117808 480.261 477.854 12.0072 12.0053 0.0168361 0.000213555 0.000291461 0 
-1.37814 0.4468 -0.000586493 -0.0115081 0.45295 -0.45295 -0.0115081 481.996 479.588 12.0283 12.0264 0.0170113 0.000192771 0.000281142 0 
-1.37446 0.446821 0.000214991 -0.0110852 0.452919 -0.452919 -0.0110852 483.738 481.329 12.0494 12.0476 0.0171884 0.000167345 0.000268137 0 
-1.37077 0.446731 0.000970528 -0.0105262 0.452887 -0.452887 -0.0105262 485.485 483.076 12.0706 12.0688 0.0173673 0.000137678 0.000252491 0 
-1.36709 0.446539 0.00166093 -0.00984483 0.452855 -0.452855 -0.00984483 487.238 484.829 12.0918 12.09 0.017548 0.000104273 0.000234275 0 
-1.3634 0.446251 0.00226707 -0.00905508 0.452822 -0.452822 -0.00905508 488.997 486.588 12.113 12.1112 0.0177306 6.77325e-05 0.000213579 0 
-1.35972 0.445879 0.00277403 -0.00817392 0.452789 -0.452789 -0.00817392 490.762 488.353 12.1342 12.1324 0.0179151 2.87457e-05 0.000190517 0 
-1.35603 0.44544 0.00317408 -0.00722357 0.452756 -0.452756 -0.00722357 492.533 490.123 12.1555 12.1537 0.0181015 -1.19209e-05 0.000165226 0 
-1.35235 0.444951 0.00346023 -0.00622674 0.452723 -0.452723 -0.00622674 494.31 491.9 12.1768 12.175 0.0182898 -5.34388e-05 0.000137863 0 
-1.34866 0.444432 0.00362546 -0.00520616 0.452689 -0.452689 -0.00520616 496.093 493.683 12.1981 12.1964 0.0184802 -9.4933e-05 0.000108604 0 
-1.34498 0.443898 0.00366283 -0.00418454 0.452655 -0.452655 -0.00418454 497.883 495.472 12.2195 12.2177 0.0186726 -0.0001355 7.76448e-05 0 
-1.34129 0.443368 0.00357078 -0.00318366 0.45262 -0.45262 -0.00318366 499.678 497.267 12.2409 12.2391 0.0188671 -0.000174225 4.51979e-05 0 
-1.33761 0.442861 0.00335701 -0.00222368 0.452585 -0.452585 -0.00222368 501.479 499.068 12.2623 12.2605 0.0190637 -0.000210203 1.14914e-05 0 
-1.33392 0.442393 0.00303018 -0.00132462 0.45255 -0.45255 -0.00132462 503.287 500.876 12.2837 12.2819 0.0192624 -0.000242559 -2.32324e-05 0 
-1.33024 0.441982 0.00259891 -0.000506481 0.452514 -0.452514 -0.000506481 505.1 502.689 12.3051 12.3034 0.0194632 -0.000270468 -5.87185e-05 0 
-1.32655 0.441647 0.00207191 0.000210786 0.452478 -0.452478 0.000210786 506.92 504.508 12.3266 12.3249 0.0196661 -0.000293176 -9.47016e-05 0 
-1.32287 0.4414 0.00146149 0.000811685 0.452442 -0.452442 0.000811685 508.746 506.334 12.3481 12.3464 0.0198711 -0.000310019 -0.000130908 0 
-1.31918 0.44125 0.000786408 0.00128853 0.452405 -0.452405 0.00128853 510.578 508.166 12.3696 12.3679 0.0200782 -0.00032044 -0.000167057 0 
-1.3155 0.441204 6.60262e-05 0.00163442 0.452368 -0.452368 0.00163442 512.416 510.004 12.3912 12.3894 0.0202874 -0.00032401 -0.000202864 0 
-1.31181 0.441269 -0.000680275 0.00184245 0.45233 -0.45233 0.00184245 514.261 511.848 12.4127 12.411 0.0204988 -0.000320438 -0.000238044 0 
-1.30813 0.441452 -0.00143312 0.00190578 0.452292 -0.452292 0.00190578 516.111 513.698 12.4343 12.4326 0.0207123 -0.000309585 -0.00027231 0 
-1.30445 0.441754 -0.00217323 0.00182324 0.452254 -0.452254 0.00182324 517.968 515.555 12.4559 12.4542 0.020928 -0.000291471 -0.000305379 0 
-1.30076 0.442169 -0.00288148 0.00160359 0.452215 -0.452215 0.00160359 519.831 517.418 12.4776 12.4759 0.021146 -0.000266282 -0.000336974 0 
-1.29708 0.442688 -0.00353879 0.00125666 0.452176 -0.452176 0.00125666 521.7 519.287 12.4993 12.4976 0.0213661 -0.000234375 -0.000366823 0 
-1.29339 0.443303 -0.00412605 0.000792247 0.452136 -0.452136 0.000792247 523.576 521.162 12.5209 12.5192 0.0215885 -0.000196267 -0.000394665 0 
-1.28971 0.444005 -0.00462421 0.000220213 0.452096 -0.452096 0.000220213 525.458 523.044 12.5427 12.541 0.0218132 -0.000152641 -0.000420251 0 
-1.28602 0.444783 -0.00501807 -0.000445852 0.452056 -0.452056 -0.000445852 527.346 524.932 12.5644 12.5627 0.0220403 -0.000104324 -0.000443344 0 
-1.28234 0.445617 -0.00529934 -0.00118566 0.452015 -0.452015 -0.00118566 529.241 526.826 12.5861 12.5845 0.0222697 -5.22832e-05 -0.000463723 0 
-1.27865 0.446489 -0.00546044 -0.00197824 0.451974 -0.451974 -0.00197824 531.141 528.726 12.6079 12.6063 0.0225014 2.39572e-06 -0.000481183 0 
-1.27497 0.447378 -0.00549379 -0.0028026 0.451932 -0.451932 -0.0028026 533.048 530.633 12.6297 12.6281 0.0227356 5.85293e-05 -0.00049554 0 
-1.27128 0.448265 -0.00539187 -0.00363778 0.45189 -0.45189 -0.00363778 534.962 532.546 12.6515 12.6499 0.0229721 0.00011486 -0.000506627 0 
-1.2676 0.44913 -0.00515263 -0.00446307 0.451848 -0.451848 -0.00446307 536.882 534.466 12.6734 12.6717 0.023211 0.000170081 -0.000514302 0 
-1.26391 0.449954 -0.00478392 -0.00525831 0.451805 -0.451805 -0.00525831 538.808 536.392 12.6953 12.6936 0.0234524 0.000222871 -0.000518443 0 
-1.26023 0.450717 -0.00429463 -0.00600336 0.451761 -0.451761 -0.00600336 540.741 538.324 12.7172 12.7155 0.0236962 0.000271915 -0.000518953 0 
-1.25654 0.451399 -0.00369364 -0.00667811 0.451717 -0.451717 -0.00667811 542.68 540.263 12.7391 12.7374 0.0239425 0.000315948 -0.000515759 0 
-1.25286 0.451981 -0.0029899 -0.00726247 0.451673 -0.451673 -0.00726247 544.625 542.208 12.761 12.7594 0.0241913 0.000353775 -0.000508813 0 
-1.24917 0.452447 -0.00219621 -0.00774053 0.451628 -0.451628 -0.00774053 546.577 544.16 12.783 12.7813 0.0244427 0.000384311 -0.000498093 0 
-1.24549 0.452787 -0.00133253 -0.00810397 0.451583 -0.451583 -0.00810397 548.535 546.118 12.8049 12.8033 0.0246966 0.000406606 -0.0004836 0 
-1.2418 0.452995 -0.000419574 -0.00834531 0.451537 -0.451537 -0.00834531 550.5 548.082 12.8269 12.8253 0.0249531 0.000419875 -0.000465363 0 
-1.23812 0.453062 0.000521961 -0.00845705 0.451491 -0.451491 -0.00845705 552.471 550.053 12.8489 12.8473 0.0252123 0.000423522 -0.000443435 0 
-1.23443 0.45298 0.00147137 -0.00843175 0.451444 -0.451444 -0.00843175 554.449 552.031 12.871 12.8694 0.025474 0.000417162 -0.000417892 0 
-1.23075 0.452746 0.00240798 -0.00826753 0.451397 -0.451397 -0.00826753 556.433 554.015 12.893 12.8915 0.0257384 0.000400638 -0.000388836 0 
-1.22706 0.45237 0.00331121 -0.00797279 0.45135 -0.451349 -0.00797279 558.424 556.005 12.9151 12.9135 0.0260055 0.000374034 -0.000356392 0 
-1.22338 0.451859 0.0041605 -0.00755705 0.451301 -0.451301 -0.00755705 560.421 558.002 12.9372 12.9356 0.0262752 0.000337681 -0.000320706 0 
-1.21969 0.451223 0.00493526 -0.00702982 0.451253 -0.451253 -0.00702982 562.425 560.006 12.9593 12.9578 0.0265477 0.000292157 -0.000281944 0 
-1.21601 0.450471 0.00561495 -0.00640065 0.451204 -0.451204 -0.00640065 564.435 562.016 12.9815 12.9799 0.0268229 0.000238286 -0.000240294 0 
-1.21232 0.449617 0.00618304 -0.00568262 0.451154 -0.451154 -0.00568262 566.452 564.032 13.0036 13.0021 0.0271009 0.000177121 -0.000195959 0 
-1.20864 0.448681 0.00663046 -0.00489545 0.451104 -0.451104 -0.00489545 568.475 566.056 13.0258 13.0242 0.0273817 0.000109933 -0.000149161 0 
-1.20495 0.447684 0.00694894 -0.0040596 0.451053 -0.451053 -0.0040596 570.505 568.085 13.048 13.0464 0.0276653 3.81833e-05 -0.000100136 0 
-1.20127 0.446649 0.00713023 -0.00319549 0.451002 -0.451002 -0.00319549 572.542 570.122 13.0702 13.0687 0.0279517 -3.65045e-05 -4.91308e-05 0 
-1.19758 0.445596 0.00716612 -0.00232357 0.45095 -0.45095 -0.00232357 574.585 572.165 13.0924 13.0909 0.028241 -0.000112378 3.59458e-06 0 
-1.1939 0.444548 0.00705389 -0.00146359 0.450898 -0.450898 -0.00146359 576.635 574.214 13.1147 13.1132 0.0285332 -0.000187597 5.7772e-05 0 
-1.19021 0.443526 0.00680118 -0.000633972 0.450845 -0.450845 -0.000633972 578.691 576.27 13.137 13.1354 0.0288283 -0.000260273 0.000113126 0 
-1.18653 0.442552 0.00641679 0.000146975 0.450791 -0.450791 0.000146975 580.754 578.333 13.1592 13.1577 0.0291263 -0.000328518 0.000169378 0 
-1.18284 0.441648 0.00590951 0.00086096 0.450738 -0.450738 0.00086096 582.824 580.403 13.1815 13.18 0.0294273 -0.00039049 0.000226243 0 
-1.17916 0.440835 0.00528817 0.00148972 0.450683 -0.450683 0.00148972 584.901 582.479 13.2039 13.2023 0.0297313 -0.000444442 0.000283439 0 
-1.17547 0.440131 0.00456513 0.00201945 0.450628 -0.450628 0.00201945 586.984 584.562 13.2262 13.2247 0.0300383 -0.000488771 0.000340682 0 
-1.17179 0.439547 0.00375954 0.0024448 0.450572 -0.450572 0.0024448 589.073 586.651 13.2485 13.247 0.0303484 -0.00052206 0.000397692 0 
-1.1681 0.439093 0.00289131 0.00276138 0.450516 -0.450516 0.00276138 591.17 588.748 13.2709 13.2694 0.0306615 -0.000543126 0.000454196 0 
-1.16442 0.438777 0.00198034 0.00296479 0.450459 -0.450459 0.00296479 593.273 590.851 13.2933 13.2918 0.0309776 -0.000551055 0.000509924 0 
-1.16074 0.438611 0.00104654 0.0030507 0.450402 -0.450402 0.0030507 595.383 592.96 13.3157 13.3142 0.0312969 -0.000545238 0.000564616 0 
-1.15705 0.438598 0.000109263 0.00301996 0.450344 -0.450344 0.00301996 597.5 595.077 13.3381 13.3366 0.0316193 -0.000525396 0.000618024 0 
-1.15337 0.438733 -0.000813143 0.00288345 0.450285 -0.450285 0.00288345 599.623 597.2 13.3605 13.3591 0.0319449 -0.000491602 0.000669908 0 
-1.14968 0.43901 -0.00170246 0.00265319 0.450226 -0.450226 0.00265319 601.753 599.33 13.383 13.3815 0.0322737 -0.000444288 0.000720044 0 
-1.146 0.43942 -0.00254048 0.00234121 0.450167 -0.450167 0.00234121 603.89 601.466 13.4054 13.404 0.0326057 -0.000384252 0.000768221 0 
-1.14231 0.439959 -0.00330899 0.00195956 0.450106 -0.450106 0.00195956 606.034 603.61 13.4279 13.4265 0.0329411 -0.000312647 0.000814245 0 
-1.13863 0.440616 -0.00399382 0.0015227 0.450045 -0.450045 0.0015227 608.184 605.76 13.4504 13.449 0.0332797 -0.000230964 0.000857935 0 
-1.13494 0.441374 -0.00458853 0.00104984 0.449984 -0.449984 0.00104984 610.341 607.917 13.4729 13.4715 0.0336217 -0.00014101 0.000899128 0 
-1.13126 0.442218 -0.00508761 0.000560713 0.449921 -0.449921 0.000560713 612.505 610.08 13.4954 13.494 0.033967 -4.48674e-05 0.000937677 0 
-1.12757 0.443131 -0.00548554 7.50629e-05 0.449858 -0.449858 7.50629e-05 614.676 612.251 13.518 13.5165 0.0343156 5.51483e-05 0.000973456 0 
-1.12389 0.444094 -0.00577683 -0.000387382 0.449795 -0.449795 -0.000387382 616.854 614.428 13.5405 13.5391 0.0346674 0.00015654 0.00100635 0 
-1.1202 0.445094 -0.00596046 -0.000808871 0.449731 -0.449731 -0.000808871 619.038 616.613 13.5631 13.5616 0.0350226 0.000256688 0.00103628 0 
-1.11652 0.446113 -0.00604423 -0.00117556 0.449666 -0.449666 -0.00117556 621.229 618.804 13.5856 13.5842 0.0353811 0.00035292 0.00106317 0 
-1.11283 0.447138 -0.00603698 -0.00147405 0.4496 -0.4496 -0.00147405 623.427 621.002 13.6082 13.6068 0.0357431 0.000442573 0.00108696 0 
-1.10915 0.448153 -0.00594754 -0.00169096 0.449534 -0.449534 -0.00169096 625.632 623.206 13.6308 13.6294 0.0361086 0.000523073 0.00110763 0 
-1.10546 0.449144 -0.00578476 -0.00181293 0.449467 -0.449467 -0.00181293 627.844 625.418 13.6534 13.652 0.0364777 0.000591999 0.00112517 0 
-1.10178 0.450099 -0.00555926 -0.00183151 0.4494 -0.4494 -0.00183151 630.063 627.636 13.676 13.6746 0.0368504 0.000647158 0.00113957 0 
-1.09809 0.451013 -0.0052852 -0.00174802 0.449331 -0.449331 -0.00174802 632.288 629.862 13.6986 13.6972 0.0372268 0.000686652 0.00115085 0 
-1.09441 0.451881 -0.00497716 -0.00156492 0.449263 -0.449263 -0.00156492 634.521 632.094 13.7213 13.7199 0.0376069 0.000708935 0.00115906 0 
-1.09072 0.4527 -0.00464971 -0.0012847 0.449193 -0.449193 -0.0012847 636.76 634.333 13.7439 13.7425 0.0379908 0.000712875 0.00116423 0 
-1.08704 0.453465 -0.00431743 -0.000909859 0.449123 -0.449123 -0.000909859 639.006 636.579 13.7666 13.7652 0.0383784 0.000697795 0.00116644 0 
-1.08335 0.454176 -0.00399291 -0.000447161 0.449051 -0.449051 -0.000447161 641.259 638.832 13.7892 13.7879 0.0387697 0.000663509 0.00116577 0 
-1.07967 0.454837 -0.00368478 8.80729e-05 0.44898 -0.44898 8.80729e-05 643.519 641.092 13.8119 13.8105 0.0391649 0.000610346 0.0011623 0 
-1.07598 0.455455 -0.00340119 0.000679486 0.448907 -0.448907 0.000679486 645.786 643.358 13.8346 13.8332 0.0395637 0.000539161 0.00115614 0 
-1.0723 0.456035 -0.00315031 0.00131072 0.448834 -0.448834 0.00131072 648.06 645.632 13.8573 13.8559 0.0399663 0.000451327 0.0011474 0 
-1.06861 0.456583 -0.00294024 0.00196542 0.44876 -0.44876 0.00196542 650.341 647.913 13.88 13.8786 0.0403725 0.000348724 0.00113619 0 
-1.06493 0.457106 -0.00277526 0.00262671 0.448685 -0.448685 0.00262671 652.629 650.2 13.9027 13.9013 0.0407825 0.000233699 0.00112266 0 
-1.06124 0.457611 -0.00265179 0.00327666 0.44861 -0.44861 0.00327666 654.923 652.495 13.9254 13.924 0.0411962 0.000109021 0.00110695 0 
-1.05756 0.458104 -0.00256527 0.00389721 0.448533 -0.448533 0.00389721 657.225 654.796 13.9481 13.9468 0.0416138 -2.21816e-05 0.00108918 0 
-1.05387 0.458592 -0.00251115 0.00447029 0.448456 -0.448456 0.00447029 659.534 657.104 13.9708 13.9695 0.0420354 -0.000156493 0.00106953 0 
-1.05019 0.459083 -0.00248488 0.00497789 0.448378 -0.448378 0.00497789 661.849 659.42 13.9936 13.9922 0.0424609 -0.000290298 0.00104813 0 
-1.0465 0.45958 -0.00247946 0.00540549 0.4483 -0.4483 0.00540549 664.172 661.742 14.0163 14.015 0.0428905 -0.000419871 0.00102515 0 
-1.04282 0.460083 -0.00248288 0.00574587 0.44822 -0.44822 0.00574587 666.501 664.071 14.039 14.0377 0.0433242 -0.000541482 0.00100074 0 
-1.03913 0.46059 -0.00248252 0.00599273 0.44814 -0.44814 0.00599273 668.838 666.407 14.0618 14.0605 0.043762 -0.000651493 0.000975044 0 
-1.03545 0.461099 -0.00246577 0.00613975 0.448059 -0.448059 0.00613975 671.181 668.75 14.0845 14.0832 0.0442039 -0.00074647 0.000948229 0 
-1.03176 0.461608 -0.00242 0.00618065 0.447977 -0.447977 0.00618065 673.531 671.101 14.1073 14.106 0.0446498 -0.000823284 0.000920444 0 
-1.02808 0.462113 -0.00233375 0.00611403 0.447895 -0.447895 0.00611403 675.889 673.458 14.13 14.1287 0.0450999 -0.000879212 0.000891837 0 
-1.02439 0.462602 -0.00219797 0.00594872 0.447811 -0.447811 0.00594872 678.253 675.822 14.1528 14.1515 0.0455541 -0.00091203 0.000862557 0 
-1.02071 0.463063 -0.00200393 0.00569483 0.447727 -0.447727 0.00569483 680.624 678.193 14.1756 14.1743 0.0460125 -0.000920091 0.000832744 0 
-1.01702 0.463485 -0.00174286 0.00536245 0.447642 -0.447642 0.00536245 683.003 680.571 14.1983 14.197 0.0464751 -0.000902398 0.000802538 0 
-1.01334 0.463854 -0.00140605 0.0049617 0.447556 -0.447556 0.0049617 685.388 682.956 14.2211 14.2198 0.0469419 -0.000858652 0.000772069 0 
-1.00966 0.464158 -0.000988777 0.0045053 0.447469 -0.447469 0.0045053 687.78 685.348 14.2439 14.2426 0.047413 -0.000789286 0.000741466 0 
-1.00597 0.464384 -0.000494733 0.00401141 0.447381 -0.447381 0.00401141 690.18 687.747 14.2666 14.2654 0.0478884 -0.000695483 0.000710846 0 
-1.00229 0.464518 7.13058e-05 0.00349889 0.447292 -0.447292 0.00349889 692.586 690.154 14.2894 14.2881 0.0483681 -0.000579164 0.000680325 0 
-0.998601 0.464546 0.000704567 0.00298662 0.447203 -0.447203 0.00298662 694.999 692.567 14.3122 14.3109 0.0488521 -0.000442964 0.000650006 0 
-0.994916 0.464454 0.00140026 0.00249344 0.447112 -0.447112 0.00249344 697.42 694.987 14.3349 14.3337 0.0493406 -0.000290179 0.000619991 0 
-0.991231 0.464232 0.00214987 0.0020366 0.447021 -0.447021 0.0020366 699.847 697.414 14.3577 14.3565 0.0498334 -0.000124694 0.000590368 0 
-0.987546 0.463875 0.00293701 0.00162993 0.446929 -0.446929 0.00162993 702.281 699.848 14.3805 14.3792 0.0503307 4.91059e-05 0.000561222 0 
-0.983861 0.463381 0.00374424 0.00128683 0.446835 -0.446835 0.00128683 704.723 702.289 14.4032 14.402 0.0508325 0.000226447 0.00053263 0 
-0.980176 0.462747 0.00455413 0.00102069 0.446741 -0.446741 0.00102069 707.171 704.737 14.426 14.4248 0.0513388 0.000402294 0.000504658 0 
-0.976491 0.461971 0.00534927 0.00084487 0.446646 -0.446646 0.00084487 709.626 707.192 14.4488 14.4475 0.0518496 0.000571483 0.000477369 0 
-0.972807 0.461053 0.00611189 0.00076822 0.44655 -0.44655 0.00076822 712.089 709.654 14.4715 14.4703 0.0523649 0.000728873 0.000450816 0 
-0.969122 0.460008 0.0068235 0.000789846 0.446453 -0.446453 0.000789846 714.558 712.124 14.4943 14.4931 0.0528849 0.000869496 0.000425044 0 
-0.965437 0.458849 0.00746554 0.000907588 0.446355 -0.446355 0.000907588 717.034 714.6 14.517 14.5158 0.0534095 0.000988711 0.000400094 0 
-0.961752 0.457591 0.00801943 0.00111929 0.446256 -0.446256 0.00111929 719.518 717.083 14.5398 14.5386 0.0539387 0.00108235 0.000375996 0 
-0.958067 0.456249 0.00846661 0.00142276 0.446157 -0.446157 0.00142276 722.008 719.573 14.5625 14.5613 0.0544726 0.00114686 0.000352779 0 
-0.954382 0.454839 0.00879218 0.0018118 0.446056 -0.446056 0.0018118 724.505 722.07 14.5852 14.584 0.0550111 0.00117944 0.00033046 0 
-0.950697 0.453387 0.00898915 0.00227141 0.445954 -0.445954 0.00227141 727.01 724.574 14.608 14.6068 0.0555545 0.00117812 0.000309055 0 
-0.947012 0.451919 0.00905162 0.00278546 0.445851 -0.445851 0.00278546 729.521 727.085 14.6307 14.6295 0.0561026 0.0011419 0.000288571 0 
-0.943328 0.450459 0.00897365 0.0033378 0.445747 -0.445747 0.0033378 732.039 729.604 14.6534 14.6522 0.0566554 0.00107077 0.000269012 0 
-0.939643 0.449034 0.00874935 0.00391228 0.445642 -0.445642 0.00391228 734.565 732.129 14.6761 14.6749 0.0572131 0.000965766 0.000250376 0 
-0.935958 0.447668 0.00837805 0.00449214 0.445536 -0.445536 0.00449214 737.097 734.661 14.6988 14.6976 0.0577757 0.000828968 0.000232658 0 
-0.932273 0.446384 0.0078706 0.00505925 0.445429 -0.445429 0.00505925 739.636 737.2 14.7215 14.7203 0.0583431 0.000663486 0.000215847 0 
-0.928588 0.445202 0.00723938 0.0055953 0.445321 -0.445321 0.0055953 742.182 739.746 14.7441 14.743 0.0589155 0.000473394 0.00019993 0 
-0.924903 0.444146 0.00649678 0.00608199 0.445212 -0.445212 0.00608199 744.736 742.299 14.7668 14.7656 0.0594928 0.000263644 0.000184891 0 
-0.921218 0.443237 0.0056552 0.00650101 0.445102 -0.445102 0.00650101 747.296 744.859 14.7895 14.7883 0.060075 3.99461e-05 0.000170709 0 
-0.917533 0.442492 0.00473024 0.00683719 0.444991 -0.444991 0.00683719 749.863 747.426 14.8121 14.8109 0.0606622 -0.000191377 0.000157362 0 
-0.913849 0.441916 0.00374467 0.00708222 0.444879 -0.444879 0.00708222 752.437 750 14.8347 14.8336 0.0612545 -0.00042356 0.000144827 0 
-0.910164 0.441515 0.0027222 0.00722877 0.444765 -0.444765 0.00722877 755.018 752.581 14.8574 14.8562 0.0618518 -0.000649587 0.000133076 0 
-0.906479 0.441291 0.00168656 0.00726949 0.444651 -0.444651 0.00726949 757.606 755.168 14.88 14.8788 0.0624542 -0.000862396 0.000122083 0 
-0.902794 0.44125 0.000661466 0.00719705 0.444535 -0.444535 0.00719705 760.201 757.763 14.9026 14.9014 0.0630617 -0.0010551 0.000111818 0 
-0.899109 0.44139 -0.00033032 0.00700857 0.444418 -0.444418 0.00700857 762.803 760.365 14.9251 14.924 0.0636744 -0.00122118 0.000102251 0 
-0.895424 0.441697 -0.0012682 0.00671123 0.4443 -0.4443 0.00671123 765.412 762.973 14.9477 14.9466 0.0642922 -0.00135474 9.33527e-05 0 
-0.891739 0.442155 -0.00213188 0.00631357 0.444181 -0.444181 0.00631357 768.027 765.589 14.9702 14.9691 0.0649152 -0.00145068 8.5091e-05 0 
-0.888054 0.442747 -0.00290106 0.00582413 0.444061 -0.444061 0.00582413 770.65 768.211 14.9928 14.9916 0.0655434 -0.00150488 7.74352e-05 0 
-0.88437 0.443458 -0.00355545 0.00525148 0.44394 -0.44394 0.00525148 773.279 770.841 15.0153 15.0142 0.0661768 -0.00151438 7.03542e-05 0 
-0.880685 0.444268 -0.00407913 0.00460684 0.443817 -0.443817 0.00460684 775.916 773.477 15.0378 15.0367 0.0668155 -0.00147751 6.38171e-05 0 
-0.877 0.445152 -0.00446607 0.00390752 0.443694 -0.443694 0.00390752 778.559 776.12 15.0603 15.0591 0.0674596 -0.00139397 5.77933e-05 0 
-0.873315 0.446083 -0.00471163 0.00317169 0.443569 -0.443569 0.00317169 781.209 778.77 15.0827 15.0816 0.0681089 -0.00126491 5.22528e-05 0 
-0.86963 0.447035 -0.00481118 0.0024175 0.443443 -0.443443 0.0024175 783.866 781.426 15.1052 15.104 0.0687635 -0.00109292 4.71663e-05 0 
-0.865945 0.447982 -0.00476009 0.00166311 0.443315 -0.443315 0.00166311 786.53 784.09 15.1276 15.1265 0.0694236 -0.000882028 4.25053e-05 0 
-0.86226 0.448897 -0.00455851 0.000925913 0.443187 -0.443187 0.000925913 789.201 786.76 15.15 15.1489 0.070089 -0.000637606 3.8242e-05 0 
-0.858575 0.44976 -0.0042176 0.000221552 0.443057 -0.443057 0.000221552 791.878 789.438 15.1723 15.1713 0.0707598 -0.000366251 3.43496e-05 0 
-0.854891 0.450549 -0.00375006 -0.000434576 0.442926 -0.442926 -0.000434576 794.562 792.122 15.1947 15.1936 0.0714361 -7.5622e-05 3.08025e-05 0 
-0.851206 0.451243 -0.00316858 -0.00102708 0.442794 -0.442794 -0.00102708 797.253 794.813 15.217 15.2159 0.0721178 0.000225765 2.75759e-05 0 
-0.847521 0.45182 -0.00248589 -0.00154056 0.44266 -0.44266 -0.00154056 799.951 797.51 15.2393 15.2383 0.0728051 0.000528773 2.46463e-05 0 
-0.843836 0.452264 -0.00171694 -0.00196304 0.442526 -0.442526 -0.00196304 802.656 800.215 15.2616 15.2605 0.0734979 0.000823917 2.19912e-05 0 
-0.840151 0.452568 -0.000881962 -0.00229038 0.44239 -0.44239 -0.00229038 805.367 802.926 15.2839 15.2828 0.0741962 0.00110165 1.95893e-05 0 
-0.836466 0.452726 -1.9081e-06 -0.0025196 0.442252 -0.442252 -0.0025196 808.085 805.644 15.3061 15.3051 0.0749001 0.00135265 1.74204e-05 0 
-0.832781 0.452734 0.00090225 -0.00264771 0.442114 -0.442114 -0.00264771 810.81 808.368 15.3283 15.3273 0.0756096 0.00156815 1.54656e-05 0 
-0.829096 0.452587 0.00180955 -0.00267171 0.441974 -0.441974 -0.00267171 813.542 811.1 15.3505 15.3494 0.0763246 0.00174024 1.37069e-05 0 
-0.825412 0.452284 0.00270029 -0.00259224 0.441832 -0.441832 -0.00259224 816.28 813.838 15.3727 15.3716 0.0770453 0.00186209 1.21275e-05 0 
-0.821727 0.451834 0.00355771 -0.00241843 0.44169 -0.44169 -0.00241843 819.025 816.583 15.3948 15.3937 0.0777716 0.00192828 1.07118e-05 0 
-0.818042 0.451249 0.0043655 -0.00216062 0.441546 -0.441546 -0.00216062 821.777 819.334 15.4169 15.4158 0.0785035 0.00193499 9.44518e-06 0 
-0.814357 0.45054 0.00510733 -0.00182916 0.4414 -0.4414 -0.00182916 824.535 822.092 15.4389 15.4379 0.0792411 0.00188017 8.314e-06 0 
-0.810672 0.449718 0.0057669 -0.00143443 0.441254 -0.441254 -0.00143443 827.3 824.857 15.461 15.4599 0.0799844 0.00176368 7.30564e-06 0 
-0.806987 0.448796 0.00633137 -0.000988384 0.441106 -0.441106 -0.000988384 830.071 827.628 15.483 15.4819 0.0807334 0.00158736 6.40845e-06 0 
-0.803302 0.447793 0.0067962 -0.00050691 0.440956 -0.440956 -0.00050691 832.849 830.406 15.505 15.5039 0.0814881 0.00135503 5.61163e-06 0 
-0.799617 0.446726 0.00715806 -6.43635e-06 0.440805 -0.440805 -6.43635e-06 835.634 833.191 15.5269 15.5259 0.0822486 0.00107243 4.90529e-06 0 
-0.795933 0.445615 0.00741362 0.000496603 0.440653 -0.440653 0.000496603 838.425 835.982 15.5488 15.5478 0.0830149 0.000747124 4.28031e-06 0 
-0.792248 0.444477 0.00755957 0.000985778 0.440499 -0.440499 0.000985778 841.223 838.779 15.5707 15.5696 0.083787 0.000388296 3.72836e-06 0 
-0.788563 0.443331 0.00759594 0.00144572 0.440344 -0.440344 0.00144572 844.027 841.583 15.5925 15.5915 0.0845649 6.51539e-06 3.24181e-06 0 
-0.784878 0.44219 0.00753088 0.0018636 0.440188 -0.440188 0.0018636 846.838 844.394 15.6143 15.6133 0.0853487 -0.000386565 2.81372e-06 0 
-0.781193 0.44107 0.00737371 0.00222699 0.44003 -0.44003 0.00222699 849.655 847.211 15.6361 15.6351 0.0861383 -0.000778546 2.43778e-06 0 
-0.777508 0.439984 0.00713378 0.00252344 0.43987 -0.43987 0.00252344 852.479 850.034 15.6578 15.6568 0.0869338 -0.00115666 2.10826e-06 0 
-0.773823 0.438948 0.00682043 0.00274052 0.43971 -0.43971 0.00274052 855.309 852.864 15.6795 15.6785 0.0877351 -0.00150819 1.81998e-06 0 
-0.770138 0.437974 0.00644442 0.00286868 0.439547 -0.439547 0.00286868 858.146 855.701 15.7011 15.7001 0.0885424 -0.00182086 1.56825e-06 0 
-0.766454 0.437065 0.00601999 0.00290536 0.439383 -0.439383 0.00290536 860.988 858.543 15.7227 15.7217 0.0893555 -0.00208328 1.34886e-06 0 
-0.762769 0.436225 0.00556191 0.00284907 0.439218 -0.439218 0.00284907 863.838 861.393 15.7443 15.7433 0.0901746 -0.00228533 1.15802e-06 0 
-0.759084 0.435459 0.00508492 0.00269831 0.439051 -0.439051 0.00269831 866.693 864.248 15.7658 15.7648 0.0909996 -0.00241855 9.92342e-07 0 
-0.755399 0.43477 0.0046038 0.00245157 0.438883 -0.438883 0.00245157 869.555 867.11 15.7873 15.7863 0.0918305 -0.00247647 8.48781e-07 0 
-0.751714 0.434159 0.00413233 0.0021104 0.438713 -0.438713 0.0021104 872.423 869.978 15.8087 15.8078 0.0926674 -0.00245487 7.24628e-07 0 
-0.748029 0.433621 0.00368197 0.00168375 0.438541 -0.438541 0.00168375 875.298 872.852 15.8301 15.8292 0.0935103 -0.00235203 6.17468e-07 0 
-0.744344 0.433149 0.00326378 0.00118172 0.438368 -0.438368 0.00118172 878.179 875.733 15.8515 15.8505 0.0943591 -0.00216885 5.25157e-07 0 
-0.740659 0.432737 0.00288886 0.000614383 0.438193 -0.438193 0.000614383 881.066 878.619 15.8728 15.8718 0.095214 -0.00190891 4.45794e-07 0 
-0.736975 0.432377 0.00256826 -8.15137e-06 0.438017 -0.438017 -8.15137e-06 883.959 881.512 15.894 15.8931 0.0960748 -0.00157844 3.77698e-07 0 
-0.73329 0.432063 0.00231054 -0.000674211 0.437839 -0.437839 -0.000674211 886.858 884.411 15.9153 15.9143 0.0969417 -0.0011862 3.19385e-07 0 
-0.729605 0.431784 0.00211794 -0.00136817 0.43766 -0.43766 -0.00136817 889.763 887.317 15.9364 15.9354 0.0978146 -0.000743279 2.6955e-07 0 
-0.72592 0.43153 0.00199172 -0.00207381 0.437479 -0.437479 -0.00207381 892.675 890.228 15.9575 15.9566 0.0986935 -0.000262805 2.27046e-07 0 
-0.722235 0.431289 0.00193314 -0.00277489 0.437296 -0.437296 -0.00277489 895.592 893.145 15.9786 15.9776 0.0995784 0.000240431 1.90868e-07 0 
-0.71855 0.431051 0.00194348 -0.0034552 0.437112 -0.437112 -0.0034552 898.516 896.069 15.9996 15.9986 0.100469 0.000750411 1.60137e-07 0 
-0.714865 0.430806 0.00202136 -0.0040992 0.436926 -0.436926 -0.0040992 901.446 898.998 16.0205 16.0196 0.101366 0.00125038 1.34085e-07 0 
-0.711181 0.430547 0.00215883 -0.00469316 0.436739 -0.436739 -0.00469316 904.381 901.933 16.0415 16.0405 0.102269 0.00172339 1.12046e-07 0 
-0.707496 0.430267 0.00234686 -0.00522363 0.436549 -0.436549 -0.00522363 907.323 904.875 16.0623 16.0614 0.103179 0.00215285 9.34406e-08 0 
-0.703811 0.429958 0.00257647 -0.00567713 0.436358 -0.436358 -0.00567713 910.27 907.822 16.0831 16.0822 0.104094 0.00252311 7.77659e-08 0 
-0.700126 0.429614 0.00283864 -0.00604023 0.436166 -0.436166 -0.00604023 913.223 910.775 16.1038 16.1029 0.105015 0.00281998 6.4588e-08 0 
-0.696441 0.42923 0.00312314 -0.00630222 0.435971 -0.435971 -0.00630222 916.182 913.734 16.1245 16.1236 0.105942 0.00303131 5.35325e-08 0 
-0.692756 0.428807 0.00341665 -0.00645949 0.435775 -0.435775 -0.00645949 919.147 916.699 16.1451 16.1442 0.106876 0.0031474 4.42772e-08 0 
-0.689071 0.428347 0.00370532 -0.00650953 0.435578 -0.435578 -0.00650953 922.118 919.669 16.1657 16.1648 0.107815 0.00316149 3.65454e-08 0 
-0.685386 0.427853 0.00397534 -0.00644983 0.435378 -0.435378 -0.00644983 925.095 922.646 16.1862 16.1853 0.108761 0.00306997 3.01002e-08 0 
-0.681702 0.427326 0.00421286 -0.00627789 0.435177 -0.435177 -0.00627789 928.077 925.628 16.2067 16.2058 0.109712 0.00287272 2.4739e-08 0 
-0.678017 0.426771 0.00440511 -0.00599465 0.434974 -0.434974 -0.00599465 931.065 928.615 16.2271 16.2261 0.11067 0.00257314 2.02893e-08 0 
-0.674332 0.426199 0.00454204 -0.00561001 0.434769 -0.434769 -0.00561001 934.058 931.609 16.2474 16.2465 0.111633 0.00217821 1.66041e-08 0 
-0.670647 0.425621 0.00461403 -0.00513526 0.434562 -0.434562 -0.00513526 937.057 934.608 16.2676 16.2667 0.112603 0.00169831 1.35587e-08 0 
-0.666962 0.425049 0.00461147 -0.0045817 0.434354 -0.434354 -0.0045817 940.062 937.612 16.2878 16.2869 0.113579 0.00114706 1.10477e-08 0 
-0.663277 0.424494 0.00452472 -0.00396063 0.434144 -0.434144 -0.00396063 943.072 940.622 16.308 16.3071 0.114561 0.000540859 8.98187e-09 0 
-0.659592 0.423968 0.0043472 -0.00328547 0.433932 -0.433932 -0.00328547 946.088 943.638 16.328 16.3271 0.115549 -0.00010148 7.28613e-09 0 
-0.655907 0.423486 0.00408017 -0.00257511 0.433718 -0.433718 -0.00257511 949.109 946.659 16.348 16.3471 0.116543 -0.000759355 5.89732e-09 0 
-0.652223 0.423062 0.00372617 -0.00184933 0.433502 -0.433502 -0.00184933 952.135 949.685 16.368 16.3671 0.117543 -0.00141099 4.76246e-09 0 
-0.648538 0.42271 0.00328775 -0.00112791 0.433285 -0.433285 -0.00112791 955.167 952.717 16.3878 16.3869 0.118549 -0.00203415 3.83726e-09 0 
-0.644853 0.422446 0.00276746 -0.000430634 0.433066 -0.433066 -0.000430634 958.204 955.754 16.4076 16.4067 0.11956 -0.00260687 3.0847e-09 0 
-0.641168 0.42228 0.00217117 0.000223575 0.432844 -0.432844 0.000223575 961.247 958.796 16.4273 16.4265 0.120578 -0.00310821 0 0 
-0.637483 0.422222 0.0015135 0.000818076 0.432621 -0.432621 0.000818076 964.294 961.843 16.447 16.4461 0.121602 -0.003519 0 0 
-0.633798 0.422278 0.000810538 0.0013366 0.432396 -0.432396 0.0013366 967.347 964.896 16.4666 16.4657 0.122632 -0.00382257 0 0 
-0.630113 0.422454 7.83528e-05 0.00176287 0.432169 -0.432169 0.00176287 970.405 967.954 16.4861 16.4852 0.123668 -0.00400535 0 0 
-0.626428 0.422757 -0.00066698 0.00208062 0.431941 -0.431941 0.00208062 973.468 971.017 16.5055 16.5046 0.12471 -0.00405749 0 0 
-0.622744 0.423191 -0.00140808 0.00227735 0.43171 -0.43171 0.00227735 976.537 974.085 16.5248 16.524 0.125758 -0.00397324 0 0 
-0.619059 0.423748 -0.00212406 0.00235055 0.431477 -0.431477 0.00235055 979.61 977.158 16.5441 16.5433 0.126811 -0.00375136 0 0 
-0.615374 0.424419 -0.00279347 0.00229941 0.431243 -0.431243 0.00229941 982.688 980.236 16.5633 16.5625 0.127871 -0.00339522 0 0 
-0.611689 0.425193 -0.00339484 0.00212309 0.431006 -0.431006 0.00212309 985.771 983.319 16.5824 16.5816 0.128936 -0.00291288 0 0 
-0.608004 0.426063 -0.00390672 0.00182078 0.430767 -0.430767 0.00182078 988.859 986.407 16.6015 16.6006 0.130008 -0.00231694 0 0 
-0.604319 0.427014 -0.00430984 0.00139611 0.430527 -0.430527 0.00139611 991.952 989.499 16.6204 16.6196 0.131085 -0.00162428 0 0 
-0.600634 0.428024 -0.00459091 0.00086478 0.430284 -0.430284 0.00086478 995.05 992.597 16.6393 16.6384 0.132168 -0.000855574 0 0 
-0.596949 0.429069 -0.0047376 0.00024451 0.43004 -0.43004 0.00024451 998.152 995.699 16.6581 16.6572 0.133257 -3.47205e-05 0 0 
-0.593265 0.430124 -0.0047376 -0.000446981 0.429793 -0.429793 -0.000446981 1001.26 998.806 16.6768 16.6759 0.134351 0.000811864 0 0 
-0.58958 0.431163 -0.00457862 -0.00119197 0.429545 -0.429545 -0.00119197 1004.37 1001.92 16.6954 16.6946 0.135451 0.00165608 0 0 
-0.585895 0.432163 -0.00425329 -0.00197075 0.429294 -0.429294 -0.00197075 1007.49 1005.03 16.7139 16.7131 0.136557 0.00246907 0 0 
-0.58221 0.433095 -0.00376781 -0.00275813 0.429042 -0.429042 -0.00275813 1010.61 1008.15 16.7324 16.7316 0.137669 0.00322214 0 0 
-0.578525 0.433932 -0.0031307 -0.00352801 0.428787 -0.428787 -0.00352801 1013.73 1011.28 16.7507 16.7499 0.138786 0.00388778 0 0 
-0.57484 0.434648 -0.00235044 -0.00425428 0.42853 -0.42853 -0.00425428 1016.86 1014.41 16.769 16.7682 0.139909 0.00444064 0 0 
-0.571155 0.435214 -0.00143555 -0.00491085 0.428271 -0.428271 -0.00491085 1020 1017.54 16.7872 16.7864 0.141038 0.00485844 0 0 
-0.56747 0.435608 -0.000399158 -0.00547397 0.428011 -0.428011 -0.00547397 1023.13 1020.68 16.8053 16.8045 0.142172 0.00512286 0 0 
-0.563786 0.435815 0.000732795 -0.00592639 0.427748 -0.427748 -0.00592639 1026.28 1023.82 16.8233 16.8225 0.143312 0.00522022 0 0 
-0.560101 0.435825 0.00193217 -0.00625198 0.427482 -0.427482 -0.00625198 1029.42 1026.97 16.8412 16.8404 0.144457 0.00514217 0 0 
-0.556416 0.435626 0.00317084 -0.00643462 0.427215 -0.427215 -0.00643462 1032.58 1030.12 16.859 16.8582 0.145607 0.00488608 0 0 
-0.552731 0.435206 0.00442065 -0.00645819 0.426946 -0.426946 -0.00645819 1035.73 1033.28 16.8767 16.8759 0.146763 0.00445533 0 0 
-0.549046 0.434561 0.00565271 -0.00631207 0.426674 -0.426674 -0.00631207 1038.89 1036.44 16.8943 16.8935 0.147925 0.00385933 0 0 
-0.545361 0.433703 0.00683594 -0.00600102 0.426401 -0.426401 -0.00600102 1042.05 1039.6 16.9118 16.911 0.149092 0.00311344 0 0 
-0.541676 0.432649 0.00793893 -0.00553251 0.426125 -0.426125 -0.00553251 1045.22 1042.77 16.9292 16.9284 0.150264 0.00223859 0 0 
-0.537991 0.431414 0.00893024 -0.00491398 0.425847 -0.425847 -0.00491398 1048.39 1045.94 16.9465 16.9457 0.151441 0.00126071 0 0 
-0.534307 0.430015 0.00977845 -0.00415289 0.425567 -0.425567 -0.00415289 1051.57 1049.11 16.9638 16.963 0.152624 0.000210038 0 0 
-0.530622 0.428473 0.0104564 -0.00326149 0.425285 -0.425285 -0.00326149 1054.74 1052.29 16.9809 16.9801 0.153812 -0.000879816 0 0 
-0.526937 0.426823 0.0109492 -0.00226562 0.425 -0.425 -0.00226562 1057.93 1055.47 16.9979 16.9971 0.155005 -0.00197291 0 0 
-0.523252 0.425103 0.0112441 -0.0011935 0.424714 -0.424714 -0.0011935 1061.11 1058.66 17.0148 17.014 0.156203 -0.00303211 0 0 
-0.519567 0.42335 0.0113282 -7.33746e-05 0.424425 -0.424425 -7.33746e-05 1064.3 1061.85 17.0316 17.0308 0.157406 -0.00402035 0 0 
-0.515882 0.421602 0.0111888 0.00106653 0.424134 -0.424134 0.00106653 1067.5 1065.04 17.0483 17.0475 0.158614 -0.00490187 0 0 
-0.512197 0.419897 0.0108199 0.00219764 0.42384 -0.42384 0.00219764 1070.69 1068.24 17.0649 17.0641 0.159827 -0.00564347 0 0 
-0.508512 0.418271 0.0102355 0.00329034 0.423545 -0.423545 0.00329034 1073.89 1071.44 17.0813 17.0806 0.161045 -0.00621574 0 0 
-0.504828 0.416762 0.00945266 0.00431486 0.423247 -0.423247 0.00431486 1077.1 1074.64 17.0977 17.0969 0.162268 -0.00659414 0 0 
-0.501143 0.415406 0.00848886 0.00524142 0.422947 -0.422947 0.00524142 1080.3 1077.84 17.114 17.1132 0.163496 -0.00675998 0 0 
-0.497458 0.41424 0.00736137 0.00604025 0.422644 -0.422644 0.00604025 1083.51 1081.05 17.1301 17.1293 0.164728 -0.00670121 0 0 
-0.493773 0.413295 0.00609222 0.00668623 0.42234 -0.42234 0.00668623 1086.72 1084.27 17.1461 17.1454 0.165965 -0.00641306 0 0 
-0.490088 0.412585 0.00471708 0.00716786 0.422033 -0.422033 0.00716786 1089.94 1087.48 17.162 17.1613 0.167207 -0.00589836 0 0 
-0.486403 0.412122 0.00327411 0.00747604 0.421723 -0.421723 0.00747604 1093.16 1090.7 17.1778 17.1771 0.168453 -0.00516768 0 0 
-0.482718 0.411916 0.00180146 0.00760169 0.421412 -0.421412 0.00760169 1096.38 1093.92 17.1935 17.1928 0.169704 -0.0042392 0 0 
-0.479034 0.411979 0.000337274 0.00753574 0.421098 -0.421098 0.00753574 1099.61 1097.15 17.2091 17.2084 0.170959 -0.00313829 0 0 
-0.475349 0.412315 -0.00108124 0.00727553 0.420782 -0.420782 0.00727553 1102.83 1100.38 17.2245 17.2238 0.172219 -0.00189689 0 0 
-0.471664 0.412904 -0.00241968 0.00683726 0.420464 -0.420464 0.00683726 1106.06 1103.61 17.2399 17.2391 0.173483 -0.000552565 0 0 
-0.467979 0.413723 -0.00364412 0.00624058 0.420143 -0.420143 0.00624058 1109.3 1106.84 17.2551 17.2543 0.174752 0.000852539 0 0 
-0.464294 0.414748 -0.00472065 0.00550513 0.41982 -0.41982 0.00550513 1112.53 1110.07 17.2702 17.2694 0.176024 0.00227303 0 0 
-0.460609 0.415957 -0.00561538 0.00465056 0.419494 -0.419494 0.00465056 1115.77 1113.31 17.2851 17.2844 0.177301 0.00366167 0 0 
-0.456924 0.417321 -0.0063005 0.0036999 0.419166 -0.419166 0.0036999 1119.01 1116.55 17.3 17.2992 0.178582 0.00497094 0 0 
-0.453239 0.4188 -0.0067663 0.00268629 0.418836 -0.418836 0.00268629 1122.26 1119.8 17.3147 17.314 0.179867 0.0061546 0 0 
-0.449555 0.42035 -0.00700643 0.00164472 0.418503 -0.418503 0.00164472 1125.5 1123.04 17.3293 17.3286 0.181156 0.00716925 0 0 
-0.44587 0.421929 -0.00701453 0.000610155 0.418169 -0.418169 0.000610155 1128.75 1126.29 17.3437 17.343 0.182448 0.0079759 0 0 
-0.442185 0.423492 -0.00678426 -0.0003824 0.417831 -0.417831 -0.0003824 1132 1129.54 17.3581 17.3574 0.183745 0.00854135 0 0 
-0.4385 0.424999 -0.00631622 -0.0013002 0.417491 -0.417491 -0.0013002 1135.25 1132.79 17.3723 17.3716 0.185045 0.00883946 0 0 
-0.434815 0.426412 -0.005632 -0.0021172 0.417149 -0.417149 -0.0021172 1138.5 1136.05 17.3864 17.3856 0.186349 0.00885222 0 0 
-0.43113 0.427698 -0.0047571 -0.00280861 0.416805 -0.416805 -0.00280861 1141.76 1139.3 17.4003 17.3996 0.187656 0.00857054 0 0 
-0.427445 0.428821 -0.00371702 -0.00334966 0.416458 -0.416458 -0.00334966 1145.02 1142.56 17.4141 17.4134 0.188968 0.00799481 0 0 
-0.42376 0.429747 -0.00253724 -0.00371555 0.416108 -0.416108 -0.00371555 1148.28 1145.82 17.4278 17.4271 0.190282 0.00713512 0 0 
-0.420076 0.430446 -0.00124622 -0.00388776 0.415757 -0.415757 -0.00388776 1151.54 1149.08 17.4413 17.4406 0.1916 0.0060112 0 0 
-0.416391 0.430911 0.000118664 -0.00386674 0.415402 -0.415402 -0.00386674 1154.8 1152.34 17.4548 17.4541 0.192921 0.00465201 0 0 
-0.412706 0.431138 0.00151833 -0.00365655 0.415046 -0.415046 -0.00365655 1158.07 1155.61 17.468 17.4673 0.194245 0.00309505 0 0 
-0.409021 0.431122 0.0029137 -0.00326126 0.414687 -0.414687 -0.00326126 1161.34 1158.88 17.4812 17.4805 0.195573 0.00138535 0 0 
-0.405336 0.430858 0.00426568 -0.00268491 0.414325 -0.414325 -0.00268491 1164.6 1162.14 17.4942 17.4935 0.196903 -0.000425819 0 0 
-0.401651 0.430349 0.00553822 -0.00193719 0.413961 -0.413961 -0.00193719 1167.87 1165.41 17.507 17.5063 0.198237 -0.00228244 0 0 
-0.397966 0.429619 0.00670449 -0.0010451 0.413595 -0.413595 -0.0010451 1171.14 1168.68 17.5197 17.519 0.199573 -0.00412544 0 0 
-0.394281 0.428692 0.00773944 -3.89214e-05 0.413226 -0.413226 -3.89214e-05 1174.42 1171.96 17.5323 17.5316 0.200912 -0.00589454 0 0 
-0.390597 0.427597 0.00861802 0.00105104 0.412854 -0.412854 0.00105104 1177.69 1175.23 17.5447 17.5441 0.202254 -0.00753015 0 0 
-0.386912 0.42636 0.0093152 0.00219447 0.41248 -0.41248 0.00219447 1180.96 1178.5 17.557 17.5564 0.203598 -0.00897534 0 0 
-0.383227 0.425009 0.00981244 0.00336024 0.412104 -0.412104 0.00336024 1184.24 1181.78 17.5692 17.5685 0.204945 -0.0101777 0 0 
-0.379542 0.423581 0.0101115 0.00451454 0.411725 -0.411725 0.00451454 1187.52 1185.05 17.5812 17.5805 0.206295 -0.0110911 0 0 
-0.375857 0.42211 0.0102179 0.00562308 0.411344 -0.411344 0.00562308 1190.79 1188.33 17.593 17.5924 0.207646 -0.0116775 0 0 
-0.372172 0.420634 0.0101374 0.00665155 0.41096 -0.41096 0.00665155 1194.07 1191.61 17.6047 17.6041 0.209 -0.011908 0 0 
-0.368487 0.419189 0.00987569 0.00756565 0.410574 -0.410574 0.00756565 1197.35 1194.89 17.6163 17.6156 0.210356 -0.0117643 0 0 
-0.364802 0.417808 0.00944347 0.00833553 0.410185 -0.410185 0.00833553 1200.63 1198.17 17.6277 17.627 0.211715 -0.0112396 0 0 
-0.361118 0.416513 0.00886759 0.00894536 0.409794 -0.409794 0.00894536 1203.91 1201.45 17.639 17.6383 0.213075 -0.0103386 0 0 
-0.357433 0.415324 0.00817809 0.00938206 0.4094 -0.4094 0.00938206 1207.19 1204.73 17.6501 17.6494 0.214437 -0.00907811 0 0 
-0.353748 0.414259 0.00740495 0.00963255 0.409003 -0.409003 0.00963255 1210.47 1208.01 17.661 17.6604 0.215801 -0.00748669 0 0 
-0.350063 0.41334 0.00657821 0.00968375 0.408605 -0.408605 0.00968375 1213.75 1211.29 17.6718 17.6712 0.217166 -0.00560388 0 0 
-0.346378 0.412578 0.00572795 0.00952889 0.408203 -0.408203 0.00952889 1217.03 1214.57 17.6825 17.6818 0.218533 -0.00347938 0 0 
-0.342693 0.411969 0.00488457 0.00918127 0.407799 -0.407799 0.00918127 1220.31 1217.85 17.693 17.6923 0.219902 -0.00117169 0 0 
-0.339008 0.411503 0.00407852 0.00865817 0.407393 -0.407393 0.00865817 1223.6 1221.13 17.7033 17.7026 0.221272 0.00125351 0 0 
-0.335323 0.411171 0.00334024 0.00797687 0.406984 -0.406984 0.00797687 1226.88 1224.42 17.7135 17.7128 0.222643 0.00372516 0 0 
-0.331639 0.410964 0.00270018 0.00715468 0.406573 -0.406573 0.00715468 1230.16 1227.7 17.7235 17.7229 0.224015 0.00616891 0 0 
-0.327954 0.410868 0.00218419 0.00621232 0.406159 -0.406159 0.00621232 1233.44 1230.98 17.7334 17.7327 0.225389 0.00850928 0 0 
-0.324269 0.410857 0.00180331 0.0051816 0.405742 -0.405742 0.0051816 1236.72 1234.26 17.7431 17.7424 0.226763 0.0106719 0 0 
-0.320584 0.410905 0.00156558 0.00409656 0.405323 -0.405323 0.00409656 1240 1237.54 17.7526 17.752 0.228139 0.012586 0 0 
-0.316899 0.410983 0.00147905 0.00299124 0.404901 -0.404901 0.00299124 1243.28 1240.82 17.762 17.7613 0.229515 0.014186 0 0 
-0.313214 0.411063 0.00155178 0.00189969 0.404477 -0.404477 0.00189969 1246.56 1244.1 17.7712 17.7706 0.230892 0.0154143 0 0 
-0.309529 0.411119 0.00178634 0.000854181 0.404051 -0.404051 0.000854181 1249.84 1247.38 17.7803 17.7796 0.232269 0.0162228 0 0 
-0.305844 0.411127 0.00216749 -0.000118792 0.403621 -0.403621 -0.000118792 1253.12 1250.66 17.7891 17.7885 0.233647 0.0165743 0 0 
-0.30216 0.411065 0.00267635 -0.00099391 0.40319 -0.40319 -0.00099391 1256.4 1253.94 17.7979 17.7972 0.235025 0.0164442 0 0 
-0.298475 0.410911 0.00329403 -0.00174585 0.402755 -0.402755 -0.00174585 1259.68 1257.21 17.8064 17.8058 0.236403 0.0158212 0 0 
-0.29479 0.410642 0.00400166 -0.0023493 0.402318 -0.402318 -0.0023493 1262.95 1260.49 17.8148 17.8142 0.237782 0.0147079 0 0 
-0.291105 0.41024 0.00477819 -0.00278424 0.401879 -0.401879 -0.00278424 1266.23 1263.77 17.8231 17.8224 0.239161 0.0131211 0 0 
-0.28742 0.409704 0.00559544 -0.00304818 0.401437 -0.401437 -0.00304818 1269.5 1267.04 17.8311 17.8305 0.240539 0.0110914 0 0 
-0.283735 0.409033 0.0064238 -0.00314223 0.400993 -0.400993 -0.00314223 1272.78 1270.31 17.839 17.8384 0.241918 0.0086627 0 0 
-0.28005 0.408229 0.0072336 -0.0030675 0.400546 -0.400546 -0.0030675 1276.05 1273.59 17.8467 17.8461 0.243296 0.00589109 0 0 
-0.276365 0.407293 0.00799521 -0.0028251 0.400096 -0.400096 -0.0028251 1279.32 1276.86 17.8543 17.8537 0.244673 0.00284351 0 0 
-0.272681 0.406229 0.00868148 -0.00242085 0.399644 -0.399644 -0.00242085 1282.59 1280.13 17.8616 17.861 0.24605 -0.000403933 0 0 
-0.268996 0.405059 0.00927354 -0.00187621 0.39919 -0.39919 -0.00187621 1285.86 1283.39 17.8689 17.8682 0.247427 -0.00376795 0 0 
-0.265311 0.403803 0.00975424 -0.00121591 0.398732 -0.398732 -0.00121591 1289.13 1286.66 17.8759 17.8753 0.248803 -0.00716022 0 0 
-0.261626 0.402486 0.0101065 -0.000464693 0.398273 -0.398273 -0.000464693 1292.39 1289.93 17.8827 17.8821 0.250178 -0.0104898 0 0 
-0.257941 0.40113 0.0103131 0.000352708 0.397811 -0.397811 0.000352708 1295.65 1293.19 17.8894 17.8888 0.251551 -0.0136653 0 0 
-0.254256 0.399758 0.0103618 0.00121079 0.397346 -0.397346 0.00121079 1298.92 1296.45 17.8959 17.8953 0.252924 -0.0165977 0 0 
-0.250571 0.398397 0.0102568 0.00208144 0.396879 -0.396879 0.00208144 1302.18 1299.71 17.9023 17.9017 0.254296 -0.0192023 0 0 
-0.246886 0.397073 0.0100058 0.002936 0.396409 -0.396409 0.002936 1305.43 1302.97 17.9084 17.9078 0.255666 -0.0214014 0 0 
-0.243202 0.395812 0.00961652 0.00374583 0.395936 -0.395936 0.00374583 1308.69 1306.22 17.9144 17.9138 0.257035 -0.0231259 0 0 
-0.239517 0.394642 0.00909651 0.00448227 0.395462 -0.395462 0.00448227 1311.94 1309.48 17.9202 17.9196 0.258403 -0.0243175 0 0 
-0.235832 0.393585 0.00845697 0.00511991 0.394984 -0.394984 0.00511991 1315.2 1312.73 17.9258 17.9253 0.259768 -0.02493 0 0 
-0.232147 0.392653 0.00772095 0.00564442 0.394504 -0.394504 0.00564442 1318.44 1315.98 17.9313 17.9307 0.261132 -0.0249307 0 0 
-0.228462 0.391858 0.00691402 0.00604387 0.394022 -0.394022 0.00604387 1321.69 1319.23 17.9366 17.936 0.262495 -0.0243012 0 0 
-0.224777 0.391209 0.00606178 0.00630631 0.393537 -0.393537 0.00630631 1324.94 1322.47 17.9416 17.9411 0.263855 -0.0230374 0 0 
-0.221092 0.390716 0.00518981 0.0064198 0.39305 -0.39305 0.0064198 1328.18 1325.71 17.9466 17.946 0.265213 -0.0211504 0 0 
-0.217408 0.390385 0.00432345 0.00637685 0.39256 -0.39256 0.00637685 1331.42 1328.95 17.9513 17.9507 0.266568 -0.0186656 0 0 
-0.213723 0.390206 0.00348714 0.00618543 0.392068 -0.392068 0.00618543 1334.65 1332.19 17.9558 17.9552 0.267922 -0.0156219 0 0 
-0.210038 0.390166 0.00270516 0.00585688 0.391573 -0.391573 0.00585688 1337.89 1335.42 17.9602 17.9596 0.269273 -0.0120712 0 0 
-0.206353 0.390252 0.00200179 0.00540252 0.391075 -0.391075 0.00540252 1341.12 1338.65 17.9644 17.9638 0.270621 -0.00807641 0 0 
-0.202668 0.39045 0.00140128 0.00483365 0.390575 -0.390575 0.00483365 1344.35 1341.88 17.9683 17.9678 0.271967 -0.00371031 0 0 
-0.198983 0.390745 0.000924521 0.00416404 0.390073 -0.390073 0.00416404 1347.57 1345.11 17.9722 17.9716 0.27331 0.000946625 0 0 
-0.195298 0.391113 0.000580533 0.00341589 0.389568 -0.389568 0.00341589 1350.8 1348.33 17.9758 17.9752 0.27465 0.00580814 0 0 
-0.191613 0.391527 0.000375733 0.00261331 0.389061 -0.389061 0.00261331 1354.02 1351.55 17.9792 17.9787 0.275987 0.0107844 0 0 
-0.187929 0.391959 0.000316539 0.00178038 0.388551 -0.388551 0.00178038 1357.23 1354.76 17.9825 17.9819 0.277321 0.0157841 0 0 
-0.184244 0.392385 0.000409369 0.00094119 0.388039 -0.388039 0.00094119 1360.44 1357.98 17.9855 17.985 0.278652 0.0207167 0 0 
-0.180559 0.392777 0.000656796 0.000118843 0.387525 -0.387525 0.000118843 1363.65 1361.19 17.9884 17.9879 0.279979 0.0254946 0 0 
-0.176874 0.393114 0.00104775 -0.000667024 0.387008 -0.387008 -0.000667024 1366.86 1364.39 17.9911 17.9906 0.281303 0.0300352 0 0 
-0.173189 0.393374 0.00156815 -0.00139755 0.386488 -0.386488 -0.00139755 1370.06 1367.6 17.9936 17.9931 0.282623 0.0342623 0 0 
-0.169504 0.393534 0.0022039 -0.00205386 0.385966 -0.385966 -0.00205386 1373.26 1370.79 17.9959 17.9954 0.28394 0.0381083 0 0 
-0.165819 0.393574 0.0029409 -0.00261711 0.385442 -0.385442 -0.00261711 1376.46 1373.99 17.9981 17.9975 0.285253 0.041515 0 0 
-0.162134 0.393473 0.00376336 -0.00307162 0.384915 -0.384915 -0.00307162 1379.65 1377.18 18 17.9994 0.286561 0.0444351 0 0 
-0.15845 0.393227 0.00464927 -0.00341322 0.384386 -0.384386 -0.00341322 1382.84 1380.37 18.0017 18.0012 0.287866 0.0468325 0 0 
-0.154765 0.39283 0.00557527 -0.0036403 0.383854 -0.383854 -0.0036403 1386.02 1383.55 18.0033 18.0028 0.289166 0.0486831 0 0 
-0.15108 0.392279 0.00651799 -0.00375128 0.38332 -0.38332 -0.00375128 1389.2 1386.73 18.0047 18.0041 0.290463 0.0499749 0 0 
-0.147395 0.391569 0.00745405 -0.00374454 0.382784 -0.382784 -0.00374454 1392.37 1389.91 18.0059 18.0053 0.291755 0.0507075 0 0 
-0.14371 0.3907 0.00836126 -0.00362141 0.382245 -0.382245 -0.00362141 1395.55 1393.08 18.0068 18.0063 0.293042 0.0508919 0 0 
-0.140025 0.389683 0.00922171 -0.00339387 0.381704 -0.381704 -0.00339387 1398.71 1396.25 18.0076 18.0071 0.294325 0.0505496 0 0 
-0.13634 0.388532 0.0100185 -0.00307627 0.381161 -0.381161 -0.00307627 1401.88 1399.41 18.0082 18.0077 0.295604 0.0497116 0 0 
-0.132655 0.387262 0.0107347 -0.00268299 0.380615 -0.380615 -0.00268299 1405.04 1402.57 18.0087 18.0081 0.296877 0.0484175 0 0 
-0.128971 0.385885 0.0113533 -0.00222841 0.380067 -0.380067 -0.00222841 1408.19 1405.72 18.0089 18.0083 0.298145 0.0467137 0 0 
-0.125286 0.384419 0.0118603 -0.00172765 0.379516 -0.379516 -0.00172765 1411.34 1408.87 18.0089 18.0084 0.299408 0.0446523 0 0 
-0.121601 0.382882 0.0122521 -0.00119855 0.378963 -0.378963 -0.00119855 1414.48 1412.02 18.0087 18.0082 0.300666 0.0422894 0 0 
-0.117916 0.381296 0.0125275 -0.000659578 0.378408 -0.378408 -0.000659578 1417.62 1415.16 18.0084 18.0079 0.301918 0.0396836 0 0 
-0.114231 0.379683 0.0126853 -0.000129214 0.377851 -0.377851 -0.000129214 1420.76 1418.29 18.0078 18.0073 0.303166 0.0368945 0 0 
-0.110546 0.378064 0.0127244 0.000374071 0.377291 -0.377291 0.000374071 1423.89 1421.42 18.0071 18.0066 0.30441 0.0339811 0 0 
-0.106861 0.376458 0.012646 0.000833411 0.376729 -0.376729 0.000833411 1427.02 1424.55 18.0062 18.0056 0.305649 0.0310004 0 0 
-0.103176 0.374883 0.0124604 0.00123791 0.376165 -0.376165 0.00123791 1430.14 1427.67 18.005 18.0045 0.306883 0.0280062 0 0 
-0.0994916 0.373353 0.01218 0.00157807 0.375598 -0.375598 0.00157807 1433.25 1430.79 18.0037 18.0032 0.30811 0.0250482 0 0 
-0.0958067 0.371884 0.0118173 0.00184438 0.37503 -0.37503 0.00184438 1436.37 1433.9 18.0022 18.0017 0.309329 0.0221708 0 0 
-0.0921218 0.370491 0.0113847 0.00202734 0.374459 -0.374459 0.00202734 1439.47 1437 18.0005 18 0.310539 0.0194128 0 0 
-0.088437 0.369188 0.0108951 0.00211996 0.373885 -0.373885 0.00211996 1442.57 1440.1 17.9986 17.9981 0.311739 0.0168068 0 0 
-0.0847521 0.367977 0.0103639 0.00212475 0.37331 -0.37331 0.00212475 1445.67 1443.2 17.9965 17.996 0.312932 0.0143788 0 0 
-0.0810672 0.366863 0.00980676 0.00204645 0.372732 -0.372732 0.00204645 1448.76 1446.29 17.9942 17.9937 0.314122 0.0121483 0 0 
-0.0773823 0.365846 0.00923937 0.0018898 0.372152 -0.372152 0.0018898 1451.84 1449.37 17.9917 17.9912 0.315311 0.0101279 0 0 
-0.0736975 0.364929 0.00867751 0.00165953 0.37157 -0.37157 0.00165953 1454.92 1452.45 17.989 17.9885 0.316504 0.00832402 0 0 
-0.0700126 0.364112 0.00813562 0.00136205 0.370986 -0.370986 0.00136205 1457.99 1455.52 17.9861 17.9856 0.3177 0.00673735 0 0 
-0.0663277 0.363389 0.00762315 0.00101009 0.3704 -0.3704 0.00101009 1461.06 1458.59 17.9831 17.9826 0.318893 0.00536311 0 0 
-0.0626428 0.362752 0.00714839 0.000617919 0.369811 -0.369811 0.000617919 1464.12 1461.65 17.9798 17.9793 0.320072 0.00419218 0 0 
-0.058958 0.362191 0.00671962 0.000199782 0.36922 -0.36922 0.000199782 1467.18 1464.71 17.9763 17.9758 0.321228 0.00321187 0 0 
-0.0552731 0.361699 0.00634513 -0.000230065 0.368628 -0.368628 -0.000230065 1470.23 1467.76 17.9727 17.9722 0.32235 0.00240662 0 0 
-0.0515882 0.361267 0.00603142 -0.000657753 0.368033 -0.368033 -0.000657753 1473.28 1470.81 17.9688 17.9683 0.323436 0.00175886 0 0 
-0.0479034 0.360884 0.0057781 -0.0010709 0.367435 -0.367435 -0.0010709 1476.31 1473.84 17.9647 17.9643 0.324504 0.00124981 0 0 
-0.0442185 0.360541 0.00558315 -0.00145747 0.366836 -0.366836 -0.00145747 1479.35 1476.88 17.9605 17.96 0.325579 0.000860035 0 0 
-0.0405336 0.360227 0.00544453 -0.00180545 0.366235 -0.366235 -0.00180545 1482.37 1479.9 17.9561 17.9556 0.326687 0.000570232 0 0 
-0.0368487 0.359932 0.00536021 -0.00210281 0.365632 -0.365632 -0.00210281 1485.39 1482.92 17.9515 17.951 0.327851 0.000361919 0 0 
-0.0331639 0.359646 0.00532658 -0.00233879 0.365027 -0.365027 -0.00233879 1488.41 1485.94 17.9467 17.9462 0.329085 0.000217983 0 0 
-0.029479 0.359363 0.00533397 -0.0025076 0.36442 -0.36442 -0.0025076 1491.42 1488.95 17.9417 17.9412 0.330348 0.00012311 0 0 
-0.0257941 0.35908 0.00537118 -0.00260466 0.363811 -0.363811 -0.00260466 1494.42 1491.95 17.9365 17.936 0.33159 6.41131e-05 0 0 
-0.0221092 0.358791 0.00542704 -0.0026254 0.3632 -0.3632 -0.0026254 1497.42 1494.94 17.931 17.9306 0.332759 3.00436e-05 0 0 
-0.0184244 0.358491 0.00549038 -0.00256522 0.362586 -0.362586 -0.00256522 1500.4 1497.93 17.9254 17.9249 0.333804 1.21971e-05 0 0 
-0.0147395 0.358178 0.00555203 -0.00242322 0.36197 -0.36197 -0.00242322 1503.38 1500.91 17.9195 17.919 0.334688 4.02669e-06 0 0 
-0.0110546 0.357853 0.00561075 -0.00221289 0.361351 -0.361351 -0.00221289 1506.35 1503.88 17.9134 17.9129 0.335431 9.60214e-07 0 0 
-0.00736975 0.357519 0.00566728 -0.00195132 0.360732 -0.360732 -0.00195132 1509.32 1506.85 17.9072 17.9067 0.336069 1.26751e-07 0 0 
-0.00368487 0.35718 0.00572234 -0.00165559 0.360111 -0.360111 -0.00165559 1512.29 1509.81 17.9008 17.9004 0.336637 3.96112e-09 0 0 
0 0.356837 0.00577667 -0.00134278 0.35949 -0.35949 -0.00134278 1515.25 1512.78 17.8945 17.894 0.33717 0 0 0 
