-18.4207 0.333333 -6.69817e-07 -5.76164e-20 0.666667 -0.666667 -5.76164e-20 1 1 2.00945e-06 2.00945e-06 0 0 0 0 
-18.417 0.333333 -6.72299e-07 -5.82513e-20 0.666667 -0.666667 -5.82513e-20 1 1 2.0169e-06 2.0169e-06 0 0 0 0 
-18.4133 0.333333 -6.74783e-07 -5.88887e-20 0.666667 -0.666667 -5.88887e-20 1 1 2.02435e-06 2.02435e-06 0 0 0 0 
-18.4096 0.333333 -6.77271e-07 -5.9531e-20 0.666667 -0.666667 -5.9531e-20 1 1 2.03181e-06 2.03181e-06 0 0 0 0 
-18.4059 0.333333 -6.79767e-07 -6.01808e-20 0.666667 -0.666667 -6.01808e-20 1 1 2.0393e-06 2.0393e-06 0 0 0 0 
-18.4023 0.333334 -6.82272e-07 -6.08404e-20 0.666666 -0.666666 -6.08404e-20 1 1 2.04682e-06 2.04682e-06 0 0 0 0 
-18.3986 0.333334 -6.84789e-07 -6.15118e-20 0.666666 -0.666666 -6.15118e-20 1 1 2.05437e-06 2.05437e-06 0 0 0 0 
-18.3949 0.333334 -6.87316e-07 -6.21945e-20 0.666666 -0.666666 -6.21945e-20 1 1 2.06195e-06 2.06195e-06 0 0 0 0 
-18.3912 0.333334 -6.89854e-07 -6.28871e-20 0.666666 -0.666666 -6.28871e-20 1 1 2.06956e-06 2.06956e-06 0 0 0 0 
-18.3875 0.333334 -6.92402e-07 -6.35887e-20 0.666666 -0.666666 -6.35887e-20 1 1 2.07721e-06 2.07721e-06 0 0 0 0 
-18.3838 0.333334 -6.94959e-07 -6.42979e-20 0.666666 -0.666666 -6.42979e-20 1 1 2.08488e-06 2.08488e-06 0 0 0 0 
-18.3801 0.333334 -6.97525e-07 -6.50139e-20 0.666666 -0.666666 -6.50139e-20 1 1 2.09258e-06 2.09258e-06 0 0 0 0 
-18.3765 0.333334 -7.00101e-07 -6.57369e-20 0.666666 -0.666666 -6.57369e-20 1 1 2.1003e-06 2.1003e-06 0 0 0 0 
-18.3728 0.333334 -7.02685e-07 -6.64673e-20 0.666666 -0.666666 -6.64673e-20 1 1 2.10805e-06 2.10805e-06 0 0 0 0 
-18.3691 0.333334 -7.05279e-07 -6.72055e-20 0.666666 -0.666666 -6.72055e-20 1 1 2.11584e-06 2.11584e-06 0 0 0 0 
-18.3654 0.333334 -7.07882e-07 -6.79519e-20 0.666666 -0.666666 -6.79519e-20 1 1 2.12365e-06 2.12365e-06 0 0 0 0 
-18.3617 0.333334 -7.10495e-07 -6.87069e-20 0.666666 -0.666666 -6.87069e-20 1 1 2.13149e-06 2.13149e-06 0 0 0 0 
-18.358 0.333334 -7.13118e-07 -6.94706e-20 0.666666 -0.666666 -6.94706e-20 1 1 2.13935e-06 2.13935e-06 0 0 0 0 
-18.3544 0.333334 -7.15751e-07 -7.02429e-20 0.666666 -0.666666 -7.02429e-20 1 1 2.14725e-06 2.14725e-06 0 0 0 0 
-18.3507 0.333334 -7.18393e-07 -7.10239e-20 0.666666 -0.666666 -7.10239e-20 1 1 2.15518e-06 2.15518e-06 0 0 0 0 
-18.347 0.333334 -7.21045e-07 -7.18136e-20 0.666666 -0.666666 -7.18136e-20 1 1 2.16314e-06 2.16314e-06 0 0 0 0 
-18.3433 0.333334 -7.23707e-07 -7.26119e-20 0.666666 -0.666666 -7.26119e-20 1 1 2.17112e-06 2.17112e-06 0 0 0 0 
-18.3396 0.333334 -7.26379e-07 -7.34191e-20 0.666666 -0.666666 -7.34191e-20 1 1 2.17914e-06 2.17914e-06 0 0 0 0 
-18.3359 0.333334 -7.2906e-07 -7.42352e-20 0.666666 -0.666666 -7.42352e-20 1 1 2.18718e-06 2.18718e-06 0 0 0 0 
-18.3322 0.333334 -7.31752e-07 -7.50603e-20 0.666666 -0.666666 -7.50603e-20 1 1 2.19525e-06 2.19525e-06 0 0 0 0 
-18.3286 0.333334 -7.34453e-07 -7.58946e-20 0.666666 -0.666666 -7.58946e-20 1 1 2.20336e-06 2.20336e-06 0 0 0 0 
-18.3249 0.333334 -7.37164e-07 -7.67383e-20 0.666666 -0.666666 -7.67383e-20 1 1 2.21149e-06 2.21149e-06 0 0 0 0 
-18.3212 0.333334 -7.39886e-07 -7.75913e-20 0.666666 -0.666666 -7.75913e-20 1 1 2.21966e-06 2.21966e-06 0 0 0 0 
-18.3175 0.333334 -7.42617e-07 -7.84538e-20 0.666666 -0.666666 -7.84538e-20 1 1 2.22785e-06 2.22785e-06 0 0 0 0 
-18.3138 0.333334 -7.45358e-07 -7.93259e-20 0.666666 -0.666666 -7.93259e-20 1 1 2.23608e-06 2.23608e-06 0 0 0 0 
-18.3101 0.333334 -7.4811e-07 -8.02077e-20 0.666666 -0.666666 -8.02077e-20 1 1 2.24433e-06 2.24433e-06 0 0 0 0 
-18.3064 0.333334 -7.50872e-07 -8.10993e-20 0.666666 -0.666666 -8.10993e-20 1 1 2.25262e-06 2.25262e-06 0 0 0 0 
-18.3028 0.333334 -7.53644e-07 -8.20007e-20 0.666666 -0.666666 -8.20007e-20 1 1 2.26093e-06 2.26093e-06 0 0 0 0 
-18.2991 0.333334 -7.56426e-07 -8.29123e-20 0.666666 -0.666666 -8.29123e-20 1 1 2.26928e-06 2.26928e-06 0 0 0 0 
-18.2954 0.333334 -7.59218e-07 -8.38339e-20 0.666666 -0.666666 -8.38339e-20 1 1 2.27766e-06 2.27766e-06 0 0 0 0 
-18.2917 0.333334 -7.62021e-07 -8.47658e-20 0.666666 -0.666666 -8.47658e-20 1 1 2.28606e-06 2.28606e-06 0 0 0 0 
-18.288 0.333334 -7.64834e-07 -8.5708e-20 0.666666 -0.666666 -8.5708e-20 1 1 2.2945e-06 2.2945e-06 0 0 0 0 
-18.2843 0.333334 -7.67658e-07 -8.66608e-20 0.666666 -0.666665 -8.66608e-20 1 1 2.30297e-06 2.30297e-06 0 0 0 0 
-18.2807 0.333335 -7.70492e-07 -8.76241e-20 0.666665 -0.666665 -8.76241e-20 1 1 2.31147e-06 2.31147e-06 0 0 0 0 
-18.277 0.333335 -7.73336e-07 -8.85981e-20 0.666665 -0.666665 -8.85981e-20 1 1 2.32001e-06 2.32001e-06 0 0 0 0 
-18.2733 0.333335 -7.76191e-07 -8.95829e-20 0.666665 -0.666665 -8.95829e-20 1 1 2.32857e-06 2.32857e-06 0 0 0 0 
-18.2696 0.333335 -7.79056e-07 -9.05787e-20 0.666665 -0.666665 -9.05787e-20 1 1 2.33717e-06 2.33717e-06 0 0 0 0 
-18.2659 0.333335 -7.81932e-07 -9.15856e-20 0.666665 -0.666665 -9.15856e-20 1 1 2.3458e-06 2.3458e-06 0 0 0 0 
-18.2622 0.333335 -7.84819e-07 -9.26037e-20 0.666665 -0.666665 -9.26037e-20 1 1 2.35446e-06 2.35446e-06 0 0 0 0 
-18.2585 0.333335 -7.87716e-07 -9.3633e-20 0.666665 -0.666665 -9.3633e-20 1 1 2.36315e-06 2.36315e-06 0 0 0 0 
-18.2549 0.333335 -7.90624e-07 -9.46739e-20 0.666665 -0.666665 -9.46739e-20 1 1 2.37187e-06 2.37187e-06 0 0 0 0 
-18.2512 0.333335 -7.93543e-07 -9.57262e-20 0.666665 -0.666665 -9.57262e-20 1 1 2.38063e-06 2.38063e-06 0 0 0 0 
-18.2475 0.333335 -7.96472e-07 -9.67903e-20 0.666665 -0.666665 -9.67903e-20 1 1 2.38942e-06 2.38942e-06 0 0 0 0 
-18.2438 0.333335 -7.99413e-07 -9.78662e-20 0.666665 -0.666665 -9.78662e-20 1 1 2.39824e-06 2.39824e-06 0 0 0 0 
-18.2401 0.333335 -8.02364e-07 -9.89541e-20 0.666665 -0.666665 -9.89541e-20 1 1 2.40709e-06 2.40709e-06 0 0 0 0 
-18.2364 0.333335 -8.05326e-07 -1.00054e-19 0.666665 -0.666665 -1.00054e-19 1 1 2.41598e-06 2.41598e-06 0 0 0 0 
-18.2328 0.333335 -8.08299e-07 -1.01166e-19 0.666665 -0.666665 -1.01166e-19 1 1 2.4249e-06 2.4249e-06 0 0 0 0 
-18.2291 0.333335 -8.11283e-07 -1.02291e-19 0.666665 -0.666665 -1.02291e-19 1 1 2.43385e-06 2.43385e-06 0 0 0 0 
-18.2254 0.333335 -8.14277e-07 -1.03428e-19 0.666665 -0.666665 -1.03428e-19 1 1 2.44283e-06 2.44283e-06 0 0 0 0 
-18.2217 0.333335 -8.17283e-07 -1.04578e-19 0.666665 -0.666665 -1.04578e-19 1 1 2.45185e-06 2.45185e-06 0 0 0 0 
-18.218 0.333335 -8.20301e-07 -1.0574e-19 0.666665 -0.666665 -1.0574e-19 1 1 2.4609e-06 2.4609e-06 0 0 0 0 
-18.2143 0.333335 -8.23329e-07 -1.06915e-19 0.666665 -0.666665 -1.06915e-19 1 1 2.46999e-06 2.46999e-06 0 0 0 0 
-18.2106 0.333335 -8.26368e-07 -1.08104e-19 0.666665 -0.666665 -1.08104e-19 1.00001 1.00001 2.4791e-06 2.4791e-06 0 0 0 0 
-18.207 0.333335 -8.29419e-07 -1.09306e-19 0.666665 -0.666665 -1.09306e-19 1.00001 1.00001 2.48826e-06 2.48826e-06 0 0 0 0 
-18.2033 0.333335 -8.32481e-07 -1.10521e-19 0.666665 -0.666665 -1.10521e-19 1.00001 1.00001 2.49744e-06 2.49744e-06 0 0 0 0 
-18.1996 0.333335 -8.35554e-07 -1.11749e-19 0.666665 -0.666665 -1.11749e-19 1.00001 1.00001 2.50666e-06 2.50666e-06 0 0 0 0 
-18.1959 0.333335 -8.38639e-07 -1.12991e-19 0.666665 -0.666665 -1.12991e-19 1.00001 1.00001 2.51592e-06 2.51592e-06 0 0 0 0 
-18.1922 0.333335 -8.41734e-07 -1.14247e-19 0.666665 -0.666665 -1.14247e-19 1.00001 1.00001 2.5252e-06 2.5252e-06 0 0 0 0 
-18.1885 0.333335 -8.44842e-07 -1.15517e-19 0.666665 -0.666665 -1.15517e-19 1.00001 1.00001 2.53453e-06 2.53453e-06 0 0 0 0 
-18.1848 0.333335 -8.47961e-07 -1.16801e-19 0.666665 -0.666665 -1.16801e-19 1.00001 1.00001 2.54388e-06 2.54388e-06 0 0 0 0 
-18.1812 0.333335 -8.51091e-07 -1.181e-19 0.666665 -0.666665 -1.181e-19 1.00001 1.00001 2.55327e-06 2.55327e-06 0 0 0 0 
-18.1775 0.333335 -8.54233e-07 -1.19412e-19 0.666665 -0.666665 -1.19412e-19 1.00001 1.00001 2.5627e-06 2.5627e-06 0 0 0 0 
-18.1738 0.333335 -8.57386e-07 -1.2074e-19 0.666665 -0.666665 -1.2074e-19 1.00001 1.00001 2.57216e-06 2.57216e-06 0 0 0 0 
-18.1701 0.333335 -8.60551e-07 -1.22082e-19 0.666665 -0.666665 -1.22082e-19 1.00001 1.00001 2.58165e-06 2.58165e-06 0 0 0 0 
-18.1664 0.333335 -8.63728e-07 -1.23439e-19 0.666665 -0.666665 -1.23439e-19 1.00001 1.00001 2.59118e-06 2.59118e-06 0 0 0 0 
-18.1627 0.333335 -8.66917e-07 -1.24811e-19 0.666665 -0.666665 -1.24811e-19 1.00001 1.00001 2.60075e-06 2.60075e-06 0 0 0 0 
-18.1591 0.333335 -8.70117e-07 -1.26199e-19 0.666665 -0.666665 -1.26199e-19 1.00001 1.00001 2.61035e-06 2.61035e-06 0 0 0 0 
-18.1554 0.333335 -8.73329e-07 -1.27601e-19 0.666665 -0.666665 -1.27601e-19 1.00001 1.00001 2.61999e-06 2.61999e-06 0 0 0 0 
-18.1517 0.333335 -8.76553e-07 -1.2902e-19 0.666665 -0.666665 -1.2902e-19 1.00001 1.00001 2.62966e-06 2.62966e-06 0 0 0 0 
-18.148 0.333335 -8.79789e-07 -1.30454e-19 0.666665 -0.666665 -1.30454e-19 1.00001 1.00001 2.63937e-06 2.63937e-06 0 0 0 0 
-18.1443 0.333335 -8.83037e-07 -1.31904e-19 0.666665 -0.666665 -1.31904e-19 1.00001 1.00001 2.64911e-06 2.64911e-06 0 0 0 0 
-18.1406 0.333335 -8.86297e-07 -1.3337e-19 0.666665 -0.666665 -1.3337e-19 1.00001 1.00001 2.65889e-06 2.65889e-06 0 0 0 0 
-18.1369 0.333335 -8.89569e-07 -1.34853e-19 0.666665 -0.666664 -1.34853e-19 1.00001 1.00001 2.66871e-06 2.66871e-06 0 0 0 0 
-18.1333 0.333336 -8.92853e-07 -1.36352e-19 0.666664 -0.666664 -1.36352e-19 1.00001 1.00001 2.67856e-06 2.67856e-06 0 0 0 0 
-18.1296 0.333336 -8.96149e-07 -1.37867e-19 0.666664 -0.666664 -1.37867e-19 1.00001 1.00001 2.68845e-06 2.68845e-06 0 0 0 0 
-18.1259 0.333336 -8.99457e-07 -1.394e-19 0.666664 -0.666664 -1.394e-19 1.00001 1.00001 2.69837e-06 2.69837e-06 0 0 0 0 
-18.1222 0.333336 -9.02777e-07 -1.4095e-19 0.666664 -0.666664 -1.4095e-19 1.00001 1.00001 2.70833e-06 2.70833e-06 0 0 0 0 
-18.1185 0.333336 -9.0611e-07 -1.42516e-19 0.666664 -0.666664 -1.42516e-19 1.00001 1.00001 2.71833e-06 2.71833e-06 0 0 0 0 
-18.1148 0.333336 -9.09455e-07 -1.44101e-19 0.666664 -0.666664 -1.44101e-19 1.00001 1.00001 2.72836e-06 2.72836e-06 0 0 0 0 
-18.1112 0.333336 -9.12812e-07 -1.45702e-19 0.666664 -0.666664 -1.45702e-19 1.00001 1.00001 2.73844e-06 2.73844e-06 0 0 0 0 
-18.1075 0.333336 -9.16182e-07 -1.47322e-19 0.666664 -0.666664 -1.47322e-19 1.00001 1.00001 2.74855e-06 2.74855e-06 0 0 0 0 
-18.1038 0.333336 -9.19564e-07 -1.4896e-19 0.666664 -0.666664 -1.4896e-19 1.00001 1.00001 2.75869e-06 2.75869e-06 0 0 0 0 
-18.1001 0.333336 -9.22959e-07 -1.50615e-19 0.666664 -0.666664 -1.50615e-19 1.00001 1.00001 2.76888e-06 2.76888e-06 0 0 0 0 
-18.0964 0.333336 -9.26366e-07 -1.5229e-19 0.666664 -0.666664 -1.5229e-19 1.00001 1.00001 2.7791e-06 2.7791e-06 0 0 0 0 
-18.0927 0.333336 -9.29786e-07 -1.53982e-19 0.666664 -0.666664 -1.53982e-19 1.00001 1.00001 2.78936e-06 2.78936e-06 0 0 0 0 
-18.089 0.333336 -9.33218e-07 -1.55694e-19 0.666664 -0.666664 -1.55694e-19 1.00001 1.00001 2.79965e-06 2.79965e-06 0 0 0 0 
-18.0854 0.333336 -9.36663e-07 -1.57425e-19 0.666664 -0.666664 -1.57425e-19 1.00001 1.00001 2.80999e-06 2.80999e-06 0 0 0 0 
-18.0817 0.333336 -9.40121e-07 -1.59175e-19 0.666664 -0.666664 -1.59175e-19 1.00001 1.00001 2.82036e-06 2.82036e-06 0 0 0 0 
-18.078 0.333336 -9.43592e-07 -1.60944e-19 0.666664 -0.666664 -1.60944e-19 1.00001 1.00001 2.83077e-06 2.83077e-06 0 0 0 0 
-18.0743 0.333336 -9.47075e-07 -1.62733e-19 0.666664 -0.666664 -1.62733e-19 1.00001 1.00001 2.84122e-06 2.84122e-06 0 0 0 0 
-18.0706 0.333336 -9.50571e-07 -1.64542e-19 0.666664 -0.666664 -1.64542e-19 1.00001 1.00001 2.85171e-06 2.85171e-06 0 0 0 0 
-18.0669 0.333336 -9.5408e-07 -1.66371e-19 0.666664 -0.666664 -1.66371e-19 1.00001 1.00001 2.86224e-06 2.86224e-06 0 0 0 0 
-18.0632 0.333336 -9.57602e-07 -1.6822e-19 0.666664 -0.666664 -1.6822e-19 1.00001 1.00001 2.87281e-06 2.87281e-06 0 0 0 0 
-18.0596 0.333336 -9.61137e-07 -1.7009e-19 0.666664 -0.666664 -1.7009e-19 1.00001 1.00001 2.88341e-06 2.88341e-06 0 0 0 0 
-18.0559 0.333336 -9.64685e-07 -1.71981e-19 0.666664 -0.666664 -1.71981e-19 1.00001 1.00001 2.89406e-06 2.89406e-06 0 0 0 0 
-18.0522 0.333336 -9.68247e-07 -1.73893e-19 0.666664 -0.666664 -1.73893e-19 1.00001 1.00001 2.90474e-06 2.90474e-06 0 0 0 0 
-18.0485 0.333336 -9.71821e-07 -1.75826e-19 0.666664 -0.666664 -1.75826e-19 1.00001 1.00001 2.91546e-06 2.91546e-06 0 0 0 0 
-18.0448 0.333336 -9.75409e-07 -1.7778e-19 0.666664 -0.666664 -1.7778e-19 1.00001 1.00001 2.92623e-06 2.92623e-06 0 0 0 0 
-18.0411 0.333336 -9.79009e-07 -1.79756e-19 0.666664 -0.666664 -1.79756e-19 1.00001 1.00001 2.93703e-06 2.93703e-06 0 0 0 0 
-18.0375 0.333336 -9.82623e-07 -1.81754e-19 0.666664 -0.666664 -1.81754e-19 1.00001 1.00001 2.94787e-06 2.94787e-06 0 0 0 0 
-18.0338 0.333336 -9.86251e-07 -1.83775e-19 0.666664 -0.666664 -1.83775e-19 1.00001 1.00001 2.95875e-06 2.95875e-06 0 0 0 0 
-18.0301 0.333336 -9.89892e-07 -1.85818e-19 0.666664 -0.666664 -1.85818e-19 1.00001 1.00001 2.96968e-06 2.96968e-06 0 0 0 0 
-18.0264 0.333336 -9.93546e-07 -1.87883e-19 0.666664 -0.666664 -1.87883e-19 1.00001 1.00001 2.98064e-06 2.98064e-06 0 0 0 0 
-18.0227 0.333336 -9.97214e-07 -1.89972e-19 0.666664 -0.666664 -1.89972e-19 1.00001 1.00001 2.99164e-06 2.99164e-06 0 0 0 0 
-18.019 0.333336 -1.0009e-06 -1.92083e-19 0.666664 -0.666664 -1.92083e-19 1.00001 1.00001 3.00269e-06 3.00269e-06 0 0 0 0 
-18.0153 0.333336 -1.00459e-06 -1.94218e-19 0.666664 -0.666664 -1.94218e-19 1.00001 1.00001 3.01377e-06 3.01377e-06 0 0 0 0 
-18.0117 0.333336 -1.0083e-06 -1.96377e-19 0.666664 -0.666664 -1.96377e-19 1.00001 1.00001 3.0249e-06 3.0249e-06 0 0 0 0 
-18.008 0.333336 -1.01202e-06 -1.9856e-19 0.666664 -0.666664 -1.9856e-19 1.00001 1.00001 3.03606e-06 3.03606e-06 0 0 0 0 
-18.0043 0.333336 -1.01576e-06 -2.00767e-19 0.666664 -0.666664 -2.00767e-19 1.00001 1.00001 3.04727e-06 3.04727e-06 0 0 0 0 
-18.0006 0.333336 -1.01951e-06 -2.02999e-19 0.666664 -0.666664 -2.02999e-19 1.00001 1.00001 3.05852e-06 3.05852e-06 0 0 0 0 
-17.9969 0.333336 -1.02327e-06 -2.05256e-19 0.666664 -0.666664 -2.05256e-19 1.00001 1.00001 3.06981e-06 3.06981e-06 0 0 0 0 
-17.9932 0.333336 -1.02705e-06 -2.07537e-19 0.666664 -0.666664 -2.07537e-19 1.00001 1.00001 3.08114e-06 3.08114e-06 0 0 0 0 
-17.9896 0.333336 -1.03084e-06 -2.09844e-19 0.666664 -0.666664 -2.09844e-19 1.00001 1.00001 3.09252e-06 3.09252e-06 0 0 0 0 
-17.9859 0.333336 -1.03464e-06 -2.12177e-19 0.666664 -0.666664 -2.12177e-19 1.00001 1.00001 3.10393e-06 3.10393e-06 0 0 0 0 
-17.9822 0.333336 -1.03846e-06 -2.14535e-19 0.666664 -0.666664 -2.14535e-19 1.00001 1.00001 3.11539e-06 3.11539e-06 0 0 0 0 
-17.9785 0.333336 -1.0423e-06 -2.1692e-19 0.666664 -0.666664 -2.1692e-19 1.00001 1.00001 3.12689e-06 3.12689e-06 0 0 0 0 
-17.9748 0.333336 -1.04614e-06 -2.19331e-19 0.666664 -0.666664 -2.19331e-19 1.00001 1.00001 3.13843e-06 3.13843e-06 0 0 0 0 
-17.9711 0.333336 -1.05001e-06 -2.21769e-19 0.666664 -0.666664 -2.21769e-19 1.00001 1.00001 3.15002e-06 3.15002e-06 0 0 0 0 
-17.9674 0.333336 -1.05388e-06 -2.24234e-19 0.666664 -0.666663 -2.24234e-19 1.00001 1.00001 3.16165e-06 3.16165e-06 0 0 0 0 
-17.9638 0.333337 -1.05777e-06 -2.26727e-19 0.666663 -0.666663 -2.26727e-19 1.00001 1.00001 3.17332e-06 3.17332e-06 0 0 0 0 
-17.9601 0.333337 -1.06168e-06 -2.29247e-19 0.666663 -0.666663 -2.29247e-19 1.00001 1.00001 3.18504e-06 3.18504e-06 0 0 0 0 
-17.9564 0.333337 -1.0656e-06 -2.31796e-19 0.666663 -0.666663 -2.31796e-19 1.00001 1.00001 3.19679e-06 3.19679e-06 0 0 0 0 
-17.9527 0.333337 -1.06953e-06 -2.34372e-19 0.666663 -0.666663 -2.34372e-19 1.00001 1.00001 3.20859e-06 3.20859e-06 0 0 0 0 
-17.949 0.333337 -1.07348e-06 -2.36977e-19 0.666663 -0.666663 -2.36977e-19 1.00001 1.00001 3.22044e-06 3.22044e-06 0 0 0 0 
-17.9453 0.333337 -1.07744e-06 -2.39612e-19 0.666663 -0.666663 -2.39612e-19 1.00001 1.00001 3.23233e-06 3.23233e-06 0 0 0 0 
-17.9416 0.333337 -1.08142e-06 -2.42275e-19 0.666663 -0.666663 -2.42275e-19 1.00001 1.00001 3.24426e-06 3.24426e-06 0 0 0 0 
-17.938 0.333337 -1.08541e-06 -2.44968e-19 0.666663 -0.666663 -2.44968e-19 1.00001 1.00001 3.25624e-06 3.25624e-06 0 0 0 0 
-17.9343 0.333337 -1.08942e-06 -2.47691e-19 0.666663 -0.666663 -2.47691e-19 1.00001 1.00001 3.26826e-06 3.26826e-06 0 0 0 0 
-17.9306 0.333337 -1.09344e-06 -2.50444e-19 0.666663 -0.666663 -2.50444e-19 1.00001 1.00001 3.28032e-06 3.28032e-06 0 0 0 0 
-17.9269 0.333337 -1.09748e-06 -2.53228e-19 0.666663 -0.666663 -2.53228e-19 1.00001 1.00001 3.29243e-06 3.29243e-06 0 0 0 0 
-17.9232 0.333337 -1.10153e-06 -2.56043e-19 0.666663 -0.666663 -2.56043e-19 1.00001 1.00001 3.30459e-06 3.30459e-06 0 0 0 0 
-17.9195 0.333337 -1.10559e-06 -2.58889e-19 0.666663 -0.666663 -2.58889e-19 1.00001 1.00001 3.31678e-06 3.31678e-06 0 0 0 0 
-17.9159 0.333337 -1.10968e-06 -2.61767e-19 0.666663 -0.666663 -2.61767e-19 1.00001 1.00001 3.32903e-06 3.32903e-06 0 0 0 0 
-17.9122 0.333337 -1.11377e-06 -2.64677e-19 0.666663 -0.666663 -2.64677e-19 1.00001 1.00001 3.34132e-06 3.34132e-06 0 0 0 0 
-17.9085 0.333337 -1.11788e-06 -2.67619e-19 0.666663 -0.666663 -2.67619e-19 1.00001 1.00001 3.35365e-06 3.35365e-06 0 0 0 0 
-17.9048 0.333337 -1.12201e-06 -2.70594e-19 0.666663 -0.666663 -2.70594e-19 1.00001 1.00001 3.36603e-06 3.36603e-06 0 0 0 0 
-17.9011 0.333337 -1.12615e-06 -2.73602e-19 0.666663 -0.666663 -2.73602e-19 1.00001 1.00001 3.37846e-06 3.37846e-06 0 0 0 0 
-17.8974 0.333337 -1.13031e-06 -2.76643e-19 0.666663 -0.666663 -2.76643e-19 1.00001 1.00001 3.39093e-06 3.39093e-06 0 0 0 0 
-17.8937 0.333337 -1.13448e-06 -2.79718e-19 0.666663 -0.666663 -2.79718e-19 1.00001 1.00001 3.40345e-06 3.40345e-06 0 0 0 0 
-17.8901 0.333337 -1.13867e-06 -2.82827e-19 0.666663 -0.666663 -2.82827e-19 1.00001 1.00001 3.41601e-06 3.41601e-06 0 0 0 0 
-17.8864 0.333337 -1.14287e-06 -2.85971e-19 0.666663 -0.666663 -2.85971e-19 1.00001 1.00001 3.42862e-06 3.42862e-06 0 0 0 0 
-17.8827 0.333337 -1.14709e-06 -2.8915e-19 0.666663 -0.666663 -2.8915e-19 1.00001 1.00001 3.44128e-06 3.44128e-06 0 0 0 0 
-17.879 0.333337 -1.15133e-06 -2.92364e-19 0.666663 -0.666663 -2.92364e-19 1.00001 1.00001 3.45398e-06 3.45398e-06 0 0 0 0 
-17.8753 0.333337 -1.15558e-06 -2.95614e-19 0.666663 -0.666663 -2.95614e-19 1.00001 1.00001 3.46673e-06 3.46673e-06 0 0 0 0 
-17.8716 0.333337 -1.15984e-06 -2.989e-19 0.666663 -0.666663 -2.989e-19 1.00001 1.00001 3.47953e-06 3.47953e-06 0 0 0 0 
-17.8679 0.333337 -1.16413e-06 -3.02223e-19 0.666663 -0.666663 -3.02223e-19 1.00001 1.00001 3.49238e-06 3.49238e-06 0 0 0 0 
-17.8643 0.333337 -1.16842e-06 -3.05582e-19 0.666663 -0.666663 -3.05582e-19 1.00001 1.00001 3.50527e-06 3.50527e-06 0 0 0 0 
-17.8606 0.333337 -1.17274e-06 -3.08979e-19 0.666663 -0.666663 -3.08979e-19 1.00001 1.00001 3.51821e-06 3.51821e-06 0 0 0 0 
-17.8569 0.333337 -1.17707e-06 -3.12413e-19 0.666663 -0.666663 -3.12413e-19 1.00001 1.00001 3.5312e-06 3.5312e-06 0 0 0 0 
-17.8532 0.333337 -1.18141e-06 -3.15886e-19 0.666663 -0.666663 -3.15886e-19 1.00001 1.00001 3.54423e-06 3.54423e-06 0 0 0 0 
-17.8495 0.333337 -1.18577e-06 -3.19397e-19 0.666663 -0.666663 -3.19397e-19 1.00001 1.00001 3.55731e-06 3.55731e-06 0 0 0 0 
-17.8458 0.333337 -1.19015e-06 -3.22948e-19 0.666663 -0.666663 -3.22948e-19 1.00001 1.00001 3.57045e-06 3.57045e-06 0 0 0 0 
-17.8422 0.333337 -1.19454e-06 -3.26538e-19 0.666663 -0.666663 -3.26538e-19 1.00001 1.00001 3.58363e-06 3.58363e-06 0 0 0 0 
-17.8385 0.333337 -1.19895e-06 -3.30167e-19 0.666663 -0.666663 -3.30167e-19 1.00001 1.00001 3.59686e-06 3.59686e-06 0 0 0 0 
-17.8348 0.333337 -1.20338e-06 -3.33837e-19 0.666663 -0.666663 -3.33837e-19 1.00001 1.00001 3.61013e-06 3.61013e-06 0 0 0 0 
-17.8311 0.333337 -1.20782e-06 -3.37548e-19 0.666663 -0.666663 -3.37548e-19 1.00001 1.00001 3.62346e-06 3.62346e-06 0 0 0 0 
-17.8274 0.333337 -1.21228e-06 -3.413e-19 0.666663 -0.666663 -3.413e-19 1.00001 1.00001 3.63684e-06 3.63684e-06 0 0 0 0 
-17.8237 0.333337 -1.21675e-06 -3.45094e-19 0.666663 -0.666663 -3.45094e-19 1.00001 1.00001 3.65026e-06 3.65026e-06 0 0 0 0 
-17.82 0.333337 -1.22125e-06 -3.4893e-19 0.666663 -0.666663 -3.4893e-19 1.00001 1.00001 3.66374e-06 3.66374e-06 0 0 0 0 
-17.8164 0.333337 -1.22575e-06 -3.52809e-19 0.666663 -0.666663 -3.52809e-19 1.00001 1.00001 3.67726e-06 3.67726e-06 0 0 0 0 
-17.8127 0.333337 -1.23028e-06 -3.56731e-19 0.666663 -0.666663 -3.56731e-19 1.00001 1.00001 3.69084e-06 3.69084e-06 0 0 0 0 
-17.809 0.333337 -1.23482e-06 -3.60696e-19 0.666663 -0.666663 -3.60696e-19 1.00001 1.00001 3.70446e-06 3.70446e-06 0 0 0 0 
-17.8053 0.333337 -1.23938e-06 -3.64705e-19 0.666663 -0.666663 -3.64705e-19 1.00001 1.00001 3.71814e-06 3.71814e-06 0 0 0 0 
-17.8016 0.333337 -1.24395e-06 -3.68759e-19 0.666663 -0.666663 -3.68759e-19 1.00001 1.00001 3.73186e-06 3.73186e-06 0 0 0 0 
-17.7979 0.333337 -1.24855e-06 -3.72859e-19 0.666663 -0.666663 -3.72859e-19 1.00001 1.00001 3.74564e-06 3.74564e-06 0 0 0 0 
-17.7943 0.333337 -1.25316e-06 -3.77003e-19 0.666663 -0.666663 -3.77003e-19 1.00001 1.00001 3.75947e-06 3.75947e-06 0 0 0 0 
-17.7906 0.333337 -1.25778e-06 -3.81194e-19 0.666663 -0.666662 -3.81194e-19 1.00001 1.00001 3.77334e-06 3.77334e-06 0 0 0 0 
-17.7869 0.333337 -1.26242e-06 -3.85431e-19 0.666663 -0.666662 -3.85431e-19 1.00001 1.00001 3.78727e-06 3.78727e-06 0 0 0 0 
-17.7832 0.333338 -1.26709e-06 -3.89716e-19 0.666662 -0.666662 -3.89716e-19 1.00001 1.00001 3.80126e-06 3.80126e-06 0 0 0 0 
-17.7795 0.333338 -1.27176e-06 -3.94048e-19 0.666662 -0.666662 -3.94048e-19 1.00001 1.00001 3.81529e-06 3.81529e-06 0 0 0 0 
-17.7758 0.333338 -1.27646e-06 -3.98428e-19 0.666662 -0.666662 -3.98428e-19 1.00001 1.00001 3.82937e-06 3.82937e-06 0 0 0 0 
-17.7721 0.333338 -1.28117e-06 -4.02857e-19 0.666662 -0.666662 -4.02857e-19 1.00001 1.00001 3.84351e-06 3.84351e-06 0 0 0 0 
-17.7685 0.333338 -1.2859e-06 -4.07335e-19 0.666662 -0.666662 -4.07335e-19 1.00001 1.00001 3.8577e-06 3.8577e-06 0 0 0 0 
-17.7648 0.333338 -1.29065e-06 -4.11862e-19 0.666662 -0.666662 -4.11862e-19 1.00001 1.00001 3.87194e-06 3.87194e-06 0 0 0 0 
-17.7611 0.333338 -1.29541e-06 -4.16441e-19 0.666662 -0.666662 -4.16441e-19 1.00001 1.00001 3.88623e-06 3.88623e-06 0 0 0 0 
-17.7574 0.333338 -1.30019e-06 -4.2107e-19 0.666662 -0.666662 -4.2107e-19 1.00001 1.00001 3.90058e-06 3.90058e-06 0 0 0 0 
-17.7537 0.333338 -1.30499e-06 -4.2575e-19 0.666662 -0.666662 -4.2575e-19 1.00001 1.00001 3.91498e-06 3.91498e-06 0 0 0 0 
-17.75 0.333338 -1.30981e-06 -4.30483e-19 0.666662 -0.666662 -4.30483e-19 1.00001 1.00001 3.92943e-06 3.92943e-06 0 0 0 0 
-17.7463 0.333338 -1.31464e-06 -4.35268e-19 0.666662 -0.666662 -4.35268e-19 1.00001 1.00001 3.94393e-06 3.94393e-06 0 0 0 0 
-17.7427 0.333338 -1.3195e-06 -4.40106e-19 0.666662 -0.666662 -4.40106e-19 1.00001 1.00001 3.95849e-06 3.95849e-06 0 0 0 0 
-17.739 0.333338 -1.32437e-06 -4.44998e-19 0.666662 -0.666662 -4.44998e-19 1.00001 1.00001 3.97311e-06 3.97311e-06 0 0 0 0 
-17.7353 0.333338 -1.32926e-06 -4.49945e-19 0.666662 -0.666662 -4.49945e-19 1.00001 1.00001 3.98777e-06 3.98777e-06 0 0 0 0 
-17.7316 0.333338 -1.33416e-06 -4.54946e-19 0.666662 -0.666662 -4.54946e-19 1.00001 1.00001 4.00249e-06 4.00249e-06 0 0 0 0 
-17.7279 0.333338 -1.33909e-06 -4.60004e-19 0.666662 -0.666662 -4.60004e-19 1.00001 1.00001 4.01727e-06 4.01727e-06 0 0 0 0 
-17.7242 0.333338 -1.34403e-06 -4.65117e-19 0.666662 -0.666662 -4.65117e-19 1.00001 1.00001 4.0321e-06 4.0321e-06 0 0 0 0 
-17.7206 0.333338 -1.34899e-06 -4.70287e-19 0.666662 -0.666662 -4.70287e-19 1.00001 1.00001 4.04698e-06 4.04698e-06 0 0 0 0 
-17.7169 0.333338 -1.35397e-06 -4.75515e-19 0.666662 -0.666662 -4.75515e-19 1.00001 1.00001 4.06192e-06 4.06192e-06 0 0 0 0 
-17.7132 0.333338 -1.35897e-06 -4.808e-19 0.666662 -0.666662 -4.808e-19 1.00001 1.00001 4.07692e-06 4.07692e-06 0 0 0 0 
-17.7095 0.333338 -1.36399e-06 -4.86145e-19 0.666662 -0.666662 -4.86145e-19 1.00001 1.00001 4.09197e-06 4.09197e-06 0 0 0 0 
-17.7058 0.333338 -1.36902e-06 -4.91549e-19 0.666662 -0.666662 -4.91549e-19 1.00001 1.00001 4.10707e-06 4.10707e-06 0 0 0 0 
-17.7021 0.333338 -1.37408e-06 -4.97013e-19 0.666662 -0.666662 -4.97013e-19 1.00001 1.00001 4.12223e-06 4.12223e-06 0 0 0 0 
-17.6984 0.333338 -1.37915e-06 -5.02537e-19 0.666662 -0.666662 -5.02537e-19 1.00001 1.00001 4.13745e-06 4.13745e-06 0 0 0 0 
-17.6948 0.333338 -1.38424e-06 -5.08123e-19 0.666662 -0.666662 -5.08123e-19 1.00001 1.00001 4.15273e-06 4.15273e-06 0 0 0 0 
-17.6911 0.333338 -1.38935e-06 -5.13772e-19 0.666662 -0.666662 -5.13772e-19 1.00001 1.00001 4.16805e-06 4.16805e-06 0 0 0 0 
-17.6874 0.333338 -1.39448e-06 -5.19483e-19 0.666662 -0.666662 -5.19483e-19 1.00001 1.00001 4.18344e-06 4.18344e-06 0 0 0 0 
-17.6837 0.333338 -1.39963e-06 -5.25257e-19 0.666662 -0.666662 -5.25257e-19 1.00001 1.00001 4.19888e-06 4.19888e-06 0 0 0 0 
-17.68 0.333338 -1.40479e-06 -5.31096e-19 0.666662 -0.666662 -5.31096e-19 1.00001 1.00001 4.21438e-06 4.21438e-06 0 0 0 0 
-17.6763 0.333338 -1.40998e-06 -5.36999e-19 0.666662 -0.666662 -5.36999e-19 1.00001 1.00001 4.22994e-06 4.22994e-06 0 0 0 0 
-17.6727 0.333338 -1.41519e-06 -5.42968e-19 0.666662 -0.666662 -5.42968e-19 1.00001 1.00001 4.24556e-06 4.24556e-06 0 0 0 0 
-17.669 0.333338 -1.42041e-06 -5.49004e-19 0.666662 -0.666662 -5.49004e-19 1.00001 1.00001 4.26123e-06 4.26123e-06 0 0 0 0 
-17.6653 0.333338 -1.42565e-06 -5.55107e-19 0.666662 -0.666662 -5.55107e-19 1.00001 1.00001 4.27696e-06 4.27696e-06 0 0 0 0 
-17.6616 0.333338 -1.43092e-06 -5.61277e-19 0.666662 -0.666662 -5.61277e-19 1.00001 1.00001 4.29275e-06 4.29275e-06 0 0 0 0 
-17.6579 0.333338 -1.4362e-06 -5.67516e-19 0.666662 -0.666662 -5.67516e-19 1.00001 1.00001 4.3086e-06 4.3086e-06 0 0 0 0 
-17.6542 0.333338 -1.4415e-06 -5.73824e-19 0.666662 -0.666662 -5.73824e-19 1.00001 1.00001 4.3245e-06 4.3245e-06 0 0 0 0 
-17.6505 0.333338 -1.44682e-06 -5.80203e-19 0.666662 -0.666662 -5.80203e-19 1.00001 1.00001 4.34046e-06 4.34046e-06 0 0 0 0 
-17.6469 0.333338 -1.45216e-06 -5.86652e-19 0.666662 -0.666662 -5.86652e-19 1.00001 1.00001 4.35649e-06 4.35649e-06 0 0 0 0 
-17.6432 0.333338 -1.45752e-06 -5.93173e-19 0.666662 -0.666662 -5.93173e-19 1.00001 1.00001 4.37257e-06 4.37257e-06 0 0 0 0 
-17.6395 0.333338 -1.4629e-06 -5.99767e-19 0.666662 -0.666662 -5.99767e-19 1.00001 1.00001 4.38871e-06 4.38871e-06 0 0 0 0 
-17.6358 0.333338 -1.4683e-06 -6.06434e-19 0.666662 -0.666662 -6.06434e-19 1.00002 1.00002 4.40491e-06 4.40491e-06 0 0 0 0 
-17.6321 0.333338 -1.47372e-06 -6.13175e-19 0.666662 -0.666662 -6.13175e-19 1.00002 1.00002 4.42117e-06 4.42117e-06 0 0 0 0 
-17.6284 0.333338 -1.47916e-06 -6.19991e-19 0.666662 -0.666662 -6.19991e-19 1.00002 1.00002 4.43749e-06 4.43749e-06 0 0 0 0 
-17.6247 0.333338 -1.48462e-06 -6.26882e-19 0.666662 -0.666662 -6.26882e-19 1.00002 1.00002 4.45387e-06 4.45387e-06 0 0 0 0 
-17.6211 0.333338 -1.49011e-06 -6.33851e-19 0.666662 -0.666662 -6.33851e-19 1.00002 1.00002 4.47032e-06 4.47032e-06 0 0 0 0 
-17.6174 0.333338 -1.49561e-06 -6.40896e-19 0.666662 -0.666661 -6.40896e-19 1.00002 1.00002 4.48682e-06 4.48682e-06 0 0 0 0 
-17.6137 0.333338 -1.50113e-06 -6.48021e-19 0.666662 -0.666661 -6.48021e-19 1.00002 1.00002 4.50338e-06 4.50338e-06 0 0 0 0 
-17.61 0.333339 -1.50667e-06 -6.55224e-19 0.666661 -0.666661 -6.55224e-19 1.00002 1.00002 4.52e-06 4.52e-06 0 0 0 0 
-17.6063 0.333339 -1.51223e-06 -6.62507e-19 0.666661 -0.666661 -6.62507e-19 1.00002 1.00002 4.53669e-06 4.53669e-06 0 0 0 0 
-17.6026 0.333339 -1.51781e-06 -6.69871e-19 0.666661 -0.666661 -6.69871e-19 1.00002 1.00002 4.55344e-06 4.55344e-06 0 0 0 0 
-17.599 0.333339 -1.52342e-06 -6.77318e-19 0.666661 -0.666661 -6.77318e-19 1.00002 1.00002 4.57025e-06 4.57025e-06 0 0 0 0 
-17.5953 0.333339 -1.52904e-06 -6.84846e-19 0.666661 -0.666661 -6.84846e-19 1.00002 1.00002 4.58712e-06 4.58712e-06 0 0 0 0 
-17.5916 0.333339 -1.53468e-06 -6.92459e-19 0.666661 -0.666661 -6.92459e-19 1.00002 1.00002 4.60405e-06 4.60405e-06 0 0 0 0 
-17.5879 0.333339 -1.54035e-06 -7.00156e-19 0.666661 -0.666661 -7.00156e-19 1.00002 1.00002 4.62105e-06 4.62105e-06 0 0 0 0 
-17.5842 0.333339 -1.54604e-06 -7.07939e-19 0.666661 -0.666661 -7.07939e-19 1.00002 1.00002 4.63811e-06 4.63811e-06 0 0 0 0 
-17.5805 0.333339 -1.55174e-06 -7.15808e-19 0.666661 -0.666661 -7.15808e-19 1.00002 1.00002 4.65523e-06 4.65523e-06 0 0 0 0 
-17.5768 0.333339 -1.55747e-06 -7.23765e-19 0.666661 -0.666661 -7.23765e-19 1.00002 1.00002 4.67241e-06 4.67241e-06 0 0 0 0 
-17.5732 0.333339 -1.56322e-06 -7.3181e-19 0.666661 -0.666661 -7.3181e-19 1.00002 1.00002 4.68966e-06 4.68966e-06 0 0 0 0 
-17.5695 0.333339 -1.56899e-06 -7.39945e-19 0.666661 -0.666661 -7.39945e-19 1.00002 1.00002 4.70697e-06 4.70697e-06 0 0 0 0 
-17.5658 0.333339 -1.57478e-06 -7.4817e-19 0.666661 -0.666661 -7.4817e-19 1.00002 1.00002 4.72435e-06 4.72435e-06 0 0 0 0 
-17.5621 0.333339 -1.5806e-06 -7.56486e-19 0.666661 -0.666661 -7.56486e-19 1.00002 1.00002 4.74179e-06 4.74179e-06 0 0 0 0 
-17.5584 0.333339 -1.58643e-06 -7.64895e-19 0.666661 -0.666661 -7.64895e-19 1.00002 1.00002 4.75929e-06 4.75929e-06 0 0 0 0 
-17.5547 0.333339 -1.59229e-06 -7.73398e-19 0.666661 -0.666661 -7.73398e-19 1.00002 1.00002 4.77686e-06 4.77686e-06 0 0 0 0 
-17.5511 0.333339 -1.59816e-06 -7.81995e-19 0.666661 -0.666661 -7.81995e-19 1.00002 1.00002 4.79449e-06 4.79449e-06 0 0 0 0 
-17.5474 0.333339 -1.60406e-06 -7.90687e-19 0.666661 -0.666661 -7.90687e-19 1.00002 1.00002 4.81219e-06 4.81219e-06 0 0 0 0 
-17.5437 0.333339 -1.60999e-06 -7.99476e-19 0.666661 -0.666661 -7.99476e-19 1.00002 1.00002 4.82996e-06 4.82996e-06 0 0 0 0 
-17.54 0.333339 -1.61593e-06 -8.08363e-19 0.666661 -0.666661 -8.08363e-19 1.00002 1.00002 4.84779e-06 4.84779e-06 0 0 0 0 
-17.5363 0.333339 -1.62189e-06 -8.17349e-19 0.666661 -0.666661 -8.17349e-19 1.00002 1.00002 4.86568e-06 4.86568e-06 0 0 0 0 
-17.5326 0.333339 -1.62788e-06 -8.26434e-19 0.666661 -0.666661 -8.26434e-19 1.00002 1.00002 4.88364e-06 4.88364e-06 0 0 0 0 
-17.5289 0.333339 -1.63389e-06 -8.3562e-19 0.666661 -0.666661 -8.3562e-19 1.00002 1.00002 4.90167e-06 4.90167e-06 0 0 0 0 
-17.5253 0.333339 -1.63992e-06 -8.44909e-19 0.666661 -0.666661 -8.44909e-19 1.00002 1.00002 4.91977e-06 4.91977e-06 0 0 0 0 
-17.5216 0.333339 -1.64598e-06 -8.54301e-19 0.666661 -0.666661 -8.54301e-19 1.00002 1.00002 4.93793e-06 4.93793e-06 0 0 0 0 
-17.5179 0.333339 -1.65205e-06 -8.63797e-19 0.666661 -0.666661 -8.63797e-19 1.00002 1.00002 4.95616e-06 4.95616e-06 0 0 0 0 
-17.5142 0.333339 -1.65815e-06 -8.73399e-19 0.666661 -0.666661 -8.73399e-19 1.00002 1.00002 4.97445e-06 4.97445e-06 0 0 0 0 
-17.5105 0.333339 -1.66427e-06 -8.83107e-19 0.666661 -0.666661 -8.83107e-19 1.00002 1.00002 4.99281e-06 4.99281e-06 0 0 0 0 
-17.5068 0.333339 -1.67042e-06 -8.92924e-19 0.666661 -0.666661 -8.92924e-19 1.00002 1.00002 5.01125e-06 5.01125e-06 0 0 0 0 
-17.5031 0.333339 -1.67658e-06 -9.02849e-19 0.666661 -0.666661 -9.02849e-19 1.00002 1.00002 5.02974e-06 5.02974e-06 0 0 0 0 
-17.4995 0.333339 -1.68277e-06 -9.12885e-19 0.666661 -0.666661 -9.12885e-19 1.00002 1.00002 5.04831e-06 5.04831e-06 0 0 0 0 
-17.4958 0.333339 -1.68898e-06 -9.23032e-19 0.666661 -0.666661 -9.23032e-19 1.00002 1.00002 5.06695e-06 5.06695e-06 0 0 0 0 
-17.4921 0.333339 -1.69522e-06 -9.33293e-19 0.666661 -0.666661 -9.33293e-19 1.00002 1.00002 5.08565e-06 5.08565e-06 0 0 0 0 
-17.4884 0.333339 -1.70147e-06 -9.43667e-19 0.666661 -0.666661 -9.43667e-19 1.00002 1.00002 5.10442e-06 5.10442e-06 0 0 0 0 
-17.4847 0.333339 -1.70776e-06 -9.54156e-19 0.666661 -0.666661 -9.54156e-19 1.00002 1.00002 5.12327e-06 5.12327e-06 0 0 0 0 
-17.481 0.333339 -1.71406e-06 -9.64763e-19 0.666661 -0.666661 -9.64763e-19 1.00002 1.00002 5.14218e-06 5.14218e-06 0 0 0 0 
-17.4774 0.333339 -1.72039e-06 -9.75487e-19 0.666661 -0.666661 -9.75487e-19 1.00002 1.00002 5.16116e-06 5.16116e-06 0 0 0 0 
-17.4737 0.333339 -1.72674e-06 -9.8633e-19 0.666661 -0.666661 -9.8633e-19 1.00002 1.00002 5.18021e-06 5.18021e-06 0 0 0 0 
-17.47 0.333339 -1.73311e-06 -9.97294e-19 0.666661 -0.666661 -9.97294e-19 1.00002 1.00002 5.19934e-06 5.19934e-06 0 0 0 0 
-17.4663 0.333339 -1.73951e-06 -1.00838e-18 0.666661 -0.666661 -1.00838e-18 1.00002 1.00002 5.21853e-06 5.21853e-06 0 0 0 0 
-17.4626 0.333339 -1.74593e-06 -1.01959e-18 0.666661 -0.666661 -1.01959e-18 1.00002 1.00002 5.23779e-06 5.23779e-06 0 0 0 0 
-17.4589 0.333339 -1.75238e-06 -1.03092e-18 0.666661 -0.66666 -1.03092e-18 1.00002 1.00002 5.25713e-06 5.25713e-06 0 0 0 0 
-17.4552 0.333339 -1.75885e-06 -1.04238e-18 0.666661 -0.66666 -1.04238e-18 1.00002 1.00002 5.27654e-06 5.27654e-06 0 0 0 0 
-17.4516 0.33334 -1.76534e-06 -1.05397e-18 0.66666 -0.66666 -1.05397e-18 1.00002 1.00002 5.29601e-06 5.29601e-06 0 0 0 0 
-17.4479 0.33334 -1.77185e-06 -1.06568e-18 0.66666 -0.66666 -1.06568e-18 1.00002 1.00002 5.31556e-06 5.31556e-06 0 0 0 0 
-17.4442 0.33334 -1.7784e-06 -1.07753e-18 0.66666 -0.66666 -1.07753e-18 1.00002 1.00002 5.33519e-06 5.33519e-06 0 0 0 0 
-17.4405 0.33334 -1.78496e-06 -1.08951e-18 0.66666 -0.66666 -1.08951e-18 1.00002 1.00002 5.35488e-06 5.35488e-06 0 0 0 0 
-17.4368 0.33334 -1.79155e-06 -1.10162e-18 0.66666 -0.66666 -1.10162e-18 1.00002 1.00002 5.37465e-06 5.37465e-06 0 0 0 0 
-17.4331 0.33334 -1.79816e-06 -1.11386e-18 0.66666 -0.66666 -1.11386e-18 1.00002 1.00002 5.39449e-06 5.39449e-06 0 0 0 0 
-17.4294 0.33334 -1.8048e-06 -1.12624e-18 0.66666 -0.66666 -1.12624e-18 1.00002 1.00002 5.4144e-06 5.4144e-06 -4.94066e-324 -0 -0 -0 
-17.4258 0.33334 -1.81146e-06 -1.13876e-18 0.66666 -0.66666 -1.13876e-18 1.00002 1.00002 5.43439e-06 5.43439e-06 0 0 0 0 
-17.4221 0.33334 -1.81815e-06 -1.15142e-18 0.66666 -0.66666 -1.15142e-18 1.00002 1.00002 5.45445e-06 5.45445e-06 0 0 0 0 
-17.4184 0.33334 -1.82486e-06 -1.16422e-18 0.66666 -0.66666 -1.16422e-18 1.00002 1.00002 5.47459e-06 5.47459e-06 0 0 0 0 
-17.4147 0.33334 -1.8316e-06 -1.17716e-18 0.66666 -0.66666 -1.17716e-18 1.00002 1.00002 5.49479e-06 5.49479e-06 4.94066e-324 0 0 0 
-17.411 0.33334 -1.83836e-06 -1.19025e-18 0.66666 -0.66666 -1.19025e-18 1.00002 1.00002 5.51508e-06 5.51508e-06 4.94066e-324 0 0 0 
-17.4073 0.33334 -1.84515e-06 -1.20348e-18 0.66666 -0.66666 -1.20348e-18 1.00002 1.00002 5.53544e-06 5.53544e-06 0 0 0 0 
-17.4037 0.33334 -1.85196e-06 -1.21685e-18 0.66666 -0.66666 -1.21685e-18 1.00002 1.00002 5.55587e-06 5.55587e-06 0 0 0 0 
-17.4 0.33334 -1.85879e-06 -1.23038e-18 0.66666 -0.66666 -1.23038e-18 1.00002 1.00002 5.57638e-06 5.57638e-06 -9.88131e-324 -0 -0 -0 
-17.3963 0.33334 -1.86565e-06 -1.24406e-18 0.66666 -0.66666 -1.24406e-18 1.00002 1.00002 5.59696e-06 5.59696e-06 -4.94066e-324 -0 -0 -0 
-17.3926 0.33334 -1.87254e-06 -1.25789e-18 0.66666 -0.66666 -1.25789e-18 1.00002 1.00002 5.61763e-06 5.61763e-06 -4.94066e-324 -0 -0 -0 
-17.3889 0.33334 -1.87945e-06 -1.27187e-18 0.66666 -0.66666 -1.27187e-18 1.00002 1.00002 5.63836e-06 5.63836e-06 -4.94066e-324 -0 -0 -0 
-17.3852 0.33334 -1.88639e-06 -1.28601e-18 0.66666 -0.66666 -1.28601e-18 1.00002 1.00002 5.65918e-06 5.65918e-06 4.94066e-324 0 0 0 
-17.3815 0.33334 -1.89336e-06 -1.3003e-18 0.66666 -0.66666 -1.3003e-18 1.00002 1.00002 5.68007e-06 5.68007e-06 1.97626e-323 0 0 0 
-17.3779 0.33334 -1.90034e-06 -1.31475e-18 0.66666 -0.66666 -1.31475e-18 1.00002 1.00002 5.70103e-06 5.70103e-06 2.47033e-323 0 0 0 
-17.3742 0.33334 -1.90736e-06 -1.32937e-18 0.66666 -0.66666 -1.32937e-18 1.00002 1.00002 5.72208e-06 5.72208e-06 1.97626e-323 0 0 0 
-17.3705 0.33334 -1.9144e-06 -1.34415e-18 0.66666 -0.66666 -1.34415e-18 1.00002 1.00002 5.7432e-06 5.7432e-06 1.4822e-323 0 0 0 
-17.3668 0.33334 -1.92147e-06 -1.35909e-18 0.66666 -0.66666 -1.35909e-18 1.00002 1.00002 5.7644e-06 5.7644e-06 -2.47033e-323 -0 -0 -0 
-17.3631 0.33334 -1.92856e-06 -1.37419e-18 0.66666 -0.66666 -1.37419e-18 1.00002 1.00002 5.78568e-06 5.78568e-06 -6.42285e-323 -4.94066e-324 -0 -0 
-17.3594 0.33334 -1.93568e-06 -1.38947e-18 0.66666 -0.66666 -1.38947e-18 1.00002 1.00002 5.80704e-06 5.80704e-06 -8.39912e-323 -4.94066e-324 -0 -0 
-17.3558 0.33334 -1.94283e-06 -1.40491e-18 0.66666 -0.66666 -1.40491e-18 1.00002 1.00002 5.82848e-06 5.82848e-06 -7.41098e-323 -4.94066e-324 -0 -0 
-17.3521 0.33334 -1.95e-06 -1.42053e-18 0.66666 -0.66666 -1.42053e-18 1.00002 1.00002 5.84999e-06 5.84999e-06 -2.47033e-323 -0 -0 -0 
-17.3484 0.33334 -1.9572e-06 -1.43632e-18 0.66666 -0.66666 -1.43632e-18 1.00002 1.00002 5.87159e-06 5.87159e-06 8.89318e-323 4.94066e-324 0 0 
-17.3447 0.33334 -1.96442e-06 -1.45229e-18 0.66666 -0.66666 -1.45229e-18 1.00002 1.00002 5.89326e-06 5.89326e-06 2.2727e-322 1.4822e-323 0 0 
-17.341 0.33334 -1.97167e-06 -1.46843e-18 0.66666 -0.66666 -1.46843e-18 1.00002 1.00002 5.91502e-06 5.91502e-06 3.06321e-322 1.97626e-323 0 0 
-17.3373 0.33334 -1.97895e-06 -1.48475e-18 0.66666 -0.66666 -1.48475e-18 1.00002 1.00002 5.93685e-06 5.93685e-06 2.81617e-322 1.97626e-323 0 0 
-17.3336 0.33334 -1.98626e-06 -1.50126e-18 0.66666 -0.66666 -1.50126e-18 1.00002 1.00002 5.95877e-06 5.95877e-06 7.41098e-323 4.94066e-324 0 0 
-17.33 0.33334 -1.99359e-06 -1.51794e-18 0.66666 -0.66666 -1.51794e-18 1.00002 1.00002 5.98076e-06 5.98076e-06 -3.35965e-322 -2.47033e-323 -0 -0 
-17.3263 0.33334 -2.00095e-06 -1.53482e-18 0.66666 -0.66666 -1.53482e-18 1.00002 1.00002 6.00284e-06 6.00284e-06 -8.2509e-322 -5.43472e-323 -0 -0 
-17.3226 0.33334 -2.00833e-06 -1.55188e-18 0.66666 -0.66666 -1.55188e-18 1.00002 1.00002 6.025e-06 6.025e-06 -1.14623e-321 -7.90505e-323 -0 -0 
-17.3189 0.33334 -2.01575e-06 -1.56913e-18 0.66666 -0.666659 -1.56913e-18 1.00002 1.00002 6.04724e-06 6.04724e-06 -1.04742e-321 -6.91692e-323 -0 -0 
-17.3152 0.33334 -2.02319e-06 -1.58657e-18 0.66666 -0.666659 -1.58657e-18 1.00002 1.00002 6.06956e-06 6.06956e-06 -3.06321e-322 -1.97626e-323 -0 -0 
-17.3115 0.333341 -2.03066e-06 -1.60421e-18 0.666659 -0.666659 -1.60421e-18 1.00002 1.00002 6.09197e-06 6.09197e-06 1.25987e-321 8.39912e-323 0 0 
-17.3078 0.333341 -2.03815e-06 -1.62204e-18 0.666659 -0.666659 -1.62204e-18 1.00002 1.00002 6.11446e-06 6.11446e-06 3.08297e-321 2.07508e-322 0 0 
-17.3042 0.333341 -2.04568e-06 -1.64007e-18 0.666659 -0.666659 -1.64007e-18 1.00002 1.00002 6.13703e-06 6.13703e-06 4.27861e-321 2.86558e-322 0 0 
-17.3005 0.333341 -2.05323e-06 -1.6583e-18 0.666659 -0.666659 -1.6583e-18 1.00002 1.00002 6.15968e-06 6.15968e-06 3.9377e-321 2.66795e-322 0 0 
-17.2968 0.333341 -2.06081e-06 -1.67673e-18 0.666659 -0.666659 -1.67673e-18 1.00002 1.00002 6.18242e-06 6.18242e-06 1.15611e-321 7.90505e-323 0 0 
-17.2931 0.333341 -2.06841e-06 -1.69537e-18 0.666659 -0.666659 -1.69537e-18 1.00002 1.00002 6.20524e-06 6.20524e-06 -4.66398e-321 -3.16202e-322 -0 -0 
-17.2894 0.333341 -2.07605e-06 -1.71422e-18 0.666659 -0.666659 -1.71422e-18 1.00002 1.00002 6.22815e-06 6.22815e-06 -1.1492e-320 -7.75683e-322 -0 -0 
-17.2857 0.333341 -2.08371e-06 -1.73327e-18 0.666659 -0.666659 -1.73327e-18 1.00002 1.00002 6.25114e-06 6.25114e-06 -1.59633e-320 -1.07706e-321 -0 -0 
-17.2821 0.333341 -2.0914e-06 -1.75254e-18 0.666659 -0.666659 -1.75254e-18 1.00002 1.00002 6.27421e-06 6.27421e-06 -1.47232e-320 -9.93072e-322 -0 -0 
-17.2784 0.333341 -2.09913e-06 -1.77202e-18 0.666659 -0.666659 -1.77202e-18 1.00002 1.00002 6.29738e-06 6.29738e-06 -4.37742e-321 -2.96439e-322 -0 -0 
-17.2747 0.333341 -2.10687e-06 -1.79171e-18 0.666659 -0.666659 -1.79171e-18 1.00002 1.00002 6.32062e-06 6.32062e-06 1.73121e-320 1.16599e-321 0 0 
-17.271 0.333341 -2.11465e-06 -1.81163e-18 0.666659 -0.666659 -1.81163e-18 1.00002 1.00002 6.34395e-06 6.34395e-06 4.28058e-320 2.88534e-321 0 0 
-17.2673 0.333341 -2.12246e-06 -1.83177e-18 0.666659 -0.666659 -1.83177e-18 1.00002 1.00002 6.36737e-06 6.36737e-06 5.95596e-320 4.01675e-321 0 0 
-17.2636 0.333341 -2.13029e-06 -1.85213e-18 0.666659 -0.666659 -1.85213e-18 1.00002 1.00002 6.39088e-06 6.39088e-06 5.50043e-320 3.71043e-321 0 0 
-17.2599 0.333341 -2.13816e-06 -1.87272e-18 0.666659 -0.666659 -1.87272e-18 1.00002 1.00002 6.41447e-06 6.41447e-06 1.65413e-320 1.11659e-321 0 0 
-17.2563 0.333341 -2.14605e-06 -1.89353e-18 0.666659 -0.666659 -1.89353e-18 1.00002 1.00002 6.43815e-06 6.43815e-06 -6.42384e-320 -4.33296e-321 -0 -0 
-17.2526 0.333341 -2.15397e-06 -1.91458e-18 0.666659 -0.666659 -1.91458e-18 1.00002 1.00002 6.46191e-06 6.46191e-06 -1.59415e-319 -1.07558e-320 -0 -0 
-17.2489 0.333341 -2.16192e-06 -1.93586e-18 0.666659 -0.666659 -1.93586e-18 1.00002 1.00002 6.48577e-06 6.48577e-06 -2.22166e-319 -1.4985e-320 -0 -0 
-17.2452 0.333341 -2.1699e-06 -1.95738e-18 0.666659 -0.666659 -1.95738e-18 1.00002 1.00002 6.50971e-06 6.50971e-06 -2.05561e-319 -1.38684e-320 -0 -0 
-17.2415 0.333341 -2.17791e-06 -1.97914e-18 0.666659 -0.666659 -1.97914e-18 1.00002 1.00002 6.53374e-06 6.53374e-06 -6.26475e-320 -4.22426e-321 -0 -0 
-17.2378 0.333341 -2.18595e-06 -2.00114e-18 0.666659 -0.666659 -2.00114e-18 1.00002 1.00002 6.55786e-06 6.55786e-06 2.38318e-319 1.60769e-320 0 0 
-17.2342 0.333341 -2.19402e-06 -2.02338e-18 0.666659 -0.666659 -2.02338e-18 1.00002 1.00002 6.58206e-06 6.58206e-06 5.93645e-319 4.0044e-320 0 0 
-17.2305 0.333341 -2.20212e-06 -2.04587e-18 0.666659 -0.666659 -2.04587e-18 1.00002 1.00002 6.60636e-06 6.60636e-06 8.28691e-319 5.58986e-320 0 0 
-17.2268 0.333341 -2.21025e-06 -2.06862e-18 0.666659 -0.666659 -2.06862e-18 1.00002 1.00002 6.63075e-06 6.63075e-06 7.68247e-319 5.18225e-320 0 0 
-17.2231 0.333341 -2.21841e-06 -2.09161e-18 0.666659 -0.666659 -2.09161e-18 1.00002 1.00002 6.65522e-06 6.65522e-06 2.37087e-319 1.59929e-320 0 0 
-17.2194 0.333341 -2.2266e-06 -2.11486e-18 0.666659 -0.666659 -2.11486e-18 1.00002 1.00002 6.67979e-06 6.67979e-06 -8.84091e-319 -5.96387e-320 -0 -0 
-17.2157 0.333341 -2.23482e-06 -2.13837e-18 0.666659 -0.666659 -2.13837e-18 1.00002 1.00002 6.70445e-06 6.70445e-06 -2.21063e-318 -1.49119e-319 -0 -0 
-17.212 0.333341 -2.24307e-06 -2.16214e-18 0.666659 -0.666659 -2.16214e-18 1.00002 1.00002 6.7292e-06 6.7292e-06 -3.09096e-318 -2.08501e-319 -0 -0 
-17.2084 0.333341 -2.25135e-06 -2.18617e-18 0.666659 -0.666659 -2.18617e-18 1.00002 1.00002 6.75404e-06 6.75404e-06 -2.87113e-318 -1.93674e-319 -0 -0 
-17.2047 0.333341 -2.25966e-06 -2.21047e-18 0.666659 -0.666659 -2.21047e-18 1.00002 1.00002 6.77897e-06 6.77897e-06 -8.97149e-319 -6.05181e-320 -0 -0 
-17.201 0.333341 -2.268e-06 -2.23504e-18 0.666659 -0.666659 -2.23504e-18 1.00002 1.00002 6.80399e-06 6.80399e-06 3.27957e-318 2.21228e-319 0 0 
-17.1973 0.333341 -2.27637e-06 -2.25989e-18 0.666659 -0.666659 -2.25989e-18 1.00002 1.00002 6.82911e-06 6.82911e-06 8.23202e-318 5.55295e-319 0 0 
-17.1936 0.333341 -2.28477e-06 -2.28501e-18 0.666659 -0.666659 -2.28501e-18 1.00002 1.00002 6.85432e-06 6.85432e-06 1.1529e-317 7.77699e-319 0 0 
-17.1899 0.333341 -2.29321e-06 -2.31041e-18 0.666659 -0.666658 -2.31041e-18 1.00002 1.00002 6.87962e-06 6.87962e-06 1.07299e-317 7.23796e-319 0 0 
-17.1862 0.333341 -2.30167e-06 -2.33609e-18 0.666659 -0.666658 -2.33609e-18 1.00002 1.00002 6.90502e-06 6.90502e-06 3.39398e-318 2.28945e-319 0 0 
-17.1826 0.333342 -2.31017e-06 -2.36205e-18 0.666658 -0.666658 -2.36205e-18 1.00002 1.00002 6.93051e-06 6.93051e-06 -1.21653e-317 -8.20623e-319 -0 -0 
-17.1789 0.333342 -2.3187e-06 -2.38831e-18 0.666658 -0.666658 -2.38831e-18 1.00002 1.00002 6.95609e-06 6.95609e-06 -3.06546e-317 -2.06783e-318 -0 -0 
-17.1752 0.333342 -2.32726e-06 -2.41486e-18 0.666658 -0.666658 -2.41486e-18 1.00002 1.00002 6.98177e-06 6.98177e-06 -4.30021e-317 -2.90074e-318 -0 -0 
-17.1715 0.333342 -2.33585e-06 -2.4417e-18 0.666658 -0.666658 -2.4417e-18 1.00002 1.00002 7.00754e-06 7.00754e-06 -4.00991e-317 -2.70492e-318 -0 -0 
-17.1678 0.333342 -2.34447e-06 -2.46884e-18 0.666658 -0.666658 -2.46884e-18 1.00002 1.00002 7.03341e-06 7.03341e-06 -1.28368e-317 -8.65919e-319 -0 -0 
-17.1641 0.333342 -2.35312e-06 -2.49629e-18 0.666658 -0.666658 -2.49629e-18 1.00003 1.00003 7.05937e-06 7.05937e-06 4.5125e-317 3.04394e-318 0 0 
-17.1605 0.333342 -2.36181e-06 -2.52403e-18 0.666658 -0.666658 -2.52403e-18 1.00003 1.00003 7.08543e-06 7.08543e-06 1.14151e-316 7.70015e-318 0 0 
-17.1568 0.333342 -2.37053e-06 -2.55209e-18 0.666658 -0.666658 -2.55209e-18 1.00003 1.00003 7.11158e-06 7.11158e-06 1.60392e-316 1.08194e-317 0 0 
-17.1531 0.333342 -2.37928e-06 -2.58046e-18 0.666658 -0.666658 -2.58046e-18 1.00003 1.00003 7.13784e-06 7.13784e-06 1.49854e-316 1.01085e-317 0 0 
-17.1494 0.333342 -2.38806e-06 -2.60914e-18 0.666658 -0.666658 -2.60914e-18 1.00003 1.00003 7.16418e-06 7.16418e-06 4.85414e-317 3.2744e-318 0 0 
-17.1457 0.333342 -2.39688e-06 -2.63814e-18 0.666658 -0.666658 -2.63814e-18 1.00003 1.00003 7.19063e-06 7.19063e-06 -1.67377e-316 -1.12905e-317 -0 -0 
-17.142 0.333342 -2.40572e-06 -2.66747e-18 0.666658 -0.666658 -2.66747e-18 1.00003 1.00003 7.21717e-06 7.21717e-06 -4.25072e-316 -2.86735e-317 -0 -0 
-17.1383 0.333342 -2.41461e-06 -2.69712e-18 0.666658 -0.666658 -2.69712e-18 1.00003 1.00003 7.24382e-06 7.24382e-06 -5.98239e-316 -4.03546e-317 -0 -0 
-17.1347 0.333342 -2.42352e-06 -2.7271e-18 0.666658 -0.666658 -2.7271e-18 1.00003 1.00003 7.27056e-06 7.27056e-06 -5.60011e-316 -3.77759e-317 -0 -0 
-17.131 0.333342 -2.43246e-06 -2.75741e-18 0.666658 -0.666658 -2.75741e-18 1.00003 1.00003 7.29739e-06 7.29739e-06 -1.83517e-316 -1.23792e-317 -0 -0 
-17.1273 0.333342 -2.44144e-06 -2.78806e-18 0.666658 -0.666658 -2.78806e-18 1.00003 1.00003 7.32433e-06 7.32433e-06 6.20809e-316 4.18771e-317 0 0 
-17.1236 0.333342 -2.45046e-06 -2.81905e-18 0.666658 -0.666658 -2.81905e-18 1.00003 1.00003 7.35137e-06 7.35137e-06 1.58285e-315 1.06772e-316 0 0 
-17.1199 0.333342 -2.4595e-06 -2.85039e-18 0.666658 -0.666658 -2.85039e-18 1.00003 1.00003 7.3785e-06 7.3785e-06 2.23133e-315 1.50516e-316 0 0 
-17.1162 0.333342 -2.46858e-06 -2.88207e-18 0.666658 -0.666658 -2.88207e-18 1.00003 1.00003 7.40574e-06 7.40574e-06 2.09276e-315 1.41169e-316 0 0 
-17.1126 0.333342 -2.47769e-06 -2.91411e-18 0.666658 -0.666658 -2.91411e-18 1.00003 1.00003 7.43308e-06 7.43308e-06 6.93665e-316 4.67917e-317 0 0 
-17.1089 0.333342 -2.48684e-06 -2.9465e-18 0.666658 -0.666658 -2.9465e-18 1.00003 1.00003 7.46052e-06 7.46052e-06 -2.30254e-315 -1.55319e-316 -0 -0 
-17.1052 0.333342 -2.49602e-06 -2.97925e-18 0.666658 -0.666658 -2.97925e-18 1.00003 1.00003 7.48806e-06 7.48806e-06 -5.89406e-315 -3.97588e-316 -0 -0 
-17.1015 0.333342 -2.50523e-06 -3.01237e-18 0.666658 -0.666658 -3.01237e-18 1.00003 1.00003 7.5157e-06 7.5157e-06 -8.32242e-315 -5.61394e-316 -0 -0 
-17.0978 0.333342 -2.51448e-06 -3.04586e-18 0.666658 -0.666658 -3.04586e-18 1.00003 1.00003 7.54344e-06 7.54344e-06 -7.82056e-315 -5.27541e-316 -0 -0 
-17.0941 0.333342 -2.52376e-06 -3.07971e-18 0.666658 -0.666658 -3.07971e-18 1.00003 1.00003 7.57129e-06 7.57129e-06 -2.62143e-315 -1.7683e-316 -0 -0 
-17.0904 0.333342 -2.53308e-06 -3.11394e-18 0.666658 -0.666658 -3.11394e-18 1.00003 1.00003 7.59924e-06 7.59924e-06 8.53964e-315 5.76047e-316 0 0 
-17.0868 0.333342 -2.54243e-06 -3.14856e-18 0.666658 -0.666658 -3.14856e-18 1.00003 1.00003 7.62729e-06 7.62729e-06 2.19475e-314 1.48048e-315 0 0 
-17.0831 0.333342 -2.55181e-06 -3.18356e-18 0.666658 -0.666658 -3.18356e-18 1.00003 1.00003 7.65544e-06 7.65544e-06 3.10408e-314 2.09388e-315 0 0 
-17.0794 0.333342 -2.56123e-06 -3.21894e-18 0.666658 -0.666657 -3.21894e-18 1.00003 1.00003 7.6837e-06 7.6837e-06 2.92248e-314 1.97138e-315 0 0 
-17.0757 0.333342 -2.57069e-06 -3.25472e-18 0.666658 -0.666657 -3.25472e-18 1.00003 1.00003 7.71206e-06 7.71206e-06 9.90469e-315 6.68127e-316 0 0 
-17.072 0.333343 -2.58018e-06 -3.2909e-18 0.666657 -0.666657 -3.2909e-18 1.00003 1.00003 7.74053e-06 7.74053e-06 -3.16707e-314 -2.13637e-315 -0 -0 
-17.0683 0.333343 -2.5897e-06 -3.32748e-18 0.666657 -0.666657 -3.32748e-18 1.00003 1.00003 7.76911e-06 7.76911e-06 -8.17246e-314 -5.51278e-315 -0 -0 
-17.0646 0.333343 -2.59926e-06 -3.36447e-18 0.666657 -0.666657 -3.36447e-18 1.00003 1.00003 7.79778e-06 7.79778e-06 -1.15775e-313 -7.80966e-315 -0 -0 
-17.061 0.333343 -2.60886e-06 -3.40187e-18 0.666657 -0.666657 -3.40187e-18 1.00003 1.00003 7.82657e-06 7.82657e-06 -1.09209e-313 -7.36679e-315 -0 -0 
-17.0573 0.333343 -2.61849e-06 -3.43968e-18 0.666657 -0.666657 -3.43968e-18 1.00003 1.00003 7.85546e-06 7.85546e-06 -3.74164e-314 -2.52395e-315 -0 -0 
-17.0536 0.333343 -2.62815e-06 -3.47792e-18 0.666657 -0.666657 -3.47792e-18 1.00003 1.00003 7.88446e-06 7.88446e-06 1.17452e-313 7.9228e-315 0 0 
-17.0499 0.333343 -2.63785e-06 -3.51658e-18 0.666657 -0.666657 -3.51658e-18 1.00003 1.00003 7.91356e-06 7.91356e-06 3.0431e-313 2.05274e-314 0 0 
-17.0462 0.333343 -2.64759e-06 -3.55566e-18 0.666657 -0.666657 -3.55566e-18 1.00003 1.00003 7.94277e-06 7.94277e-06 4.3181e-313 2.9128e-314 0 0 
-17.0425 0.333343 -2.65736e-06 -3.59519e-18 0.666657 -0.666657 -3.59519e-18 1.00003 1.00003 7.97209e-06 7.97209e-06 4.08097e-313 2.75285e-314 0 0 
-17.0389 0.333343 -2.66717e-06 -3.63515e-18 0.666657 -0.666657 -3.63515e-18 1.00003 1.00003 8.00152e-06 8.00152e-06 1.4132e-313 9.53284e-315 0 0 
-17.0352 0.333343 -2.67702e-06 -3.67556e-18 0.666657 -0.666657 -3.67556e-18 1.00003 1.00003 8.03106e-06 8.03106e-06 -4.35559e-313 -2.93809e-314 -0 -0 
-17.0315 0.333343 -2.6869e-06 -3.71641e-18 0.666657 -0.666657 -3.71641e-18 1.00003 1.00003 8.0607e-06 8.0607e-06 -1.13312e-312 -7.64354e-314 -0 -0 
-17.0278 0.333343 -2.69682e-06 -3.75772e-18 0.666657 -0.666657 -3.75772e-18 1.00003 1.00003 8.09046e-06 8.09046e-06 -1.61053e-312 -1.08639e-313 -0 -0 
-17.0241 0.333343 -2.70677e-06 -3.79949e-18 0.666657 -0.666657 -3.79949e-18 1.00003 1.00003 8.12032e-06 8.12032e-06 -1.52497e-312 -1.02868e-313 -0 -0 
-17.0204 0.333343 -2.71677e-06 -3.84173e-18 0.666657 -0.666657 -3.84173e-18 1.00003 1.00003 8.1503e-06 8.1503e-06 -5.33664e-313 -3.59986e-314 -0 -0 
-17.0167 0.333343 -2.72679e-06 -3.88443e-18 0.666657 -0.666657 -3.88443e-18 1.00003 1.00003 8.18038e-06 8.18038e-06 1.61517e-312 1.08952e-313 0 0 
-17.0131 0.333343 -2.73686e-06 -3.92761e-18 0.666657 -0.666657 -3.92761e-18 1.00003 1.00003 8.21058e-06 8.21058e-06 4.21923e-312 2.84611e-313 0 0 
-17.0094 0.333343 -2.74696e-06 -3.97127e-18 0.666657 -0.666657 -3.97127e-18 1.00003 1.00003 8.24089e-06 8.24089e-06 6.00677e-312 4.0519e-313 0 0 
-17.0057 0.333343 -2.7571e-06 -4.01541e-18 0.666657 -0.666657 -4.01541e-18 1.00003 1.00003 8.27131e-06 8.27131e-06 5.69845e-312 3.84392e-313 0 0 
-17.002 0.333343 -2.76728e-06 -4.06004e-18 0.666657 -0.666657 -4.06004e-18 1.00003 1.00003 8.30184e-06 8.30184e-06 2.01491e-312 1.35917e-313 0 0 
-16.9983 0.333343 -2.77749e-06 -4.10517e-18 0.666657 -0.666657 -4.10517e-18 1.00003 1.00003 8.33248e-06 8.33248e-06 -5.98928e-312 -4.0401e-313 -0 -0 
-16.9946 0.333343 -2.78775e-06 -4.1508e-18 0.666657 -0.666657 -4.1508e-18 1.00003 1.00003 8.36324e-06 8.36324e-06 -1.57103e-311 -1.05975e-312 -0 -0 
-16.9909 0.333343 -2.79804e-06 -4.19694e-18 0.666657 -0.666657 -4.19694e-18 1.00003 1.00003 8.39411e-06 8.39411e-06 -2.24033e-311 -1.51123e-312 -0 -0 
-16.9873 0.333343 -2.80837e-06 -4.2436e-18 0.666657 -0.666657 -4.2436e-18 1.00003 1.00003 8.4251e-06 8.4251e-06 -2.12934e-311 -1.43636e-312 -0 -0 
-16.9836 0.333343 -2.81873e-06 -4.29077e-18 0.666657 -0.666657 -4.29077e-18 1.00003 1.00003 8.4562e-06 8.4562e-06 -7.60625e-312 -5.13084e-313 -0 -0 
-16.9799 0.333343 -2.82914e-06 -4.33846e-18 0.666657 -0.666657 -4.33846e-18 1.00003 1.00003 8.48741e-06 8.48741e-06 2.22082e-311 1.49807e-312 0 0 
-16.9762 0.333343 -2.83958e-06 -4.38668e-18 0.666657 -0.666656 -4.38668e-18 1.00003 1.00003 8.51874e-06 8.51874e-06 5.84972e-311 3.94596e-312 0 0 
-16.9725 0.333343 -2.85006e-06 -4.43545e-18 0.666657 -0.666656 -4.43545e-18 1.00003 1.00003 8.55019e-06 8.55019e-06 8.35563e-311 5.63634e-312 0 0 
-16.9688 0.333344 -2.86058e-06 -4.48475e-18 0.666656 -0.666656 -4.48475e-18 1.00003 1.00003 8.58175e-06 8.58175e-06 7.95664e-311 5.3672e-312 0 0 
-16.9652 0.333344 -2.87114e-06 -4.5346e-18 0.666656 -0.666656 -4.5346e-18 1.00003 1.00003 8.61343e-06 8.61343e-06 2.87087e-311 1.93656e-312 0 0 
-16.9615 0.333344 -2.88174e-06 -4.585e-18 0.666656 -0.666656 -4.585e-18 1.00003 1.00003 8.64522e-06 8.64522e-06 -8.23451e-311 -5.55463e-312 -0 -0 
-16.9578 0.333344 -2.89238e-06 -4.63597e-18 0.666656 -0.666656 -4.63597e-18 1.00003 1.00003 8.67714e-06 8.67714e-06 -2.17811e-310 -1.46926e-311 -0 -0 
-16.9541 0.333344 -2.90306e-06 -4.6875e-18 0.666656 -0.666656 -4.6875e-18 1.00003 1.00003 8.70917e-06 8.70917e-06 -3.11634e-310 -2.10214e-311 -0 -0 
-16.9504 0.333344 -2.91377e-06 -4.7396e-18 0.666656 -0.666656 -4.7396e-18 1.00003 1.00003 8.74131e-06 8.74131e-06 -2.9731e-310 -2.00552e-311 -0 -0 
-16.9467 0.333344 -2.92453e-06 -4.79229e-18 0.666656 -0.666656 -4.79229e-18 1.00003 1.00003 8.77358e-06 8.77358e-06 -1.08339e-310 -7.30808e-312 -0 -0 
-16.943 0.333344 -2.93532e-06 -4.84556e-18 0.666656 -0.666656 -4.84556e-18 1.00003 1.00003 8.80597e-06 8.80597e-06 3.05312e-310 2.0595e-311 0 0 
-16.9394 0.333344 -2.94616e-06 -4.89942e-18 0.666656 -0.666656 -4.89942e-18 1.00003 1.00003 8.83847e-06 8.83847e-06 8.11003e-310 5.47067e-311 0 0 
-16.9357 0.333344 -2.95703e-06 -4.95388e-18 0.666656 -0.666656 -4.95388e-18 1.00003 1.00003 8.8711e-06 8.8711e-06 1.16227e-309 7.84016e-311 0 0 
-16.932 0.333344 -2.96795e-06 -5.00894e-18 0.666656 -0.666656 -5.00894e-18 1.00003 1.00003 8.90384e-06 8.90384e-06 1.11092e-309 7.4938e-311 0 0 
-16.9283 0.333344 -2.9789e-06 -5.06462e-18 0.666656 -0.666656 -5.06462e-18 1.00003 1.00003 8.93671e-06 8.93671e-06 4.0878e-310 2.75745e-311 0 0 
-16.9246 0.333344 -2.9899e-06 -5.12092e-18 0.666656 -0.666656 -5.12092e-18 1.00003 1.00003 8.9697e-06 8.9697e-06 -1.13197e-309 -7.63577e-311 -0 -0 
-16.9209 0.333344 -3.00094e-06 -5.17784e-18 0.666656 -0.666656 -5.17784e-18 1.00003 1.00003 9.00281e-06 9.00281e-06 -3.01968e-309 -2.03694e-310 -0 -0 
-16.9173 0.333344 -3.01201e-06 -5.23539e-18 0.666656 -0.666656 -5.23539e-18 1.00003 1.00003 9.03604e-06 9.03604e-06 -4.33478e-309 -2.92405e-310 -0 -0 
-16.9136 0.333344 -3.02313e-06 -5.29359e-18 0.666656 -0.666656 -5.29359e-18 1.00003 1.00003 9.0694e-06 9.0694e-06 -4.15102e-309 -2.80009e-310 -0 -0 
-16.9099 0.333344 -3.03429e-06 -5.35243e-18 0.666656 -0.666656 -5.35243e-18 1.00003 1.00003 9.10287e-06 9.10287e-06 -1.54215e-309 -1.04027e-310 -0 -0 
-16.9062 0.333344 -3.04549e-06 -5.41192e-18 0.666656 -0.666656 -5.41192e-18 1.00003 1.00003 9.13648e-06 9.13648e-06 4.19671e-309 2.83091e-310 0 0 
-16.9025 0.333344 -3.05673e-06 -5.47208e-18 0.666656 -0.666656 -5.47208e-18 1.00003 1.00003 9.1702e-06 9.1702e-06 1.12433e-308 7.58426e-310 0 0 
-16.8988 0.333344 -3.06802e-06 -5.53291e-18 0.666656 -0.666656 -5.53291e-18 1.00003 1.00003 9.20405e-06 9.20405e-06 1.61668e-308 1.09054e-309 0 0 
-16.8951 0.333344 -3.07934e-06 -5.59441e-18 0.666656 -0.666656 -5.59441e-18 1.00003 1.00003 9.23803e-06 9.23803e-06 1.55103e-308 1.04626e-309 0 0 
-16.8915 0.333344 -3.09071e-06 -5.65659e-18 0.666656 -0.666656 -5.65659e-18 1.00003 1.00003 9.27213e-06 9.27213e-06 5.81701e-309 3.92389e-310 0 0 
-16.8878 0.333344 -3.10212e-06 -5.71947e-18 0.666656 -0.666656 -5.71947e-18 1.00003 1.00003 9.30635e-06 9.30635e-06 -1.55584e-308 -1.0495e-309 -0 -0 
-16.8841 0.333344 -3.11357e-06 -5.78304e-18 0.666656 -0.666655 -5.78304e-18 1.00003 1.00003 9.34071e-06 9.34071e-06 -4.18626e-308 -2.82387e-309 -0 -0 
-16.8804 0.333344 -3.12506e-06 -5.84733e-18 0.666656 -0.666655 -5.84733e-18 1.00003 1.00003 9.37519e-06 9.37519e-06 -6.02947e-308 -4.06721e-309 -0 -0 
-16.8767 0.333345 -3.1366e-06 -5.91232e-18 0.666655 -0.666655 -5.91232e-18 1.00003 1.00003 9.40979e-06 9.40979e-06 -5.79537e-308 -3.9093e-309 -0 -0 
-16.873 0.333345 -3.14818e-06 -5.97804e-18 0.666655 -0.666655 -5.97804e-18 1.00003 1.00003 9.44453e-06 9.44453e-06 -2.19386e-308 -1.47988e-309 -0 -0 
-16.8693 0.333345 -3.1598e-06 -6.04449e-18 0.666655 -0.666655 -6.04449e-18 1.00003 1.00003 9.47939e-06 9.47939e-06 5.76774e-308 3.89066e-309 0 0 
-16.8657 0.333345 -3.17146e-06 -6.11168e-18 0.666655 -0.666655 -6.11168e-18 1.00003 1.00003 9.51438e-06 9.51438e-06 1.55867e-307 1.05141e-308 0 0 
-16.862 0.333345 -3.18317e-06 -6.17961e-18 0.666655 -0.666655 -6.17961e-18 1.00003 1.00003 9.5495e-06 9.5495e-06 2.2487e-307 1.51687e-308 0 0 
-16.8583 0.333345 -3.19492e-06 -6.2483e-18 0.666655 -0.666655 -6.2483e-18 1.00003 1.00003 9.58475e-06 9.58475e-06 2.16539e-307 1.46068e-308 0 0 
-16.8546 0.333345 -3.20671e-06 -6.31776e-18 0.666655 -0.666655 -6.31776e-18 1.00003 1.00003 9.62013e-06 9.62013e-06 8.27285e-308 5.5805e-309 0 0 
-16.8509 0.333345 -3.21855e-06 -6.38798e-18 0.666655 -0.666655 -6.38798e-18 1.00003 1.00003 9.65564e-06 9.65564e-06 -2.1381e-307 -1.44227e-308 -0 -0 
-16.8472 0.333345 -3.23043e-06 -6.45899e-18 0.666655 -0.666655 -6.45899e-18 1.00003 1.00003 9.69128e-06 9.69128e-06 -5.80333e-307 -3.91467e-308 -0 -0 
-16.8436 0.333345 -3.24235e-06 -6.53078e-18 0.666655 -0.666655 -6.53078e-18 1.00003 1.00003 9.72706e-06 9.72706e-06 -8.3865e-307 -5.65716e-308 -0 -0 
-16.8399 0.333345 -3.25432e-06 -6.60338e-18 0.666655 -0.666655 -6.60338e-18 1.00003 1.00003 9.76296e-06 9.76296e-06 -8.09075e-307 -5.45765e-308 -0 -0 
-16.8362 0.333345 -3.26633e-06 -6.67678e-18 0.666655 -0.666655 -6.67678e-18 1.00003 1.00003 9.799e-06 9.799e-06 -3.11919e-307 -2.10406e-308 -0 -0 
-16.8325 0.333345 -3.27839e-06 -6.75099e-18 0.666655 -0.666655 -6.75099e-18 1.00004 1.00004 9.83517e-06 9.83517e-06 7.92561e-307 5.34626e-308 0 0 
-16.8288 0.333345 -3.29049e-06 -6.82603e-18 0.666655 -0.666655 -6.82603e-18 1.00004 1.00004 9.87147e-06 9.87147e-06 2.16071e-306 1.45752e-307 0 0 
-16.8251 0.333345 -3.30264e-06 -6.90191e-18 0.666655 -0.666655 -6.90191e-18 1.00004 1.00004 9.90791e-06 9.90791e-06 3.12772e-306 2.10982e-307 0 0 
-16.8214 0.333345 -3.31483e-06 -6.97863e-18 0.666655 -0.666655 -6.97863e-18 1.00004 1.00004 9.94449e-06 9.94449e-06 3.02298e-306 2.03917e-307 0 0 
-16.8178 0.333345 -3.32706e-06 -7.0562e-18 0.666655 -0.666655 -7.0562e-18 1.00004 1.00004 9.98119e-06 9.98119e-06 1.1759e-306 7.93206e-308 0 0 
-16.8141 0.333345 -3.33935e-06 -7.13463e-18 0.666655 -0.666655 -7.13463e-18 1.00004 1.00004 1.0018e-05 1.0018e-05 -2.93779e-306 -1.9817e-307 -0 -0 
-16.8104 0.333345 -3.35167e-06 -7.21394e-18 0.666655 -0.666655 -7.21394e-18 1.00004 1.00004 1.0055e-05 1.0055e-05 -8.04476e-306 -5.42663e-307 -0 -0 
-16.8067 0.333345 -3.36404e-06 -7.29413e-18 0.666655 -0.666655 -7.29413e-18 1.00004 1.00004 1.00921e-05 1.00921e-05 -1.16647e-305 -7.86846e-307 -0 -0 
-16.803 0.333345 -3.37646e-06 -7.3752e-18 0.666655 -0.666655 -7.3752e-18 1.00004 1.00004 1.01294e-05 1.01294e-05 -1.12948e-305 -7.61895e-307 -0 -0 
-16.7993 0.333345 -3.38893e-06 -7.45718e-18 0.666655 -0.666654 -7.45718e-18 1.00004 1.00004 1.01668e-05 1.01668e-05 -4.43239e-306 -2.98989e-307 -0 -0 
-16.7957 0.333345 -3.40143e-06 -7.54007e-18 0.666655 -0.666654 -7.54007e-18 1.00004 1.00004 1.02043e-05 1.02043e-05 1.0889e-305 7.34525e-307 0 0 
-16.792 0.333346 -3.41399e-06 -7.62389e-18 0.666654 -0.666654 -7.62389e-18 1.00004 1.00004 1.0242e-05 1.0242e-05 2.9952e-305 2.02042e-306 0 0 
-16.7883 0.333346 -3.42659e-06 -7.70863e-18 0.666654 -0.666654 -7.70863e-18 1.00004 1.00004 1.02798e-05 1.02798e-05 4.35025e-305 2.93448e-306 0 0 
-16.7846 0.333346 -3.43924e-06 -7.79431e-18 0.666654 -0.666654 -7.79431e-18 1.00004 1.00004 1.03177e-05 1.03177e-05 4.22003e-305 2.84664e-306 0 0 
-16.7809 0.333346 -3.45194e-06 -7.88095e-18 0.666654 -0.666654 -7.88095e-18 1.00004 1.00004 1.03558e-05 1.03558e-05 1.67051e-305 1.12685e-306 0 0 
-16.7772 0.333346 -3.46468e-06 -7.96855e-18 0.666654 -0.666654 -7.96855e-18 1.00004 1.00004 1.0394e-05 1.0394e-05 -4.0359e-305 -2.72244e-306 -0 -0 
-16.7735 0.333346 -3.47747e-06 -8.05713e-18 0.666654 -0.666654 -8.05713e-18 1.00004 1.00004 1.04324e-05 1.04324e-05 -1.11515e-304 -7.52231e-306 -0 -0 
-16.7699 0.333346 -3.4903e-06 -8.14669e-18 0.666654 -0.666654 -8.14669e-18 1.00004 1.00004 1.04709e-05 1.04709e-05 -1.62238e-304 -1.09439e-305 -0 -0 
-16.7662 0.333346 -3.50319e-06 -8.23724e-18 0.666654 -0.666654 -8.23724e-18 1.00004 1.00004 1.05096e-05 1.05096e-05 -1.5767e-304 -1.06357e-305 -0 -0 
-16.7625 0.333346 -3.51612e-06 -8.3288e-18 0.666654 -0.666654 -8.3288e-18 1.00004 1.00004 1.05484e-05 1.05484e-05 -6.29517e-305 -4.24644e-306 -0 -0 
-16.7588 0.333346 -3.5291e-06 -8.42138e-18 0.666654 -0.666654 -8.42138e-18 1.00004 1.00004 1.05873e-05 1.05873e-05 1.4958e-304 1.009e-305 0 0 
-16.7551 0.333346 -3.54212e-06 -8.51499e-18 0.666654 -0.666654 -8.51499e-18 1.00004 1.00004 1.06264e-05 1.06264e-05 4.15182e-304 2.80063e-305 0 0 
-16.7514 0.333346 -3.5552e-06 -8.60964e-18 0.666654 -0.666654 -8.60964e-18 1.00004 1.00004 1.06656e-05 1.06656e-05 6.05048e-304 4.08138e-305 0 0 
-16.7477 0.333346 -3.56832e-06 -8.70534e-18 0.666654 -0.666654 -8.70534e-18 1.00004 1.00004 1.0705e-05 1.0705e-05 5.89084e-304 3.9737e-305 0 0 
-16.7441 0.333346 -3.58149e-06 -8.8021e-18 0.666654 -0.666654 -8.8021e-18 1.00004 1.00004 1.07445e-05 1.07445e-05 2.37198e-304 1.60003e-305 0 0 
-16.7404 0.333346 -3.59471e-06 -8.89994e-18 0.666654 -0.666654 -8.89994e-18 1.00004 1.00004 1.07841e-05 1.07841e-05 -5.54355e-304 -3.73943e-305 -0 -0 
-16.7367 0.333346 -3.60798e-06 -8.99887e-18 0.666654 -0.666654 -8.99887e-18 1.00004 1.00004 1.08239e-05 1.08239e-05 -1.54575e-303 -1.04269e-304 -0 -0 
-16.733 0.333346 -3.6213e-06 -9.0989e-18 0.666654 -0.666654 -9.0989e-18 1.00004 1.00004 1.08639e-05 1.08639e-05 -2.25644e-303 -1.52209e-304 -0 -0 
-16.7293 0.333346 -3.63467e-06 -9.20004e-18 0.666654 -0.666654 -9.20004e-18 1.00004 1.00004 1.0904e-05 1.0904e-05 -2.20091e-303 -1.48463e-304 -0 -0 
-16.7256 0.333346 -3.64808e-06 -9.3023e-18 0.666654 -0.666654 -9.3023e-18 1.00004 1.00004 1.09442e-05 1.09442e-05 -8.93637e-304 -6.02807e-305 -0 -0 
-16.722 0.333346 -3.66155e-06 -9.4057e-18 0.666654 -0.666653 -9.4057e-18 1.00004 1.00004 1.09846e-05 1.09846e-05 2.05439e-303 1.3858e-304 0 0 
-16.7183 0.333346 -3.67506e-06 -9.51025e-18 0.666654 -0.666653 -9.51025e-18 1.00004 1.00004 1.10252e-05 1.10252e-05 5.75489e-303 3.88199e-304 0 0 
-16.7146 0.333346 -3.68863e-06 -9.61596e-18 0.666654 -0.666653 -9.61596e-18 1.00004 1.00004 1.10659e-05 1.10659e-05 8.41503e-303 5.67639e-304 0 0 
-16.7109 0.333347 -3.70225e-06 -9.72285e-18 0.666653 -0.666653 -9.72285e-18 1.00004 1.00004 1.11067e-05 1.11067e-05 8.22283e-303 5.54675e-304 0 0 
-16.7072 0.333347 -3.71591e-06 -9.83092e-18 0.666653 -0.666653 -9.83092e-18 1.00004 1.00004 1.11477e-05 1.11477e-05 3.36635e-303 2.27079e-304 0 0 
-16.7035 0.333347 -3.72963e-06 -9.9402e-18 0.666653 -0.666653 -9.9402e-18 1.00004 1.00004 1.11889e-05 1.11889e-05 -7.61308e-303 -5.13544e-304 -0 -0 
-16.6998 0.333347 -3.74339e-06 -1.00507e-17 0.666653 -0.666653 -1.00507e-17 1.00004 1.00004 1.12302e-05 1.12302e-05 -2.14255e-302 -1.44526e-303 -0 -0 
-16.6962 0.333347 -3.75721e-06 -1.01624e-17 0.666653 -0.666653 -1.01624e-17 1.00004 1.00004 1.12716e-05 1.12716e-05 -3.13823e-302 -2.1169e-303 -0 -0 
-16.6925 0.333347 -3.77108e-06 -1.02754e-17 0.666653 -0.666653 -1.02754e-17 1.00004 1.00004 1.13132e-05 1.13132e-05 -3.07211e-302 -2.07231e-303 -0 -0 
-16.6888 0.333347 -3.785e-06 -1.03896e-17 0.666653 -0.666653 -1.03896e-17 1.00004 1.00004 1.1355e-05 1.1355e-05 -1.26796e-302 -8.55311e-304 -0 -0 
-16.6851 0.333347 -3.79897e-06 -1.05051e-17 0.666653 -0.666653 -1.05051e-17 1.00004 1.00004 1.13969e-05 1.13969e-05 2.8211e-302 1.90298e-303 0 0 
-16.6814 0.333347 -3.813e-06 -1.06218e-17 0.666653 -0.666653 -1.06218e-17 1.00004 1.00004 1.1439e-05 1.1439e-05 7.97664e-302 5.38068e-303 0 0 
-16.6777 0.333347 -3.82707e-06 -1.07399e-17 0.666653 -0.666653 -1.07399e-17 1.00004 1.00004 1.14812e-05 1.14812e-05 1.17034e-301 7.89455e-303 0 0 
-16.6741 0.333347 -3.8412e-06 -1.08593e-17 0.666653 -0.666653 -1.08593e-17 1.00004 1.00004 1.15236e-05 1.15236e-05 1.14775e-301 7.7422e-303 0 0 
-16.6704 0.333347 -3.85538e-06 -1.098e-17 0.666653 -0.666653 -1.098e-17 1.00004 1.00004 1.15661e-05 1.15661e-05 4.77535e-302 3.22123e-303 0 0 
-16.6667 0.333347 -3.86961e-06 -1.1102e-17 0.666653 -0.666653 -1.1102e-17 1.00004 1.00004 1.16088e-05 1.16088e-05 -1.04534e-301 -7.05136e-303 -0 -0 
-16.663 0.333347 -3.88389e-06 -1.12254e-17 0.666653 -0.666653 -1.12254e-17 1.00004 1.00004 1.16517e-05 1.16517e-05 -2.96965e-301 -2.00319e-302 -0 -0 
-16.6593 0.333347 -3.89823e-06 -1.13502e-17 0.666653 -0.666653 -1.13502e-17 1.00004 1.00004 1.16947e-05 1.16947e-05 -4.3645e-301 -2.94409e-302 -0 -0 
-16.6556 0.333347 -3.91262e-06 -1.14764e-17 0.666653 -0.666653 -1.14764e-17 1.00004 1.00004 1.17378e-05 1.17378e-05 -4.28799e-301 -2.89248e-302 -0 -0 
-16.6519 0.333347 -3.92706e-06 -1.16039e-17 0.666653 -0.666653 -1.16039e-17 1.00004 1.00004 1.17812e-05 1.17812e-05 -1.79827e-301 -1.21303e-302 -0 -0 
-16.6483 0.333347 -3.94155e-06 -1.17329e-17 0.666653 -0.666652 -1.17329e-17 1.00004 1.00004 1.18247e-05 1.18247e-05 3.87324e-301 2.61271e-302 0 0 
-16.6446 0.333347 -3.9561e-06 -1.18633e-17 0.666653 -0.666652 -1.18633e-17 1.00004 1.00004 1.18683e-05 1.18683e-05 1.10557e-300 7.45769e-302 0 0 
-16.6409 0.333348 -3.9707e-06 -1.19952e-17 0.666652 -0.666652 -1.19952e-17 1.00004 1.00004 1.19121e-05 1.19121e-05 1.62763e-300 1.09792e-301 0 0 
-16.6372 0.333348 -3.98536e-06 -1.21285e-17 0.666652 -0.666652 -1.21285e-17 1.00004 1.00004 1.19561e-05 1.19561e-05 1.60198e-300 1.08062e-301 0 0 
-16.6335 0.333348 -4.00007e-06 -1.22634e-17 0.666652 -0.666652 -1.22634e-17 1.00004 1.00004 1.20002e-05 1.20002e-05 6.77106e-301 4.56744e-302 0 0 
-16.6298 0.333348 -4.01484e-06 -1.23997e-17 0.666652 -0.666652 -1.23997e-17 1.00004 1.00004 1.20445e-05 1.20445e-05 -1.43507e-300 -9.68032e-302 -0 -0 
-16.6261 0.333348 -4.02966e-06 -1.25375e-17 0.666652 -0.666652 -1.25375e-17 1.00004 1.00004 1.2089e-05 1.2089e-05 -4.11591e-300 -2.7764e-301 -0 -0 
-16.6225 0.333348 -4.04453e-06 -1.26769e-17 0.666652 -0.666652 -1.26769e-17 1.00004 1.00004 1.21336e-05 1.21336e-05 -6.06979e-300 -4.0944e-301 -0 -0 
-16.6188 0.333348 -4.05946e-06 -1.28178e-17 0.666652 -0.666652 -1.28178e-17 1.00004 1.00004 1.21784e-05 1.21784e-05 -5.98486e-300 -4.03711e-301 -0 -0 
-16.6151 0.333348 -4.07444e-06 -1.29602e-17 0.666652 -0.666652 -1.29602e-17 1.00004 1.00004 1.22233e-05 1.22233e-05 -2.54925e-300 -1.7196e-301 -0 -0 
-16.6114 0.333348 -4.08948e-06 -1.31043e-17 0.666652 -0.666652 -1.31043e-17 1.00004 1.00004 1.22685e-05 1.22685e-05 5.31681e-300 3.58648e-301 0 0 
-16.6077 0.333348 -4.10458e-06 -1.325e-17 0.666652 -0.666652 -1.325e-17 1.00004 1.00004 1.23137e-05 1.23137e-05 1.53229e-299 1.03361e-300 0 0 
-16.604 0.333348 -4.11973e-06 -1.33972e-17 0.666652 -0.666652 -1.33972e-17 1.00004 1.00004 1.23592e-05 1.23592e-05 2.26355e-299 1.52688e-300 0 0 
-16.6004 0.333348 -4.13494e-06 -1.35462e-17 0.666652 -0.666652 -1.35462e-17 1.00004 1.00004 1.24048e-05 1.24048e-05 2.23587e-299 1.50822e-300 0 0 
-16.5967 0.333348 -4.1502e-06 -1.36967e-17 0.666652 -0.666652 -1.36967e-17 1.00004 1.00004 1.24506e-05 1.24506e-05 9.59668e-300 6.47348e-301 0 0 
-16.593 0.333348 -4.16552e-06 -1.3849e-17 0.666652 -0.666652 -1.3849e-17 1.00004 1.00004 1.24966e-05 1.24966e-05 -1.96974e-299 -1.3287e-300 -0 -0 
-16.5893 0.333348 -4.18089e-06 -1.40029e-17 0.666652 -0.666652 -1.40029e-17 1.00004 1.00004 1.25427e-05 1.25427e-05 -5.7044e-299 -3.84793e-300 -0 -0 
-16.5856 0.333348 -4.19633e-06 -1.41586e-17 0.666652 -0.666652 -1.41586e-17 1.00004 1.00004 1.2589e-05 1.2589e-05 -8.44118e-299 -5.69402e-300 -0 -0 
-16.5819 0.333348 -4.21182e-06 -1.43159e-17 0.666652 -0.666652 -1.43159e-17 1.00005 1.00005 1.26354e-05 1.26354e-05 -8.35288e-299 -5.63446e-300 -0 -0 
-16.5782 0.333348 -4.22736e-06 -1.44751e-17 0.666652 -0.666651 -1.44751e-17 1.00005 1.00005 1.26821e-05 1.26821e-05 -3.61232e-299 -2.4367e-300 -0 -0 
-16.5746 0.333348 -4.24297e-06 -1.4636e-17 0.666652 -0.666651 -1.4636e-17 1.00005 1.00005 1.27289e-05 1.27289e-05 7.29704e-299 4.92225e-300 0 0 
-16.5709 0.333349 -4.25863e-06 -1.47987e-17 0.666651 -0.666651 -1.47987e-17 1.00005 1.00005 1.27759e-05 1.27759e-05 2.12362e-298 1.43249e-299 0 0 
-16.5672 0.333349 -4.27435e-06 -1.49631e-17 0.666651 -0.666651 -1.49631e-17 1.00005 1.00005 1.2823e-05 1.2823e-05 3.14785e-298 2.12339e-299 0 0 
-16.5635 0.333349 -4.29012e-06 -1.51295e-17 0.666651 -0.666651 -1.51295e-17 1.00005 1.00005 1.28704e-05 1.28704e-05 3.12047e-298 2.10493e-299 0 0 
-16.5598 0.333349 -4.30596e-06 -1.52976e-17 0.666651 -0.666651 -1.52976e-17 1.00005 1.00005 1.29179e-05 1.29179e-05 1.35959e-298 9.17113e-300 0 0 
-16.5561 0.333349 -4.32185e-06 -1.54677e-17 0.666651 -0.666651 -1.54677e-17 1.00005 1.00005 1.29656e-05 1.29656e-05 -2.70311e-298 -1.82339e-299 -0 -0 
-16.5525 0.333349 -4.33781e-06 -1.56396e-17 0.666651 -0.666651 -1.56396e-17 1.00005 1.00005 1.30134e-05 1.30134e-05 -7.90568e-298 -5.3328e-299 -0 -0 
-16.5488 0.333349 -4.35382e-06 -1.58134e-17 0.666651 -0.666651 -1.58134e-17 1.00005 1.00005 1.30615e-05 1.30615e-05 -1.17387e-297 -7.91841e-299 -0 -0 
-16.5451 0.333349 -4.36989e-06 -1.59892e-17 0.666651 -0.666651 -1.59892e-17 1.00005 1.00005 1.31097e-05 1.31097e-05 -1.16574e-297 -7.86352e-299 -0 -0 
-16.5414 0.333349 -4.38602e-06 -1.61669e-17 0.666651 -0.666651 -1.61669e-17 1.00005 1.00005 1.31581e-05 1.31581e-05 -5.11663e-298 -3.45144e-299 -0 -0 
-16.5377 0.333349 -4.40221e-06 -1.63467e-17 0.666651 -0.666651 -1.63467e-17 1.00005 1.00005 1.32066e-05 1.32066e-05 1.00129e-297 6.75422e-299 0 0 
-16.534 0.333349 -4.41846e-06 -1.65284e-17 0.666651 -0.666651 -1.65284e-17 1.00005 1.00005 1.32554e-05 1.32554e-05 2.94305e-297 1.98524e-298 0 0 
-16.5303 0.333349 -4.43477e-06 -1.67121e-17 0.666651 -0.666651 -1.67121e-17 1.00005 1.00005 1.33043e-05 1.33043e-05 4.37751e-297 2.95286e-298 0 0 
-16.5267 0.333349 -4.45114e-06 -1.68978e-17 0.666651 -0.666651 -1.68978e-17 1.00005 1.00005 1.33534e-05 1.33534e-05 4.35489e-297 2.9376e-298 0 0 
-16.523 0.333349 -4.46757e-06 -1.70857e-17 0.666651 -0.666651 -1.70857e-17 1.00005 1.00005 1.34027e-05 1.34027e-05 1.92539e-297 1.29878e-298 0 0 
-16.5193 0.333349 -4.48406e-06 -1.72756e-17 0.666651 -0.666651 -1.72756e-17 1.00005 1.00005 1.34522e-05 1.34522e-05 -3.70879e-297 -2.50178e-298 -0 -0 
-16.5156 0.333349 -4.50061e-06 -1.74676e-17 0.666651 -0.66665 -1.74676e-17 1.00005 1.00005 1.35018e-05 1.35018e-05 -1.0956e-296 -7.39041e-298 -0 -0 
-16.5119 0.333349 -4.51722e-06 -1.76618e-17 0.666651 -0.66665 -1.76618e-17 1.00005 1.00005 1.35517e-05 1.35517e-05 -1.63241e-296 -1.10115e-297 -0 -0 
-16.5082 0.33335 -4.53389e-06 -1.78581e-17 0.66665 -0.66665 -1.78581e-17 1.00005 1.00005 1.36017e-05 1.36017e-05 -1.62685e-296 -1.0974e-297 -0 -0 
-16.5045 0.33335 -4.55063e-06 -1.80566e-17 0.66665 -0.66665 -1.80566e-17 1.00005 1.00005 1.36519e-05 1.36519e-05 -7.24459e-297 -4.88686e-298 -0 -0 
-16.5009 0.33335 -4.56742e-06 -1.82573e-17 0.66665 -0.66665 -1.82573e-17 1.00005 1.00005 1.37023e-05 1.37023e-05 1.37368e-296 9.26618e-298 0 0 
-16.4972 0.33335 -4.58428e-06 -1.84602e-17 0.66665 -0.66665 -1.84602e-17 1.00005 1.00005 1.37529e-05 1.37529e-05 4.07852e-296 2.75118e-297 0 0 
-16.4935 0.33335 -4.6012e-06 -1.86654e-17 0.66665 -0.66665 -1.86654e-17 1.00005 1.00005 1.38036e-05 1.38036e-05 6.08738e-296 4.10626e-297 0 0 
-16.4898 0.33335 -4.61819e-06 -1.88729e-17 0.66665 -0.66665 -1.88729e-17 1.00005 1.00005 1.38546e-05 1.38546e-05 6.07738e-296 4.09951e-297 0 0 
-16.4861 0.33335 -4.63523e-06 -1.90827e-17 0.66665 -0.66665 -1.90827e-17 1.00005 1.00005 1.39057e-05 1.39057e-05 2.72563e-296 1.83858e-297 0 0 
-16.4824 0.33335 -4.65234e-06 -1.92948e-17 0.66665 -0.66665 -1.92948e-17 1.00005 1.00005 1.3957e-05 1.3957e-05 -5.08762e-296 -3.43187e-297 -0 -0 
-16.4788 0.33335 -4.66952e-06 -1.95092e-17 0.66665 -0.66665 -1.95092e-17 1.00005 1.00005 1.40085e-05 1.40085e-05 -1.51827e-295 -1.02415e-296 -0 -0 
-16.4751 0.33335 -4.68675e-06 -1.97261e-17 0.66665 -0.66665 -1.97261e-17 1.00005 1.00005 1.40603e-05 1.40603e-05 -2.27001e-295 -1.53124e-296 -0 -0 
-16.4714 0.33335 -4.70405e-06 -1.99454e-17 0.66665 -0.66665 -1.99454e-17 1.00005 1.00005 1.41122e-05 1.41122e-05 -2.27028e-295 -1.53142e-296 -0 -0 
-16.4677 0.33335 -4.72141e-06 -2.01671e-17 0.66665 -0.66665 -2.01671e-17 1.00005 1.00005 1.41642e-05 1.41642e-05 -1.02537e-295 -6.91665e-297 -0 -0 
-16.464 0.33335 -4.73884e-06 -2.03912e-17 0.66665 -0.66665 -2.03912e-17 1.00005 1.00005 1.42165e-05 1.42165e-05 1.88418e-295 1.27098e-296 0 0 
-16.4603 0.33335 -4.75633e-06 -2.06179e-17 0.66665 -0.66665 -2.06179e-17 1.00005 1.00005 1.4269e-05 1.4269e-05 5.65187e-295 3.81248e-296 0 0 
-16.4566 0.33335 -4.77389e-06 -2.08471e-17 0.66665 -0.666649 -2.08471e-17 1.00005 1.00005 1.43217e-05 1.43217e-05 8.46494e-295 5.71004e-296 0 0 
-16.453 0.33335 -4.79151e-06 -2.10788e-17 0.66665 -0.666649 -2.10788e-17 1.00005 1.00005 1.43745e-05 1.43745e-05 8.48084e-295 5.72077e-296 0 0 
-16.4493 0.333351 -4.8092e-06 -2.13131e-17 0.666649 -0.666649 -2.13131e-17 1.00005 1.00005 1.44276e-05 1.44276e-05 3.85704e-295 2.60178e-296 0 0 
-16.4456 0.333351 -4.82695e-06 -2.155e-17 0.666649 -0.666649 -2.155e-17 1.00005 1.00005 1.44808e-05 1.44808e-05 -6.97763e-295 -4.70678e-296 -0 -0 
-16.4419 0.333351 -4.84476e-06 -2.17895e-17 0.666649 -0.666649 -2.17895e-17 1.00005 1.00005 1.45343e-05 1.45343e-05 -2.10393e-294 -1.41921e-295 -0 -0 
-16.4382 0.333351 -4.86265e-06 -2.20317e-17 0.666649 -0.666649 -2.20317e-17 1.00005 1.00005 1.45879e-05 1.45879e-05 -3.15658e-294 -2.12928e-295 -0 -0 
-16.4345 0.333351 -4.8806e-06 -2.22766e-17 0.666649 -0.666649 -2.22766e-17 1.00005 1.00005 1.46418e-05 1.46418e-05 -3.16806e-294 -2.13702e-295 -0 -0 
-16.4308 0.333351 -4.89861e-06 -2.25242e-17 0.666649 -0.666649 -2.25242e-17 1.00005 1.00005 1.46958e-05 1.46958e-05 -1.45074e-294 -9.78602e-296 -0 -0 
-16.4272 0.333351 -4.91669e-06 -2.27746e-17 0.666649 -0.666649 -2.27746e-17 1.00005 1.00005 1.47501e-05 1.47501e-05 2.58387e-294 1.74295e-295 0 0 
-16.4235 0.333351 -4.93484e-06 -2.30277e-17 0.666649 -0.666649 -2.30277e-17 1.00005 1.00005 1.48045e-05 1.48045e-05 7.83187e-294 5.28301e-295 0 0 
-16.4198 0.333351 -4.95305e-06 -2.32837e-17 0.666649 -0.666649 -2.32837e-17 1.00005 1.00005 1.48592e-05 1.48592e-05 1.17708e-293 7.94002e-295 0 0 
-16.4161 0.333351 -4.97134e-06 -2.35425e-17 0.666649 -0.666649 -2.35425e-17 1.00005 1.00005 1.4914e-05 1.4914e-05 1.18343e-293 7.98288e-295 0 0 
-16.4124 0.333351 -4.98969e-06 -2.38042e-17 0.666649 -0.666649 -2.38042e-17 1.00005 1.00005 1.49691e-05 1.49691e-05 5.45618e-294 3.68048e-295 0 0 
-16.4087 0.333351 -5.0081e-06 -2.40688e-17 0.666649 -0.666649 -2.40688e-17 1.00005 1.00005 1.50243e-05 1.50243e-05 -9.56775e-294 -6.45395e-295 -0 -0 
-16.4051 0.333351 -5.02659e-06 -2.43363e-17 0.666649 -0.666649 -2.43363e-17 1.00005 1.00005 1.50798e-05 1.50798e-05 -2.91539e-293 -1.96658e-294 -0 -0 
-16.4014 0.333351 -5.04514e-06 -2.46068e-17 0.666649 -0.666649 -2.46068e-17 1.00005 1.00005 1.51354e-05 1.51354e-05 -4.38928e-293 -2.9608e-294 -0 -0 
-16.3977 0.333351 -5.06376e-06 -2.48803e-17 0.666649 -0.666648 -2.48803e-17 1.00005 1.00005 1.51913e-05 1.51913e-05 -4.4207e-293 -2.98199e-294 -0 -0 
-16.394 0.333351 -5.08245e-06 -2.51569e-17 0.666649 -0.666648 -2.51569e-17 1.00005 1.00005 1.52474e-05 1.52474e-05 -2.05187e-293 -1.38409e-294 -0 -0 
-16.3903 0.333352 -5.10121e-06 -2.54365e-17 0.666648 -0.666648 -2.54365e-17 1.00005 1.00005 1.53036e-05 1.53036e-05 3.54263e-293 2.38969e-294 0 0 
-16.3866 0.333352 -5.12004e-06 -2.57192e-17 0.666648 -0.666648 -2.57192e-17 1.00005 1.00005 1.53601e-05 1.53601e-05 1.08523e-292 7.32046e-294 0 0 
-16.3829 0.333352 -5.13894e-06 -2.60051e-17 0.666648 -0.666648 -2.60051e-17 1.00006 1.00006 1.54168e-05 1.54168e-05 1.63674e-292 1.10406e-293 0 0 
-16.3793 0.333352 -5.15791e-06 -2.62942e-17 0.666648 -0.666648 -2.62942e-17 1.00006 1.00006 1.54737e-05 1.54737e-05 1.65133e-292 1.11391e-293 0 0 
-16.3756 0.333352 -5.17695e-06 -2.65864e-17 0.666648 -0.666648 -2.65864e-17 1.00006 1.00006 1.55308e-05 1.55308e-05 7.71568e-293 5.20462e-294 0 0 
-16.3719 0.333352 -5.19606e-06 -2.6882e-17 0.666648 -0.666648 -2.6882e-17 1.00006 1.00006 1.55882e-05 1.55882e-05 -1.31165e-292 -8.84775e-294 -0 -0 
-16.3682 0.333352 -5.21523e-06 -2.71808e-17 0.666648 -0.666648 -2.71808e-17 1.00006 1.00006 1.56457e-05 1.56457e-05 -4.03967e-292 -2.72496e-293 -0 -0 
-16.3645 0.333352 -5.23448e-06 -2.74829e-17 0.666648 -0.666648 -2.74829e-17 1.00006 1.00006 1.57035e-05 1.57035e-05 -6.10324e-292 -4.11695e-293 -0 -0 
-16.3608 0.333352 -5.25381e-06 -2.77884e-17 0.666648 -0.666648 -2.77884e-17 1.00006 1.00006 1.57614e-05 1.57614e-05 -6.16839e-292 -4.16089e-293 -0 -0 
-16.3572 0.333352 -5.2732e-06 -2.80972e-17 0.666648 -0.666648 -2.80972e-17 1.00006 1.00006 1.58196e-05 1.58196e-05 -2.9011e-292 -1.95694e-293 -0 -0 
-16.3535 0.333352 -5.29266e-06 -2.84096e-17 0.666648 -0.666648 -2.84096e-17 1.00006 1.00006 1.5878e-05 1.5878e-05 4.85608e-292 3.27567e-293 0 0 
-16.3498 0.333352 -5.3122e-06 -2.87253e-17 0.666648 -0.666648 -2.87253e-17 1.00006 1.00006 1.59366e-05 1.59366e-05 1.50371e-291 1.01433e-292 0 0 
-16.3461 0.333352 -5.3318e-06 -2.90446e-17 0.666648 -0.666647 -2.90446e-17 1.00006 1.00006 1.59954e-05 1.59954e-05 2.27583e-291 1.53517e-292 0 0 
-16.3424 0.333352 -5.35148e-06 -2.93675e-17 0.666648 -0.666647 -2.93675e-17 1.00006 1.00006 1.60545e-05 1.60545e-05 2.30412e-291 1.55425e-292 0 0 
-16.3387 0.333353 -5.37124e-06 -2.96939e-17 0.666647 -0.666647 -2.96939e-17 1.00006 1.00006 1.61137e-05 1.61137e-05 1.09073e-291 7.35753e-293 0 0 
-16.335 0.333353 -5.39106e-06 -3.00239e-17 0.666647 -0.666647 -3.00239e-17 1.00006 1.00006 1.61732e-05 1.61732e-05 -1.79775e-291 -1.21267e-292 -0 -0 
-16.3314 0.333353 -5.41096e-06 -3.03577e-17 0.666647 -0.666647 -3.03577e-17 1.00006 1.00006 1.62329e-05 1.62329e-05 -5.5973e-291 -3.77567e-292 -0 -0 
-16.3277 0.333353 -5.43093e-06 -3.06951e-17 0.666647 -0.666647 -3.06951e-17 1.00006 1.00006 1.62928e-05 1.62928e-05 -8.48628e-291 -5.72443e-292 -0 -0 
-16.324 0.333353 -5.45098e-06 -3.10363e-17 0.666647 -0.666647 -3.10363e-17 1.00006 1.00006 1.63529e-05 1.63529e-05 -8.60668e-291 -5.80565e-292 -0 -0 
-16.3203 0.333353 -5.4711e-06 -3.13813e-17 0.666647 -0.666647 -3.13813e-17 1.00006 1.00006 1.64133e-05 1.64133e-05 -4.10049e-291 -2.76599e-292 -0 -0 
-16.3166 0.333353 -5.49129e-06 -3.17301e-17 0.666647 -0.666647 -3.17301e-17 1.00006 1.00006 1.64739e-05 1.64739e-05 6.65499e-291 4.48913e-292 0 0 
-16.3129 0.333353 -5.51156e-06 -3.20828e-17 0.666647 -0.666647 -3.20828e-17 1.00006 1.00006 1.65347e-05 1.65347e-05 2.08348e-290 1.40541e-291 0 0 
-16.3092 0.333353 -5.5319e-06 -3.24394e-17 0.666647 -0.666647 -3.24394e-17 1.00006 1.00006 1.65957e-05 1.65957e-05 3.1644e-290 2.13455e-291 0 0 
-16.3056 0.333353 -5.55232e-06 -3.28e-17 0.666647 -0.666647 -3.28e-17 1.00006 1.00006 1.6657e-05 1.6657e-05 3.21486e-290 2.16859e-291 0 0 
-16.3019 0.333353 -5.57281e-06 -3.31645e-17 0.666647 -0.666647 -3.31645e-17 1.00006 1.00006 1.67184e-05 1.67184e-05 1.54142e-290 1.03977e-291 0 0 
-16.2982 0.333353 -5.59338e-06 -3.35332e-17 0.666647 -0.666647 -3.35332e-17 1.00006 1.00006 1.67802e-05 1.67802e-05 -2.46343e-290 -1.66171e-291 -0 -0 
-16.2945 0.333353 -5.61403e-06 -3.39059e-17 0.666647 -0.666646 -3.39059e-17 1.00006 1.00006 1.68421e-05 1.68421e-05 -7.75524e-290 -5.2313e-291 -0 -0 
-16.2908 0.333353 -5.63475e-06 -3.42828e-17 0.666647 -0.666646 -3.42828e-17 1.00006 1.00006 1.69043e-05 1.69043e-05 -1.17995e-289 -7.95937e-291 -0 -0 
-16.2871 0.333354 -5.65555e-06 -3.46638e-17 0.666646 -0.666646 -3.46638e-17 1.00006 1.00006 1.69666e-05 1.69666e-05 -1.20084e-289 -8.10025e-291 -0 -0 
-16.2835 0.333354 -5.67642e-06 -3.50491e-17 0.666646 -0.666646 -3.50491e-17 1.00006 1.00006 1.70293e-05 1.70293e-05 -5.79393e-290 -3.9083e-291 -0 -0 
-16.2798 0.333354 -5.69737e-06 -3.54387e-17 0.666646 -0.666646 -3.54387e-17 1.00006 1.00006 1.70921e-05 1.70921e-05 9.11819e-290 6.15068e-291 0 0 
-16.2761 0.333354 -5.7184e-06 -3.58326e-17 0.666646 -0.666646 -3.58326e-17 1.00006 1.00006 1.71552e-05 1.71552e-05 2.88667e-289 1.94721e-290 0 0 
-16.2724 0.333354 -5.73951e-06 -3.62309e-17 0.666646 -0.666646 -3.62309e-17 1.00006 1.00006 1.72185e-05 1.72185e-05 4.3998e-289 2.96789e-290 0 0 
-16.2687 0.333354 -5.76069e-06 -3.66336e-17 0.666646 -0.666646 -3.66336e-17 1.00006 1.00006 1.72821e-05 1.72821e-05 4.48541e-289 3.02563e-290 0 0 
-16.265 0.333354 -5.78196e-06 -3.70408e-17 0.666646 -0.666646 -3.70408e-17 1.00006 1.00006 1.73459e-05 1.73459e-05 2.17767e-289 1.46895e-290 0 0 
-16.2613 0.333354 -5.8033e-06 -3.74525e-17 0.666646 -0.666646 -3.74525e-17 1.00006 1.00006 1.74099e-05 1.74099e-05 -3.37482e-289 -2.27649e-290 -0 -0 
-16.2577 0.333354 -5.82472e-06 -3.78688e-17 0.666646 -0.666646 -3.78688e-17 1.00006 1.00006 1.74742e-05 1.74742e-05 -1.07447e-288 -7.24786e-290 -0 -0 
-16.254 0.333354 -5.84622e-06 -3.82898e-17 0.666646 -0.666646 -3.82898e-17 1.00006 1.00006 1.75387e-05 1.75387e-05 -1.64059e-288 -1.10666e-289 -0 -0 
-16.2503 0.333354 -5.8678e-06 -3.87154e-17 0.666646 -0.666646 -3.87154e-17 1.00006 1.00006 1.76034e-05 1.76034e-05 -1.67539e-288 -1.13013e-289 -0 -0 
-16.2466 0.333354 -5.88945e-06 -3.91457e-17 0.666646 -0.666645 -3.91457e-17 1.00006 1.00006 1.76684e-05 1.76684e-05 -8.18426e-289 -5.52069e-290 -0 -0 
-16.2429 0.333354 -5.91119e-06 -3.95808e-17 0.666646 -0.666645 -3.95808e-17 1.00006 1.00006 1.77336e-05 1.77336e-05 1.24901e-288 8.42521e-290 0 0 
-16.2392 0.333355 -5.93301e-06 -4.00207e-17 0.666645 -0.666645 -4.00207e-17 1.00006 1.00006 1.7799e-05 1.7799e-05 3.99935e-288 2.69776e-289 0 0 
-16.2356 0.333355 -5.95491e-06 -4.04656e-17 0.666645 -0.666645 -4.04656e-17 1.00006 1.00006 1.78647e-05 1.78647e-05 6.11736e-288 4.12647e-289 0 0 
-16.2319 0.333355 -5.97689e-06 -4.09154e-17 0.666645 -0.666645 -4.09154e-17 1.00006 1.00006 1.79307e-05 1.79307e-05 6.25785e-288 4.22124e-289 0 0 
-16.2282 0.333355 -5.99895e-06 -4.13702e-17 0.666645 -0.666645 -4.13702e-17 1.00006 1.00006 1.79968e-05 1.79968e-05 3.07563e-288 2.07467e-289 0 0 
-16.2245 0.333355 -6.02109e-06 -4.183e-17 0.666645 -0.666645 -4.183e-17 1.00006 1.00006 1.80633e-05 1.80633e-05 -4.62227e-288 -3.11796e-289 -0 -0 
-16.2208 0.333355 -6.04331e-06 -4.22949e-17 0.666645 -0.666645 -4.22949e-17 1.00006 1.00006 1.81299e-05 1.81299e-05 -1.4886e-287 -1.00414e-288 -0 -0 
-16.2171 0.333355 -6.06562e-06 -4.27651e-17 0.666645 -0.666645 -4.27651e-17 1.00006 1.00006 1.81969e-05 1.81969e-05 -2.281e-287 -1.53865e-288 -0 -0 
-16.2134 0.333355 -6.08801e-06 -4.32404e-17 0.666645 -0.666645 -4.32404e-17 1.00007 1.00007 1.8264e-05 1.8264e-05 -2.33739e-287 -1.57669e-288 -0 -0 
-16.2098 0.333355 -6.11048e-06 -4.3721e-17 0.666645 -0.666645 -4.3721e-17 1.00007 1.00007 1.83314e-05 1.83314e-05 -1.15574e-287 -7.79602e-289 -0 -0 
-16.2061 0.333355 -6.13303e-06 -4.4207e-17 0.666645 -0.666645 -4.4207e-17 1.00007 1.00007 1.83991e-05 1.83991e-05 1.71048e-287 1.1538e-288 0 0 
-16.2024 0.333355 -6.15567e-06 -4.46984e-17 0.666645 -0.666645 -4.46984e-17 1.00007 1.00007 1.8467e-05 1.8467e-05 5.54069e-287 3.73747e-288 0 0 
-16.1987 0.333355 -6.17839e-06 -4.51952e-17 0.666645 -0.666644 -4.51952e-17 1.00007 1.00007 1.85352e-05 1.85352e-05 8.5052e-287 5.73718e-288 0 0 
-16.195 0.333355 -6.20119e-06 -4.56976e-17 0.666645 -0.666644 -4.56976e-17 1.00007 1.00007 1.86036e-05 1.86036e-05 8.73038e-287 5.88908e-288 0 0 
-16.1913 0.333356 -6.22408e-06 -4.62055e-17 0.666644 -0.666644 -4.62055e-17 1.00007 1.00007 1.86722e-05 1.86722e-05 4.34262e-287 2.92931e-288 0 0 
-16.1876 0.333356 -6.24705e-06 -4.67191e-17 0.666644 -0.666644 -4.67191e-17 1.00007 1.00007 1.87412e-05 1.87412e-05 -6.32925e-287 -4.2694e-288 -0 -0 
-16.184 0.333356 -6.27011e-06 -4.72384e-17 0.666644 -0.666644 -4.72384e-17 1.00007 1.00007 1.88103e-05 1.88103e-05 -2.06227e-286 -1.3911e-287 -0 -0 
-16.1803 0.333356 -6.29325e-06 -4.77634e-17 0.666644 -0.666644 -4.77634e-17 1.00007 1.00007 1.88798e-05 1.88798e-05 -3.17132e-286 -2.13922e-287 -0 -0 
-16.1766 0.333356 -6.31648e-06 -4.82943e-17 0.666644 -0.666644 -4.82943e-17 1.00007 1.00007 1.89494e-05 1.89494e-05 -3.26085e-286 -2.19961e-287 -0 -0 
-16.1729 0.333356 -6.33979e-06 -4.88311e-17 0.666644 -0.666644 -4.88311e-17 1.00007 1.00007 1.90194e-05 1.90194e-05 -1.63161e-286 -1.1006e-287 -0 -0 
-16.1692 0.333356 -6.36319e-06 -4.93739e-17 0.666644 -0.666644 -4.93739e-17 1.00007 1.00007 1.90896e-05 1.90896e-05 2.34185e-286 1.5797e-287 0 0 
-16.1655 0.333356 -6.38668e-06 -4.99227e-17 0.666644 -0.666644 -4.99227e-17 1.00007 1.00007 1.916e-05 1.916e-05 7.67577e-286 5.17769e-287 0 0 
-16.1619 0.333356 -6.41025e-06 -5.04776e-17 0.666644 -0.666644 -5.04776e-17 1.00007 1.00007 1.92308e-05 1.92308e-05 1.18248e-285 7.97642e-287 0 0 
-16.1582 0.333356 -6.43391e-06 -5.10387e-17 0.666644 -0.666644 -5.10387e-17 1.00007 1.00007 1.93017e-05 1.93017e-05 1.21794e-285 8.21559e-287 0 0 
-16.1545 0.333356 -6.45766e-06 -5.1606e-17 0.666644 -0.666643 -5.1606e-17 1.00007 1.00007 1.9373e-05 1.9373e-05 6.12983e-286 4.13487e-287 0 0 
-16.1508 0.333356 -6.48149e-06 -5.21796e-17 0.666644 -0.666643 -5.21796e-17 1.00007 1.00007 1.94445e-05 1.94445e-05 -8.6644e-286 -5.84456e-287 -0 -0 
-16.1471 0.333357 -6.50541e-06 -5.27596e-17 0.666643 -0.666643 -5.27596e-17 1.00007 1.00007 1.95162e-05 1.95162e-05 -2.8569e-285 -1.92712e-286 -0 -0 
-16.1434 0.333357 -6.52943e-06 -5.3346e-17 0.666643 -0.666643 -5.3346e-17 1.00007 1.00007 1.95883e-05 1.95883e-05 -4.40906e-285 -2.97412e-286 -0 -0 
-16.1397 0.333357 -6.55353e-06 -5.39389e-17 0.666643 -0.666643 -5.39389e-17 1.00007 1.00007 1.96606e-05 1.96606e-05 -4.54899e-285 -3.06852e-286 -0 -0 
-16.1361 0.333357 -6.57771e-06 -5.45385e-17 0.666643 -0.666643 -5.45385e-17 1.00007 1.00007 1.97331e-05 1.97331e-05 -2.30278e-285 -1.55334e-286 -0 -0 
-16.1324 0.333357 -6.60199e-06 -5.51447e-17 0.666643 -0.666643 -5.51447e-17 1.00007 1.00007 1.9806e-05 1.9806e-05 3.20545e-285 2.16223e-286 0 0 
-16.1287 0.333357 -6.62636e-06 -5.57576e-17 0.666643 -0.666643 -5.57576e-17 1.00007 1.00007 1.98791e-05 1.98791e-05 1.06332e-284 7.1726e-286 0 0 
-16.125 0.333357 -6.65082e-06 -5.63774e-17 0.666643 -0.666643 -5.63774e-17 1.00007 1.00007 1.99524e-05 1.99524e-05 1.64397e-284 1.10894e-285 0 0 
-16.1213 0.333357 -6.67536e-06 -5.7004e-17 0.666643 -0.666643 -5.7004e-17 1.00007 1.00007 2.00261e-05 2.00261e-05 1.69903e-284 1.14608e-285 0 0 
-16.1176 0.333357 -6.7e-06 -5.76376e-17 0.666643 -0.666643 -5.76376e-17 1.00007 1.00007 2.01e-05 2.01e-05 8.65025e-285 5.83501e-286 0 0 
-16.114 0.333357 -6.72473e-06 -5.82783e-17 0.666643 -0.666642 -5.82783e-17 1.00007 1.00007 2.01742e-05 2.01742e-05 -1.18579e-284 -7.99876e-286 -0 -0 
-16.1103 0.333357 -6.74955e-06 -5.89261e-17 0.666643 -0.666642 -5.89261e-17 1.00007 1.00007 2.02486e-05 2.02486e-05 -3.95756e-284 -2.66957e-285 -0 -0 
-16.1066 0.333358 -6.77446e-06 -5.9581e-17 0.666642 -0.666642 -5.9581e-17 1.00007 1.00007 2.03234e-05 2.03234e-05 -6.12971e-284 -4.13479e-285 -0 -0 
-16.1029 0.333358 -6.79946e-06 -6.02433e-17 0.666642 -0.666642 -6.02433e-17 1.00007 1.00007 2.03984e-05 2.03984e-05 -6.34576e-284 -4.28052e-285 -0 -0 
-16.0992 0.333358 -6.82456e-06 -6.09129e-17 0.666642 -0.666642 -6.09129e-17 1.00007 1.00007 2.04737e-05 2.04737e-05 -3.24919e-284 -2.19174e-285 -0 -0 
-16.0955 0.333358 -6.84975e-06 -6.15899e-17 0.666642 -0.666642 -6.15899e-17 1.00007 1.00007 2.05492e-05 2.05492e-05 4.38633e-284 2.95879e-285 0 0 
-16.0918 0.333358 -6.87503e-06 -6.22745e-17 0.666642 -0.666642 -6.22745e-17 1.00007 1.00007 2.06251e-05 2.06251e-05 1.47295e-283 9.93575e-285 0 0 
-16.0882 0.333358 -6.90041e-06 -6.29667e-17 0.666642 -0.666642 -6.29667e-17 1.00007 1.00007 2.07012e-05 2.07012e-05 2.28551e-283 1.54169e-284 0 0 
-16.0845 0.333358 -6.92587e-06 -6.36666e-17 0.666642 -0.666642 -6.36666e-17 1.00007 1.00007 2.07776e-05 2.07776e-05 2.37007e-283 1.59873e-284 0 0 
-16.0808 0.333358 -6.95144e-06 -6.43743e-17 0.666642 -0.666642 -6.43743e-17 1.00007 1.00007 2.08543e-05 2.08543e-05 1.22038e-283 8.23205e-285 0 0 
-16.0771 0.333358 -6.97709e-06 -6.50898e-17 0.666642 -0.666642 -6.50898e-17 1.00007 1.00007 2.09313e-05 2.09313e-05 -1.62242e-283 -1.0944e-284 -0 -0 
-16.0734 0.333358 -7.00284e-06 -6.58133e-17 0.666642 -0.666641 -6.58133e-17 1.00008 1.00008 2.10085e-05 2.10085e-05 -5.48205e-283 -3.69791e-284 -0 -0 
-16.0697 0.333358 -7.02869e-06 -6.65448e-17 0.666642 -0.666641 -6.65448e-17 1.00008 1.00008 2.10861e-05 2.10861e-05 -8.52166e-283 -5.74827e-284 -0 -0 
-16.066 0.333359 -7.05463e-06 -6.72844e-17 0.666641 -0.666641 -6.72844e-17 1.00008 1.00008 2.11639e-05 2.11639e-05 -8.85189e-283 -5.97103e-284 -0 -0 
-16.0624 0.333359 -7.08067e-06 -6.80323e-17 0.666641 -0.666641 -6.80323e-17 1.00008 1.00008 2.1242e-05 2.1242e-05 -4.58339e-283 -3.09172e-284 -0 -0 
-16.0587 0.333359 -7.1068e-06 -6.87885e-17 0.666641 -0.666641 -6.87885e-17 1.00008 1.00008 2.13204e-05 2.13204e-05 6.00058e-283 4.04768e-284 0 0 
-16.055 0.333359 -7.13303e-06 -6.95531e-17 0.666641 -0.666641 -6.95531e-17 1.00008 1.00008 2.13991e-05 2.13991e-05 2.0403e-282 1.37628e-283 0 0 
-16.0513 0.333359 -7.15936e-06 -7.03262e-17 0.666641 -0.666641 -7.03262e-17 1.00008 1.00008 2.14781e-05 2.14781e-05 3.17733e-282 2.14326e-283 0 0 
-16.0476 0.333359 -7.18578e-06 -7.11079e-17 0.666641 -0.666641 -7.11079e-17 1.00008 1.00008 2.15574e-05 2.15574e-05 3.30603e-282 2.23008e-283 0 0 
-16.0439 0.333359 -7.2123e-06 -7.18982e-17 0.666641 -0.666641 -7.18982e-17 1.00008 1.00008 2.16369e-05 2.16369e-05 1.72128e-282 1.16109e-283 0 0 
-16.0403 0.333359 -7.23892e-06 -7.26974e-17 0.666641 -0.666641 -7.26974e-17 1.00008 1.00008 2.17168e-05 2.17168e-05 -2.21918e-282 -1.49695e-283 -0 -0 
-16.0366 0.333359 -7.26564e-06 -7.35054e-17 0.666641 -0.666641 -7.35054e-17 1.00008 1.00008 2.17969e-05 2.17969e-05 -7.59348e-282 -5.12217e-283 -0 -0 
-16.0329 0.333359 -7.29246e-06 -7.43224e-17 0.666641 -0.66664 -7.43224e-17 1.00008 1.00008 2.18774e-05 2.18774e-05 -1.18467e-281 -7.99118e-283 -0 -0 
-16.0292 0.333359 -7.31937e-06 -7.51485e-17 0.666641 -0.66664 -7.51485e-17 1.00008 1.00008 2.19581e-05 2.19581e-05 -1.23473e-281 -8.32887e-283 -0 -0 
-16.0255 0.33336 -7.34639e-06 -7.59838e-17 0.66664 -0.66664 -7.59838e-17 1.00008 1.00008 2.20392e-05 2.20392e-05 -6.46383e-282 -4.36016e-283 -0 -0 
-16.0218 0.33336 -7.3735e-06 -7.68284e-17 0.66664 -0.66664 -7.68284e-17 1.00008 1.00008 2.21205e-05 2.21205e-05 8.20658e-282 5.53573e-283 0 0 
-16.0181 0.33336 -7.40071e-06 -7.76823e-17 0.66664 -0.66664 -7.76823e-17 1.00008 1.00008 2.22021e-05 2.22021e-05 2.82608e-281 1.90632e-282 0 0 
-16.0145 0.33336 -7.42803e-06 -7.85458e-17 0.66664 -0.66664 -7.85458e-17 1.00008 1.00008 2.22841e-05 2.22841e-05 4.41704e-281 2.9795e-282 0 0 
-16.0108 0.33336 -7.45544e-06 -7.94188e-17 0.66664 -0.66664 -7.94188e-17 1.00008 1.00008 2.23663e-05 2.23663e-05 4.61144e-281 3.11063e-282 0 0 
-16.0071 0.33336 -7.48296e-06 -8.03016e-17 0.66664 -0.66664 -8.03016e-17 1.00008 1.00008 2.24489e-05 2.24489e-05 2.42718e-281 1.63725e-282 0 0 
-16.0034 0.33336 -7.51058e-06 -8.11941e-17 0.66664 -0.66664 -8.11941e-17 1.00008 1.00008 2.25317e-05 2.25317e-05 -3.03458e-281 -2.04697e-282 -0 -0 
-15.9997 0.33336 -7.5383e-06 -8.20966e-17 0.66664 -0.66664 -8.20966e-17 1.00008 1.00008 2.26149e-05 2.26149e-05 -1.05177e-280 -7.0947e-282 -0 -0 
-15.996 0.33336 -7.56612e-06 -8.30091e-17 0.66664 -0.666639 -8.30091e-17 1.00008 1.00008 2.26984e-05 2.26984e-05 -1.64688e-280 -1.1109e-281 -0 -0 
-15.9923 0.33336 -7.59405e-06 -8.39317e-17 0.66664 -0.666639 -8.39317e-17 1.00008 1.00008 2.27821e-05 2.27821e-05 -1.72225e-280 -1.16174e-281 -0 -0 
-15.9887 0.333361 -7.62207e-06 -8.48646e-17 0.666639 -0.666639 -8.48646e-17 1.00008 1.00008 2.28662e-05 2.28662e-05 -9.11356e-281 -6.14753e-282 -0 -0 
-15.985 0.333361 -7.6502e-06 -8.58079e-17 0.666639 -0.666639 -8.58079e-17 1.00008 1.00008 2.29506e-05 2.29506e-05 1.12203e-280 7.5686e-282 0 0 
-15.9813 0.333361 -7.67844e-06 -8.67617e-17 0.666639 -0.666639 -8.67617e-17 1.00008 1.00008 2.30353e-05 2.30353e-05 3.91431e-280 2.64039e-281 0 0 
-15.9776 0.333361 -7.70678e-06 -8.7726e-17 0.666639 -0.666639 -8.7726e-17 1.00008 1.00008 2.31203e-05 2.31203e-05 6.14029e-280 4.14192e-281 0 0 
-15.9739 0.333361 -7.73522e-06 -8.87011e-17 0.666639 -0.666639 -8.87011e-17 1.00008 1.00008 2.32057e-05 2.32057e-05 6.43207e-280 4.33873e-281 0 0 
-15.9702 0.333361 -7.76377e-06 -8.9687e-17 0.666639 -0.666639 -8.9687e-17 1.00008 1.00008 2.32913e-05 2.32913e-05 3.42176e-280 2.30813e-281 0 0 
-15.9666 0.333361 -7.79243e-06 -9.06839e-17 0.666639 -0.666639 -9.06839e-17 1.00008 1.00008 2.33773e-05 2.33773e-05 -4.14834e-280 -2.79825e-281 -0 -0 
-15.9629 0.333361 -7.82119e-06 -9.16919e-17 0.666639 -0.666639 -9.16919e-17 1.00008 1.00008 2.34636e-05 2.34636e-05 -1.45675e-279 -9.82646e-281 -0 -0 
-15.9592 0.333361 -7.85005e-06 -9.2711e-17 0.666639 -0.666638 -9.2711e-17 1.00008 1.00008 2.35502e-05 2.35502e-05 -2.28936e-279 -1.54428e-280 -0 -0 
-15.9555 0.333361 -7.87902e-06 -9.37415e-17 0.666639 -0.666638 -9.37415e-17 1.00008 1.00008 2.36371e-05 2.36371e-05 -2.40216e-279 -1.62037e-280 -0 -0 
-15.9518 0.333362 -7.9081e-06 -9.47834e-17 0.666638 -0.666638 -9.47834e-17 1.00008 1.00008 2.37243e-05 2.37243e-05 -1.28465e-279 -8.66556e-281 -0 -0 
-15.9481 0.333362 -7.93729e-06 -9.58369e-17 0.666638 -0.666638 -9.58369e-17 1.00009 1.00009 2.38119e-05 2.38119e-05 1.5336e-279 1.03448e-280 0 0 
-15.9444 0.333362 -7.96658e-06 -9.69022e-17 0.666638 -0.666638 -9.69022e-17 1.00009 1.00009 2.38998e-05 2.38998e-05 5.42138e-279 3.65697e-280 0 0 
-15.9408 0.333362 -7.99599e-06 -9.79792e-17 0.666638 -0.666638 -9.79792e-17 1.00009 1.00009 2.3988e-05 2.3988e-05 8.53565e-279 5.7577e-280 0 0 
-15.9371 0.333362 -8.0255e-06 -9.90683e-17 0.666638 -0.666638 -9.90683e-17 1.00009 1.00009 2.40765e-05 2.40765e-05 8.97119e-279 6.05148e-280 0 0 
-15.9334 0.333362 -8.05512e-06 -1.00169e-16 0.666638 -0.666638 -1.00169e-16 1.00009 1.00009 2.41654e-05 2.41654e-05 4.82276e-279 3.25317e-280 0 0 
-15.9297 0.333362 -8.08485e-06 -1.01283e-16 0.666638 -0.666638 -1.01283e-16 1.00009 1.00009 2.42545e-05 2.42545e-05 -5.66912e-279 -3.82409e-280 -0 -0 
-15.926 0.333362 -8.11469e-06 -1.02409e-16 0.666638 -0.666637 -1.02409e-16 1.00009 1.00009 2.43441e-05 2.43441e-05 -2.01758e-278 -1.36095e-279 -0 -0 
-15.9223 0.333362 -8.14463e-06 -1.03547e-16 0.666638 -0.666637 -1.03547e-16 1.00009 1.00009 2.44339e-05 2.44339e-05 -3.18242e-278 -2.14669e-279 -0 -0 
-15.9187 0.333363 -8.17469e-06 -1.04698e-16 0.666637 -0.666637 -1.04698e-16 1.00009 1.00009 2.45241e-05 2.45241e-05 -3.35038e-278 -2.25999e-279 -0 -0 
-15.915 0.333363 -8.20486e-06 -1.05861e-16 0.666637 -0.666637 -1.05861e-16 1.00009 1.00009 2.46146e-05 2.46146e-05 -1.81043e-278 -1.22122e-279 -0 -0 
-15.9113 0.333363 -8.23515e-06 -1.07038e-16 0.666637 -0.666637 -1.07038e-16 1.00009 1.00009 2.47054e-05 2.47054e-05 2.09549e-278 1.4135e-279 0 0 
-15.9076 0.333363 -8.26554e-06 -1.08228e-16 0.666637 -0.666637 -1.08228e-16 1.00009 1.00009 2.47966e-05 2.47966e-05 7.50839e-278 5.06475e-279 0 0 
-15.9039 0.333363 -8.29604e-06 -1.09431e-16 0.666637 -0.666637 -1.09431e-16 1.00009 1.00009 2.48881e-05 2.48881e-05 1.18652e-277 8.00361e-279 0 0 
-15.9002 0.333363 -8.32666e-06 -1.10647e-16 0.666637 -0.666637 -1.10647e-16 1.00009 1.00009 2.498e-05 2.498e-05 1.25122e-277 8.44006e-279 0 0 
-15.8965 0.333363 -8.35739e-06 -1.11877e-16 0.666637 -0.666637 -1.11877e-16 1.00009 1.00009 2.50722e-05 2.50722e-05 6.79587e-278 4.58412e-279 0 0 
-15.8929 0.333363 -8.38824e-06 -1.1312e-16 0.666637 -0.666636 -1.1312e-16 1.00009 1.00009 2.51647e-05 2.51647e-05 -7.74495e-278 -5.22432e-279 -0 -0 
-15.8892 0.333363 -8.4192e-06 -1.14378e-16 0.666637 -0.666636 -1.14378e-16 1.00009 1.00009 2.52576e-05 2.52576e-05 -2.7942e-277 -1.88482e-278 -0 -0 
-15.8855 0.333364 -8.45027e-06 -1.15649e-16 0.666636 -0.666636 -1.15649e-16 1.00009 1.00009 2.53508e-05 2.53508e-05 -4.42373e-277 -2.98401e-278 -0 -0 
-15.8818 0.333364 -8.48146e-06 -1.16934e-16 0.666636 -0.666636 -1.16934e-16 1.00009 1.00009 2.54444e-05 2.54444e-05 -4.67273e-277 -3.15197e-278 -0 -0 
-15.8781 0.333364 -8.51276e-06 -1.18234e-16 0.666636 -0.666636 -1.18234e-16 1.00009 1.00009 2.55383e-05 2.55383e-05 -2.55084e-277 -1.72066e-278 -0 -0 
-15.8744 0.333364 -8.54418e-06 -1.19548e-16 0.666636 -0.666636 -1.19548e-16 1.00009 1.00009 2.56325e-05 2.56325e-05 2.86231e-277 1.93076e-278 0 0 
-15.8707 0.333364 -8.57571e-06 -1.20877e-16 0.666636 -0.666636 -1.20877e-16 1.00009 1.00009 2.57271e-05 2.57271e-05 1.03984e-276 7.01417e-278 0 0 
-15.8671 0.333364 -8.60736e-06 -1.22221e-16 0.666636 -0.666636 -1.22221e-16 1.00009 1.00009 2.58221e-05 2.58221e-05 1.64931e-276 1.11253e-277 0 0 
-15.8634 0.333364 -8.63913e-06 -1.23579e-16 0.666636 -0.666636 -1.23579e-16 1.00009 1.00009 2.59174e-05 2.59174e-05 1.74503e-276 1.1771e-277 0 0 
-15.8597 0.333364 -8.67101e-06 -1.24953e-16 0.666636 -0.666635 -1.24953e-16 1.00009 1.00009 2.6013e-05 2.6013e-05 9.57413e-277 6.45818e-278 0 0 
-15.856 0.333364 -8.70301e-06 -1.26342e-16 0.666636 -0.666635 -1.26342e-16 1.00009 1.00009 2.6109e-05 2.6109e-05 -1.05774e-276 -7.13492e-278 -0 -0 
-15.8523 0.333365 -8.73513e-06 -1.27746e-16 0.666635 -0.666635 -1.27746e-16 1.00009 1.00009 2.62054e-05 2.62054e-05 -3.86961e-276 -2.61023e-277 -0 -0 
-15.8486 0.333365 -8.76737e-06 -1.29166e-16 0.666635 -0.666635 -1.29166e-16 1.00009 1.00009 2.63021e-05 2.63021e-05 -6.14909e-276 -4.14784e-277 -0 -0 
-15.845 0.333365 -8.79973e-06 -1.30601e-16 0.666635 -0.666635 -1.30601e-16 1.00009 1.00009 2.63992e-05 2.63992e-05 -6.51677e-276 -4.39586e-277 -0 -0 
-15.8413 0.333365 -8.8322e-06 -1.32053e-16 0.666635 -0.666635 -1.32053e-16 1.00009 1.00009 2.64966e-05 2.64966e-05 -3.59329e-276 -2.42383e-277 -0 -0 
-15.8376 0.333365 -8.8648e-06 -1.33521e-16 0.666635 -0.666635 -1.33521e-16 1.00009 1.00009 2.65944e-05 2.65944e-05 3.90843e-276 2.63641e-277 0 0 
-15.8339 0.333365 -8.89751e-06 -1.35005e-16 0.666635 -0.666635 -1.35005e-16 1.0001 1.0001 2.66925e-05 2.66925e-05 1.44001e-275 9.71352e-277 0 0 
-15.8302 0.333365 -8.93035e-06 -1.36505e-16 0.666635 -0.666635 -1.36505e-16 1.0001 1.0001 2.67911e-05 2.67911e-05 2.29254e-275 1.54642e-276 0 0 
-15.8265 0.333365 -8.96331e-06 -1.38023e-16 0.666635 -0.666634 -1.38023e-16 1.0001 1.0001 2.68899e-05 2.68899e-05 2.43365e-275 1.6416e-276 0 0 
-15.8228 0.333365 -8.99639e-06 -1.39557e-16 0.666635 -0.666634 -1.39557e-16 1.0001 1.0001 2.69892e-05 2.69892e-05 1.34853e-275 9.09646e-277 0 0 
-15.8192 0.333366 -9.02959e-06 -1.41108e-16 0.666634 -0.666634 -1.41108e-16 1.0001 1.0001 2.70888e-05 2.70888e-05 -1.44407e-275 -9.74092e-277 -0 -0 
-15.8155 0.333366 -9.06292e-06 -1.42676e-16 0.666634 -0.666634 -1.42676e-16 1.0001 1.0001 2.71888e-05 2.71888e-05 -5.3587e-275 -3.61468e-276 -0 -0 
-15.8118 0.333366 -9.09636e-06 -1.44262e-16 0.666634 -0.666634 -1.44262e-16 1.0001 1.0001 2.72891e-05 2.72891e-05 -8.54716e-275 -5.76544e-276 -0 -0 
-15.8081 0.333366 -9.12994e-06 -1.45866e-16 0.666634 -0.666634 -1.45866e-16 1.0001 1.0001 2.73898e-05 2.73898e-05 -9.08823e-275 -6.13042e-276 -0 -0 
-15.8044 0.333366 -9.16363e-06 -1.47487e-16 0.666634 -0.666634 -1.47487e-16 1.0001 1.0001 2.74909e-05 2.74909e-05 -5.06069e-275 -3.41366e-276 -0 -0 
-15.8007 0.333366 -9.19745e-06 -1.49126e-16 0.666634 -0.666634 -1.49126e-16 1.0001 1.0001 2.75923e-05 2.75923e-05 5.33504e-275 3.59872e-276 0 0 
-15.7971 0.333366 -9.23139e-06 -1.50784e-16 0.666634 -0.666633 -1.50784e-16 1.0001 1.0001 2.76942e-05 2.76942e-05 1.9941e-274 1.34511e-275 0 0 
-15.7934 0.333366 -9.26546e-06 -1.5246e-16 0.666634 -0.666633 -1.5246e-16 1.0001 1.0001 2.77964e-05 2.77964e-05 3.18657e-274 2.14948e-275 0 0 
-15.7897 0.333367 -9.29966e-06 -1.54154e-16 0.666633 -0.666633 -1.54154e-16 1.0001 1.0001 2.7899e-05 2.7899e-05 3.39389e-274 2.28933e-275 0 0 
-15.786 0.333367 -9.33398e-06 -1.55868e-16 0.666633 -0.666633 -1.55868e-16 1.0001 1.0001 2.80019e-05 2.80019e-05 1.89904e-274 1.28099e-275 0 0 
-15.7823 0.333367 -9.36843e-06 -1.576e-16 0.666633 -0.666633 -1.576e-16 1.0001 1.0001 2.81053e-05 2.81053e-05 -1.97082e-274 -1.3294e-275 -0 -0 
-15.7786 0.333367 -9.403e-06 -1.59352e-16 0.666633 -0.666633 -1.59352e-16 1.0001 1.0001 2.8209e-05 2.8209e-05 -7.42048e-274 -5.00544e-275 -0 -0 
-15.7749 0.333367 -9.4377e-06 -1.61123e-16 0.666633 -0.666633 -1.61123e-16 1.0001 1.0001 2.83131e-05 2.83131e-05 -1.18802e-273 -8.01369e-275 -0 -0 
-15.7713 0.333367 -9.47253e-06 -1.62914e-16 0.666633 -0.666633 -1.62914e-16 1.0001 1.0001 2.84176e-05 2.84176e-05 -1.26739e-273 -8.54913e-275 -0 -0 
-15.7676 0.333367 -9.50749e-06 -1.64724e-16 0.666633 -0.666632 -1.64724e-16 1.0001 1.0001 2.85225e-05 2.85225e-05 -7.12588e-274 -4.80672e-275 -0 -0 
-15.7639 0.333367 -9.54258e-06 -1.66555e-16 0.666633 -0.666632 -1.66555e-16 1.0001 1.0001 2.86277e-05 2.86277e-05 7.27975e-274 4.91051e-275 0 0 
-15.7602 0.333368 -9.5778e-06 -1.68407e-16 0.666632 -0.666632 -1.68407e-16 1.0001 1.0001 2.87334e-05 2.87334e-05 2.76129e-273 1.86261e-274 0 0 
-15.7565 0.333368 -9.61314e-06 -1.70278e-16 0.666632 -0.666632 -1.70278e-16 1.0001 1.0001 2.88394e-05 2.88394e-05 4.42914e-273 2.98765e-274 0 0 
-15.7528 0.333368 -9.64862e-06 -1.72171e-16 0.666632 -0.666632 -1.72171e-16 1.0001 1.0001 2.89459e-05 2.89459e-05 4.73285e-273 3.19251e-274 0 0 
-15.7491 0.333368 -9.68423e-06 -1.74085e-16 0.666632 -0.666632 -1.74085e-16 1.0001 1.0001 2.90527e-05 2.90527e-05 2.67375e-273 1.80356e-274 0 0 
-15.7455 0.333368 -9.71997e-06 -1.7602e-16 0.666632 -0.666632 -1.7602e-16 1.0001 1.0001 2.91599e-05 2.91599e-05 -2.68872e-273 -1.81366e-274 -0 -0 
-15.7418 0.333368 -9.75584e-06 -1.77976e-16 0.666632 -0.666632 -1.77976e-16 1.0001 1.0001 2.92675e-05 2.92675e-05 -1.02751e-272 -6.93101e-274 -0 -0 
-15.7381 0.333368 -9.79184e-06 -1.79954e-16 0.666632 -0.666631 -1.79954e-16 1.0001 1.0001 2.93755e-05 2.93755e-05 -1.65125e-272 -1.11384e-273 -0 -0 
-15.7344 0.333368 -9.82798e-06 -1.81954e-16 0.666632 -0.666631 -1.81954e-16 1.00011 1.00011 2.94839e-05 2.94839e-05 -1.76738e-272 -1.19217e-273 -0 -0 
-15.7307 0.333369 -9.86425e-06 -1.83977e-16 0.666631 -0.666631 -1.83977e-16 1.00011 1.00011 2.95928e-05 2.95928e-05 -1.00319e-272 -6.76692e-274 -0 -0 
-15.727 0.333369 -9.90066e-06 -1.86021e-16 0.666631 -0.666631 -1.86021e-16 1.00011 1.00011 2.9702e-05 2.9702e-05 9.92962e-273 6.69796e-274 0 0 
-15.7234 0.333369 -9.93719e-06 -1.88089e-16 0.666631 -0.666631 -1.88089e-16 1.00011 1.00011 2.98116e-05 2.98116e-05 3.82347e-272 2.57909e-273 0 0 
-15.7197 0.333369 -9.97387e-06 -1.9018e-16 0.666631 -0.666631 -1.9018e-16 1.00011 1.00011 2.99216e-05 2.99216e-05 6.15608e-272 4.15254e-273 0 0 
-15.716 0.333369 -1.00107e-05 -1.92293e-16 0.666631 -0.666631 -1.92293e-16 1.00011 1.00011 3.0032e-05 3.0032e-05 6.59983e-272 4.45187e-273 0 0 
-15.7123 0.333369 -1.00476e-05 -1.94431e-16 0.666631 -0.66663 -1.94431e-16 1.00011 1.00011 3.01429e-05 3.01429e-05 3.76376e-272 2.53882e-273 0 0 
-15.7086 0.333369 -1.00847e-05 -1.96592e-16 0.666631 -0.66663 -1.96592e-16 1.00011 1.00011 3.02541e-05 3.02541e-05 -3.66672e-272 -2.47336e-273 -0 -0 
-15.7049 0.333369 -1.01219e-05 -1.98777e-16 0.666631 -0.66663 -1.98777e-16 1.00011 1.00011 3.03658e-05 3.03658e-05 -1.42273e-271 -9.59693e-273 -0 -0 
-15.7012 0.33337 -1.01593e-05 -2.00986e-16 0.66663 -0.66663 -2.00986e-16 1.00011 1.00011 3.04778e-05 3.04778e-05 -2.29505e-271 -1.54811e-272 -0 -0 
-15.6976 0.33337 -1.01968e-05 -2.0322e-16 0.66663 -0.66663 -2.0322e-16 1.00011 1.00011 3.05903e-05 3.05903e-05 -2.46452e-271 -1.66242e-272 -0 -0 
-15.6939 0.33337 -1.02344e-05 -2.05479e-16 0.66663 -0.66663 -2.05479e-16 1.00011 1.00011 3.07032e-05 3.07032e-05 -1.41202e-271 -9.52468e-273 -0 -0 
-15.6902 0.33337 -1.02722e-05 -2.07763e-16 0.66663 -0.66663 -2.07763e-16 1.00011 1.00011 3.08165e-05 3.08165e-05 1.35388e-271 9.13251e-273 0 0 
-15.6865 0.33337 -1.03101e-05 -2.10072e-16 0.66663 -0.66663 -2.10072e-16 1.00011 1.00011 3.09302e-05 3.09302e-05 5.294e-271 3.57103e-272 0 0 
-15.6828 0.33337 -1.03481e-05 -2.12407e-16 0.66663 -0.666629 -2.12407e-16 1.00011 1.00011 3.10444e-05 3.10444e-05 8.55616e-271 5.77149e-272 0 0 
-15.6791 0.33337 -1.03863e-05 -2.14768e-16 0.66663 -0.666629 -2.14768e-16 1.00011 1.00011 3.11589e-05 3.11589e-05 9.20299e-271 6.2078e-272 0 0 
-15.6755 0.333371 -1.04246e-05 -2.17155e-16 0.666629 -0.666629 -2.17155e-16 1.00011 1.00011 3.12739e-05 3.12739e-05 5.29713e-271 3.57313e-272 0 0 
-15.6718 0.333371 -1.04631e-05 -2.19568e-16 0.666629 -0.666629 -2.19568e-16 1.00011 1.00011 3.13893e-05 3.13893e-05 -4.9985e-271 -3.3717e-272 -0 -0 
-15.6681 0.333371 -1.05017e-05 -2.22009e-16 0.666629 -0.666629 -2.22009e-16 1.00011 1.00011 3.15052e-05 3.15052e-05 -1.96988e-270 -1.32877e-271 -0 -0 
-15.6644 0.333371 -1.05405e-05 -2.24476e-16 0.666629 -0.666629 -2.24476e-16 1.00011 1.00011 3.16214e-05 3.16214e-05 -3.18979e-270 -2.15165e-271 -0 -0 
-15.6607 0.333371 -1.05794e-05 -2.26971e-16 0.666629 -0.666629 -2.26971e-16 1.00011 1.00011 3.17381e-05 3.17381e-05 -3.43654e-270 -2.31809e-271 -0 -0 
-15.657 0.333371 -1.06184e-05 -2.29494e-16 0.666629 -0.666628 -2.29494e-16 1.00011 1.00011 3.18553e-05 3.18553e-05 -1.9871e-270 -1.34038e-271 -0 -0 
-15.6533 0.333371 -1.06576e-05 -2.32045e-16 0.666629 -0.666628 -2.32045e-16 1.00011 1.00011 3.19728e-05 3.19728e-05 1.84525e-270 1.24469e-271 0 0 
-15.6497 0.333372 -1.06969e-05 -2.34624e-16 0.666628 -0.666628 -2.34624e-16 1.00011 1.00011 3.20908e-05 3.20908e-05 7.32979e-270 4.94425e-271 0 0 
-15.646 0.333372 -1.07364e-05 -2.37232e-16 0.666628 -0.666628 -2.37232e-16 1.00012 1.00012 3.22092e-05 3.22092e-05 1.18917e-269 8.02143e-271 0 0 
-15.6423 0.333372 -1.0776e-05 -2.39868e-16 0.666628 -0.666628 -2.39868e-16 1.00012 1.00012 3.23281e-05 3.23281e-05 1.28325e-269 8.65604e-271 0 0 
-15.6386 0.333372 -1.08158e-05 -2.42534e-16 0.666628 -0.666628 -2.42534e-16 1.00012 1.00012 3.24474e-05 3.24474e-05 7.45381e-270 5.0279e-271 0 0 
-15.6349 0.333372 -1.08557e-05 -2.4523e-16 0.666628 -0.666628 -2.4523e-16 1.00012 1.00012 3.25672e-05 3.25672e-05 -6.8112e-270 -4.59443e-271 -0 -0 
-15.6312 0.333372 -1.08958e-05 -2.47956e-16 0.666628 -0.666627 -2.47956e-16 1.00012 1.00012 3.26873e-05 3.26873e-05 -2.72733e-269 -1.8397e-270 -0 -0 
-15.6275 0.333372 -1.0936e-05 -2.50712e-16 0.666628 -0.666627 -2.50712e-16 1.00012 1.00012 3.2808e-05 3.2808e-05 -4.43324e-269 -2.9904e-270 -0 -0 
-15.6239 0.333373 -1.09763e-05 -2.53498e-16 0.666627 -0.666627 -2.53498e-16 1.00012 1.00012 3.2929e-05 3.2929e-05 -4.79177e-269 -3.23225e-270 -0 -0 
-15.6202 0.333373 -1.10169e-05 -2.56316e-16 0.666627 -0.666627 -2.56316e-16 1.00012 1.00012 3.30506e-05 3.30506e-05 -2.79588e-269 -1.88593e-270 -0 -0 
-15.6165 0.333373 -1.10575e-05 -2.59165e-16 0.666627 -0.666627 -2.59165e-16 1.00012 1.00012 3.31725e-05 3.31725e-05 2.51389e-269 1.69572e-270 0 0 
-15.6128 0.333373 -1.10983e-05 -2.62045e-16 0.666627 -0.666627 -2.62045e-16 1.00012 1.00012 3.3295e-05 3.3295e-05 1.0148e-268 6.84524e-270 0 0 
-15.6091 0.333373 -1.11393e-05 -2.64958e-16 0.666627 -0.666627 -2.64958e-16 1.00012 1.00012 3.34178e-05 3.34178e-05 1.65271e-268 1.11482e-269 0 0 
-15.6054 0.333373 -1.11804e-05 -2.67903e-16 0.666627 -0.666626 -2.67903e-16 1.00012 1.00012 3.35411e-05 3.35411e-05 1.78928e-268 1.20694e-269 0 0 
-15.6018 0.333373 -1.12216e-05 -2.7088e-16 0.666627 -0.666626 -2.7088e-16 1.00012 1.00012 3.36649e-05 3.36649e-05 1.04867e-268 7.0737e-270 0 0 
-15.5981 0.333374 -1.12631e-05 -2.73891e-16 0.666626 -0.666626 -2.73891e-16 1.00012 1.00012 3.37892e-05 3.37892e-05 -9.2773e-269 -6.25792e-270 -0 -0 
-15.5944 0.333374 -1.13046e-05 -2.76935e-16 0.666626 -0.666626 -2.76935e-16 1.00012 1.00012 3.39138e-05 3.39138e-05 -3.77588e-268 -2.54698e-269 -0 -0 
-15.5907 0.333374 -1.13463e-05 -2.80013e-16 0.666626 -0.666626 -2.80013e-16 1.00012 1.00012 3.4039e-05 3.4039e-05 -6.16126e-268 -4.15602e-269 -0 -0 
-15.587 0.333374 -1.13882e-05 -2.83125e-16 0.666626 -0.666626 -2.83125e-16 1.00012 1.00012 3.41646e-05 3.41646e-05 -6.68123e-268 -4.50676e-269 -0 -0 
-15.5833 0.333374 -1.14302e-05 -2.86272e-16 0.666626 -0.666626 -2.86272e-16 1.00012 1.00012 3.42907e-05 3.42907e-05 -3.93314e-268 -2.65306e-269 -0 -0 
-15.5796 0.333374 -1.14724e-05 -2.89454e-16 0.666626 -0.666625 -2.89454e-16 1.00012 1.00012 3.44172e-05 3.44172e-05 3.42333e-268 2.30918e-269 0 0 
-15.576 0.333374 -1.15147e-05 -2.92671e-16 0.666626 -0.666625 -2.92671e-16 1.00012 1.00012 3.45442e-05 3.45442e-05 1.40491e-267 9.47671e-269 0 0 
-15.5723 0.333375 -1.15572e-05 -2.95924e-16 0.666625 -0.666625 -2.95924e-16 1.00012 1.00012 3.46717e-05 3.46717e-05 2.29689e-267 1.54934e-268 0 0 
-15.5686 0.333375 -1.15999e-05 -2.99213e-16 0.666625 -0.666625 -2.99213e-16 1.00012 1.00012 3.47997e-05 3.47997e-05 2.49478e-267 1.68283e-268 0 0 
-15.5649 0.333375 -1.16427e-05 -3.02539e-16 0.666625 -0.666625 -3.02539e-16 1.00012 1.00012 3.49281e-05 3.49281e-05 1.4751e-267 9.95014e-269 0 0 
-15.5612 0.333375 -1.16857e-05 -3.05901e-16 0.666625 -0.666625 -3.05901e-16 1.00013 1.00013 3.5057e-05 3.5057e-05 -1.26307e-267 -8.51991e-269 -0 -0 
-15.5575 0.333375 -1.17288e-05 -3.09301e-16 0.666625 -0.666624 -3.09301e-16 1.00013 1.00013 3.51864e-05 3.51864e-05 -5.2273e-267 -3.52602e-268 -0 -0 
-15.5538 0.333375 -1.17721e-05 -3.12739e-16 0.666625 -0.666624 -3.12739e-16 1.00013 1.00013 3.53162e-05 3.53162e-05 -8.56264e-267 -5.77584e-268 -0 -0 
-15.5502 0.333376 -1.18155e-05 -3.16215e-16 0.666624 -0.666624 -3.16215e-16 1.00013 1.00013 3.54465e-05 3.54465e-05 -9.31543e-267 -6.28362e-268 -0 -0 
-15.5465 0.333376 -1.18591e-05 -3.1973e-16 0.666624 -0.666624 -3.1973e-16 1.00013 1.00013 3.55773e-05 3.55773e-05 -5.53204e-267 -3.73158e-268 -0 -0 
-15.5428 0.333376 -1.19029e-05 -3.23283e-16 0.666624 -0.666624 -3.23283e-16 1.00013 1.00013 3.57086e-05 3.57086e-05 4.65968e-267 3.14314e-268 0 0 
-15.5391 0.333376 -1.19468e-05 -3.26876e-16 0.666624 -0.666624 -3.26876e-16 1.00013 1.00013 3.58404e-05 3.58404e-05 1.94491e-266 1.31192e-267 0 0 
-15.5354 0.333376 -1.19909e-05 -3.30509e-16 0.666624 -0.666624 -3.30509e-16 1.00013 1.00013 3.59727e-05 3.59727e-05 3.19207e-266 2.15318e-267 0 0 
-15.5317 0.333376 -1.20351e-05 -3.34183e-16 0.666624 -0.666623 -3.34183e-16 1.00013 1.00013 3.61054e-05 3.61054e-05 3.47833e-266 2.34627e-267 0 0 
-15.5281 0.333376 -1.20795e-05 -3.37897e-16 0.666624 -0.666623 -3.37897e-16 1.00013 1.00013 3.62386e-05 3.62386e-05 2.07458e-266 1.39939e-267 0 0 
-15.5244 0.333377 -1.21241e-05 -3.41653e-16 0.666623 -0.666623 -3.41653e-16 1.00013 1.00013 3.63724e-05 3.63724e-05 -1.71883e-266 -1.15942e-267 -0 -0 
-15.5207 0.333377 -1.21689e-05 -3.4545e-16 0.666623 -0.666623 -3.4545e-16 1.00013 1.00013 3.65066e-05 3.65066e-05 -7.23632e-266 -4.88118e-267 -0 -0 
-15.517 0.333377 -1.22138e-05 -3.49289e-16 0.666623 -0.666623 -3.49289e-16 1.00013 1.00013 3.66413e-05 3.66413e-05 -1.18997e-265 -8.02679e-267 -0 -0 
-15.5133 0.333377 -1.22588e-05 -3.53172e-16 0.666623 -0.666623 -3.53172e-16 1.00013 1.00013 3.67765e-05 3.67765e-05 -1.29878e-265 -8.76076e-267 -0 -0 
-15.5096 0.333377 -1.23041e-05 -3.57097e-16 0.666623 -0.666622 -3.57097e-16 1.00013 1.00013 3.69122e-05 3.69122e-05 -7.77961e-266 -5.24765e-267 -0 -0 
-15.5059 0.333377 -1.23495e-05 -3.61066e-16 0.666623 -0.666622 -3.61066e-16 1.00013 1.00013 3.70485e-05 3.70485e-05 6.33954e-266 4.27626e-267 0 0 
-15.5023 0.333378 -1.23951e-05 -3.65079e-16 0.666622 -0.666622 -3.65079e-16 1.00013 1.00013 3.71852e-05 3.71852e-05 2.69235e-265 1.81609e-266 0 0 
-15.4986 0.333378 -1.24408e-05 -3.69137e-16 0.666622 -0.666622 -3.69137e-16 1.00013 1.00013 3.73224e-05 3.73224e-05 4.43603e-265 2.99227e-266 0 0 
-15.4949 0.333378 -1.24867e-05 -3.73239e-16 0.666622 -0.666622 -3.73239e-16 1.00013 1.00013 3.74601e-05 3.74601e-05 4.84949e-265 3.27117e-266 0 0 
-15.4912 0.333378 -1.25328e-05 -3.77388e-16 0.666622 -0.666622 -3.77388e-16 1.00013 1.00013 3.75984e-05 3.75984e-05 2.91721e-265 1.96777e-266 0 0 
-15.4875 0.333378 -1.2579e-05 -3.81582e-16 0.666622 -0.666621 -3.81582e-16 1.00013 1.00013 3.77371e-05 3.77371e-05 -2.33792e-265 -1.57701e-266 -0 -0 
-15.4838 0.333378 -1.26255e-05 -3.85823e-16 0.666622 -0.666621 -3.85823e-16 1.00014 1.00014 3.78764e-05 3.78764e-05 -1.0017e-264 -6.75686e-266 -0 -0 
-15.4802 0.333379 -1.2672e-05 -3.90111e-16 0.666621 -0.666621 -3.90111e-16 1.00014 1.00014 3.80161e-05 3.80161e-05 -1.65368e-264 -1.11547e-265 -0 -0 
-15.4765 0.333379 -1.27188e-05 -3.94447e-16 0.666621 -0.666621 -3.94447e-16 1.00014 1.00014 3.81564e-05 3.81564e-05 -1.81073e-264 -1.22141e-265 -0 -0 
-15.4728 0.333379 -1.27657e-05 -3.98831e-16 0.666621 -0.666621 -3.98831e-16 1.00014 1.00014 3.82972e-05 3.82972e-05 -1.09385e-264 -7.37844e-266 -0 -0 
-15.4691 0.333379 -1.28128e-05 -4.03264e-16 0.666621 -0.666621 -4.03264e-16 1.00014 1.00014 3.84385e-05 3.84385e-05 8.62077e-265 5.81504e-266 0 0 
-15.4654 0.333379 -1.28601e-05 -4.07746e-16 0.666621 -0.66662 -4.07746e-16 1.00014 1.00014 3.85804e-05 3.85804e-05 3.72685e-264 2.5139e-265 0 0 
-15.4617 0.333379 -1.29076e-05 -4.12278e-16 0.666621 -0.66662 -4.12278e-16 1.00014 1.00014 3.87227e-05 3.87227e-05 6.16462e-264 4.15826e-265 0 0 
-15.458 0.33338 -1.29552e-05 -4.1686e-16 0.66662 -0.66662 -4.1686e-16 1.00014 1.00014 3.88656e-05 3.88656e-05 6.76095e-264 4.56051e-265 0 0 
-15.4544 0.33338 -1.3003e-05 -4.21493e-16 0.66662 -0.66662 -4.21493e-16 1.00014 1.00014 3.90091e-05 3.90091e-05 4.1014e-264 2.76655e-265 0 0 
-15.4507 0.33338 -1.3051e-05 -4.26178e-16 0.66662 -0.66662 -4.26178e-16 1.00014 1.00014 3.9153e-05 3.9153e-05 -3.17839e-264 -2.14394e-265 -0 -0 
-15.447 0.33338 -1.30992e-05 -4.30915e-16 0.66662 -0.66662 -4.30915e-16 1.00014 1.00014 3.92975e-05 3.92975e-05 -1.38656e-263 -9.35288e-265 -0 -0 
-15.4433 0.33338 -1.31475e-05 -4.35704e-16 0.66662 -0.666619 -4.35704e-16 1.00014 1.00014 3.94425e-05 3.94425e-05 -2.29804e-263 -1.55011e-264 -0 -0 
-15.4396 0.33338 -1.3196e-05 -4.40547e-16 0.66662 -0.666619 -4.40547e-16 1.00014 1.00014 3.9588e-05 3.9588e-05 -2.5244e-263 -1.7028e-264 -0 -0 
-15.4359 0.333381 -1.32447e-05 -4.45443e-16 0.666619 -0.666619 -4.45443e-16 1.00014 1.00014 3.97341e-05 3.97341e-05 -1.53776e-263 -1.03728e-264 -0 -0 
-15.4322 0.333381 -1.32936e-05 -4.50394e-16 0.666619 -0.666619 -4.50394e-16 1.00014 1.00014 3.98808e-05 3.98808e-05 1.17169e-263 7.90346e-265 0 0 
-15.4286 0.333381 -1.33426e-05 -4.554e-16 0.666619 -0.666619 -4.554e-16 1.00014 1.00014 4.00279e-05 4.00279e-05 5.15861e-263 3.47967e-264 0 0 
-15.4249 0.333381 -1.33919e-05 -4.60461e-16 0.666619 -0.666618 -4.60461e-16 1.00014 1.00014 4.01756e-05 4.01756e-05 8.56657e-263 5.77846e-264 0 0 
-15.4212 0.333381 -1.34413e-05 -4.65579e-16 0.666619 -0.666618 -4.65579e-16 1.00014 1.00014 4.03239e-05 4.03239e-05 9.42552e-263 6.35785e-264 0 0 
-15.4175 0.333382 -1.34909e-05 -4.70753e-16 0.666618 -0.666618 -4.70753e-16 1.00014 1.00014 4.04727e-05 4.04727e-05 5.76539e-263 3.88896e-264 0 0 
-15.4138 0.333382 -1.35407e-05 -4.75986e-16 0.666618 -0.666618 -4.75986e-16 1.00015 1.00015 4.0622e-05 4.0622e-05 -4.31875e-263 -2.91315e-264 -0 -0 
-15.4101 0.333382 -1.35906e-05 -4.81276e-16 0.666618 -0.666618 -4.81276e-16 1.00015 1.00015 4.07719e-05 4.07719e-05 -1.9192e-262 -1.29457e-263 -0 -0 
-15.4065 0.333382 -1.36408e-05 -4.86625e-16 0.666618 -0.666618 -4.86625e-16 1.00015 1.00015 4.09224e-05 4.09224e-05 -3.1934e-262 -2.15406e-263 -0 -0 
-15.4028 0.333382 -1.36911e-05 -4.92033e-16 0.666618 -0.666617 -4.92033e-16 1.00015 1.00015 4.10734e-05 4.10734e-05 -3.51924e-262 -2.37385e-263 -0 -0 
-15.3991 0.333382 -1.37416e-05 -4.97502e-16 0.666618 -0.666617 -4.97502e-16 1.00015 1.00015 4.12249e-05 4.12249e-05 -2.16148e-262 -1.458e-263 -0 -0 
-15.3954 0.333383 -1.37924e-05 -5.03031e-16 0.666617 -0.666617 -5.03031e-16 1.00015 1.00015 4.13771e-05 4.13771e-05 1.59164e-262 1.07362e-263 0 0 
-15.3917 0.333383 -1.38432e-05 -5.08622e-16 0.666617 -0.666617 -5.08622e-16 1.00015 1.00015 4.15297e-05 4.15297e-05 7.14009e-262 4.81624e-263 0 0 
-15.388 0.333383 -1.38943e-05 -5.14275e-16 0.666617 -0.666617 -5.14275e-16 1.00015 1.00015 4.1683e-05 4.1683e-05 1.19041e-261 8.02975e-263 0 0 
-15.3843 0.333383 -1.39456e-05 -5.19991e-16 0.666617 -0.666616 -5.19991e-16 1.00015 1.00015 4.18368e-05 4.18368e-05 1.31398e-261 8.86327e-263 0 0 
-15.3807 0.333383 -1.39971e-05 -5.2577e-16 0.666617 -0.666616 -5.2577e-16 1.00015 1.00015 4.19912e-05 4.19912e-05 8.10321e-262 5.4659e-263 0 0 
-15.377 0.333384 -1.40487e-05 -5.31614e-16 0.666617 -0.666616 -5.31614e-16 1.00015 1.00015 4.21461e-05 4.21461e-05 -5.86503e-262 -3.95617e-263 -0 -0 
-15.3733 0.333384 -1.41005e-05 -5.37522e-16 0.666616 -0.666616 -5.37522e-16 1.00015 1.00015 4.23016e-05 4.23016e-05 -2.65633e-261 -1.79179e-262 -0 -0 
-15.3696 0.333384 -1.41526e-05 -5.43496e-16 0.666616 -0.666616 -5.43496e-16 1.00015 1.00015 4.24577e-05 4.24577e-05 -4.4375e-261 -2.99325e-262 -0 -0 
-15.3659 0.333384 -1.42048e-05 -5.49537e-16 0.666616 -0.666616 -5.49537e-16 1.00015 1.00015 4.26144e-05 4.26144e-05 -4.90598e-261 -3.30926e-262 -0 -0 
-15.3622 0.333384 -1.42572e-05 -5.55645e-16 0.666616 -0.666615 -5.55645e-16 1.00015 1.00015 4.27716e-05 4.27716e-05 -3.03771e-261 -2.04904e-262 -0 -0 
-15.3586 0.333384 -1.43098e-05 -5.6182e-16 0.666616 -0.666615 -5.6182e-16 1.00015 1.00015 4.29295e-05 4.29295e-05 2.1609e-261 1.4576e-262 0 0 
-15.3549 0.333385 -1.43626e-05 -5.68064e-16 0.666615 -0.666615 -5.68064e-16 1.00015 1.00015 4.30879e-05 4.30879e-05 9.88221e-261 6.6659e-262 0 0 
-15.3512 0.333385 -1.44156e-05 -5.74378e-16 0.666615 -0.666615 -5.74378e-16 1.00015 1.00015 4.32469e-05 4.32469e-05 1.65416e-260 1.11579e-261 0 0 
-15.3475 0.333385 -1.44688e-05 -5.80762e-16 0.666615 -0.666615 -5.80762e-16 1.00016 1.00016 4.34064e-05 4.34064e-05 1.83172e-260 1.23556e-261 0 0 
-15.3438 0.333385 -1.45222e-05 -5.87217e-16 0.666615 -0.666614 -5.87217e-16 1.00016 1.00016 4.35666e-05 4.35666e-05 1.13873e-260 7.68111e-262 0 0 
-15.3401 0.333385 -1.45758e-05 -5.93743e-16 0.666615 -0.666614 -5.93743e-16 1.00016 1.00016 4.37274e-05 4.37274e-05 -7.96038e-261 -5.36955e-262 -0 -0 
-15.3364 0.333386 -1.46296e-05 -6.00342e-16 0.666614 -0.666614 -6.00342e-16 1.00016 1.00016 4.38887e-05 4.38887e-05 -3.67639e-260 -2.47985e-261 -0 -0 
-15.3328 0.333386 -1.46836e-05 -6.07014e-16 0.666614 -0.666614 -6.07014e-16 1.00016 1.00016 4.40507e-05 4.40507e-05 -6.16614e-260 -4.15927e-261 -0 -0 
-15.3291 0.333386 -1.47377e-05 -6.13761e-16 0.666614 -0.666614 -6.13761e-16 1.00016 1.00016 4.42132e-05 4.42132e-05 -6.83895e-260 -4.6131e-261 -0 -0 
-15.3254 0.333386 -1.47921e-05 -6.20582e-16 0.666614 -0.666613 -6.20582e-16 1.00016 1.00016 4.43764e-05 4.43764e-05 -4.26852e-260 -2.87926e-261 -0 -0 
-15.3217 0.333386 -1.48467e-05 -6.27479e-16 0.666614 -0.666613 -6.27479e-16 1.00016 1.00016 4.45401e-05 4.45401e-05 2.93203e-260 1.97775e-261 0 0 
-15.318 0.333387 -1.49015e-05 -6.34453e-16 0.666613 -0.666613 -6.34453e-16 1.00016 1.00016 4.47044e-05 4.47044e-05 1.36768e-259 9.22546e-261 0 0 
-15.3143 0.333387 -1.49565e-05 -6.41505e-16 0.666613 -0.666613 -6.41505e-16 1.00016 1.00016 4.48694e-05 4.48694e-05 2.29851e-259 1.55042e-260 0 0 
-15.3106 0.333387 -1.50117e-05 -6.48634e-16 0.666613 -0.666613 -6.48634e-16 1.00016 1.00016 4.5035e-05 4.5035e-05 2.55338e-259 1.72234e-260 0 0 
-15.307 0.333387 -1.5067e-05 -6.55844e-16 0.666613 -0.666612 -6.55844e-16 1.00016 1.00016 4.52011e-05 4.52011e-05 1.59999e-259 1.07925e-260 0 0 
-15.3033 0.333387 -1.51226e-05 -6.63133e-16 0.666613 -0.666612 -6.63133e-16 1.00016 1.00016 4.53679e-05 4.53679e-05 -1.07978e-259 -7.28349e-261 -0 -0 
-15.2996 0.333388 -1.51784e-05 -6.70503e-16 0.666612 -0.666612 -6.70503e-16 1.00016 1.00016 4.55353e-05 4.55353e-05 -5.08794e-259 -3.43198e-260 -0 -0 
-15.2959 0.333388 -1.52344e-05 -6.77955e-16 0.666612 -0.666612 -6.77955e-16 1.00016 1.00016 4.57033e-05 4.57033e-05 -8.56795e-259 -5.77936e-260 -0 -0 
-15.2922 0.333388 -1.52907e-05 -6.8549e-16 0.666612 -0.666612 -6.8549e-16 1.00016 1.00016 4.5872e-05 4.5872e-05 -9.53321e-259 -6.43047e-260 -0 -0 
-15.2885 0.333388 -1.53471e-05 -6.93108e-16 0.666612 -0.666611 -6.93108e-16 1.00016 1.00016 4.60412e-05 4.60412e-05 -5.99713e-259 -4.04526e-260 -0 -0 
-15.2849 0.333388 -1.54037e-05 -7.00812e-16 0.666612 -0.666611 -7.00812e-16 1.00017 1.00017 4.62111e-05 4.62111e-05 3.9759e-259 2.68188e-260 0 0 
-15.2812 0.333389 -1.54605e-05 -7.086e-16 0.666611 -0.666611 -7.086e-16 1.00017 1.00017 4.63816e-05 4.63816e-05 1.89275e-258 1.27672e-259 0 0 
-15.2775 0.333389 -1.55176e-05 -7.16476e-16 0.666611 -0.666611 -7.16476e-16 1.00017 1.00017 4.65528e-05 4.65528e-05 3.19378e-258 2.15431e-259 0 0 
-15.2738 0.333389 -1.55749e-05 -7.24439e-16 0.666611 -0.666611 -7.24439e-16 1.00017 1.00017 4.67246e-05 4.67246e-05 3.55926e-258 2.40083e-259 0 0 
-15.2701 0.333389 -1.56323e-05 -7.3249e-16 0.666611 -0.66661 -7.3249e-16 1.00017 1.00017 4.6897e-05 4.6897e-05 2.24778e-258 1.5162e-259 0 0 
-15.2664 0.333389 -1.569e-05 -7.40631e-16 0.666611 -0.66661 -7.40631e-16 1.00017 1.00017 4.707e-05 4.707e-05 -1.46374e-258 -9.87342e-260 -0 -0 
-15.2627 0.33339 -1.57479e-05 -7.48863e-16 0.66661 -0.66661 -7.48863e-16 1.00017 1.00017 4.72437e-05 4.72437e-05 -7.04111e-258 -4.74945e-259 -0 -0 
-15.2591 0.33339 -1.5806e-05 -7.57186e-16 0.66661 -0.66661 -7.57186e-16 1.00017 1.00017 4.7418e-05 4.7418e-05 -1.1905e-257 -8.03031e-259 -0 -0 
-15.2554 0.33339 -1.58643e-05 -7.65601e-16 0.66661 -0.66661 -7.65601e-16 1.00017 1.00017 4.7593e-05 4.7593e-05 -1.32885e-257 -8.96351e-259 -0 -0 
-15.2517 0.33339 -1.59229e-05 -7.7411e-16 0.66661 -0.666609 -7.7411e-16 1.00017 1.00017 4.77686e-05 4.77686e-05 -8.42456e-258 -5.68263e-259 -0 -0 
-15.248 0.33339 -1.59816e-05 -7.82713e-16 0.66661 -0.666609 -7.82713e-16 1.00017 1.00017 4.79448e-05 4.79448e-05 5.38793e-258 3.63433e-259 0 0 
-15.2443 0.333391 -1.60406e-05 -7.91413e-16 0.666609 -0.666609 -7.91413e-16 1.00017 1.00017 4.81217e-05 4.81217e-05 2.61928e-257 1.76679e-258 0 0 
-15.2406 0.333391 -1.60998e-05 -8.00208e-16 0.666609 -0.666609 -8.00208e-16 1.00017 1.00017 4.82993e-05 4.82993e-05 4.43765e-257 2.99333e-258 0 0 
-15.237 0.333391 -1.61592e-05 -8.09102e-16 0.666609 -0.666609 -8.09102e-16 1.00017 1.00017 4.84775e-05 4.84775e-05 4.96123e-257 3.3465e-258 0 0 
-15.2333 0.333391 -1.62188e-05 -8.18094e-16 0.666609 -0.666608 -8.18094e-16 1.00017 1.00017 4.86564e-05 4.86564e-05 3.15738e-257 2.12975e-258 0 0 
-15.2296 0.333391 -1.62786e-05 -8.27186e-16 0.666609 -0.666608 -8.27186e-16 1.00017 1.00017 4.88359e-05 4.88359e-05 -1.98292e-257 -1.33754e-258 -0 -0 
-15.2259 0.333392 -1.63387e-05 -8.3638e-16 0.666608 -0.666608 -8.3638e-16 1.00018 1.00018 4.90161e-05 4.90161e-05 -9.74359e-257 -6.57235e-258 -0 -0 
-15.2222 0.333392 -1.6399e-05 -8.45675e-16 0.666608 -0.666608 -8.45675e-16 1.00018 1.00018 4.91969e-05 4.91969e-05 -1.65414e-256 -1.11577e-257 -0 -0 
-15.2185 0.333392 -1.64595e-05 -8.55074e-16 0.666608 -0.666607 -8.55074e-16 1.00018 1.00018 4.93785e-05 4.93785e-05 -1.85225e-256 -1.2494e-257 -0 -0 
-15.2148 0.333392 -1.65202e-05 -8.64577e-16 0.666608 -0.666607 -8.64577e-16 1.00018 1.00018 4.95607e-05 4.95607e-05 -1.18329e-256 -7.98164e-258 -0 -0 
-15.2112 0.333393 -1.65812e-05 -8.74186e-16 0.666607 -0.666607 -8.74186e-16 1.00018 1.00018 4.97435e-05 4.97435e-05 7.29649e-257 4.92171e-258 0 0 
-15.2075 0.333393 -1.66424e-05 -8.83902e-16 0.666607 -0.666607 -8.83902e-16 1.00018 1.00018 4.99271e-05 4.99271e-05 3.62452e-256 2.44485e-257 0 0 
-15.2038 0.333393 -1.67038e-05 -8.93726e-16 0.666607 -0.666607 -8.93726e-16 1.00018 1.00018 5.01113e-05 5.01113e-05 6.16581e-256 4.15902e-257 0 0 
-15.2001 0.333393 -1.67654e-05 -9.03658e-16 0.666607 -0.666606 -9.03658e-16 1.00018 1.00018 5.02962e-05 5.02962e-05 6.91521e-256 4.66452e-257 0 0 
-15.1964 0.333393 -1.68272e-05 -9.13702e-16 0.666607 -0.666606 -9.13702e-16 1.00018 1.00018 5.04817e-05 5.04817e-05 4.43445e-256 2.99117e-257 0 0 
-15.1927 0.333394 -1.68893e-05 -9.23856e-16 0.666606 -0.666606 -9.23856e-16 1.00018 1.00018 5.0668e-05 5.0668e-05 -2.68438e-256 -1.8107e-257 -0 -0 
-15.189 0.333394 -1.69517e-05 -9.34124e-16 0.666606 -0.666606 -9.34124e-16 1.00018 1.00018 5.0855e-05 5.0855e-05 -1.34827e-255 -9.09447e-257 -0 -0 
-15.1854 0.333394 -1.70142e-05 -9.44506e-16 0.666606 -0.666605 -9.44506e-16 1.00018 1.00018 5.10426e-05 5.10426e-05 -2.29829e-255 -1.55026e-256 -0 -0 
-15.1817 0.333394 -1.7077e-05 -9.55003e-16 0.666606 -0.666605 -9.55003e-16 1.00018 1.00018 5.12309e-05 5.12309e-05 -2.58172e-255 -1.74145e-256 -0 -0 
-15.178 0.333395 -1.714e-05 -9.65617e-16 0.666605 -0.666605 -9.65617e-16 1.00018 1.00018 5.14199e-05 5.14199e-05 -1.66178e-255 -1.12092e-256 -0 -0 
-15.1743 0.333395 -1.72032e-05 -9.76349e-16 0.666605 -0.666605 -9.76349e-16 1.00018 1.00018 5.16097e-05 5.16097e-05 9.87406e-256 6.66034e-257 0 0 
-15.1706 0.333395 -1.72667e-05 -9.872e-16 0.666605 -0.666605 -9.872e-16 1.00018 1.00018 5.18001e-05 5.18001e-05 5.0153e-255 3.38296e-256 0 0 
-15.1669 0.333395 -1.73304e-05 -9.98171e-16 0.666605 -0.666604 -9.98171e-16 1.00019 1.00019 5.19912e-05 5.19912e-05 8.56675e-255 5.77852e-256 0 0 
-15.1633 0.333395 -1.73943e-05 -1.00926e-15 0.666605 -0.666604 -1.00926e-15 1.00019 1.00019 5.2183e-05 5.2183e-05 9.63849e-255 6.50144e-256 0 0 
-15.1596 0.333396 -1.74585e-05 -1.02048e-15 0.666604 -0.666604 -1.02048e-15 1.00019 1.00019 5.23756e-05 5.23756e-05 6.22721e-255 4.20043e-256 0 0 
-15.1559 0.333396 -1.75229e-05 -1.03182e-15 0.666604 -0.666604 -1.03182e-15 1.00019 1.00019 5.25688e-05 5.25688e-05 -3.63132e-255 -2.44943e-256 -0 -0 
-15.1522 0.333396 -1.75876e-05 -1.04329e-15 0.666604 -0.666603 -1.04329e-15 1.00019 1.00019 5.27628e-05 5.27628e-05 -1.86557e-254 -1.25838e-255 -0 -0 
-15.1485 0.333396 -1.76525e-05 -1.05489e-15 0.666604 -0.666603 -1.05489e-15 1.00019 1.00019 5.29574e-05 5.29574e-05 -3.1932e-254 -2.1539e-255 -0 -0 
-15.1448 0.333397 -1.77176e-05 -1.06661e-15 0.666603 -0.666603 -1.06661e-15 1.00019 1.00019 5.31528e-05 5.31528e-05 -3.59837e-254 -2.4272e-255 -0 -0 
-15.1411 0.333397 -1.7783e-05 -1.07846e-15 0.666603 -0.666603 -1.07846e-15 1.00019 1.00019 5.33489e-05 5.33489e-05 -2.33345e-254 -1.57398e-255 -0 -0 
-15.1375 0.333397 -1.78486e-05 -1.09045e-15 0.666603 -0.666602 -1.09045e-15 1.00019 1.00019 5.35458e-05 5.35458e-05 1.33521e-254 9.00638e-256 0 0 
-15.1338 0.333397 -1.79144e-05 -1.10257e-15 0.666603 -0.666602 -1.10257e-15 1.00019 1.00019 5.37433e-05 5.37433e-05 6.93939e-254 4.68081e-255 0 0 
-15.1301 0.333398 -1.79805e-05 -1.11482e-15 0.666602 -0.666602 -1.11482e-15 1.00019 1.00019 5.39416e-05 5.39416e-05 1.19023e-253 8.02845e-255 0 0 
-15.1264 0.333398 -1.80469e-05 -1.12721e-15 0.666602 -0.666602 -1.12721e-15 1.00019 1.00019 5.41406e-05 5.41406e-05 1.34338e-253 9.06148e-255 0 0 
-15.1227 0.333398 -1.81135e-05 -1.13974e-15 0.666602 -0.666601 -1.13974e-15 1.00019 1.00019 5.43404e-05 5.43404e-05 8.74359e-254 5.89779e-255 0 0 
-15.119 0.333398 -1.81803e-05 -1.15241e-15 0.666602 -0.666601 -1.15241e-15 1.00019 1.00019 5.45409e-05 5.45409e-05 -4.90851e-254 -3.31092e-255 -0 -0 
-15.1153 0.333398 -1.82474e-05 -1.16521e-15 0.666602 -0.666601 -1.16521e-15 1.0002 1.0002 5.47421e-05 5.47421e-05 -2.58122e-253 -1.74111e-254 -0 -0 
-15.1117 0.333399 -1.83147e-05 -1.17816e-15 0.666601 -0.666601 -1.17816e-15 1.0002 1.0002 5.49441e-05 5.49441e-05 -4.43645e-253 -2.99251e-254 -0 -0 
-15.108 0.333399 -1.83823e-05 -1.19126e-15 0.666601 -0.666601 -1.19126e-15 1.0002 1.0002 5.51468e-05 5.51468e-05 -5.01521e-253 -3.3829e-254 -0 -0 
-15.1043 0.333399 -1.84501e-05 -1.2045e-15 0.666601 -0.6666 -1.2045e-15 1.0002 1.0002 5.53503e-05 5.53503e-05 -3.27617e-253 -2.20987e-254 -0 -0 
-15.1006 0.333399 -1.85182e-05 -1.21788e-15 0.666601 -0.6666 -1.21788e-15 1.0002 1.0002 5.55545e-05 5.55545e-05 1.8041e-253 1.21691e-254 0 0 
-15.0969 0.3334 -1.85865e-05 -1.23142e-15 0.6666 -0.6666 -1.23142e-15 1.0002 1.0002 5.57594e-05 5.57594e-05 9.60118e-253 6.47625e-254 0 0 
-15.0932 0.3334 -1.86551e-05 -1.2451e-15 0.6666 -0.6666 -1.2451e-15 1.0002 1.0002 5.59652e-05 5.59652e-05 1.65363e-252 1.11541e-253 0 0 
-15.0896 0.3334 -1.87239e-05 -1.25894e-15 0.6666 -0.666599 -1.25894e-15 1.0002 1.0002 5.61716e-05 5.61716e-05 1.8723e-252 1.26292e-253 0 0 
-15.0859 0.3334 -1.8793e-05 -1.27293e-15 0.6666 -0.666599 -1.27293e-15 1.0002 1.0002 5.63789e-05 5.63789e-05 1.22752e-252 8.27997e-254 0 0 
-15.0822 0.333401 -1.88623e-05 -1.28708e-15 0.666599 -0.666599 -1.28708e-15 1.0002 1.0002 5.65869e-05 5.65869e-05 -6.62948e-253 -4.47176e-254 -0 -0 
-15.0785 0.333401 -1.89319e-05 -1.30138e-15 0.666599 -0.666599 -1.30138e-15 1.0002 1.0002 5.67957e-05 5.67957e-05 -3.57123e-252 -2.40889e-253 -0 -0 
-15.0748 0.333401 -1.90017e-05 -1.31585e-15 0.666599 -0.666598 -1.31585e-15 1.0002 1.0002 5.70052e-05 5.70052e-05 -6.16362e-252 -4.15752e-253 -0 -0 
-15.0711 0.333401 -1.90718e-05 -1.33047e-15 0.666599 -0.666598 -1.33047e-15 1.0002 1.0002 5.72155e-05 5.72155e-05 -6.98972e-252 -4.71475e-253 -0 -0 
-15.0674 0.333402 -1.91422e-05 -1.34526e-15 0.666598 -0.666598 -1.34526e-15 1.00021 1.00021 5.74266e-05 5.74266e-05 -4.59917e-252 -3.10226e-253 -0 -0 
-15.0638 0.333402 -1.92128e-05 -1.36021e-15 0.666598 -0.666598 -1.36021e-15 1.00021 1.00021 5.76385e-05 5.76385e-05 2.43559e-252 1.64287e-253 0 0 
-15.0601 0.333402 -1.92837e-05 -1.37533e-15 0.666598 -0.666597 -1.37533e-15 1.00021 1.00021 5.78511e-05 5.78511e-05 1.32833e-251 8.95992e-253 0 0 
-15.0564 0.333402 -1.93549e-05 -1.39061e-15 0.666598 -0.666597 -1.39061e-15 1.00021 1.00021 5.80646e-05 5.80646e-05 2.29737e-251 1.54964e-252 0 0 
-15.0527 0.333403 -1.94263e-05 -1.40607e-15 0.666597 -0.666597 -1.40607e-15 1.00021 1.00021 5.82788e-05 5.82788e-05 2.6094e-251 1.7601e-252 0 0 
-15.049 0.333403 -1.94979e-05 -1.42169e-15 0.666597 -0.666596 -1.42169e-15 1.00021 1.00021 5.84938e-05 5.84938e-05 1.72312e-251 1.16228e-252 0 0 
-15.0453 0.333403 -1.95699e-05 -1.43749e-15 0.666597 -0.666596 -1.43749e-15 1.00021 1.00021 5.87096e-05 5.87096e-05 -8.94611e-252 -6.03437e-253 -0 -0 
-15.0417 0.333403 -1.96421e-05 -1.45347e-15 0.666597 -0.666596 -1.45347e-15 1.00021 1.00021 5.89262e-05 5.89262e-05 -4.9407e-251 -3.33262e-252 -0 -0 
-15.038 0.333404 -1.97145e-05 -1.46962e-15 0.666596 -0.666596 -1.46962e-15 1.00021 1.00021 5.91436e-05 5.91436e-05 -8.56297e-251 -5.77593e-252 -0 -0 
-15.0343 0.333404 -1.97873e-05 -1.48595e-15 0.666596 -0.666595 -1.48595e-15 1.00021 1.00021 5.93618e-05 5.93618e-05 -9.74131e-251 -6.57075e-252 -0 -0 
-15.0306 0.333404 -1.98603e-05 -1.50247e-15 0.666596 -0.666595 -1.50247e-15 1.00021 1.00021 5.95808e-05 5.95808e-05 -6.4556e-251 -4.35446e-252 -0 -0 
-15.0269 0.333405 -1.99335e-05 -1.51917e-15 0.666595 -0.666595 -1.51917e-15 1.00021 1.00021 5.98006e-05 5.98006e-05 3.28521e-251 2.21596e-252 0 0 
-15.0232 0.333405 -2.00071e-05 -1.53605e-15 0.666595 -0.666595 -1.53605e-15 1.00021 1.00021 6.00212e-05 6.00212e-05 1.83766e-250 1.23955e-251 0 0 
-15.0195 0.333405 -2.00809e-05 -1.55312e-15 0.666595 -0.666594 -1.55312e-15 1.00022 1.00022 6.02427e-05 6.02427e-05 3.19165e-250 2.15284e-251 0 0 
-15.0159 0.333405 -2.0155e-05 -1.57038e-15 0.666595 -0.666594 -1.57038e-15 1.00022 1.00022 6.04649e-05 6.04649e-05 3.63656e-250 2.45295e-251 0 0 
-15.0122 0.333406 -2.02293e-05 -1.58783e-15 0.666594 -0.666594 -1.58783e-15 1.00022 1.00022 6.0688e-05 6.0688e-05 2.41849e-250 1.63133e-251 0 0 
-15.0085 0.333406 -2.0304e-05 -1.60548e-15 0.666594 -0.666594 -1.60548e-15 1.00022 1.00022 6.09119e-05 6.09119e-05 -1.20612e-250 -8.13557e-252 -0 -0 
-15.0048 0.333406 -2.03789e-05 -1.62332e-15 0.666594 -0.666593 -1.62332e-15 1.00022 1.00022 6.11366e-05 6.11366e-05 -6.83496e-250 -4.61034e-251 -0 -0 
-15.0011 0.333406 -2.0454e-05 -1.64136e-15 0.666594 -0.666593 -1.64136e-15 1.00022 1.00022 6.13621e-05 6.13621e-05 -1.1896e-249 -8.02416e-251 -0 -0 
-14.9974 0.333407 -2.05295e-05 -1.6596e-15 0.666593 -0.666593 -1.6596e-15 1.00022 1.00022 6.15885e-05 6.15885e-05 -1.35757e-249 -9.15712e-251 -0 -0 
-14.9937 0.333407 -2.06052e-05 -1.67805e-15 0.666593 -0.666593 -1.67805e-15 1.00022 1.00022 6.18157e-05 6.18157e-05 -9.06025e-250 -6.11135e-251 -0 -0 
-14.9901 0.333407 -2.06813e-05 -1.6967e-15 0.666593 -0.666592 -1.6967e-15 1.00022 1.00022 6.20438e-05 6.20438e-05 4.42703e-250 2.98614e-251 0 0 
-14.9864 0.333407 -2.07576e-05 -1.71555e-15 0.666593 -0.666592 -1.71555e-15 1.00022 1.00022 6.22727e-05 6.22727e-05 2.54215e-249 1.71474e-250 0 0 
-14.9827 0.333408 -2.08341e-05 -1.73462e-15 0.666592 -0.666592 -1.73462e-15 1.00022 1.00022 6.25024e-05 6.25024e-05 4.43392e-249 2.99078e-250 0 0 
-14.979 0.333408 -2.0911e-05 -1.7539e-15 0.666592 -0.666591 -1.7539e-15 1.00022 1.00022 6.2733e-05 6.2733e-05 5.06792e-249 3.41842e-250 0 0 
-14.9753 0.333408 -2.09881e-05 -1.77339e-15 0.666592 -0.666591 -1.77339e-15 1.00022 1.00022 6.29644e-05 6.29644e-05 3.39408e-249 2.28938e-250 0 0 
-14.9716 0.333409 -2.10656e-05 -1.7931e-15 0.666591 -0.666591 -1.7931e-15 1.00023 1.00023 6.31967e-05 6.31967e-05 -1.62452e-249 -1.09578e-250 -0 -0 
-14.968 0.333409 -2.11433e-05 -1.81302e-15 0.666591 -0.666591 -1.81302e-15 1.00023 1.00023 6.34299e-05 6.34299e-05 -9.45501e-249 -6.37761e-250 -0 -0 
-14.9643 0.333409 -2.12213e-05 -1.83317e-15 0.666591 -0.66659 -1.83317e-15 1.00023 1.00023 6.36639e-05 6.36639e-05 -1.65261e-248 -1.11472e-249 -0 -0 
-14.9606 0.333409 -2.12996e-05 -1.85355e-15 0.666591 -0.66659 -1.85355e-15 1.00023 1.00023 6.38987e-05 6.38987e-05 -1.89188e-248 -1.27611e-249 -0 -0 
-14.9569 0.33341 -2.13782e-05 -1.87414e-15 0.66659 -0.66659 -1.87414e-15 1.00023 1.00023 6.41345e-05 6.41345e-05 -1.27143e-248 -8.57605e-250 -0 -0 
-14.9532 0.33341 -2.1457e-05 -1.89497e-15 0.66659 -0.666589 -1.89497e-15 1.00023 1.00023 6.43711e-05 6.43711e-05 5.95973e-249 4.01997e-250 0 0 
-14.9495 0.33341 -2.15362e-05 -1.91603e-15 0.66659 -0.666589 -1.91603e-15 1.00023 1.00023 6.46085e-05 6.46085e-05 3.51654e-248 2.37198e-249 0 0 
-14.9458 0.333411 -2.16156e-05 -1.93733e-15 0.666589 -0.666589 -1.93733e-15 1.00023 1.00023 6.48469e-05 6.48469e-05 6.15955e-248 4.15475e-249 0 0 
-14.9422 0.333411 -2.16954e-05 -1.95886e-15 0.666589 -0.666589 -1.95886e-15 1.00023 1.00023 6.50861e-05 6.50861e-05 7.06244e-248 4.76376e-249 0 0 
-14.9385 0.333411 -2.17754e-05 -1.98063e-15 0.666589 -0.666588 -1.98063e-15 1.00023 1.00023 6.53262e-05 6.53262e-05 4.76264e-248 3.2125e-249 0 0 
-14.9348 0.333411 -2.18557e-05 -2.00264e-15 0.666589 -0.666588 -2.00264e-15 1.00023 1.00023 6.55672e-05 6.55672e-05 -2.18581e-248 -1.47437e-249 -0 -0 
-14.9311 0.333412 -2.19364e-05 -2.02489e-15 0.666588 -0.666588 -2.02489e-15 1.00023 1.00023 6.58091e-05 6.58091e-05 -1.30787e-247 -8.82185e-249 -0 -0 
-14.9274 0.333412 -2.20173e-05 -2.0474e-15 0.666588 -0.666587 -2.0474e-15 1.00024 1.00024 6.60519e-05 6.60519e-05 -2.29576e-247 -1.54854e-248 -0 -0 
-14.9237 0.333412 -2.20985e-05 -2.07015e-15 0.666588 -0.666587 -2.07015e-15 1.00024 1.00024 6.62955e-05 6.62955e-05 -2.63641e-247 -1.77831e-248 -0 -0 
-14.9201 0.333413 -2.218e-05 -2.09316e-15 0.666587 -0.666587 -2.09316e-15 1.00024 1.00024 6.65401e-05 6.65401e-05 -1.78399e-247 -1.20333e-248 -0 -0 
-14.9164 0.333413 -2.22619e-05 -2.11642e-15 0.666587 -0.666587 -2.11642e-15 1.00024 1.00024 6.67856e-05 6.67856e-05 8.01451e-248 5.40595e-249 0 0 
-14.9127 0.333413 -2.2344e-05 -2.13994e-15 0.666587 -0.666586 -2.13994e-15 1.00024 1.00024 6.70319e-05 6.70319e-05 4.86416e-247 3.28097e-248 0 0 
-14.909 0.333413 -2.24264e-05 -2.16372e-15 0.666587 -0.666586 -2.16372e-15 1.00024 1.00024 6.72792e-05 6.72792e-05 8.55658e-247 5.77158e-248 0 0 
-14.9053 0.333414 -2.25091e-05 -2.18777e-15 0.666586 -0.666586 -2.18777e-15 1.00024 1.00024 6.75274e-05 6.75274e-05 9.84164e-247 6.63838e-248 0 0 
-14.9016 0.333414 -2.25922e-05 -2.21208e-15 0.666586 -0.666585 -2.21208e-15 1.00024 1.00024 6.77765e-05 6.77765e-05 6.68225e-247 4.5073e-248 0 0 
-14.8979 0.333414 -2.26755e-05 -2.23666e-15 0.666586 -0.666585 -2.23666e-15 1.00024 1.00024 6.80265e-05 6.80265e-05 -2.93778e-247 -1.98159e-248 -0 -0 
-14.8943 0.333415 -2.27592e-05 -2.26152e-15 0.666585 -0.666585 -2.26152e-15 1.00024 1.00024 6.82775e-05 6.82775e-05 -1.80902e-246 -1.22022e-247 -0 -0 
-14.8906 0.333415 -2.28431e-05 -2.28665e-15 0.666585 -0.666584 -2.28665e-15 1.00024 1.00024 6.85294e-05 6.85294e-05 -3.18913e-246 -2.15113e-247 -0 -0 
-14.8869 0.333415 -2.29274e-05 -2.31206e-15 0.666585 -0.666584 -2.31206e-15 1.00025 1.00025 6.87822e-05 6.87822e-05 -3.67383e-246 -2.47807e-247 -0 -0 
-14.8832 0.333415 -2.3012e-05 -2.33776e-15 0.666585 -0.666584 -2.33776e-15 1.00025 1.00025 6.90359e-05 6.90359e-05 -2.50289e-246 -1.68824e-247 -0 -0 
-14.8795 0.333416 -2.30969e-05 -2.36374e-15 0.666584 -0.666584 -2.36374e-15 1.00025 1.00025 6.92906e-05 6.92906e-05 1.07655e-246 7.26151e-248 0 0 
-14.8758 0.333416 -2.31821e-05 -2.39001e-15 0.666584 -0.666583 -2.39001e-15 1.00025 1.00025 6.95462e-05 6.95462e-05 6.72784e-246 4.53805e-247 0 0 
-14.8721 0.333416 -2.32676e-05 -2.41657e-15 0.666584 -0.666583 -2.41657e-15 1.00025 1.00025 6.98027e-05 6.98027e-05 1.18861e-245 8.01741e-247 0 0 
-14.8685 0.333417 -2.33534e-05 -2.44342e-15 0.666583 -0.666583 -2.44342e-15 1.00025 1.00025 7.00602e-05 7.00602e-05 1.37141e-245 9.25041e-247 0 0 
-14.8648 0.333417 -2.34396e-05 -2.47058e-15 0.666583 -0.666582 -2.47058e-15 1.00025 1.00025 7.03187e-05 7.03187e-05 9.37448e-246 6.32325e-247 0 0 
-14.8611 0.333417 -2.3526e-05 -2.49803e-15 0.666583 -0.666582 -2.49803e-15 1.00025 1.00025 7.05781e-05 7.05781e-05 -3.9438e-246 -2.66016e-247 -0 -0 
-14.8574 0.333418 -2.36128e-05 -2.52579e-15 0.666582 -0.666582 -2.52579e-15 1.00025 1.00025 7.08384e-05 7.08384e-05 -2.50208e-245 -1.6877e-246 -0 -0 
-14.8537 0.333418 -2.36999e-05 -2.55386e-15 0.666582 -0.666581 -2.55386e-15 1.00025 1.00025 7.10997e-05 7.10997e-05 -4.43003e-245 -2.98813e-246 -0 -0 
-14.85 0.333418 -2.37873e-05 -2.58224e-15 0.666582 -0.666581 -2.58224e-15 1.00025 1.00025 7.1362e-05 7.1362e-05 -5.11932e-245 -3.45307e-246 -0 -0 
-14.8464 0.333419 -2.38751e-05 -2.61094e-15 0.666581 -0.666581 -2.61094e-15 1.00026 1.00026 7.16252e-05 7.16252e-05 -3.51108e-245 -2.36828e-246 -0 -0 
-14.8427 0.333419 -2.39632e-05 -2.63996e-15 0.666581 -0.66658 -2.63996e-15 1.00026 1.00026 7.18895e-05 7.18895e-05 1.44431e-245 9.7421e-247 0 0 
-14.839 0.333419 -2.40515e-05 -2.66929e-15 0.666581 -0.66658 -2.66929e-15 1.00026 1.00026 7.21546e-05 7.21546e-05 9.3051e-245 6.27644e-246 0 0 
-14.8353 0.33342 -2.41403e-05 -2.69896e-15 0.66658 -0.66658 -2.69896e-15 1.00026 1.00026 7.24208e-05 7.24208e-05 1.65109e-244 1.11368e-245 0 0 
-14.8316 0.33342 -2.42293e-05 -2.72895e-15 0.66658 -0.666579 -2.72895e-15 1.00026 1.00026 7.26879e-05 7.26879e-05 1.91097e-244 1.28898e-245 0 0 
-14.8279 0.33342 -2.43187e-05 -2.75928e-15 0.66658 -0.666579 -2.75928e-15 1.00026 1.00026 7.29561e-05 7.29561e-05 1.31499e-244 8.86982e-246 0 0 
-14.8242 0.33342 -2.44084e-05 -2.78994e-15 0.66658 -0.666579 -2.78994e-15 1.00026 1.00026 7.32252e-05 7.32252e-05 -5.28765e-245 -3.56661e-246 -0 -0 
-14.8206 0.333421 -2.44984e-05 -2.82095e-15 0.666579 -0.666579 -2.82095e-15 1.00026 1.00026 7.34953e-05 7.34953e-05 -3.46047e-244 -2.33414e-245 -0 -0 
-14.8169 0.333421 -2.45888e-05 -2.8523e-15 0.666579 -0.666578 -2.8523e-15 1.00026 1.00026 7.37664e-05 7.37664e-05 -6.15361e-244 -4.15071e-245 -0 -0 
-14.8132 0.333421 -2.46795e-05 -2.88399e-15 0.666579 -0.666578 -2.88399e-15 1.00026 1.00026 7.40385e-05 7.40385e-05 -7.13335e-244 -4.81156e-245 -0 -0 
-14.8095 0.333422 -2.47705e-05 -2.91604e-15 0.666578 -0.666578 -2.91604e-15 1.00027 1.00027 7.43116e-05 7.43116e-05 -4.92484e-244 -3.32188e-245 -0 -0 
-14.8058 0.333422 -2.48619e-05 -2.94845e-15 0.666578 -0.666577 -2.94845e-15 1.00027 1.00027 7.45857e-05 7.45857e-05 1.93517e-244 1.3053e-245 0 0 
-14.8021 0.333422 -2.49536e-05 -2.98122e-15 0.666578 -0.666577 -2.98122e-15 1.00027 1.00027 7.48609e-05 7.48609e-05 1.28689e-243 8.68028e-245 0 0 
-14.7985 0.333423 -2.50457e-05 -3.01435e-15 0.666577 -0.666577 -3.01435e-15 1.00027 1.00027 7.5137e-05 7.5137e-05 2.29344e-243 1.54696e-244 0 0 
-14.7948 0.333423 -2.51381e-05 -3.04784e-15 0.666577 -0.666576 -3.04784e-15 1.00027 1.00027 7.54142e-05 7.54142e-05 2.66275e-243 1.79606e-244 0 0 
-14.7911 0.333423 -2.52308e-05 -3.08171e-15 0.666577 -0.666576 -3.08171e-15 1.00027 1.00027 7.56923e-05 7.56923e-05 1.84438e-243 1.24406e-244 0 0 
-14.7874 0.333424 -2.53238e-05 -3.11596e-15 0.666576 -0.666576 -3.11596e-15 1.00027 1.00027 7.59715e-05 7.59715e-05 -7.07984e-244 -4.77545e-245 -0 -0 
-14.7837 0.333424 -2.54173e-05 -3.15059e-15 0.666576 -0.666575 -3.15059e-15 1.00027 1.00027 7.62518e-05 7.62518e-05 -4.78569e-243 -3.22801e-244 -0 -0 
-14.78 0.333424 -2.5511e-05 -3.1856e-15 0.666576 -0.666575 -3.1856e-15 1.00027 1.00027 7.6533e-05 7.6533e-05 -8.54757e-243 -5.76546e-244 -0 -0 
-14.7763 0.333425 -2.56051e-05 -3.221e-15 0.666575 -0.666575 -3.221e-15 1.00027 1.00027 7.68153e-05 7.68153e-05 -9.93945e-243 -6.70429e-244 -0 -0 
-14.7727 0.333425 -2.56996e-05 -3.2568e-15 0.666575 -0.666574 -3.2568e-15 1.00028 1.00028 7.70987e-05 7.70987e-05 -6.90711e-243 -4.65894e-244 -0 -0 
-14.769 0.333425 -2.57944e-05 -3.29299e-15 0.666575 -0.666574 -3.29299e-15 1.00028 1.00028 7.73831e-05 7.73831e-05 2.58922e-243 1.74647e-244 0 0 
-14.7653 0.333426 -2.58895e-05 -3.32958e-15 0.666574 -0.666574 -3.32958e-15 1.00028 1.00028 7.76685e-05 7.76685e-05 1.77967e-242 1.20041e-243 0 0 
-14.7616 0.333426 -2.5985e-05 -3.36658e-15 0.666574 -0.666573 -3.36658e-15 1.00028 1.00028 7.7955e-05 7.7955e-05 3.18563e-242 2.14875e-243 0 0 
-14.7579 0.333426 -2.60808e-05 -3.404e-15 0.666574 -0.666573 -3.404e-15 1.00028 1.00028 7.82425e-05 7.82425e-05 3.71015e-242 2.50255e-243 0 0 
-14.7542 0.333427 -2.6177e-05 -3.44182e-15 0.666573 -0.666572 -3.44182e-15 1.00028 1.00028 7.85311e-05 7.85311e-05 2.58661e-242 1.7447e-243 0 0 
-14.7505 0.333427 -2.62736e-05 -3.48007e-15 0.666573 -0.666572 -3.48007e-15 1.00028 1.00028 7.88208e-05 7.88208e-05 -9.46567e-243 -6.38471e-244 -0 -0 
-14.7469 0.333427 -2.63705e-05 -3.51875e-15 0.666573 -0.666572 -3.51875e-15 1.00028 1.00028 7.91115e-05 7.91115e-05 -6.61805e-242 -4.46395e-243 -0 -0 
-14.7432 0.333428 -2.64678e-05 -3.55785e-15 0.666572 -0.666571 -3.55785e-15 1.00028 1.00028 7.94033e-05 7.94033e-05 -1.18726e-241 -8.00819e-243 -0 -0 
-14.7395 0.333428 -2.65654e-05 -3.59739e-15 0.666572 -0.666571 -3.59739e-15 1.00028 1.00028 7.96962e-05 7.96962e-05 -1.3849e-241 -9.34131e-243 -0 -0 
-14.7358 0.333429 -2.66634e-05 -3.63736e-15 0.666571 -0.666571 -3.63736e-15 1.00029 1.00029 7.99902e-05 7.99902e-05 -9.68621e-242 -6.53346e-243 -0 -0 
-14.7321 0.333429 -2.67617e-05 -3.67778e-15 0.666571 -0.66657 -3.67778e-15 1.00029 1.00029 8.02852e-05 8.02852e-05 3.4591e-242 2.3332e-243 0 0 
-14.7284 0.333429 -2.68605e-05 -3.71866e-15 0.666571 -0.66657 -3.71866e-15 1.00029 1.00029 8.05814e-05 8.05814e-05 2.46101e-241 1.65998e-242 0 0 
-14.7248 0.33343 -2.69595e-05 -3.75998e-15 0.66657 -0.66657 -3.75998e-15 1.00029 1.00029 8.08786e-05 8.08786e-05 4.42478e-241 2.98456e-242 0 0 
-14.7211 0.33343 -2.7059e-05 -3.80176e-15 0.66657 -0.666569 -3.80176e-15 1.00029 1.00029 8.11769e-05 8.11769e-05 5.16942e-241 3.48683e-242 0 0 
-14.7174 0.33343 -2.71588e-05 -3.84401e-15 0.66657 -0.666569 -3.84401e-15 1.00029 1.00029 8.14763e-05 8.14763e-05 3.62715e-241 2.44655e-242 0 0 
-14.7137 0.333431 -2.72589e-05 -3.88673e-15 0.666569 -0.666569 -3.88673e-15 1.00029 1.00029 8.17768e-05 8.17768e-05 -1.26356e-241 -8.52286e-243 -0 -0 
-14.71 0.333431 -2.73595e-05 -3.92992e-15 0.666569 -0.666568 -3.92992e-15 1.00029 1.00029 8.20785e-05 8.20785e-05 -9.15148e-241 -6.17277e-242 -0 -0 
-14.7063 0.333431 -2.74604e-05 -3.97359e-15 0.666569 -0.666568 -3.97359e-15 1.00029 1.00029 8.23812e-05 8.23812e-05 -1.64906e-240 -1.11231e-241 -0 -0 
-14.7026 0.333432 -2.75617e-05 -4.01775e-15 0.666568 -0.666568 -4.01775e-15 1.0003 1.0003 8.2685e-05 8.2685e-05 -1.92958e-240 -1.30152e-241 -0 -0 
-14.699 0.333432 -2.76633e-05 -4.0624e-15 0.666568 -0.666567 -4.0624e-15 1.0003 1.0003 8.299e-05 8.299e-05 -1.35821e-240 -9.16123e-242 -0 -0 
-14.6953 0.333432 -2.77654e-05 -4.10754e-15 0.666568 -0.666567 -4.10754e-15 1.0003 1.0003 8.32961e-05 8.32961e-05 4.61366e-241 3.11196e-242 0 0 
-14.6916 0.333433 -2.78678e-05 -4.15319e-15 0.666567 -0.666566 -4.15319e-15 1.0003 1.0003 8.36033e-05 8.36033e-05 3.40301e-240 2.29536e-241 0 0 
-14.6879 0.333433 -2.79706e-05 -4.19934e-15 0.666567 -0.666566 -4.19934e-15 1.0003 1.0003 8.39117e-05 8.39117e-05 6.14578e-240 4.14538e-241 0 0 
-14.6842 0.333434 -2.80737e-05 -4.246e-15 0.666566 -0.666566 -4.246e-15 1.0003 1.0003 8.42212e-05 8.42212e-05 7.20243e-240 4.85811e-241 0 0 
-14.6805 0.333434 -2.81773e-05 -4.29319e-15 0.666566 -0.666565 -4.29319e-15 1.0003 1.0003 8.45318e-05 8.45318e-05 5.08574e-240 3.43038e-241 0 0 
-14.6768 0.333434 -2.82812e-05 -4.3409e-15 0.666566 -0.666565 -4.3409e-15 1.0003 1.0003 8.48436e-05 8.48436e-05 -1.68384e-240 -1.13577e-241 -0 -0 
-14.6732 0.333435 -2.83855e-05 -4.38914e-15 0.666565 -0.666565 -4.38914e-15 1.0003 1.0003 8.51565e-05 8.51565e-05 -1.2654e-239 -8.53524e-241 -0 -0 
-14.6695 0.333435 -2.84902e-05 -4.43791e-15 0.666565 -0.666564 -4.43791e-15 1.00031 1.00031 8.54706e-05 8.54706e-05 -2.29042e-239 -1.54491e-240 -0 -0 
-14.6658 0.333435 -2.85953e-05 -4.48723e-15 0.666565 -0.666564 -4.48723e-15 1.00031 1.00031 8.57859e-05 8.57859e-05 -2.6884e-239 -1.81335e-240 -0 -0 
-14.6621 0.333436 -2.87008e-05 -4.53709e-15 0.666564 -0.666563 -4.53709e-15 1.00031 1.00031 8.61023e-05 8.61023e-05 -1.90429e-239 -1.28446e-240 -0 -0 
-14.6584 0.333436 -2.88066e-05 -4.58751e-15 0.666564 -0.666563 -4.58751e-15 1.00031 1.00031 8.64198e-05 8.64198e-05 6.14267e-240 4.14328e-241 0 0 
-14.6547 0.333437 -2.89129e-05 -4.63849e-15 0.666563 -0.666563 -4.63849e-15 1.00031 1.00031 8.67386e-05 8.67386e-05 4.7053e-239 3.17376e-240 0 0 
-14.6511 0.333437 -2.90195e-05 -4.69003e-15 0.666563 -0.666562 -4.69003e-15 1.00031 1.00031 8.70585e-05 8.70585e-05 8.53593e-239 5.75755e-240 0 0 
-14.6474 0.333437 -2.91265e-05 -4.74215e-15 0.666563 -0.666562 -4.74215e-15 1.00031 1.00031 8.73796e-05 8.73796e-05 1.00347e-238 6.76848e-240 0 0 
-14.6437 0.333438 -2.92339e-05 -4.79485e-15 0.666562 -0.666561 -4.79485e-15 1.00031 1.00031 8.77018e-05 8.77018e-05 7.13015e-239 4.80934e-240 0 0 
-14.64 0.333438 -2.93418e-05 -4.84813e-15 0.666562 -0.666561 -4.84813e-15 1.00031 1.00031 8.80253e-05 8.80253e-05 -2.23977e-239 -1.51074e-240 -0 -0 
-14.6363 0.333438 -2.945e-05 -4.902e-15 0.666562 -0.666561 -4.902e-15 1.00032 1.00032 8.83499e-05 8.83499e-05 -1.74961e-238 -1.18012e-239 -0 -0 
-14.6326 0.333439 -2.95586e-05 -4.95648e-15 0.666561 -0.66656 -4.95648e-15 1.00032 1.00032 8.86758e-05 8.86758e-05 -3.18115e-238 -2.14571e-239 -0 -0 
-14.6289 0.333439 -2.96676e-05 -5.01156e-15 0.666561 -0.66656 -5.01156e-15 1.00032 1.00032 8.90028e-05 8.90028e-05 -3.74552e-238 -2.52638e-239 -0 -0 
-14.6253 0.33344 -2.9777e-05 -5.06725e-15 0.66656 -0.66656 -5.06725e-15 1.00032 1.00032 8.93311e-05 8.93311e-05 -2.66965e-238 -1.8007e-239 -0 -0 
-14.6216 0.33344 -2.98869e-05 -5.12355e-15 0.66656 -0.666559 -5.12355e-15 1.00032 1.00032 8.96606e-05 8.96606e-05 8.16264e-239 5.50575e-240 0 0 
-14.6179 0.33344 -2.99971e-05 -5.18049e-15 0.66656 -0.666559 -5.18049e-15 1.00032 1.00032 8.99912e-05 8.99912e-05 6.5056e-238 4.38807e-239 0 0 
-14.6142 0.333441 -3.01077e-05 -5.23806e-15 0.666559 -0.666558 -5.23806e-15 1.00032 1.00032 9.03231e-05 9.03231e-05 1.18553e-237 7.99649e-239 0 0 
-14.6105 0.333441 -3.02188e-05 -5.29626e-15 0.666559 -0.666558 -5.29626e-15 1.00032 1.00032 9.06563e-05 9.06563e-05 1.39803e-237 9.4298e-239 0 0 
-14.6068 0.333442 -3.03302e-05 -5.35512e-15 0.666558 -0.666558 -5.35512e-15 1.00032 1.00032 9.09906e-05 9.09906e-05 9.99539e-238 6.74194e-239 0 0 
-14.6032 0.333442 -3.04421e-05 -5.41463e-15 0.666558 -0.666557 -5.41463e-15 1.00033 1.00033 9.13262e-05 9.13262e-05 -2.97323e-238 -2.00546e-239 -0 -0 
-14.5995 0.333442 -3.05543e-05 -5.47479e-15 0.666558 -0.666557 -5.47479e-15 1.00033 1.00033 9.1663e-05 9.1663e-05 -2.41896e-237 -1.6316e-238 -0 -0 
-14.5958 0.333443 -3.0667e-05 -5.53563e-15 0.666557 -0.666556 -5.53563e-15 1.00033 1.00033 9.20011e-05 9.20011e-05 -4.41816e-237 -2.98007e-238 -0 -0 
-14.5921 0.333443 -3.07801e-05 -5.59714e-15 0.666557 -0.666556 -5.59714e-15 1.00033 1.00033 9.23404e-05 9.23404e-05 -5.21818e-237 -3.51969e-238 -0 -0 
-14.5884 0.333444 -3.08936e-05 -5.65934e-15 0.666556 -0.666556 -5.65934e-15 1.00033 1.00033 9.26809e-05 9.26809e-05 -3.74226e-237 -2.52417e-238 -0 -0 
-14.5847 0.333444 -3.10076e-05 -5.72223e-15 0.666556 -0.666555 -5.72223e-15 1.00033 1.00033 9.30227e-05 9.30227e-05 1.0824e-237 7.30082e-239 0 0 
-14.581 0.333444 -3.11219e-05 -5.78582e-15 0.666556 -0.666555 -5.78582e-15 1.00033 1.00033 9.33658e-05 9.33658e-05 8.9942e-237 6.06662e-238 0 0 
-14.5774 0.333445 -3.12367e-05 -5.85011e-15 0.666555 -0.666554 -5.85011e-15 1.00033 1.00033 9.37101e-05 9.37101e-05 1.64652e-236 1.11058e-237 0 0 
-14.5737 0.333445 -3.13519e-05 -5.91512e-15 0.666555 -0.666554 -5.91512e-15 1.00034 1.00034 9.40557e-05 9.40557e-05 1.94768e-236 1.31372e-237 0 0 
-14.57 0.333446 -3.14675e-05 -5.98085e-15 0.666554 -0.666553 -5.98085e-15 1.00034 1.00034 9.44026e-05 9.44026e-05 1.40106e-236 9.4502e-238 0 0 
-14.5663 0.333446 -3.15836e-05 -6.04731e-15 0.666554 -0.666553 -6.04731e-15 1.00034 1.00034 9.47507e-05 9.47507e-05 -3.93817e-237 -2.65631e-238 -0 -0 
-14.5626 0.333446 -3.17001e-05 -6.11451e-15 0.666554 -0.666553 -6.11451e-15 1.00034 1.00034 9.51002e-05 9.51002e-05 -3.34418e-236 -2.25566e-237 -0 -0 
-14.5589 0.333447 -3.1817e-05 -6.18245e-15 0.666553 -0.666552 -6.18245e-15 1.00034 1.00034 9.54509e-05 9.54509e-05 -6.13604e-236 -4.13877e-237 -0 -0 
-14.5552 0.333447 -3.19343e-05 -6.25115e-15 0.666553 -0.666552 -6.25115e-15 1.00034 1.00034 9.58029e-05 9.58029e-05 -7.26966e-236 -4.9034e-237 -0 -0 
-14.5516 0.333448 -3.20521e-05 -6.32061e-15 0.666552 -0.666551 -6.32061e-15 1.00034 1.00034 9.61562e-05 9.61562e-05 -5.2453e-236 -3.53797e-237 -0 -0 
-14.5479 0.333448 -3.21703e-05 -6.39085e-15 0.666552 -0.666551 -6.39085e-15 1.00034 1.00034 9.65108e-05 9.65108e-05 1.43198e-236 9.65875e-238 0 0 
-14.5442 0.333449 -3.22889e-05 -6.46187e-15 0.666551 -0.666551 -6.46187e-15 1.00035 1.00035 9.68667e-05 9.68667e-05 1.2434e-235 8.38676e-237 0 0 
-14.5405 0.333449 -3.2408e-05 -6.53367e-15 0.666551 -0.66655 -6.53367e-15 1.00035 1.00035 9.72239e-05 9.72239e-05 2.28669e-235 1.54237e-236 0 0 
-14.5368 0.333449 -3.25275e-05 -6.60627e-15 0.666551 -0.66655 -6.60627e-15 1.00035 1.00035 9.75825e-05 9.75825e-05 2.71336e-235 1.83016e-236 0 0 
-14.5331 0.33345 -3.26474e-05 -6.67968e-15 0.66655 -0.666549 -6.67968e-15 1.00035 1.00035 9.79423e-05 9.79423e-05 1.96369e-235 1.32451e-236 0 0 
-14.5295 0.33345 -3.27678e-05 -6.75391e-15 0.66655 -0.666549 -6.75391e-15 1.00035 1.00035 9.83035e-05 9.83035e-05 -5.20361e-236 -3.50984e-237 -0 -0 
-14.5258 0.333451 -3.28887e-05 -6.82896e-15 0.666549 -0.666548 -6.82896e-15 1.00035 1.00035 9.86661e-05 9.86661e-05 -4.62303e-235 -3.11823e-236 -0 -0 
-14.5221 0.333451 -3.301e-05 -6.90484e-15 0.666549 -0.666548 -6.90484e-15 1.00035 1.00035 9.90299e-05 9.90299e-05 -8.52165e-235 -5.74785e-236 -0 -0 
-14.5184 0.333452 -3.31317e-05 -6.98157e-15 0.666548 -0.666547 -6.98157e-15 1.00035 1.00035 9.93951e-05 9.93951e-05 -1.01274e-234 -6.8309e-236 -0 -0 
-14.5147 0.333452 -3.32539e-05 -7.05914e-15 0.666548 -0.666547 -7.05914e-15 1.00036 1.00036 9.97617e-05 9.97616e-05 -7.35132e-235 -4.95846e-236 -0 -0 
-14.511 0.333452 -3.33765e-05 -7.13759e-15 0.666548 -0.666547 -7.13759e-15 1.00036 1.00036 0.00010013 0.00010013 1.88964e-235 1.27456e-236 0 0 
-14.5073 0.333453 -3.34996e-05 -7.2169e-15 0.666547 -0.666546 -7.2169e-15 1.00036 1.00036 0.000100499 0.000100499 1.71884e-234 1.15936e-235 0 0 
-14.5037 0.333453 -3.36231e-05 -7.29709e-15 0.666547 -0.666546 -7.29709e-15 1.00036 1.00036 0.000100869 0.000100869 3.17568e-234 2.14199e-235 0 0 
-14.5 0.333454 -3.37471e-05 -7.37818e-15 0.666546 -0.666545 -7.37818e-15 1.00036 1.00036 0.000101241 0.000101241 3.77993e-234 2.54955e-235 0 0 
-14.4963 0.333454 -3.38716e-05 -7.46016e-15 0.666546 -0.666545 -7.46016e-15 1.00036 1.00036 0.000101615 0.000101615 2.75199e-234 1.85622e-235 0 0 
-14.4926 0.333455 -3.39965e-05 -7.54306e-15 0.666545 -0.666544 -7.54306e-15 1.00036 1.00036 0.000101989 0.000101989 -6.85722e-235 -4.62518e-236 -0 -0 
-14.4889 0.333455 -3.41218e-05 -7.62688e-15 0.666545 -0.666544 -7.62688e-15 1.00037 1.00037 0.000102366 0.000102366 -6.39054e-234 -4.3104e-235 -0 -0 
-14.4852 0.333456 -3.42477e-05 -7.71162e-15 0.666544 -0.666543 -7.71162e-15 1.00037 1.00037 0.000102743 0.000102743 -1.18344e-233 -7.9823e-235 -0 -0 
-14.4816 0.333456 -3.4374e-05 -7.79731e-15 0.666544 -0.666543 -7.79731e-15 1.00037 1.00037 0.000103122 0.000103122 -1.4108e-233 -9.51584e-235 -0 -0 
-14.4779 0.333456 -3.45007e-05 -7.88396e-15 0.666544 -0.666543 -7.88396e-15 1.00037 1.00037 0.000103502 0.000103502 -1.03019e-233 -6.94864e-235 -0 -0 
-14.4742 0.333457 -3.46279e-05 -7.97156e-15 0.666543 -0.666542 -7.97156e-15 1.00037 1.00037 0.000103884 0.000103884 2.48652e-234 1.67715e-235 0 0 
-14.4705 0.333457 -3.47556e-05 -8.06014e-15 0.666543 -0.666542 -8.06014e-15 1.00037 1.00037 0.000104267 0.000104267 2.37592e-233 1.60255e-234 0 0 
-14.4668 0.333458 -3.48838e-05 -8.1497e-15 0.666542 -0.666541 -8.1497e-15 1.00037 1.00037 0.000104651 0.000104651 4.41017e-233 2.97465e-234 0 0 
-14.4631 0.333458 -3.50124e-05 -8.24026e-15 0.666542 -0.666541 -8.24026e-15 1.00037 1.00037 0.000105037 0.000105037 5.2656e-233 3.55163e-234 0 0 
-14.4594 0.333459 -3.51415e-05 -8.33182e-15 0.666541 -0.66654 -8.33182e-15 1.00038 1.00038 0.000105425 0.000105425 3.85639e-233 2.60112e-234 0 0 
-14.4558 0.333459 -3.52711e-05 -8.4244e-15 0.666541 -0.66654 -8.4244e-15 1.00038 1.00038 0.000105813 0.000105813 -9.00938e-234 -6.07679e-235 -0 -0 
-14.4521 0.33346 -3.54012e-05 -8.51801e-15 0.66654 -0.666539 -8.51801e-15 1.00038 1.00038 0.000106204 0.000106204 -8.83327e-233 -5.958e-234 -0 -0 
-14.4484 0.33346 -3.55317e-05 -8.61266e-15 0.66654 -0.666539 -8.61266e-15 1.00038 1.00038 0.000106595 0.000106595 -1.64347e-232 -1.10851e-233 -0 -0 
-14.4447 0.333461 -3.56627e-05 -8.70836e-15 0.666539 -0.666538 -8.70836e-15 1.00038 1.00038 0.000106988 0.000106988 -1.96528e-232 -1.32557e-233 -0 -0 
-14.441 0.333461 -3.57942e-05 -8.80513e-15 0.666539 -0.666538 -8.80513e-15 1.00038 1.00038 0.000107383 0.000107383 -1.44355e-232 -9.73669e-234 -0 -0 
-14.4373 0.333462 -3.59262e-05 -8.90297e-15 0.666538 -0.666537 -8.90297e-15 1.00038 1.00038 0.000107779 0.000107779 3.26163e-233 2.19995e-234 0 0 
-14.4336 0.333462 -3.60587e-05 -9.0019e-15 0.666538 -0.666537 -9.0019e-15 1.00039 1.00039 0.000108176 0.000108176 3.28401e-232 2.21504e-233 0 0 
-14.43 0.333462 -3.61917e-05 -9.10192e-15 0.666538 -0.666536 -9.10192e-15 1.00039 1.00039 0.000108575 0.000108575 6.12439e-232 4.13087e-233 0 0 
-14.4263 0.333463 -3.63251e-05 -9.20306e-15 0.666537 -0.666536 -9.20306e-15 1.00039 1.00039 0.000108975 0.000108975 7.335e-232 4.94741e-233 0 0 
-14.4226 0.333463 -3.64591e-05 -9.30532e-15 0.666537 -0.666536 -9.30532e-15 1.00039 1.00039 0.000109377 0.000109377 5.4035e-232 3.64462e-233 0 0 
-14.4189 0.333464 -3.65935e-05 -9.40872e-15 0.666536 -0.666535 -9.40872e-15 1.00039 1.00039 0.00010978 0.00010978 -1.17976e-232 -7.95738e-234 -0 -0 
-14.4152 0.333464 -3.67284e-05 -9.51326e-15 0.666536 -0.666535 -9.51326e-15 1.00039 1.00039 0.000110185 0.000110185 -1.2209e-231 -8.23488e-233 -0 -0 
-14.4115 0.333465 -3.68639e-05 -9.61897e-15 0.666535 -0.666534 -9.61897e-15 1.00039 1.00039 0.000110592 0.000110592 -2.28225e-231 -1.53936e-232 -0 -0 
-14.4079 0.333465 -3.69998e-05 -9.72585e-15 0.666535 -0.666534 -9.72585e-15 1.0004 1.0004 0.000110999 0.000110999 -2.73761e-231 -1.8465e-232 -0 -0 
-14.4042 0.333466 -3.71362e-05 -9.83392e-15 0.666534 -0.666533 -9.83392e-15 1.0004 1.0004 0.000111409 0.000111409 -2.02259e-231 -1.36422e-232 -0 -0 
-14.4005 0.333466 -3.72731e-05 -9.94319e-15 0.666534 -0.666533 -9.94319e-15 1.0004 1.0004 0.000111819 0.000111819 4.26326e-232 2.87554e-233 0 0 
-14.3968 0.333467 -3.74106e-05 -1.00537e-14 0.666533 -0.666532 -1.00537e-14 1.0004 1.0004 0.000112232 0.000112232 4.53888e-231 3.06144e-232 0 0 
-14.3931 0.333467 -3.75485e-05 -1.01654e-14 0.666533 -0.666532 -1.01654e-14 1.0004 1.0004 0.000112646 0.000112646 8.5047e-231 5.73635e-232 0 0 
-14.3894 0.333468 -3.7687e-05 -1.02783e-14 0.666532 -0.666531 -1.02783e-14 1.0004 1.0004 0.000113061 0.000113061 1.02174e-230 6.89155e-232 0 0 
-14.3857 0.333468 -3.78259e-05 -1.03925e-14 0.666532 -0.666531 -1.03925e-14 1.0004 1.0004 0.000113478 0.000113478 7.57058e-231 5.10629e-232 0 0 
-14.3821 0.333469 -3.79654e-05 -1.0508e-14 0.666531 -0.66653 -1.0508e-14 1.00041 1.00041 0.000113896 0.000113896 -1.53907e-231 -1.03809e-232 -0 -0 
-14.3784 0.333469 -3.81054e-05 -1.06248e-14 0.666531 -0.66653 -1.06248e-14 1.00041 1.00041 0.000114316 0.000114316 -1.68737e-230 -1.13812e-231 -0 -0 
-14.3747 0.33347 -3.82459e-05 -1.07428e-14 0.66653 -0.666529 -1.07428e-14 1.00041 1.00041 0.000114738 0.000114738 -3.16922e-230 -2.13761e-231 -0 -0 
-14.371 0.33347 -3.83869e-05 -1.08622e-14 0.66653 -0.666529 -1.08622e-14 1.00041 1.00041 0.000115161 0.000115161 -3.81335e-230 -2.57206e-231 -0 -0 
-14.3673 0.333471 -3.85284e-05 -1.09829e-14 0.666529 -0.666528 -1.09829e-14 1.00041 1.00041 0.000115585 0.000115585 -2.83362e-230 -1.91125e-231 -0 -0 
-14.3636 0.333471 -3.86705e-05 -1.11049e-14 0.666529 -0.666528 -1.11049e-14 1.00041 1.00041 0.000116011 0.000116011 5.55027e-231 3.7436e-232 0 0 
-14.36 0.333472 -3.88131e-05 -1.12283e-14 0.666528 -0.666527 -1.12283e-14 1.00042 1.00042 0.000116439 0.000116439 6.27287e-230 4.23098e-231 0 0 
-14.3563 0.333472 -3.89562e-05 -1.13531e-14 0.666528 -0.666527 -1.13531e-14 1.00042 1.00042 0.000116869 0.000116869 1.18098e-229 7.96561e-231 0 0 
-14.3526 0.333473 -3.90998e-05 -1.14792e-14 0.666527 -0.666526 -1.14792e-14 1.00042 1.00042 0.000117299 0.000117299 1.42321e-229 9.5994e-231 0 0 
-14.3489 0.333473 -3.9244e-05 -1.16068e-14 0.666527 -0.666526 -1.16068e-14 1.00042 1.00042 0.000117732 0.000117732 1.06058e-229 7.15351e-231 0 0 
-14.3452 0.333474 -3.93887e-05 -1.17357e-14 0.666526 -0.666525 -1.17357e-14 1.00042 1.00042 0.000118166 0.000118166 -1.99929e-230 -1.3485e-231 -0 -0 
-14.3415 0.333474 -3.95339e-05 -1.18661e-14 0.666526 -0.666524 -1.18661e-14 1.00042 1.00042 0.000118602 0.000118602 -2.33193e-229 -1.57286e-230 -0 -0 
-14.3378 0.333475 -3.96796e-05 -1.1998e-14 0.666525 -0.666524 -1.1998e-14 1.00042 1.00042 0.000119039 0.000119039 -4.40081e-229 -2.96829e-230 -0 -0 
-14.3342 0.333475 -3.98259e-05 -1.21313e-14 0.666525 -0.666523 -1.21313e-14 1.00043 1.00043 0.000119478 0.000119478 -5.31165e-229 -3.58264e-230 -0 -0 
-14.3305 0.333476 -3.99728e-05 -1.22661e-14 0.666524 -0.666523 -1.22661e-14 1.00043 1.00043 0.000119918 0.000119918 -3.96952e-229 -2.67739e-230 -0 -0 
-14.3268 0.333477 -4.01202e-05 -1.24024e-14 0.666524 -0.666522 -1.24024e-14 1.00043 1.00043 0.00012036 0.00012036 7.19299e-230 4.85158e-231 0 0 
-14.3231 0.333477 -4.02681e-05 -1.25402e-14 0.666523 -0.666522 -1.25402e-14 1.00043 1.00043 0.000120804 0.000120804 8.66875e-229 5.84695e-230 0 0 
-14.3194 0.333478 -4.04165e-05 -1.26795e-14 0.666522 -0.666521 -1.26795e-14 1.00043 1.00043 0.00012125 0.00012125 1.6399e-228 1.10609e-229 0 0 
-14.3157 0.333478 -4.05655e-05 -1.28204e-14 0.666522 -0.666521 -1.28204e-14 1.00043 1.00043 0.000121697 0.000121697 1.98238e-228 1.33708e-229 0 0 
-14.312 0.333479 -4.07151e-05 -1.29628e-14 0.666521 -0.66652 -1.29628e-14 1.00044 1.00044 0.000122145 0.000122145 1.48567e-228 1.00206e-229 0 0 
-14.3084 0.333479 -4.08652e-05 -1.31069e-14 0.666521 -0.66652 -1.31069e-14 1.00044 1.00044 0.000122596 0.000122596 -2.5845e-229 -1.74321e-230 -0 -0 
-14.3047 0.33348 -4.10159e-05 -1.32525e-14 0.66652 -0.666519 -1.32525e-14 1.00044 1.00044 0.000123048 0.000123048 -3.22249e-228 -2.17352e-229 -0 -0 
-14.301 0.33348 -4.11671e-05 -1.33998e-14 0.66652 -0.666519 -1.33998e-14 1.00044 1.00044 0.000123501 0.000123501 -6.11083e-228 -4.12166e-229 -0 -0 
-14.2973 0.333481 -4.13189e-05 -1.35486e-14 0.666519 -0.666518 -1.35486e-14 1.00044 1.00044 0.000123957 0.000123957 -7.39844e-228 -4.99013e-229 -0 -0 
-14.2936 0.333481 -4.14712e-05 -1.36992e-14 0.666519 -0.666518 -1.36992e-14 1.00044 1.00044 0.000124414 0.000124414 -5.56029e-228 -3.75033e-229 -0 -0 
-14.2899 0.333482 -4.16241e-05 -1.38514e-14 0.666518 -0.666517 -1.38514e-14 1.00045 1.00045 0.000124872 0.000124872 9.27332e-229 6.25471e-230 0 0 
-14.2863 0.333482 -4.17775e-05 -1.40053e-14 0.666518 -0.666516 -1.40053e-14 1.00045 1.00045 0.000125333 0.000125333 1.1979e-227 8.07961e-229 0 0 
-14.2826 0.333483 -4.19316e-05 -1.41609e-14 0.666517 -0.666516 -1.41609e-14 1.00045 1.00045 0.000125795 0.000125795 2.27709e-227 1.53586e-228 0 0 
-14.2789 0.333484 -4.20862e-05 -1.43182e-14 0.666516 -0.666515 -1.43182e-14 1.00045 1.00045 0.000126258 0.000126258 2.76116e-227 1.86235e-228 0 0 
-14.2752 0.333484 -4.22413e-05 -1.44773e-14 0.666516 -0.666515 -1.44773e-14 1.00045 1.00045 0.000126724 0.000126724 2.08096e-227 1.40357e-228 0 0 
-14.2715 0.333485 -4.2397e-05 -1.46382e-14 0.666515 -0.666514 -1.46382e-14 1.00045 1.00045 0.000127191 0.000127191 -3.32228e-228 -2.24082e-229 -0 -0 
-14.2678 0.333485 -4.25533e-05 -1.48008e-14 0.666515 -0.666514 -1.48008e-14 1.00046 1.00046 0.00012766 0.00012766 -4.45287e-227 -3.00338e-228 -0 -0 
-14.2641 0.333486 -4.27102e-05 -1.49653e-14 0.666514 -0.666513 -1.49653e-14 1.00046 1.00046 0.000128131 0.000128131 -8.48509e-227 -5.72304e-228 -0 -0 
-14.2605 0.333486 -4.28677e-05 -1.51316e-14 0.666514 -0.666512 -1.51316e-14 1.00046 1.00046 0.000128603 0.000128603 -1.03048e-226 -6.95039e-228 -0 -0 
-14.2568 0.333487 -4.30257e-05 -1.52997e-14 0.666513 -0.666512 -1.52997e-14 1.00046 1.00046 0.000129077 0.000129077 -7.78788e-227 -5.25278e-228 -0 -0 
-14.2531 0.333487 -4.31843e-05 -1.54697e-14 0.666513 -0.666511 -1.54697e-14 1.00046 1.00046 0.000129553 0.000129553 1.1883e-227 8.01483e-229 0 0 
-14.2494 0.333488 -4.33435e-05 -1.56416e-14 0.666512 -0.666511 -1.56416e-14 1.00046 1.00046 0.000130031 0.000130031 1.65521e-226 1.11641e-227 0 0 
-14.2457 0.333489 -4.35033e-05 -1.58153e-14 0.666511 -0.66651 -1.58153e-14 1.00047 1.00047 0.00013051 0.00013051 3.16177e-226 2.13255e-227 0 0 
-14.242 0.333489 -4.36637e-05 -1.59911e-14 0.666511 -0.66651 -1.59911e-14 1.00047 1.00047 0.000130991 0.000130991 3.84578e-226 2.5939e-227 0 0 
-14.2383 0.33349 -4.38246e-05 -1.61687e-14 0.66651 -0.666509 -1.61687e-14 1.00047 1.00047 0.000131474 0.000131474 2.91452e-226 1.96578e-227 0 0 
-14.2347 0.33349 -4.39862e-05 -1.63484e-14 0.66651 -0.666508 -1.63484e-14 1.00047 1.00047 0.000131959 0.000131959 -4.24268e-227 -2.8616e-228 -0 -0 
-14.231 0.333491 -4.41484e-05 -1.653e-14 0.666509 -0.666508 -1.653e-14 1.00047 1.00047 0.000132445 0.000132445 -6.15263e-226 -4.14982e-227 -0 -0 
-14.2273 0.333491 -4.43111e-05 -1.67137e-14 0.666509 -0.666507 -1.67137e-14 1.00047 1.00047 0.000132933 0.000132933 -1.17815e-225 -7.94639e-227 -0 -0 
-14.2236 0.333492 -4.44745e-05 -1.68994e-14 0.666508 -0.666507 -1.68994e-14 1.00048 1.00048 0.000133423 0.000133423 -1.43525e-225 -9.68043e-227 -0 -0 
-14.2199 0.333493 -4.46384e-05 -1.70871e-14 0.666507 -0.666506 -1.70871e-14 1.00048 1.00048 0.000133915 0.000133915 -1.0907e-225 -7.35652e-227 -0 -0 
-14.2162 0.333493 -4.4803e-05 -1.7277e-14 0.666507 -0.666506 -1.7277e-14 1.00048 1.00048 0.000134409 0.000134409 1.51187e-226 1.01972e-227 0 0 
-14.2126 0.333494 -4.49681e-05 -1.7469e-14 0.666506 -0.666505 -1.7469e-14 1.00048 1.00048 0.000134904 0.000134904 2.28697e-225 1.54251e-226 0 0 
-14.2089 0.333494 -4.51339e-05 -1.7663e-14 0.666506 -0.666504 -1.7663e-14 1.00048 1.00048 0.000135402 0.000135402 4.39005e-225 2.96099e-226 0 0 
-14.2052 0.333495 -4.53003e-05 -1.78593e-14 0.666505 -0.666504 -1.78593e-14 1.00048 1.00048 0.000135901 0.000135901 5.35631e-225 3.61271e-226 0 0 
-14.2015 0.333496 -4.54672e-05 -1.80577e-14 0.666504 -0.666503 -1.80577e-14 1.00049 1.00049 0.000136402 0.000136402 4.08163e-225 2.75297e-226 0 0 
-14.1978 0.333496 -4.56348e-05 -1.82583e-14 0.666504 -0.666503 -1.82583e-14 1.00049 1.00049 0.000136905 0.000136905 -5.3761e-226 -3.62605e-227 -0 -0 
-14.1941 0.333497 -4.58031e-05 -1.84612e-14 0.666503 -0.666502 -1.84612e-14 1.00049 1.00049 0.000137409 0.000137409 -8.50066e-225 -5.7335e-226 -0 -0 
-14.1904 0.333497 -4.59719e-05 -1.86663e-14 0.666503 -0.666501 -1.86663e-14 1.00049 1.00049 0.000137916 0.000137916 -1.63582e-224 -1.10332e-225 -0 -0 
-14.1868 0.333498 -4.61414e-05 -1.88737e-14 0.666502 -0.666501 -1.88737e-14 1.00049 1.00049 0.000138424 0.000138424 -1.99895e-224 -1.34824e-225 -0 -0 
-14.1831 0.333499 -4.63115e-05 -1.90834e-14 0.666501 -0.6665 -1.90834e-14 1.0005 1.0005 0.000138934 0.000138934 -1.52741e-224 -1.0302e-225 -0 -0 
-14.1794 0.333499 -4.64822e-05 -1.92954e-14 0.666501 -0.6665 -1.92954e-14 1.0005 1.0005 0.000139446 0.000139446 1.90725e-225 1.28639e-226 0 0 
-14.1757 0.3335 -4.66535e-05 -1.95098e-14 0.6665 -0.666499 -1.95098e-14 1.0005 1.0005 0.000139961 0.000139961 3.15964e-224 2.1311e-225 0 0 
-14.172 0.3335 -4.68255e-05 -1.97266e-14 0.6665 -0.666498 -1.97266e-14 1.0005 1.0005 0.000140476 0.000140476 6.09533e-224 4.11114e-225 0 0 
-14.1683 0.333501 -4.69981e-05 -1.99457e-14 0.666499 -0.666498 -1.99457e-14 1.0005 1.0005 0.000140994 0.000140994 7.45995e-224 5.03154e-225 0 0 
-14.1647 0.333502 -4.71713e-05 -2.01673e-14 0.666498 -0.666497 -2.01673e-14 1.0005 1.0005 0.000141514 0.000141514 5.71565e-224 3.85506e-225 0 0 
-14.161 0.333502 -4.73452e-05 -2.03914e-14 0.666498 -0.666496 -2.03914e-14 1.00051 1.00051 0.000142036 0.000142036 -6.74887e-225 -4.55193e-226 -0 -0 
-14.1573 0.333503 -4.75197e-05 -2.0618e-14 0.666497 -0.666496 -2.0618e-14 1.00051 1.00051 0.000142559 0.000142559 -1.1744e-223 -7.92101e-225 -0 -0 
-14.1536 0.333504 -4.76949e-05 -2.0847e-14 0.666497 -0.666495 -2.0847e-14 1.00051 1.00051 0.000143085 0.000143085 -2.27121e-223 -1.53187e-224 -0 -0 
-14.1499 0.333504 -4.78707e-05 -2.10786e-14 0.666496 -0.666495 -2.10786e-14 1.00051 1.00051 0.000143612 0.000143612 -2.78398e-223 -1.87772e-224 -0 -0 
-14.1462 0.333505 -4.80471e-05 -2.13128e-14 0.666495 -0.666494 -2.13128e-14 1.00051 1.00051 0.000144141 0.000144141 -2.13879e-223 -1.44256e-224 -0 -0 
-14.1425 0.333505 -4.82242e-05 -2.15496e-14 0.666495 -0.666493 -2.15496e-14 1.00052 1.00052 0.000144673 0.000144673 2.38131e-224 1.60612e-225 0 0 
-14.1389 0.333506 -4.8402e-05 -2.1789e-14 0.666494 -0.666493 -2.1789e-14 1.00052 1.00052 0.000145206 0.000145206 4.36503e-223 2.94409e-224 0 0 
-14.1352 0.333507 -4.85804e-05 -2.20311e-14 0.666493 -0.666492 -2.20311e-14 1.00052 1.00052 0.000145741 0.000145741 8.46279e-223 5.70791e-224 0 0 
-14.1315 0.333507 -4.87594e-05 -2.22759e-14 0.666493 -0.666491 -2.22759e-14 1.00052 1.00052 0.000146278 0.000146278 1.03895e-222 7.00741e-224 0 0 
-14.1278 0.333508 -4.89392e-05 -2.25234e-14 0.666492 -0.666491 -2.25234e-14 1.00052 1.00052 0.000146817 0.000146817 8.00318e-223 5.39791e-224 0 0 
-14.1241 0.333509 -4.91195e-05 -2.27736e-14 0.666491 -0.66649 -2.27736e-14 1.00053 1.00053 0.000147359 0.000147359 -8.37562e-224 -5.6491e-225 -0 -0 
-14.1204 0.333509 -4.93006e-05 -2.30266e-14 0.666491 -0.666489 -2.30266e-14 1.00053 1.00053 0.000147902 0.000147902 -1.62237e-222 -1.09424e-223 -0 -0 
-14.1167 0.33351 -4.94823e-05 -2.32824e-14 0.66649 -0.666489 -2.32824e-14 1.00053 1.00053 0.000148447 0.000148447 -3.15332e-222 -2.12681e-223 -0 -0 
-14.1131 0.333511 -4.96647e-05 -2.35411e-14 0.666489 -0.666488 -2.35411e-14 1.00053 1.00053 0.000148994 0.000148994 -3.87721e-222 -2.61506e-223 -0 -0 
-14.1094 0.333511 -4.98477e-05 -2.38027e-14 0.666489 -0.666487 -2.38027e-14 1.00053 1.00053 0.000149543 0.000149543 -2.99466e-222 -2.01981e-223 -0 -0 
-14.1057 0.333512 -5.00314e-05 -2.40671e-14 0.666488 -0.666487 -2.40671e-14 1.00054 1.00054 0.000150094 0.000150094 2.93539e-223 1.97983e-224 0 0 
-14.102 0.333512 -5.02158e-05 -2.43345e-14 0.666488 -0.666486 -2.43345e-14 1.00054 1.00054 0.000150648 0.000150648 6.02985e-222 4.06694e-223 0 0 
-14.0983 0.333513 -5.04009e-05 -2.46048e-14 0.666487 -0.666485 -2.46048e-14 1.00054 1.00054 0.000151203 0.000151203 1.17495e-221 7.92464e-223 0 0 
-14.0946 0.333514 -5.05867e-05 -2.48782e-14 0.666486 -0.666485 -2.48782e-14 1.00054 1.00054 0.00015176 0.00015176 1.44691e-221 9.75892e-223 0 0 
-14.091 0.333514 -5.07731e-05 -2.51546e-14 0.666486 -0.666484 -2.51546e-14 1.00054 1.00054 0.000152319 0.000152319 1.12053e-221 7.55763e-223 0 0 
-14.0873 0.333515 -5.09603e-05 -2.54341e-14 0.666485 -0.666483 -2.54341e-14 1.00055 1.00055 0.000152881 0.000152881 -1.02461e-222 -6.91064e-224 -0 -0 
-14.0836 0.333516 -5.11481e-05 -2.57166e-14 0.666484 -0.666483 -2.57166e-14 1.00055 1.00055 0.000153444 0.000153444 -2.24107e-221 -1.51152e-222 -0 -0 
-14.0799 0.333516 -5.13366e-05 -2.60023e-14 0.666484 -0.666482 -2.60023e-14 1.00055 1.00055 0.00015401 0.00015401 -4.37791e-221 -2.95275e-222 -0 -0 
-14.0762 0.333517 -5.15258e-05 -2.62912e-14 0.666483 -0.666481 -2.62912e-14 1.00055 1.00055 0.000154577 0.000154577 -5.39958e-221 -3.64183e-222 -0 -0 
-14.0725 0.333518 -5.17157e-05 -2.65833e-14 0.666482 -0.666481 -2.65833e-14 1.00055 1.00055 0.000155147 0.000155147 -4.1927e-221 -2.82783e-222 -0 -0 
-14.0688 0.333519 -5.19063e-05 -2.68786e-14 0.666482 -0.66648 -2.68786e-14 1.00056 1.00056 0.000155719 0.000155719 3.55997e-222 2.40108e-223 0 0 
-14.0652 0.333519 -5.20976e-05 -2.71772e-14 0.666481 -0.666479 -2.71772e-14 1.00056 1.00056 0.000156293 0.000156293 8.32906e-221 5.61766e-222 0 0 
-14.0615 0.33352 -5.22896e-05 -2.74792e-14 0.66648 -0.666479 -2.74792e-14 1.00056 1.00056 0.000156869 0.000156869 1.63122e-220 1.1002e-221 0 0 
-14.0578 0.333521 -5.24823e-05 -2.77845e-14 0.666479 -0.666478 -2.77845e-14 1.00056 1.00056 0.000157447 0.000157447 2.01501e-220 1.35905e-221 0 0 
-14.0541 0.333521 -5.26757e-05 -2.80931e-14 0.666479 -0.666477 -2.80931e-14 1.00056 1.00056 0.000158027 0.000158027 1.56875e-220 1.05806e-221 0 0 
-14.0504 0.333522 -5.28699e-05 -2.84052e-14 0.666478 -0.666477 -2.84052e-14 1.00057 1.00057 0.00015861 0.00015861 -1.23035e-221 -8.29828e-223 -0 -0 
-14.0467 0.333523 -5.30647e-05 -2.87208e-14 0.666477 -0.666476 -2.87208e-14 1.00057 1.00057 0.000159194 0.000159194 -3.09549e-220 -2.08779e-221 -0 -0 
-14.0431 0.333523 -5.32603e-05 -2.90399e-14 0.666477 -0.666475 -2.90399e-14 1.00057 1.00057 0.000159781 0.000159781 -6.0779e-220 -4.09932e-221 -0 -0 
-14.0394 0.333524 -5.34565e-05 -2.93625e-14 0.666476 -0.666474 -2.93625e-14 1.00057 1.00057 0.00016037 0.00016037 -7.51951e-220 -5.07162e-221 -0 -0 
-14.0357 0.333525 -5.36535e-05 -2.96887e-14 0.666475 -0.666474 -2.96887e-14 1.00057 1.00057 0.000160961 0.000160961 -5.86955e-220 -3.95879e-221 -0 -0 
-14.032 0.333525 -5.38513e-05 -3.00185e-14 0.666475 -0.666473 -3.00185e-14 1.00058 1.00058 0.000161554 0.000161554 4.22602e-221 2.85029e-222 0 0 
-14.0283 0.333526 -5.40497e-05 -3.0352e-14 0.666474 -0.666472 -3.0352e-14 1.00058 1.00058 0.000162149 0.000162149 1.15042e-219 7.75912e-221 0 0 
-14.0246 0.333527 -5.42489e-05 -3.06892e-14 0.666473 -0.666472 -3.06892e-14 1.00058 1.00058 0.000162747 0.000162747 2.26461e-219 1.52739e-220 0 0 
-14.0209 0.333528 -5.44488e-05 -3.10302e-14 0.666472 -0.666471 -3.10302e-14 1.00058 1.00058 0.000163347 0.000163347 2.80608e-219 1.89259e-220 0 0 
-14.0173 0.333528 -5.46495e-05 -3.13749e-14 0.666472 -0.66647 -3.13749e-14 1.00058 1.00058 0.000163948 0.000163948 2.19608e-219 1.48117e-220 0 0 
-14.0136 0.333529 -5.48509e-05 -3.17234e-14 0.666471 -0.666469 -3.17234e-14 1.00059 1.00059 0.000164553 0.000164553 -1.44103e-220 -9.71918e-222 -0 -0 
-14.0099 0.33353 -5.5053e-05 -3.20759e-14 0.66647 -0.666469 -3.20759e-14 1.00059 1.00059 0.000165159 0.000165159 -4.27537e-219 -2.88356e-220 -0 -0 
-14.0062 0.33353 -5.52559e-05 -3.24322e-14 0.66647 -0.666468 -3.24322e-14 1.00059 1.00059 0.000165768 0.000165768 -8.4378e-219 -5.69095e-220 -0 -0 
-14.0025 0.333531 -5.54595e-05 -3.27925e-14 0.666469 -0.666467 -3.27925e-14 1.00059 1.00059 0.000166379 0.000166379 -1.04715e-218 -7.06257e-220 -0 -0 
-13.9988 0.333532 -5.56639e-05 -3.31568e-14 0.666468 -0.666467 -3.31568e-14 1.0006 1.0006 0.000166992 0.000166992 -8.21643e-219 -5.54164e-220 -0 -0 
-13.9951 0.333533 -5.5869e-05 -3.35252e-14 0.666467 -0.666466 -3.35252e-14 1.0006 1.0006 0.000167607 0.000167607 4.87124e-220 3.28544e-221 0 0 
-13.9915 0.333533 -5.60749e-05 -3.38976e-14 0.666467 -0.666465 -3.38976e-14 1.0006 1.0006 0.000168225 0.000168225 1.58886e-218 1.07161e-219 0 0 
-13.9878 0.333534 -5.62815e-05 -3.42742e-14 0.666466 -0.666464 -3.42742e-14 1.0006 1.0006 0.000168845 0.000168845 3.14386e-218 2.1204e-219 0 0 
-13.9841 0.333535 -5.64889e-05 -3.46549e-14 0.666465 -0.666464 -3.46549e-14 1.0006 1.0006 0.000169467 0.000169467 3.90762e-218 2.63552e-219 0 0 
-13.9804 0.333536 -5.66971e-05 -3.50399e-14 0.666464 -0.666463 -3.50399e-14 1.00061 1.00061 0.000170091 0.000170091 3.07405e-218 2.07331e-219 0 0 
-13.9767 0.333536 -5.6906e-05 -3.54292e-14 0.666464 -0.666462 -3.54292e-14 1.00061 1.00061 0.000170718 0.000170718 -1.62933e-219 -1.09891e-220 -0 -0 
-13.973 0.333537 -5.71157e-05 -3.58228e-14 0.666463 -0.666461 -3.58228e-14 1.00061 1.00061 0.000171347 0.000171347 -5.90456e-218 -3.98236e-219 -0 -0 
-13.9694 0.333538 -5.73262e-05 -3.62207e-14 0.666462 -0.666461 -3.62207e-14 1.00061 1.00061 0.000171978 0.000171978 -1.17137e-217 -7.90034e-219 -0 -0 
-13.9657 0.333539 -5.75374e-05 -3.66231e-14 0.666461 -0.66646 -3.66231e-14 1.00062 1.00062 0.000172612 0.000172612 -1.45819e-217 -9.83482e-219 -0 -0 
-13.962 0.333539 -5.77494e-05 -3.703e-14 0.666461 -0.666459 -3.703e-14 1.00062 1.00062 0.000173248 0.000173248 -1.15008e-217 -7.75678e-219 -0 -0 
-13.9583 0.33354 -5.79622e-05 -3.74413e-14 0.66646 -0.666458 -3.74413e-14 1.00062 1.00062 0.000173887 0.000173887 5.37859e-219 3.62761e-220 0 0 
-13.9546 0.333541 -5.81758e-05 -3.78573e-14 0.666459 -0.666458 -3.78573e-14 1.00062 1.00062 0.000174527 0.000174527 2.19423e-217 1.47991e-218 0 0 
-13.9509 0.333542 -5.83901e-05 -3.82778e-14 0.666458 -0.666457 -3.82778e-14 1.00062 1.00062 0.00017517 0.00017517 4.36436e-217 2.94356e-218 0 0 
-13.9472 0.333542 -5.86053e-05 -3.8703e-14 0.666458 -0.666456 -3.8703e-14 1.00063 1.00063 0.000175816 0.000175816 5.44143e-217 3.66999e-218 0 0 
-13.9436 0.333543 -5.88212e-05 -3.9133e-14 0.666457 -0.666455 -3.9133e-14 1.00063 1.00063 0.000176464 0.000176464 4.30269e-217 2.90196e-218 0 0 
-13.9399 0.333544 -5.9038e-05 -3.95677e-14 0.666456 -0.666454 -3.95677e-14 1.00063 1.00063 0.000177114 0.000177114 -1.74595e-218 -1.17756e-219 -0 -0 
-13.9362 0.333545 -5.92555e-05 -4.00073e-14 0.666455 -0.666454 -4.00073e-14 1.00063 1.00063 0.000177767 0.000177767 -8.15398e-217 -5.49946e-218 -0 -0 
-13.9325 0.333545 -5.94738e-05 -4.04517e-14 0.666455 -0.666453 -4.04517e-14 1.00064 1.00064 0.000178422 0.000178422 -1.62609e-216 -1.09672e-217 -0 -0 
-13.9288 0.333546 -5.9693e-05 -4.09011e-14 0.666454 -0.666452 -4.09011e-14 1.00064 1.00064 0.000179079 0.000179079 -2.03053e-216 -1.36949e-217 -0 -0 
-13.9251 0.333547 -5.99129e-05 -4.13554e-14 0.666453 -0.666451 -4.13554e-14 1.00064 1.00064 0.000179739 0.000179739 -1.60969e-216 -1.08566e-217 -0 -0 
-13.9215 0.333548 -6.01337e-05 -4.18148e-14 0.666452 -0.66645 -4.18148e-14 1.00064 1.00064 0.000180401 0.000180401 5.54316e-218 3.73858e-219 0 0 
-13.9178 0.333549 -6.03552e-05 -4.22794e-14 0.666451 -0.66645 -4.22794e-14 1.00065 1.00065 0.000181066 0.000181066 3.03005e-216 2.04361e-217 0 0 
-13.9141 0.333549 -6.05776e-05 -4.2749e-14 0.666451 -0.666449 -4.2749e-14 1.00065 1.00065 0.000181733 0.000181733 6.05853e-216 4.08617e-217 0 0 
-13.9104 0.33355 -6.08008e-05 -4.32239e-14 0.66645 -0.666448 -4.32239e-14 1.00065 1.00065 0.000182402 0.000182402 7.57709e-216 5.11036e-217 0 0 
-13.9067 0.333551 -6.10248e-05 -4.37041e-14 0.666449 -0.666447 -4.37041e-14 1.00065 1.00065 0.000183074 0.000183074 6.02195e-216 4.06149e-217 0 0 
-13.903 0.333552 -6.12497e-05 -4.41896e-14 0.666448 -0.666446 -4.41896e-14 1.00066 1.00066 0.000183749 0.000183749 -1.70664e-217 -1.15104e-218 -0 -0 
-13.8993 0.333553 -6.14753e-05 -4.46804e-14 0.666447 -0.666446 -4.46804e-14 1.00066 1.00066 0.000184426 0.000184426 -1.12595e-215 -7.59396e-217 -0 -0 
-13.8957 0.333553 -6.17018e-05 -4.51768e-14 0.666447 -0.666445 -4.51768e-14 1.00066 1.00066 0.000185105 0.000185105 -2.25728e-215 -1.52242e-216 -0 -0 
-13.892 0.333554 -6.19292e-05 -4.56786e-14 0.666446 -0.666444 -4.56786e-14 1.00066 1.00066 0.000185787 0.000185787 -2.82744e-215 -1.90695e-216 -0 -0 
-13.8883 0.333555 -6.21573e-05 -4.6186e-14 0.666445 -0.666443 -4.6186e-14 1.00067 1.00067 0.000186472 0.000186472 -2.25281e-215 -1.5194e-216 -0 -0 
-13.8846 0.333556 -6.23863e-05 -4.66991e-14 0.666444 -0.666442 -4.66991e-14 1.00067 1.00067 0.000187159 0.000187159 5.02151e-217 3.38673e-218 0 0 
-13.8809 0.333557 -6.26162e-05 -4.72179e-14 0.666443 -0.666442 -4.72179e-14 1.00067 1.00067 0.000187849 0.000187848 4.18393e-215 2.82183e-216 0 0 
-13.8772 0.333557 -6.28469e-05 -4.77424e-14 0.666443 -0.666441 -4.77424e-14 1.00067 1.00067 0.000188541 0.000188541 8.41011e-215 5.67215e-216 0 0 
-13.8735 0.333558 -6.30784e-05 -4.82727e-14 0.666442 -0.66644 -4.82727e-14 1.00067 1.00067 0.000189235 0.000189235 1.05507e-214 7.11585e-216 0 0 
-13.8699 0.333559 -6.33108e-05 -4.88089e-14 0.666441 -0.666439 -4.88089e-14 1.00068 1.00068 0.000189932 0.000189932 8.4276e-215 5.68394e-216 0 0 
-13.8662 0.33356 -6.3544e-05 -4.93511e-14 0.66644 -0.666438 -4.93511e-14 1.00068 1.00068 0.000190632 0.000190632 -1.37243e-216 -9.25623e-218 -0 -0 
-13.8625 0.333561 -6.37781e-05 -4.98993e-14 0.666439 -0.666437 -4.98993e-14 1.00068 1.00068 0.000191334 0.000191334 -1.55467e-214 -1.04854e-215 -0 -0 
-13.8588 0.333562 -6.40131e-05 -5.04536e-14 0.666438 -0.666437 -5.04536e-14 1.00068 1.00068 0.000192039 0.000192039 -3.13339e-214 -2.11329e-215 -0 -0 
-13.8551 0.333562 -6.42489e-05 -5.10141e-14 0.666438 -0.666436 -5.10141e-14 1.00069 1.00069 0.000192747 0.000192747 -3.937e-214 -2.65528e-215 -0 -0 
-13.8514 0.333563 -6.44856e-05 -5.15808e-14 0.666437 -0.666435 -5.15808e-14 1.00069 1.00069 0.000193457 0.000193457 -3.15265e-214 -2.12627e-215 -0 -0 
-13.8478 0.333564 -6.47232e-05 -5.21537e-14 0.666436 -0.666434 -5.21537e-14 1.00069 1.00069 0.00019417 0.00019417 3.25495e-216 2.19527e-217 0 0 
-13.8441 0.333565 -6.49616e-05 -5.27331e-14 0.666435 -0.666433 -5.27331e-14 1.0007 1.0007 0.000194885 0.000194885 5.77679e-214 3.8961e-215 0 0 
-13.8404 0.333566 -6.52009e-05 -5.33188e-14 0.666434 -0.666432 -5.33188e-14 1.0007 1.0007 0.000195603 0.000195603 1.16741e-213 7.87349e-215 0 0 
-13.8367 0.333567 -6.54411e-05 -5.39111e-14 0.666433 -0.666431 -5.39111e-14 1.0007 1.0007 0.000196323 0.000196323 1.46909e-213 9.90811e-215 0 0 
-13.833 0.333568 -6.56822e-05 -5.451e-14 0.666432 -0.666431 -5.451e-14 1.0007 1.0007 0.000197047 0.000197047 1.17934e-213 7.95393e-215 0 0 
-13.8293 0.333568 -6.59242e-05 -5.51155e-14 0.666432 -0.66643 -5.51155e-14 1.00071 1.00071 0.000197773 0.000197773 -5.19896e-216 -3.50638e-217 -0 -0 
-13.8256 0.333569 -6.6167e-05 -5.57277e-14 0.666431 -0.666429 -5.57277e-14 1.00071 1.00071 0.000198501 0.000198501 -2.14647e-213 -1.44766e-214 -0 -0 
-13.822 0.33357 -6.64108e-05 -5.63467e-14 0.66643 -0.666428 -5.63467e-14 1.00071 1.00071 0.000199232 0.000199232 -4.34942e-213 -2.93341e-214 -0 -0 
-13.8183 0.333571 -6.66554e-05 -5.69726e-14 0.666429 -0.666427 -5.69726e-14 1.00071 1.00071 0.000199966 0.000199966 -5.48185e-213 -3.69716e-214 -0 -0 
-13.8146 0.333572 -6.69009e-05 -5.76055e-14 0.666428 -0.666426 -5.76055e-14 1.00072 1.00072 0.000200703 0.000200703 -4.41159e-213 -2.97534e-214 -0 -0 
-13.8109 0.333573 -6.71474e-05 -5.82453e-14 0.666427 -0.666425 -5.82453e-14 1.00072 1.00072 0.000201442 0.000201442 -6.45865e-216 -4.35595e-217 -0 -0 
-13.8072 0.333574 -6.73947e-05 -5.88923e-14 0.666426 -0.666424 -5.88923e-14 1.00072 1.00072 0.000202184 0.000202184 7.97548e-213 5.37895e-214 0 0 
-13.8035 0.333575 -6.7643e-05 -5.95465e-14 0.666425 -0.666424 -5.95465e-14 1.00072 1.00072 0.000202929 0.000202929 1.62045e-212 1.09289e-213 0 0 
-13.7998 0.333575 -6.78922e-05 -6.02079e-14 0.666425 -0.666423 -6.02079e-14 1.00073 1.00073 0.000203677 0.000203677 2.04552e-212 1.37957e-213 0 0 
-13.7962 0.333576 -6.81423e-05 -6.08767e-14 0.666424 -0.666422 -6.08767e-14 1.00073 1.00073 0.000204427 0.000204427 1.65023e-212 1.11297e-213 0 0 
-13.7925 0.333577 -6.83933e-05 -6.15529e-14 0.666423 -0.666421 -6.15529e-14 1.00073 1.00073 0.00020518 0.00020518 1.20353e-214 8.11702e-216 0 0 
-13.7888 0.333578 -6.86452e-05 -6.22366e-14 0.666422 -0.66642 -6.22366e-14 1.00073 1.00073 0.000205936 0.000205936 -2.96332e-212 -1.99857e-213 -0 -0 
-13.7851 0.333579 -6.8898e-05 -6.29279e-14 0.666421 -0.666419 -6.29279e-14 1.00074 1.00074 0.000206694 0.000206694 -6.0372e-212 -4.07169e-213 -0 -0 
-13.7814 0.33358 -6.91518e-05 -6.36269e-14 0.66642 -0.666418 -6.36269e-14 1.00074 1.00074 0.000207455 0.000207455 -7.63268e-212 -5.14773e-213 -0 -0 
-13.7777 0.333581 -6.94065e-05 -6.43336e-14 0.666419 -0.666417 -6.43336e-14 1.00074 1.00074 0.00020822 0.00020822 -6.17283e-212 -4.16316e-213 -0 -0 
-13.7741 0.333582 -6.96622e-05 -6.50482e-14 0.666418 -0.666416 -6.50482e-14 1.00075 1.00075 0.000208987 0.000208987 -8.07374e-214 -5.44518e-215 -0 -0 
-13.7704 0.333583 -6.99188e-05 -6.57708e-14 0.666417 -0.666415 -6.57708e-14 1.00075 1.00075 0.000209756 0.000209756 1.10102e-211 7.42559e-213 0 0 
-13.7667 0.333584 -7.01763e-05 -6.65013e-14 0.666416 -0.666414 -6.65013e-14 1.00075 1.00075 0.000210529 0.000210529 2.24923e-211 1.51695e-212 0 0 
-13.763 0.333584 -7.04348e-05 -6.724e-14 0.666416 -0.666414 -6.724e-14 1.00075 1.00075 0.000211304 0.000211304 2.84805e-211 1.92081e-212 0 0 
-13.7593 0.333585 -7.06942e-05 -6.79869e-14 0.666415 -0.666413 -6.79869e-14 1.00076 1.00076 0.000212083 0.000212083 2.30897e-211 1.55724e-212 0 0 
-13.7556 0.333586 -7.09546e-05 -6.8742e-14 0.666414 -0.666412 -6.8742e-14 1.00076 1.00076 0.000212864 0.000212864 4.3463e-213 2.93127e-214 0 0 
-13.7519 0.333587 -7.1216e-05 -6.95056e-14 0.666413 -0.666411 -6.95056e-14 1.00076 1.00076 0.000213648 0.000213648 -4.09072e-211 -2.7589e-212 -0 -0 
-13.7483 0.333588 -7.14783e-05 -7.02776e-14 0.666412 -0.66641 -7.02776e-14 1.00076 1.00076 0.000214435 0.000214435 -8.3797e-211 -5.65151e-212 -0 -0 
-13.7446 0.333589 -7.17415e-05 -7.10582e-14 0.666411 -0.666409 -7.10582e-14 1.00077 1.00077 0.000215225 0.000215225 -1.06271e-210 -7.16723e-212 -0 -0 
-13.7409 0.33359 -7.20058e-05 -7.18475e-14 0.66641 -0.666408 -7.18475e-14 1.00077 1.00077 0.000216017 0.000216017 -8.63662e-211 -5.82477e-212 -0 -0 
-13.7372 0.333591 -7.2271e-05 -7.26455e-14 0.666409 -0.666407 -7.26455e-14 1.00077 1.00077 0.000216813 0.000216813 -2.11821e-212 -1.42858e-213 -0 -0 
-13.7335 0.333592 -7.25371e-05 -7.34524e-14 0.666408 -0.666406 -7.34524e-14 1.00078 1.00078 0.000217611 0.000217611 1.51984e-210 1.02502e-211 0 0 
-13.7298 0.333593 -7.28043e-05 -7.42682e-14 0.666407 -0.666405 -7.42682e-14 1.00078 1.00078 0.000218413 0.000218413 3.12191e-210 2.1055e-211 0 0 
-13.7262 0.333594 -7.30724e-05 -7.50931e-14 0.666406 -0.666404 -7.50931e-14 1.00078 1.00078 0.000219217 0.000219217 3.96535e-210 2.67433e-211 0 0 
-13.7225 0.333595 -7.33416e-05 -7.59272e-14 0.666405 -0.666403 -7.59272e-14 1.00078 1.00078 0.000220025 0.000220025 3.23045e-210 2.17869e-211 0 0 
-13.7188 0.333596 -7.36117e-05 -7.67706e-14 0.666404 -0.666402 -7.67706e-14 1.00079 1.00079 0.000220835 0.000220835 9.75177e-212 6.57683e-213 0 0 
-13.7151 0.333597 -7.38828e-05 -7.76233e-14 0.666403 -0.666401 -7.76233e-14 1.00079 1.00079 0.000221648 0.000221648 -5.64658e-210 -3.80819e-211 -0 -0 
-13.7114 0.333598 -7.41549e-05 -7.84854e-14 0.666402 -0.6664 -7.84854e-14 1.00079 1.00079 0.000222465 0.000222465 -1.16308e-209 -7.84408e-211 -0 -0 
-13.7077 0.333599 -7.4428e-05 -7.93572e-14 0.666401 -0.666399 -7.93572e-14 1.0008 1.0008 0.000223284 0.000223284 -1.4796e-209 -9.97874e-211 -0 -0 
-13.704 0.3336 -7.47021e-05 -8.02386e-14 0.6664 -0.666398 -8.02386e-14 1.0008 1.0008 0.000224106 0.000224106 -1.2083e-209 -8.14903e-211 -0 -0 
-13.7004 0.333601 -7.49772e-05 -8.11298e-14 0.666399 -0.666397 -8.11298e-14 1.0008 1.0008 0.000224932 0.000224932 -4.32661e-211 -2.91796e-212 -0 -0 
-13.6967 0.333602 -7.52533e-05 -8.20309e-14 0.666398 -0.666396 -8.20309e-14 1.0008 1.0008 0.00022576 0.00022576 2.09781e-209 1.41481e-210 0 0 
-13.693 0.333603 -7.55304e-05 -8.2942e-14 0.666397 -0.666395 -8.2942e-14 1.00081 1.00081 0.000226591 0.000226591 4.33306e-209 2.92231e-210 0 0 
-13.6893 0.333604 -7.58086e-05 -8.38632e-14 0.666396 -0.666394 -8.38632e-14 1.00081 1.00081 0.000227426 0.000227426 5.52081e-209 3.72335e-210 0 0 
-13.6856 0.333605 -7.60878e-05 -8.47947e-14 0.666395 -0.666393 -8.47947e-14 1.00081 1.00081 0.000228263 0.000228263 4.51937e-209 3.04795e-210 0 0 
-13.6819 0.333606 -7.6368e-05 -8.57365e-14 0.666394 -0.666392 -8.57365e-14 1.00082 1.00082 0.000229104 0.000229104 1.87046e-210 1.26147e-211 0 0 
-13.6782 0.333607 -7.66492e-05 -8.66887e-14 0.666393 -0.666391 -8.66887e-14 1.00082 1.00082 0.000229948 0.000229948 -7.79359e-209 -5.25614e-210 -0 -0 
-13.6746 0.333608 -7.69315e-05 -8.76516e-14 0.666392 -0.66639 -8.76516e-14 1.00082 1.00082 0.000230794 0.000230794 -1.61428e-208 -1.0887e-209 -0 -0 
-13.6709 0.333609 -7.72148e-05 -8.86251e-14 0.666391 -0.666389 -8.86251e-14 1.00083 1.00083 0.000231644 0.000231644 -2.05997e-208 -1.38928e-209 -0 -0 
-13.6672 0.33361 -7.74991e-05 -8.96094e-14 0.66639 -0.666388 -8.96094e-14 1.00083 1.00083 0.000232497 0.000232497 -1.69034e-208 -1.14e-209 -0 -0 
-13.6635 0.333611 -7.77845e-05 -9.06047e-14 0.666389 -0.666387 -9.06047e-14 1.00083 1.00083 0.000233354 0.000233354 -7.93243e-210 -5.34976e-211 -0 -0 
-13.6598 0.333612 -7.80709e-05 -9.1611e-14 0.666388 -0.666386 -9.1611e-14 1.00083 1.00083 0.000234213 0.000234213 2.89535e-208 1.95267e-209 0 0 
-13.6561 0.333613 -7.83584e-05 -9.26285e-14 0.666387 -0.666385 -9.26285e-14 1.00084 1.00084 0.000235075 0.000235075 6.01392e-208 4.05588e-209 0 0 
-13.6525 0.333614 -7.8647e-05 -9.36573e-14 0.666386 -0.666384 -9.36573e-14 1.00084 1.00084 0.000235941 0.000235941 7.68624e-208 5.18372e-209 0 0 
-13.6488 0.333615 -7.89366e-05 -9.46975e-14 0.666385 -0.666383 -9.46975e-14 1.00084 1.00084 0.00023681 0.00023681 6.32215e-208 4.26375e-209 0 0 
-13.6451 0.333616 -7.92272e-05 -9.57492e-14 0.666384 -0.666382 -9.57492e-14 1.00085 1.00085 0.000237682 0.000237682 3.31464e-209 2.23544e-210 0 0 
-13.6414 0.333617 -7.9519e-05 -9.68127e-14 0.666383 -0.666381 -9.68127e-14 1.00085 1.00085 0.000238557 0.000238557 -1.07561e-207 -7.25406e-209 -0 -0 
-13.6377 0.333618 -7.98118e-05 -9.78879e-14 0.666382 -0.66638 -9.78879e-14 1.00085 1.00085 0.000239435 0.000239435 -2.24045e-207 -1.51099e-208 -0 -0 
-13.634 0.333619 -8.01057e-05 -9.89751e-14 0.666381 -0.666379 -9.89751e-14 1.00086 1.00086 0.000240317 0.000240317 -2.86791e-207 -1.93415e-208 -0 -0 
-13.6303 0.33362 -8.04006e-05 -1.00074e-13 0.66638 -0.666378 -1.00074e-13 1.00086 1.00086 0.000241202 0.000241202 -2.36454e-207 -1.59468e-208 -0 -0 
-13.6267 0.333621 -8.06967e-05 -1.01186e-13 0.666379 -0.666377 -1.01186e-13 1.00086 1.00086 0.00024209 0.00024209 -1.36886e-208 -9.23176e-210 -0 -0 
-13.623 0.333622 -8.09938e-05 -1.0231e-13 0.666378 -0.666376 -1.0231e-13 1.00087 1.00087 0.000242981 0.000242981 3.99577e-207 2.69479e-208 0 0 
-13.6193 0.333623 -8.1292e-05 -1.03446e-13 0.666377 -0.666375 -1.03446e-13 1.00087 1.00087 0.000243876 0.000243876 8.34657e-207 5.62901e-208 0 0 
-13.6156 0.333624 -8.15913e-05 -1.04595e-13 0.666376 -0.666374 -1.04595e-13 1.00087 1.00087 0.000244774 0.000244774 1.07007e-206 7.21669e-208 0 0 
-13.6119 0.333625 -8.18917e-05 -1.05756e-13 0.666375 -0.666372 -1.05756e-13 1.00088 1.00088 0.000245675 0.000245675 8.84347e-207 5.96412e-208 0 0 
-13.6082 0.333626 -8.21933e-05 -1.06931e-13 0.666374 -0.666371 -1.06931e-13 1.00088 1.00088 0.00024658 0.00024658 5.59924e-208 3.77618e-209 0 0 
-13.6046 0.333627 -8.24959e-05 -1.08119e-13 0.666373 -0.66637 -1.08119e-13 1.00088 1.00088 0.000247488 0.000247488 -1.48435e-206 -1.00106e-207 -0 -0 
-13.6009 0.333628 -8.27996e-05 -1.09319e-13 0.666372 -0.666369 -1.09319e-13 1.00089 1.00089 0.000248399 0.000248399 -3.10942e-206 -2.09701e-207 -0 -0 
-13.5972 0.33363 -8.31045e-05 -1.10533e-13 0.66637 -0.666368 -1.10533e-13 1.00089 1.00089 0.000249313 0.000249313 -3.99264e-206 -2.69266e-207 -0 -0 
-13.5935 0.333631 -8.34104e-05 -1.11761e-13 0.666369 -0.666367 -1.11761e-13 1.00089 1.00089 0.000250231 0.000250231 -3.30743e-206 -2.23055e-207 -0 -0 
-13.5898 0.333632 -8.37175e-05 -1.13002e-13 0.666368 -0.666366 -1.13002e-13 1.0009 1.0009 0.000251153 0.000251153 -2.27224e-207 -1.53241e-208 -0 -0 
-13.5861 0.333633 -8.40258e-05 -1.14257e-13 0.666367 -0.666365 -1.14257e-13 1.0009 1.0009 0.000252077 0.000252077 5.51397e-206 3.71865e-207 0 0 
-13.5824 0.333634 -8.43351e-05 -1.15526e-13 0.666366 -0.666364 -1.15526e-13 1.0009 1.0009 0.000253005 0.000253005 1.15837e-205 7.81208e-207 0 0 
-13.5788 0.333635 -8.46456e-05 -1.16809e-13 0.666365 -0.666363 -1.16809e-13 1.00091 1.00091 0.000253937 0.000253937 1.48971e-205 1.00467e-206 0 0 
-13.5751 0.333636 -8.49572e-05 -1.18106e-13 0.666364 -0.666361 -1.18106e-13 1.00091 1.00091 0.000254872 0.000254872 1.23695e-205 8.34204e-207 0 0 
-13.5714 0.333637 -8.527e-05 -1.19418e-13 0.666363 -0.66636 -1.19418e-13 1.00091 1.00091 0.00025581 0.00025581 9.15954e-207 6.17722e-208 0 0 
-13.5677 0.333638 -8.55839e-05 -1.20744e-13 0.666362 -0.666359 -1.20744e-13 1.00092 1.00092 0.000256752 0.000256752 -2.04825e-205 -1.38134e-206 -0 -0 
-13.564 0.33364 -8.5899e-05 -1.22085e-13 0.666361 -0.666358 -1.22085e-13 1.00092 1.00092 0.000257697 0.000257697 -4.3153e-205 -2.91024e-206 -0 -0 
-13.5603 0.333641 -8.62152e-05 -1.23441e-13 0.666359 -0.666357 -1.23441e-13 1.00092 1.00092 0.000258646 0.000258646 -5.55832e-205 -3.74853e-206 -0 -0 
-13.5566 0.333642 -8.65326e-05 -1.24812e-13 0.666358 -0.666356 -1.24812e-13 1.00093 1.00093 0.000259598 0.000259598 -4.62602e-205 -3.11979e-206 -0 -0 
-13.553 0.333643 -8.68512e-05 -1.26198e-13 0.666357 -0.666355 -1.26198e-13 1.00093 1.00093 0.000260554 0.000260554 -3.67123e-206 -2.47588e-207 -0 -0 
-13.5493 0.333644 -8.71709e-05 -1.276e-13 0.666356 -0.666354 -1.276e-13 1.00093 1.00093 0.000261513 0.000261513 7.60838e-205 5.13108e-206 0 0 
-13.5456 0.333645 -8.74918e-05 -1.29017e-13 0.666355 -0.666352 -1.29017e-13 1.00094 1.00094 0.000262475 0.000262475 1.60758e-204 1.08415e-205 0 0 
-13.5419 0.333646 -8.78139e-05 -1.30449e-13 0.666354 -0.666351 -1.30449e-13 1.00094 1.00094 0.000263442 0.000263442 2.07387e-204 1.39861e-205 0 0 
-13.5382 0.333647 -8.81372e-05 -1.31898e-13 0.666353 -0.66635 -1.31898e-13 1.00094 1.00094 0.000264412 0.000264412 1.73003e-204 1.16673e-205 0 0 
-13.5345 0.333649 -8.84616e-05 -1.33363e-13 0.666351 -0.666349 -1.33363e-13 1.00095 1.00095 0.000265385 0.000265385 1.46422e-205 9.87465e-207 0 0 
-13.5309 0.33365 -8.87873e-05 -1.34844e-13 0.66635 -0.666348 -1.34844e-13 1.00095 1.00095 0.000266362 0.000266362 -2.82613e-204 -1.90593e-205 -0 -0 
-13.5272 0.333651 -8.91141e-05 -1.36341e-13 0.666349 -0.666347 -1.36341e-13 1.00095 1.00095 0.000267342 0.000267342 -5.98868e-204 -4.03874e-205 -0 -0 
-13.5235 0.333652 -8.94421e-05 -1.37855e-13 0.666348 -0.666345 -1.37855e-13 1.00096 1.00096 0.000268326 0.000268326 -7.73777e-204 -5.21831e-205 -0 -0 
-13.5198 0.333653 -8.97714e-05 -1.39386e-13 0.666347 -0.666344 -1.39386e-13 1.00096 1.00096 0.000269314 0.000269314 -6.46987e-204 -4.36324e-205 -0 -0 
-13.5161 0.333654 -9.01018e-05 -1.40934e-13 0.666346 -0.666343 -1.40934e-13 1.00096 1.00096 0.000270305 0.000270305 -5.81472e-205 -3.92141e-206 -0 -0 
-13.5124 0.333656 -9.04335e-05 -1.42499e-13 0.666344 -0.666342 -1.42499e-13 1.00097 1.00097 0.0002713 0.0002713 1.04974e-203 7.0794e-205 0 0 
-13.5087 0.333657 -9.07664e-05 -1.44082e-13 0.666343 -0.666341 -1.44082e-13 1.00097 1.00097 0.000272299 0.000272299 2.23093e-203 1.50452e-204 0 0 
-13.5051 0.333658 -9.11004e-05 -1.45682e-13 0.666342 -0.666339 -1.45682e-13 1.00097 1.00097 0.000273301 0.000273301 2.88701e-203 1.94697e-204 0 0 
-13.5014 0.333659 -9.14358e-05 -1.473e-13 0.666341 -0.666338 -1.473e-13 1.00098 1.00098 0.000274307 0.000274307 2.41952e-203 1.6317e-204 0 0 
-13.4977 0.33366 -9.17723e-05 -1.48935e-13 0.66634 -0.666337 -1.48935e-13 1.00098 1.00098 0.000275317 0.000275317 2.3004e-204 1.55137e-205 0 0 
-13.494 0.333662 -9.21101e-05 -1.50589e-13 0.666338 -0.666336 -1.50589e-13 1.00098 1.00098 0.00027633 0.00027633 -3.89911e-203 -2.62952e-204 -0 -0 
-13.4903 0.333663 -9.24492e-05 -1.52262e-13 0.666337 -0.666335 -1.52262e-13 1.00099 1.00099 0.000277347 0.000277347 -8.31072e-203 -5.60466e-204 -0 -0 
-13.4866 0.333664 -9.27894e-05 -1.53953e-13 0.666336 -0.666333 -1.53953e-13 1.00099 1.00099 0.000278368 0.000278368 -1.07715e-202 -7.26419e-204 -0 -0 
-13.483 0.333665 -9.31309e-05 -1.55662e-13 0.666335 -0.666332 -1.55662e-13 1.001 1.001 0.000279393 0.000279393 -9.04809e-203 -6.10192e-204 -0 -0 
-13.4793 0.333666 -9.34737e-05 -1.57391e-13 0.666334 -0.666331 -1.57391e-13 1.001 1.001 0.000280421 0.000280421 -9.07015e-204 -6.1168e-205 -0 -0 
-13.4756 0.333668 -9.38178e-05 -1.59139e-13 0.666332 -0.66633 -1.59139e-13 1.001 1.001 0.000281453 0.000281453 1.44823e-202 9.76667e-204 0 0 
-13.4719 0.333669 -9.41631e-05 -1.60906e-13 0.666331 -0.666328 -1.60906e-13 1.00101 1.00101 0.000282489 0.000282489 3.0959e-202 2.08783e-203 0 0 
-13.4682 0.33367 -9.45096e-05 -1.62693e-13 0.66633 -0.666327 -1.62693e-13 1.00101 1.00101 0.000283529 0.000283529 4.01887e-202 2.71026e-203 0 0 
-13.4645 0.333671 -9.48575e-05 -1.64499e-13 0.666329 -0.666326 -1.64499e-13 1.00101 1.00101 0.000284572 0.000284572 3.38359e-202 2.28184e-203 0 0 
-13.4608 0.333673 -9.52066e-05 -1.66326e-13 0.666327 -0.666325 -1.66326e-13 1.00102 1.00102 0.00028562 0.00028562 3.5655e-203 2.40451e-204 0 0 
-13.4572 0.333674 -9.5557e-05 -1.68173e-13 0.666326 -0.666323 -1.68173e-13 1.00102 1.00102 0.000286671 0.000286671 -5.37899e-202 -3.6275e-203 -0 -0 
-13.4535 0.333675 -9.59086e-05 -1.7004e-13 0.666325 -0.666322 -1.7004e-13 1.00103 1.00103 0.000287726 0.000287726 -1.15328e-201 -7.7775e-203 -0 -0 
-13.4498 0.333676 -9.62616e-05 -1.71928e-13 0.666324 -0.666321 -1.71928e-13 1.00103 1.00103 0.000288785 0.000288785 -1.49943e-201 -1.01119e-202 -0 -0 
-13.4461 0.333678 -9.66159e-05 -1.73838e-13 0.666322 -0.66632 -1.73838e-13 1.00103 1.00103 0.000289848 0.000289848 -1.26529e-201 -8.53291e-203 -0 -0 
-13.4424 0.333679 -9.69714e-05 -1.75768e-13 0.666321 -0.666318 -1.75768e-13 1.00104 1.00104 0.000290914 0.000290914 -1.39782e-202 -9.42663e-204 -0 -0 
-13.4387 0.33368 -9.73283e-05 -1.7772e-13 0.66632 -0.666317 -1.7772e-13 1.00104 1.00104 0.000291985 0.000291985 1.99781e-201 1.34728e-202 0 0 
-13.435 0.333681 -9.76865e-05 -1.79693e-13 0.666319 -0.666316 -1.79693e-13 1.00104 1.00104 0.000293059 0.000293059 4.29612e-201 2.89722e-202 0 0 
-13.4314 0.333683 -9.8046e-05 -1.81689e-13 0.666317 -0.666315 -1.81689e-13 1.00105 1.00105 0.000294138 0.000294138 5.59433e-201 3.7727e-202 0 0 
-13.4277 0.333684 -9.84068e-05 -1.83706e-13 0.666316 -0.666313 -1.83706e-13 1.00105 1.00105 0.00029522 0.00029522 4.7315e-201 3.19082e-202 0 0 
-13.424 0.333685 -9.87689e-05 -1.85746e-13 0.666315 -0.666312 -1.85746e-13 1.00106 1.00106 0.000296307 0.000296307 5.46666e-202 3.68659e-203 0 0 
-13.4203 0.333687 -9.91324e-05 -1.87809e-13 0.666313 -0.666311 -1.87809e-13 1.00106 1.00106 0.000297397 0.000297397 -7.4199e-201 -5.00381e-202 -0 -0 
-13.4166 0.333688 -9.94972e-05 -1.89894e-13 0.666312 -0.666309 -1.89894e-13 1.00106 1.00106 0.000298492 0.000298492 -1.60035e-200 -1.07924e-201 -0 -0 
-13.4129 0.333689 -9.98633e-05 -1.92003e-13 0.666311 -0.666308 -1.92003e-13 1.00107 1.00107 0.00029959 0.00029959 -2.08721e-200 -1.40757e-201 -0 -0 
-13.4093 0.33369 -0.000100231 -1.94135e-13 0.66631 -0.666307 -1.94135e-13 1.00107 1.00107 0.000300692 0.000300692 -1.76929e-200 -1.19317e-201 -0 -0 
-13.4056 0.333692 -0.0001006 -1.9629e-13 0.666308 -0.666305 -1.9629e-13 1.00108 1.00108 0.000301799 0.000301799 -2.13319e-201 -1.43857e-202 -0 -0 
-13.4019 0.333693 -0.00010097 -1.9847e-13 0.666307 -0.666304 -1.9847e-13 1.00108 1.00108 0.000302909 0.000302909 2.7557e-200 1.85837e-201 0 0 
-13.3982 0.333694 -0.000101341 -2.00674e-13 0.666306 -0.666303 -2.00674e-13 1.00108 1.00108 0.000304024 0.000304024 5.96146e-200 4.02025e-201 0 0 
-13.3945 0.333696 -0.000101714 -2.02902e-13 0.666304 -0.666301 -2.02902e-13 1.00109 1.00109 0.000305143 0.000305143 7.78722e-200 5.25148e-201 0 0 
-13.3908 0.333697 -0.000102088 -2.05155e-13 0.666303 -0.6663 -2.05155e-13 1.00109 1.00109 0.000306265 0.000306265 6.61597e-200 4.46162e-201 0 0 
-13.3871 0.333698 -0.000102464 -2.07433e-13 0.666302 -0.666299 -2.07433e-13 1.0011 1.0011 0.000307392 0.000307392 8.30726e-201 5.60217e-202 0 0 
-13.3835 0.3337 -0.000102841 -2.09736e-13 0.6663 -0.666297 -2.09736e-13 1.0011 1.0011 0.000308523 0.000308523 -1.02343e-199 -6.90168e-201 -0 -0 
-13.3798 0.333701 -0.00010322 -2.12065e-13 0.666299 -0.666296 -2.12065e-13 1.0011 1.0011 0.000309659 0.000309659 -2.22068e-199 -1.49756e-200 -0 -0 
-13.3761 0.333702 -0.000103599 -2.1442e-13 0.666298 -0.666295 -2.1442e-13 1.00111 1.00111 0.000310798 0.000310798 -2.90533e-199 -1.95926e-200 -0 -0 
-13.3724 0.333704 -0.00010398 -2.168e-13 0.666296 -0.666293 -2.168e-13 1.00111 1.00111 0.000311941 0.000311941 -2.4739e-199 -1.66832e-200 -0 -0 
-13.3687 0.333705 -0.000104363 -2.19208e-13 0.666295 -0.666292 -2.19208e-13 1.00112 1.00112 0.000313089 0.000313089 -3.2291e-200 -2.1776e-201 -0 -0 
-13.365 0.333706 -0.000104747 -2.21642e-13 0.666294 -0.666291 -2.21642e-13 1.00112 1.00112 0.000314241 0.000314241 3.80077e-199 2.56311e-200 0 0 
-13.3613 0.333708 -0.000105132 -2.24103e-13 0.666292 -0.666289 -2.24103e-13 1.00112 1.00112 0.000315397 0.000315397 8.27212e-199 5.57843e-200 0 0 
-13.3577 0.333709 -0.000105519 -2.26591e-13 0.666291 -0.666288 -2.26591e-13 1.00113 1.00113 0.000316558 0.000316558 1.08394e-198 7.30972e-200 0 0 
-13.354 0.333711 -0.000105907 -2.29107e-13 0.666289 -0.666286 -2.29107e-13 1.00113 1.00113 0.000317722 0.000317722 9.25044e-199 6.23817e-200 0 0 
-13.3503 0.333712 -0.000106297 -2.31651e-13 0.666288 -0.666285 -2.31651e-13 1.00114 1.00114 0.000318891 0.000318891 1.25304e-199 8.45008e-201 0 0 
-13.3466 0.333713 -0.000106688 -2.34223e-13 0.666287 -0.666284 -2.34223e-13 1.00114 1.00114 0.000320064 0.000320064 -1.41148e-198 -9.51852e-200 -0 -0 
-13.3429 0.333715 -0.000107081 -2.36823e-13 0.666285 -0.666282 -2.36823e-13 1.00114 1.00114 0.000321242 0.000321242 -3.08137e-198 -2.07796e-199 -0 -0 
-13.3392 0.333716 -0.000107475 -2.39453e-13 0.666284 -0.666281 -2.39453e-13 1.00115 1.00115 0.000322424 0.000322424 -4.04402e-198 -2.72713e-199 -0 -0 
-13.3356 0.333718 -0.00010787 -2.42111e-13 0.666282 -0.666279 -2.42111e-13 1.00115 1.00115 0.00032361 0.00032361 -3.4589e-198 -2.33254e-199 -0 -0 
-13.3319 0.333719 -0.000108267 -2.448e-13 0.666281 -0.666278 -2.448e-13 1.00116 1.00116 0.0003248 0.0003248 -4.85477e-199 -3.27386e-200 -0 -0 
-13.3282 0.33372 -0.000108665 -2.47518e-13 0.66628 -0.666277 -2.47518e-13 1.00116 1.00116 0.000325995 0.000325995 5.24168e-198 3.53478e-199 0 0 
-13.3245 0.333722 -0.000109065 -2.50266e-13 0.666278 -0.666275 -2.50266e-13 1.00117 1.00117 0.000327195 0.000327195 1.14781e-197 7.74032e-199 0 0 
-13.3208 0.333723 -0.000109466 -2.53044e-13 0.666277 -0.666274 -2.53044e-13 1.00117 1.00117 0.000328398 0.000328398 1.50875e-197 1.01744e-198 0 0 
-13.3171 0.333725 -0.000109869 -2.55854e-13 0.666275 -0.666272 -2.55854e-13 1.00117 1.00117 0.000329606 0.000329606 1.29332e-197 8.72159e-199 0 0 
-13.3134 0.333726 -0.000110273 -2.58695e-13 0.666274 -0.666271 -2.58695e-13 1.00118 1.00118 0.000330819 0.000330819 1.87819e-198 1.26657e-199 0 0 
-13.3098 0.333728 -0.000110679 -2.61567e-13 0.666272 -0.666269 -2.61567e-13 1.00118 1.00118 0.000332036 0.000332036 -1.9465e-197 -1.31264e-198 -0 -0 
-13.3061 0.333729 -0.000111086 -2.64471e-13 0.666271 -0.666268 -2.64471e-13 1.00119 1.00119 0.000333257 0.000333257 -4.27552e-197 -2.88322e-198 -0 -0 
-13.3024 0.33373 -0.000111494 -2.67407e-13 0.66627 -0.666266 -2.67407e-13 1.00119 1.00119 0.000334483 0.000334483 -5.62885e-197 -3.79584e-198 -0 -0 
-13.2987 0.333732 -0.000111904 -2.70376e-13 0.666268 -0.666265 -2.70376e-13 1.0012 1.0012 0.000335713 0.000335713 -4.8358e-197 -3.26103e-198 -0 -0 
-13.295 0.333733 -0.000112316 -2.73378e-13 0.666267 -0.666263 -2.73378e-13 1.0012 1.0012 0.000336948 0.000336948 -7.25648e-198 -4.89342e-199 -0 -0 
-13.2913 0.333735 -0.000112729 -2.76413e-13 0.666265 -0.666262 -2.76413e-13 1.0012 1.0012 0.000338188 0.000338188 7.2282e-197 4.87435e-198 0 0 
-13.2877 0.333736 -0.000113144 -2.79482e-13 0.666264 -0.666261 -2.79482e-13 1.00121 1.00121 0.000339432 0.000339432 1.5926e-196 1.07397e-197 0 0 
-13.284 0.333738 -0.00011356 -2.82585e-13 0.666262 -0.666259 -2.82585e-13 1.00121 1.00121 0.00034068 0.00034068 2.1e-196 1.41613e-197 0 0 
-13.2803 0.333739 -0.000113978 -2.85722e-13 0.666261 -0.666258 -2.85722e-13 1.00122 1.00122 0.000341933 0.000341933 1.80811e-196 1.21929e-197 0 0 
-13.2766 0.333741 -0.000114397 -2.88894e-13 0.666259 -0.666256 -2.88894e-13 1.00122 1.00122 0.000343191 0.000343191 2.80005e-197 1.88821e-198 0 0 
-13.2729 0.333742 -0.000114818 -2.92102e-13 0.666258 -0.666255 -2.92102e-13 1.00123 1.00123 0.000344453 0.000344453 -2.68407e-196 -1.81e-197 -0 -0 
-13.2692 0.333744 -0.00011524 -2.95345e-13 0.666256 -0.666253 -2.95345e-13 1.00123 1.00123 0.00034572 0.00034572 -5.93228e-196 -4.00041e-197 -0 -0 
-13.2655 0.333745 -0.000115664 -2.98624e-13 0.666255 -0.666252 -2.98624e-13 1.00124 1.00124 0.000346992 0.000346992 -7.83459e-196 -5.28322e-197 -0 -0 
-13.2619 0.333747 -0.000116089 -3.01939e-13 0.666253 -0.66625 -3.01939e-13 1.00124 1.00124 0.000348268 0.000348268 -6.76041e-196 -4.55885e-197 -0 -0 
-13.2582 0.333748 -0.000116516 -3.05291e-13 0.666252 -0.666248 -3.05291e-13 1.00124 1.00124 0.000349549 0.000349549 -1.07919e-196 -7.27747e-198 -0 -0 
-13.2545 0.33375 -0.000116945 -3.08681e-13 0.66625 -0.666247 -3.08681e-13 1.00125 1.00125 0.000350834 0.000350834 9.96664e-196 6.72094e-197 0 0 
-13.2508 0.333751 -0.000117375 -3.12108e-13 0.666249 -0.666245 -3.12108e-13 1.00125 1.00125 0.000352125 0.000352125 2.2097e-195 1.49009e-196 0 0 
-13.2471 0.333753 -0.000117807 -3.15573e-13 0.666247 -0.666244 -3.15573e-13 1.00126 1.00126 0.00035342 0.00035342 2.92287e-195 1.97102e-196 0 0 
-13.2434 0.333754 -0.00011824 -3.19076e-13 0.666246 -0.666242 -3.19076e-13 1.00126 1.00126 0.000354719 0.000354719 2.52765e-195 1.7045e-196 0 0 
-13.2397 0.333756 -0.000118675 -3.22618e-13 0.666244 -0.666241 -3.22618e-13 1.00127 1.00127 0.000356024 0.000356024 4.15485e-196 2.80178e-197 0 0 
-13.2361 0.333758 -0.000119111 -3.262e-13 0.666243 -0.666239 -3.262e-13 1.00127 1.00127 0.000357333 0.000357333 -3.70077e-195 -2.49558e-196 -0 -0 
-13.2324 0.333759 -0.000119549 -3.29821e-13 0.666241 -0.666238 -3.29821e-13 1.00128 1.00128 0.000358647 0.000358647 -8.23078e-195 -5.55034e-196 -0 -0 
-13.2287 0.333761 -0.000119989 -3.33483e-13 0.666239 -0.666236 -3.33483e-13 1.00128 1.00128 0.000359966 0.000359966 -1.09044e-194 -7.35324e-196 -0 -0 
-13.225 0.333762 -0.00012043 -3.37185e-13 0.666238 -0.666234 -3.37185e-13 1.00129 1.00129 0.00036129 0.00036129 -9.45048e-195 -6.37281e-196 -0 -0 
-13.2213 0.333764 -0.000120873 -3.40928e-13 0.666236 -0.666233 -3.40928e-13 1.00129 1.00129 0.000362618 0.000362618 -1.59796e-195 -1.07756e-196 -0 -0 
-13.2176 0.333765 -0.000121317 -3.44713e-13 0.666235 -0.666231 -3.44713e-13 1.0013 1.0013 0.000363952 0.000363952 1.37412e-194 9.2662e-196 0 0 
-13.214 0.333767 -0.000121763 -3.4854e-13 0.666233 -0.66623 -3.4854e-13 1.0013 1.0013 0.00036529 0.00036529 3.06582e-194 2.06739e-195 0 0 
-13.2103 0.333769 -0.000122211 -3.52409e-13 0.666232 -0.666228 -3.52409e-13 1.00131 1.00131 0.000366634 0.000366633 4.06808e-194 2.74325e-195 0 0 
-13.2066 0.33377 -0.000122661 -3.56321e-13 0.66623 -0.666226 -3.56321e-13 1.00131 1.00131 0.000367982 0.000367982 3.53334e-194 2.38264e-195 0 0 
-13.2029 0.333772 -0.000123112 -3.60277e-13 0.666228 -0.666225 -3.60277e-13 1.00132 1.00132 0.000369335 0.000369335 6.13988e-195 4.14032e-196 0 0 
-13.1992 0.333773 -0.000123564 -3.64276e-13 0.666227 -0.666223 -3.64276e-13 1.00132 1.00132 0.000370693 0.000370693 -5.1021e-194 -3.4405e-195 -0 -0 
-13.1955 0.333775 -0.000124019 -3.6832e-13 0.666225 -0.666222 -3.6832e-13 1.00132 1.00132 0.000372056 0.000372056 -1.14195e-193 -7.70053e-195 -0 -0 
-13.1918 0.333777 -0.000124475 -3.72409e-13 0.666224 -0.66622 -3.72409e-13 1.00133 1.00133 0.000373424 0.000373424 -1.51766e-193 -1.02341e-194 -0 -0 
-13.1882 0.333778 -0.000124932 -3.76543e-13 0.666222 -0.666218 -3.76543e-13 1.00133 1.00133 0.000374797 0.000374797 -1.32102e-193 -8.90803e-195 -0 -0 
-13.1845 0.33378 -0.000125392 -3.80723e-13 0.66622 -0.666217 -3.80723e-13 1.00134 1.00134 0.000376175 0.000376175 -2.357e-194 -1.58939e-195 -0 -0 
-13.1808 0.333781 -0.000125853 -3.8495e-13 0.666219 -0.666215 -3.8495e-13 1.00134 1.00134 0.000377558 0.000377558 1.89435e-193 1.27741e-194 0 0 
-13.1771 0.333783 -0.000126315 -3.89223e-13 0.666217 -0.666213 -3.89223e-13 1.00135 1.00135 0.000378946 0.000378946 4.2535e-193 2.86825e-194 0 0 
-13.1734 0.333785 -0.00012678 -3.93544e-13 0.666215 -0.666212 -3.93544e-13 1.00135 1.00135 0.00038034 0.000380339 5.66186e-193 3.81793e-194 0 0 
-13.1697 0.333786 -0.000127246 -3.97912e-13 0.666214 -0.66621 -3.97912e-13 1.00136 1.00136 0.000381738 0.000381738 4.93888e-193 3.33041e-194 0 0 
-13.1661 0.333788 -0.000127714 -4.02329e-13 0.666212 -0.666208 -4.02329e-13 1.00136 1.00136 0.000383141 0.000383141 9.04042e-194 6.09617e-195 0 0 
-13.1624 0.33379 -0.000128183 -4.06795e-13 0.66621 -0.666207 -4.06795e-13 1.00137 1.00137 0.00038455 0.00038455 -7.03335e-193 -4.74275e-194 -0 -0 
-13.1587 0.333791 -0.000128655 -4.11311e-13 0.666209 -0.666205 -4.11311e-13 1.00137 1.00137 0.000385964 0.000385964 -1.58432e-192 -1.06834e-193 -0 -0 
-13.155 0.333793 -0.000129128 -4.15877e-13 0.666207 -0.666203 -4.15877e-13 1.00138 1.00138 0.000387383 0.000387383 -2.11222e-192 -1.42432e-193 -0 -0 
-13.1513 0.333795 -0.000129602 -4.20493e-13 0.666205 -0.666202 -4.20493e-13 1.00138 1.00138 0.000388807 0.000388807 -1.84647e-192 -1.24511e-193 -0 -0 
-13.1476 0.333796 -0.000130079 -4.25161e-13 0.666204 -0.6662 -4.25161e-13 1.00139 1.00139 0.000390236 0.000390236 -3.46472e-193 -2.33632e-194 -0 -0 
-13.1439 0.333798 -0.000130557 -4.2988e-13 0.666202 -0.666198 -4.2988e-13 1.00139 1.00139 0.000391671 0.000391671 2.61128e-192 1.76083e-193 0 0 
-13.1403 0.3338 -0.000131037 -4.34652e-13 0.6662 -0.666197 -4.34652e-13 1.0014 1.0014 0.000393111 0.000393111 5.90112e-192 3.97922e-193 0 0 
-13.1366 0.333802 -0.000131519 -4.39477e-13 0.666199 -0.666195 -4.39477e-13 1.0014 1.0014 0.000394556 0.000394556 7.87984e-192 5.3135e-193 0 0 
-13.1329 0.333803 -0.000132002 -4.44355e-13 0.666197 -0.666193 -4.44355e-13 1.00141 1.00141 0.000396006 0.000396006 6.90317e-192 4.65491e-193 0 0 
-13.1292 0.333805 -0.000132487 -4.49288e-13 0.666195 -0.666191 -4.49288e-13 1.00141 1.00141 0.000397462 0.000397462 1.32683e-192 8.94701e-194 0 0 
-13.1255 0.333807 -0.000132974 -4.54275e-13 0.666193 -0.66619 -4.54275e-13 1.00142 1.00142 0.000398923 0.000398923 -9.69466e-192 -6.53724e-193 -0 -0 
-13.1218 0.333808 -0.000133463 -4.59317e-13 0.666192 -0.666188 -4.59317e-13 1.00143 1.00143 0.000400389 0.000400389 -2.19798e-191 -1.48212e-192 -0 -0 
-13.1181 0.33381 -0.000133954 -4.64416e-13 0.66619 -0.666186 -4.64416e-13 1.00143 1.00143 0.000401861 0.000401861 -2.93963e-191 -1.98223e-192 -0 -0 
-13.1145 0.333812 -0.000134446 -4.69571e-13 0.666188 -0.666184 -4.69571e-13 1.00144 1.00144 0.000403338 0.000403338 -2.58077e-191 -1.74024e-192 -0 -0 
-13.1108 0.333814 -0.00013494 -4.74783e-13 0.666186 -0.666183 -4.74783e-13 1.00144 1.00144 0.000404821 0.000404821 -5.0775e-192 -3.42381e-193 -0 -0 
-13.1071 0.333815 -0.000135436 -4.80053e-13 0.666185 -0.666181 -4.80053e-13 1.00145 1.00145 0.000406309 0.000406309 3.59916e-191 2.42695e-192 0 0 
-13.1034 0.333817 -0.000135934 -4.85381e-13 0.666183 -0.666179 -4.85381e-13 1.00145 1.00145 0.000407802 0.000407802 8.1867e-191 5.52036e-192 0 0 
-13.0997 0.333819 -0.000136434 -4.90769e-13 0.666181 -0.666177 -4.90769e-13 1.00146 1.00146 0.000409301 0.000409301 1.09664e-190 7.39474e-192 0 0 
-13.096 0.333821 -0.000136935 -4.96216e-13 0.666179 -0.666175 -4.96216e-13 1.00146 1.00146 0.000410805 0.000410805 9.64816e-191 6.50581e-192 0 0 
-13.0924 0.333823 -0.000137438 -5.01724e-13 0.666178 -0.666174 -5.01724e-13 1.00147 1.00147 0.000412315 0.000412315 1.94172e-191 1.30931e-192 0 0 
-13.0887 0.333824 -0.000137944 -5.07293e-13 0.666176 -0.666172 -5.07293e-13 1.00147 1.00147 0.000413831 0.000413831 -1.33616e-190 -9.00979e-192 -0 -0 
-13.085 0.333826 -0.000138451 -5.12924e-13 0.666174 -0.66617 -5.12924e-13 1.00148 1.00148 0.000415352 0.000415352 -3.04924e-190 -2.05611e-191 -0 -0 
-13.0813 0.333828 -0.000138959 -5.18617e-13 0.666172 -0.666168 -5.18617e-13 1.00148 1.00148 0.000416878 0.000416878 -4.09105e-190 -2.75861e-191 -0 -0 
-13.0776 0.33383 -0.00013947 -5.24373e-13 0.66617 -0.666166 -5.24373e-13 1.00149 1.00149 0.00041841 0.00041841 -3.60689e-190 -2.43213e-191 -0 -0 
-13.0739 0.333832 -0.000139983 -5.30193e-13 0.666169 -0.666165 -5.30193e-13 1.00149 1.00149 0.000419948 0.000419948 -7.42063e-191 -5.00374e-192 -0 -0 
-13.0702 0.333833 -0.000140497 -5.36078e-13 0.666167 -0.666163 -5.36078e-13 1.0015 1.0015 0.000421491 0.000421491 4.96027e-190 3.34471e-191 0 0 
-13.0666 0.333835 -0.000141013 -5.42028e-13 0.666165 -0.666161 -5.42028e-13 1.00151 1.00151 0.00042304 0.00042304 1.13572e-189 7.65813e-191 0 0 
-13.0629 0.333837 -0.000141532 -5.48044e-13 0.666163 -0.666159 -5.48044e-13 1.00151 1.00151 0.000424595 0.000424595 1.52617e-189 1.02909e-190 0 0 
-13.0592 0.333839 -0.000142052 -5.54127e-13 0.666161 -0.666157 -5.54127e-13 1.00152 1.00152 0.000426155 0.000426155 1.34839e-189 9.09217e-191 0 0 
-13.0555 0.333841 -0.000142574 -5.60277e-13 0.666159 -0.666155 -5.60277e-13 1.00152 1.00152 0.000427721 0.000427721 2.83418e-190 1.91107e-191 0 0 
-13.0518 0.333843 -0.000143098 -5.66495e-13 0.666157 -0.666153 -5.66495e-13 1.00153 1.00153 0.000429293 0.000429293 -1.84137e-189 -1.24162e-190 -0 -0 
-13.0481 0.333844 -0.000143623 -5.72783e-13 0.666156 -0.666152 -5.72783e-13 1.00153 1.00153 0.00043087 0.00043087 -4.23006e-189 -2.8523e-190 -0 -0 
-13.0445 0.333846 -0.000144151 -5.7914e-13 0.666154 -0.66615 -5.7914e-13 1.00154 1.00154 0.000432454 0.000432454 -5.69333e-189 -3.83897e-190 -0 -0 
-13.0408 0.333848 -0.000144681 -5.85568e-13 0.666152 -0.666148 -5.85568e-13 1.00154 1.00154 0.000434043 0.000434043 -5.04074e-189 -3.39893e-190 -0 -0 
-13.0371 0.33385 -0.000145213 -5.92067e-13 0.66615 -0.666146 -5.92067e-13 1.00155 1.00155 0.000435638 0.000435638 -1.08182e-189 -7.29464e-191 -0 -0 
-13.0334 0.333852 -0.000145746 -5.98638e-13 0.666148 -0.666144 -5.98638e-13 1.00156 1.00156 0.000437238 0.000437238 6.83541e-189 4.60905e-190 0 0 
-13.0297 0.333854 -0.000146282 -6.05282e-13 0.666146 -0.666142 -6.05282e-13 1.00156 1.00156 0.000438845 0.000438845 1.5755e-188 1.06234e-189 0 0 
-13.026 0.333856 -0.000146819 -6.11999e-13 0.666144 -0.66614 -6.11999e-13 1.00157 1.00157 0.000440457 0.000440457 2.12387e-188 1.4321e-189 0 0 
-13.0223 0.333858 -0.000147359 -6.18792e-13 0.666142 -0.666138 -6.18792e-13 1.00157 1.00157 0.000442076 0.000442076 1.88437e-188 1.2706e-189 0 0 
-13.0187 0.33386 -0.0001479 -6.25659e-13 0.66614 -0.666136 -6.25659e-13 1.00158 1.00158 0.0004437 0.0004437 4.12708e-189 2.78283e-190 0 0 
-13.015 0.333862 -0.000148443 -6.32603e-13 0.666139 -0.666134 -6.32603e-13 1.00158 1.00158 0.00044533 0.00044533 -2.53733e-188 -1.71088e-189 -0 -0 
-13.0113 0.333863 -0.000148989 -6.39624e-13 0.666137 -0.666132 -6.39624e-13 1.00159 1.00159 0.000446966 0.000446966 -5.86797e-188 -3.95668e-189 -0 -0 
-13.0076 0.333865 -0.000149536 -6.46722e-13 0.666135 -0.66613 -6.46722e-13 1.0016 1.0016 0.000448609 0.000448608 -7.92296e-188 -5.34231e-189 -0 -0 
-13.0039 0.333867 -0.000150086 -6.539e-13 0.666133 -0.666128 -6.539e-13 1.0016 1.0016 0.000450257 0.000450257 -7.0442e-188 -4.74977e-189 -0 -0 
-13.0002 0.333869 -0.000150637 -6.61157e-13 0.666131 -0.666126 -6.61157e-13 1.00161 1.00161 0.000451911 0.000451911 -1.57361e-188 -1.06105e-189 -0 -0 
-12.9965 0.333871 -0.00015119 -6.68494e-13 0.666129 -0.666125 -6.68494e-13 1.00161 1.00161 0.000453571 0.000453571 9.41841e-188 6.35064e-189 0 0 
-12.9929 0.333873 -0.000151746 -6.75913e-13 0.666127 -0.666123 -6.75913e-13 1.00162 1.00162 0.000455237 0.000455237 2.18552e-187 1.47365e-188 0 0 
-12.9892 0.333875 -0.000152303 -6.83414e-13 0.666125 -0.666121 -6.83414e-13 1.00163 1.00163 0.00045691 0.00045691 2.95559e-187 1.99289e-188 0 0 
-12.9855 0.333877 -0.000152863 -6.90998e-13 0.666123 -0.666119 -6.90998e-13 1.00163 1.00163 0.000458588 0.000458588 2.63325e-187 1.77554e-188 0 0 
-12.9818 0.333879 -0.000153424 -6.98667e-13 0.666121 -0.666117 -6.98667e-13 1.00164 1.00164 0.000460273 0.000460273 5.99691e-188 4.04357e-189 0 0 
-12.9781 0.333881 -0.000153988 -7.0642e-13 0.666119 -0.666115 -7.0642e-13 1.00164 1.00164 0.000461964 0.000461964 -3.49596e-187 -2.35724e-188 -0 -0 
-12.9744 0.333883 -0.000154554 -7.1426e-13 0.666117 -0.666113 -7.1426e-13 1.00165 1.00165 0.000463661 0.000463661 -8.13986e-187 -5.48849e-188 -0 -0 
-12.9708 0.333885 -0.000155121 -7.22186e-13 0.666115 -0.66611 -7.22186e-13 1.00166 1.00166 0.000465364 0.000465364 -1.10255e-186 -7.43418e-188 -0 -0 
-12.9671 0.333887 -0.000155691 -7.30201e-13 0.666113 -0.666108 -7.30201e-13 1.00166 1.00166 0.000467073 0.000467073 -9.84343e-187 -6.63714e-188 -0 -0 
-12.9634 0.333889 -0.000156263 -7.38304e-13 0.666111 -0.666106 -7.38304e-13 1.00167 1.00167 0.000468789 0.000468789 -2.28426e-187 -1.54021e-188 -0 -0 
-12.9597 0.333891 -0.000156837 -7.46497e-13 0.666109 -0.666104 -7.46497e-13 1.00167 1.00167 0.000470511 0.000470511 1.29761e-186 8.74938e-188 0 0 
-12.956 0.333893 -0.000157413 -7.54781e-13 0.666107 -0.666102 -7.54781e-13 1.00168 1.00168 0.000472239 0.000472239 3.03163e-186 2.04413e-187 0 0 
-12.9523 0.333895 -0.000157991 -7.63157e-13 0.666105 -0.6661 -7.63157e-13 1.00169 1.00169 0.000473974 0.000473973 4.11291e-186 2.7732e-187 0 0 
-12.9486 0.333897 -0.000158571 -7.71626e-13 0.666103 -0.666098 -7.71626e-13 1.00169 1.00169 0.000475714 0.000475714 3.67955e-186 2.481e-187 0 0 
-12.945 0.3339 -0.000159154 -7.80189e-13 0.666101 -0.666096 -7.80189e-13 1.0017 1.0017 0.000477462 0.000477462 8.69684e-187 5.86397e-188 0 0 
-12.9413 0.333902 -0.000159738 -7.88846e-13 0.666099 -0.666094 -7.88846e-13 1.0017 1.0017 0.000479215 0.000479215 -4.81626e-186 -3.24743e-187 -0 -0 
-12.9376 0.333904 -0.000160325 -7.976e-13 0.666096 -0.666092 -7.976e-13 1.00171 1.00171 0.000480975 0.000480975 -1.1291e-185 -7.6131e-187 -0 -0 
-12.9339 0.333906 -0.000160914 -8.06451e-13 0.666094 -0.66609 -8.06451e-13 1.00172 1.00172 0.000482742 0.000482742 -1.53425e-185 -1.03449e-186 -0 -0 
-12.9302 0.333908 -0.000161505 -8.154e-13 0.666092 -0.666088 -8.154e-13 1.00172 1.00172 0.000484515 0.000484515 -1.37543e-185 -9.27397e-187 -0 -0 
-12.9265 0.33391 -0.000162098 -8.24448e-13 0.66609 -0.666086 -8.24448e-13 1.00173 1.00173 0.000486294 0.000486294 -3.30964e-186 -2.23156e-187 -0 -0 
-12.9229 0.333912 -0.000162693 -8.33596e-13 0.666088 -0.666083 -8.33596e-13 1.00174 1.00174 0.00048808 0.00048808 1.78757e-185 1.20528e-186 0 0 
-12.9192 0.333914 -0.000163291 -8.42846e-13 0.666086 -0.666081 -8.42846e-13 1.00174 1.00174 0.000489872 0.000489872 4.20518e-185 2.83538e-186 0 0 
-12.9155 0.333916 -0.00016389 -8.52199e-13 0.666084 -0.666079 -8.52199e-13 1.00175 1.00175 0.000491671 0.000491671 5.72326e-185 3.85894e-186 0 0 
-12.9118 0.333918 -0.000164492 -8.61655e-13 0.666082 -0.666077 -8.61655e-13 1.00176 1.00176 0.000493477 0.000493477 5.14134e-185 3.46657e-186 0 0 
-12.9081 0.333921 -0.000165096 -8.71216e-13 0.66608 -0.666075 -8.71216e-13 1.00176 1.00176 0.000495289 0.000495289 1.25897e-185 8.48863e-187 0 0 
-12.9044 0.333923 -0.000165703 -8.80884e-13 0.666077 -0.666073 -8.80884e-13 1.00177 1.00177 0.000497108 0.000497108 -6.63444e-185 -4.47329e-186 -0 -0 
-12.9007 0.333925 -0.000166311 -8.90658e-13 0.666075 -0.666071 -8.90658e-13 1.00177 1.00177 0.000498933 0.000498933 -1.56615e-184 -1.05598e-185 -0 -0 
-12.8971 0.333927 -0.000166922 -9.00541e-13 0.666073 -0.666068 -9.00541e-13 1.00178 1.00178 0.000500765 0.000500765 -2.13494e-184 -1.43949e-185 -0 -0 
-12.8934 0.333929 -0.000167535 -9.10533e-13 0.666071 -0.666066 -9.10533e-13 1.00179 1.00179 0.000502604 0.000502604 -1.9218e-184 -1.29577e-185 -0 -0 
-12.8897 0.333931 -0.00016815 -9.20636e-13 0.666069 -0.666064 -9.20636e-13 1.00179 1.00179 0.000504449 0.000504449 -4.78705e-185 -3.22766e-186 -0 -0 
-12.886 0.333934 -0.000168767 -9.30852e-13 0.666067 -0.666062 -9.30852e-13 1.0018 1.0018 0.000506301 0.000506301 2.46226e-184 1.66017e-185 0 0 
-12.8823 0.333936 -0.000169387 -9.4118e-13 0.666064 -0.66606 -9.4118e-13 1.00181 1.00181 0.00050816 0.00050816 5.83285e-184 3.93277e-185 0 0 
-12.8786 0.333938 -0.000170009 -9.51623e-13 0.666062 -0.666057 -9.51623e-13 1.00181 1.00181 0.000510026 0.000510026 7.96392e-184 5.36963e-185 0 0 
-12.8749 0.33394 -0.000170633 -9.62182e-13 0.66606 -0.666055 -9.62182e-13 1.00182 1.00182 0.000511899 0.000511899 7.18347e-184 4.84341e-185 0 0 
-12.8713 0.333942 -0.000171259 -9.72858e-13 0.666058 -0.666053 -9.72858e-13 1.00183 1.00183 0.000513778 0.000513778 1.81949e-184 1.22677e-185 0 0 
-12.8676 0.333945 -0.000171888 -9.83652e-13 0.666056 -0.666051 -9.83652e-13 1.00183 1.00183 0.000515664 0.000515664 -9.13799e-184 -6.1612e-185 -0 -0 
-12.8639 0.333947 -0.000172519 -9.94566e-13 0.666053 -0.666048 -9.94566e-13 1.00184 1.00184 0.000517557 0.000517557 -2.17232e-183 -1.46466e-184 -0 -0 
-12.8602 0.333949 -0.000173152 -1.0056e-12 0.666051 -0.666046 -1.0056e-12 1.00185 1.00185 0.000519458 0.000519457 -2.97074e-183 -2.00299e-184 -0 -0 
-12.8565 0.333951 -0.000173788 -1.01676e-12 0.666049 -0.666044 -1.01676e-12 1.00185 1.00185 0.000521365 0.000521364 -2.68507e-183 -1.81037e-184 -0 -0 
-12.8528 0.333954 -0.000174426 -1.02804e-12 0.666047 -0.666042 -1.02804e-12 1.00186 1.00186 0.000523278 0.000523278 -6.91296e-184 -4.66097e-185 -0 -0 
-12.8492 0.333956 -0.000175066 -1.03945e-12 0.666044 -0.666039 -1.03945e-12 1.00187 1.00187 0.000525199 0.000525199 3.39121e-183 2.28647e-184 0 0 
-12.8455 0.333958 -0.000175709 -1.05098e-12 0.666042 -0.666037 -1.05098e-12 1.00187 1.00187 0.000527127 0.000527127 8.09026e-183 5.45473e-184 0 0 
-12.8418 0.33396 -0.000176354 -1.06264e-12 0.66604 -0.666035 -1.06264e-12 1.00188 1.00188 0.000529062 0.000529062 1.10815e-182 7.47154e-184 0 0 
-12.8381 0.333963 -0.000177001 -1.07443e-12 0.666037 -0.666032 -1.07443e-12 1.00189 1.00189 0.000531004 0.000531004 1.00362e-182 6.76675e-184 0 0 
-12.8344 0.333965 -0.000177651 -1.08635e-12 0.666035 -0.66603 -1.08635e-12 1.0019 1.0019 0.000532954 0.000532953 2.62554e-183 1.77022e-184 0 0 
-12.8307 0.333967 -0.000178303 -1.0984e-12 0.666033 -0.666028 -1.0984e-12 1.0019 1.0019 0.00053491 0.00053491 -1.25848e-182 -8.48505e-184 -0 -0 
-12.827 0.33397 -0.000178958 -1.11059e-12 0.666031 -0.666025 -1.11059e-12 1.00191 1.00191 0.000536873 0.000536873 -3.013e-182 -2.03145e-183 -0 -0 
-12.8234 0.333972 -0.000179615 -1.12291e-12 0.666028 -0.666023 -1.12291e-12 1.00192 1.00192 0.000538844 0.000538844 -4.13364e-182 -2.78701e-183 -0 -0 
-12.8197 0.333974 -0.000180274 -1.13537e-12 0.666026 -0.666021 -1.13537e-12 1.00192 1.00192 0.000540822 0.000540821 -3.7513e-182 -2.52922e-183 -0 -0 
-12.816 0.333977 -0.000180935 -1.14796e-12 0.666024 -0.666018 -1.14796e-12 1.00193 1.00193 0.000542807 0.000542806 -9.9683e-183 -6.72087e-184 -0 -0 
-12.8123 0.333979 -0.0001816 -1.1607e-12 0.666021 -0.666016 -1.1607e-12 1.00194 1.00194 0.000544799 0.000544799 4.6701e-182 3.14869e-183 0 0 
-12.8086 0.333981 -0.000182266 -1.17358e-12 0.666019 -0.666014 -1.17358e-12 1.00194 1.00194 0.000546798 0.000546798 1.1221e-181 7.56543e-183 0 0 
-12.8049 0.333984 -0.000182935 -1.1866e-12 0.666016 -0.666011 -1.1866e-12 1.00195 1.00195 0.000548805 0.000548805 1.54192e-181 1.0396e-182 0 0 
-12.8012 0.333986 -0.000183606 -1.19976e-12 0.666014 -0.666009 -1.19976e-12 1.00196 1.00196 0.000550819 0.000550819 1.40212e-181 9.45338e-183 0 0 
-12.7976 0.333988 -0.00018428 -1.21307e-12 0.666012 -0.666006 -1.21307e-12 1.00197 1.00197 0.000552841 0.00055284 3.78334e-182 2.55079e-183 0 0 
-12.7939 0.333991 -0.000184956 -1.22653e-12 0.666009 -0.666004 -1.22653e-12 1.00197 1.00197 0.000554869 0.000554869 -1.73298e-181 -1.1684e-182 -0 -0 
-12.7902 0.333993 -0.000185635 -1.24014e-12 0.666007 -0.666002 -1.24014e-12 1.00198 1.00198 0.000556906 0.000556905 -4.17888e-181 -2.81747e-182 -0 -0 
-12.7865 0.333996 -0.000186316 -1.25389e-12 0.666004 -0.665999 -1.25389e-12 1.00199 1.00199 0.000558949 0.000558949 -5.75162e-181 -3.87782e-182 -0 -0 
-12.7828 0.333998 -0.000187 -1.2678e-12 0.666002 -0.665997 -1.2678e-12 1.00199 1.00199 0.000561 0.000561 -5.24065e-181 -3.53331e-182 -0 -0 
-12.7791 0.334001 -0.000187686 -1.28187e-12 0.666 -0.665994 -1.28187e-12 1.002 1.002 0.000563059 0.000563059 -1.43544e-181 -9.67793e-183 -0 -0 
-12.7755 0.334003 -0.000188375 -1.29609e-12 0.665997 -0.665992 -1.29609e-12 1.00201 1.00201 0.000565125 0.000565125 6.43052e-181 4.33552e-182 0 0 
-12.7718 0.334005 -0.000189066 -1.31047e-12 0.665995 -0.665989 -1.31047e-12 1.00202 1.00202 0.000567199 0.000567199 1.55627e-180 1.04925e-181 0 0 
-12.7681 0.334008 -0.00018976 -1.32501e-12 0.665992 -0.665987 -1.32501e-12 1.00202 1.00202 0.00056928 0.00056928 2.14543e-180 1.44647e-181 0 0 
-12.7644 0.33401 -0.000190456 -1.3397e-12 0.66599 -0.665984 -1.3397e-12 1.00203 1.00203 0.000571369 0.000571369 1.95875e-180 1.3206e-181 0 0 
-12.7607 0.334013 -0.000191155 -1.35457e-12 0.665987 -0.665982 -1.35457e-12 1.00204 1.00204 0.000573465 0.000573465 5.44452e-181 3.67072e-182 0 0 
-12.757 0.334015 -0.000191856 -1.36959e-12 0.665985 -0.665979 -1.36959e-12 1.00205 1.00205 0.000575569 0.000575569 -2.38609e-180 -1.60871e-181 -0 -0 
-12.7533 0.334018 -0.00019256 -1.38478e-12 0.665982 -0.665977 -1.38478e-12 1.00205 1.00205 0.000577681 0.000577681 -5.79573e-180 -3.9075e-181 -0 -0 
-12.7497 0.33402 -0.000193267 -1.40015e-12 0.66598 -0.665974 -1.40015e-12 1.00206 1.00206 0.0005798 0.0005798 -8.00271e-180 -5.39543e-181 -0 -0 
-12.746 0.334023 -0.000193976 -1.41568e-12 0.665977 -0.665972 -1.41568e-12 1.00207 1.00207 0.000581927 0.000581927 -7.32096e-180 -4.93579e-181 -0 -0 
-12.7423 0.334025 -0.000194687 -1.43138e-12 0.665975 -0.665969 -1.43138e-12 1.00208 1.00208 0.000584062 0.000584062 -2.06443e-180 -1.39183e-181 -0 -0 
-12.7386 0.334028 -0.000195402 -1.44726e-12 0.665972 -0.665967 -1.44726e-12 1.00208 1.00208 0.000586205 0.000586205 8.85349e-180 5.96899e-181 0 0 
-12.7349 0.33403 -0.000196118 -1.46331e-12 0.66597 -0.665964 -1.46331e-12 1.00209 1.00209 0.000588355 0.000588355 2.15838e-179 1.45517e-180 0 0 
-12.7312 0.334033 -0.000196838 -1.47955e-12 0.665967 -0.665962 -1.47955e-12 1.0021 1.0021 0.000590514 0.000590514 2.98508e-179 2.01253e-180 0 0 
-12.7276 0.334035 -0.00019756 -1.49596e-12 0.665965 -0.665959 -1.49596e-12 1.00211 1.00211 0.00059268 0.00059268 2.73622e-179 1.84474e-180 0 0 
-12.7239 0.334038 -0.000198285 -1.51255e-12 0.665962 -0.665957 -1.51255e-12 1.00211 1.00211 0.000594854 0.000594854 7.82549e-180 5.27588e-181 0 0 
-12.7202 0.334041 -0.000199012 -1.52933e-12 0.66596 -0.665954 -1.52933e-12 1.00212 1.00212 0.000597036 0.000597036 -3.28495e-179 -2.21468e-180 -0 -0 
-12.7165 0.334043 -0.000199742 -1.54629e-12 0.665957 -0.665951 -1.54629e-12 1.00213 1.00213 0.000599226 0.000599226 -8.0379e-179 -5.41906e-180 -0 -0 
-12.7128 0.334046 -0.000200475 -1.56344e-12 0.665954 -0.665949 -1.56344e-12 1.00214 1.00214 0.000601424 0.000601424 -1.11346e-178 -7.50679e-180 -0 -0 
-12.7091 0.334048 -0.00020121 -1.58079e-12 0.665952 -0.665946 -1.58079e-12 1.00215 1.00215 0.00060363 0.00060363 -1.02266e-178 -6.89461e-180 -0 -0 
-12.7054 0.334051 -0.000201948 -1.59832e-12 0.665949 -0.665944 -1.59832e-12 1.00215 1.00215 0.000605844 0.000605844 -2.96551e-179 -1.9993e-180 -0 -0 
-12.7018 0.334054 -0.000202689 -1.61605e-12 0.665947 -0.665941 -1.61605e-12 1.00216 1.00216 0.000608066 0.000608066 1.21879e-178 8.21689e-180 0 0 
-12.6981 0.334056 -0.000203432 -1.63397e-12 0.665944 -0.665938 -1.63397e-12 1.00217 1.00217 0.000610296 0.000610296 2.99333e-178 2.01805e-179 0 0 
-12.6944 0.334059 -0.000204178 -1.6521e-12 0.665941 -0.665936 -1.6521e-12 1.00218 1.00218 0.000612535 0.000612534 4.15325e-178 2.80004e-179 0 0 
-12.6907 0.334061 -0.000204927 -1.67042e-12 0.665939 -0.665933 -1.67042e-12 1.00218 1.00218 0.000614781 0.000614781 3.8221e-178 2.57678e-179 0 0 
-12.687 0.334064 -0.000205679 -1.68895e-12 0.665936 -0.66593 -1.68895e-12 1.00219 1.00219 0.000617036 0.000617036 1.12348e-178 7.57428e-180 0 0 
-12.6833 0.334067 -0.000206433 -1.70768e-12 0.665933 -0.665928 -1.70768e-12 1.0022 1.0022 0.000619299 0.000619298 -4.52185e-178 -3.04853e-179 -0 -0 
-12.6796 0.334069 -0.00020719 -1.72662e-12 0.665931 -0.665925 -1.72662e-12 1.00221 1.00221 0.00062157 0.000621569 -1.11471e-177 -7.51512e-179 -0 -0 
-12.676 0.334072 -0.00020795 -1.74577e-12 0.665928 -0.665922 -1.74577e-12 1.00222 1.00222 0.000623849 0.000623849 -1.54917e-177 -1.04441e-178 -0 -0 
-12.6723 0.334075 -0.000208712 -1.76513e-12 0.665925 -0.665919 -1.76513e-12 1.00222 1.00222 0.000626137 0.000626137 -1.42847e-177 -9.63033e-179 -0 -0 
-12.6686 0.334078 -0.000209478 -1.78471e-12 0.665923 -0.665917 -1.78471e-12 1.00223 1.00223 0.000628433 0.000628433 -4.25518e-178 -2.86872e-179 -0 -0 
-12.6649 0.33408 -0.000210246 -1.8045e-12 0.66592 -0.665914 -1.8045e-12 1.00224 1.00224 0.000630737 0.000630737 1.67761e-177 1.13099e-178 0 0 
-12.6612 0.334083 -0.000211017 -1.82452e-12 0.665917 -0.665911 -1.82452e-12 1.00225 1.00225 0.00063305 0.00063305 4.15115e-177 2.79857e-178 0 0 
-12.6575 0.334086 -0.00021179 -1.84475e-12 0.665914 -0.665908 -1.84475e-12 1.00226 1.00226 0.000635371 0.000635371 5.77841e-177 3.89561e-178 0 0 
-12.6539 0.334088 -0.000212567 -1.86521e-12 0.665912 -0.665906 -1.86521e-12 1.00227 1.00227 0.000637701 0.0006377 5.33867e-177 3.59914e-178 0 0 
-12.6502 0.334091 -0.000213346 -1.8859e-12 0.665909 -0.665903 -1.8859e-12 1.00227 1.00227 0.000640039 0.000640039 1.61123e-177 1.08623e-178 0 0 
-12.6465 0.334094 -0.000214128 -1.90681e-12 0.665906 -0.6659 -1.90681e-12 1.00228 1.00228 0.000642385 0.000642385 -6.22372e-177 -4.19579e-178 -0 -0 
-12.6428 0.334097 -0.000214913 -1.92796e-12 0.665903 -0.665897 -1.92796e-12 1.00229 1.00229 0.000644741 0.00064474 -1.54586e-176 -1.04216e-177 -0 -0 
-12.6391 0.3341 -0.000215701 -1.94934e-12 0.665901 -0.665895 -1.94934e-12 1.0023 1.0023 0.000647104 0.000647104 -2.15533e-176 -1.45304e-177 -0 -0 
-12.6354 0.334102 -0.000216492 -1.97096e-12 0.665898 -0.665892 -1.97096e-12 1.00231 1.00231 0.000649477 0.000649477 -1.99522e-176 -1.34509e-177 -0 -0 
-12.6317 0.334105 -0.000217286 -1.99282e-12 0.665895 -0.665889 -1.99282e-12 1.00232 1.00232 0.000651858 0.000651858 -6.09939e-177 -4.11194e-178 -0 -0 
-12.6281 0.334108 -0.000218082 -2.01492e-12 0.665892 -0.665886 -2.01492e-12 1.00232 1.00232 0.000654247 0.000654247 2.30885e-176 1.55652e-177 0 0 
-12.6244 0.334111 -0.000218882 -2.03727e-12 0.665889 -0.665883 -2.03727e-12 1.00233 1.00233 0.000656646 0.000656646 5.75663e-176 3.88085e-177 0 0 
-12.6207 0.334114 -0.000219684 -2.05986e-12 0.665887 -0.66588 -2.05986e-12 1.00234 1.00234 0.000659053 0.000659053 8.0393e-176 5.4197e-177 0 0 
-12.617 0.334116 -0.000220489 -2.0827e-12 0.665884 -0.665878 -2.0827e-12 1.00235 1.00235 0.000661469 0.000661468 7.45663e-176 5.02688e-177 0 0 
-12.6133 0.334119 -0.000221298 -2.1058e-12 0.665881 -0.665875 -2.1058e-12 1.00236 1.00236 0.000663893 0.000663893 2.3084e-176 1.5562e-177 0 0 
-12.6096 0.334122 -0.000222109 -2.12915e-12 0.665878 -0.665872 -2.12915e-12 1.00237 1.00237 0.000666327 0.000666327 -8.56501e-176 -5.77407e-177 -0 -0 
-12.606 0.334125 -0.000222923 -2.15276e-12 0.665875 -0.665869 -2.15276e-12 1.00238 1.00238 0.000668769 0.000668769 -2.1437e-175 -1.44516e-176 -0 -0 
-12.6023 0.334128 -0.00022374 -2.17664e-12 0.665872 -0.665866 -2.17664e-12 1.00238 1.00238 0.00067122 0.00067122 -2.9986e-175 -2.02149e-176 -0 -0 
-12.5986 0.334131 -0.00022456 -2.20077e-12 0.665869 -0.665863 -2.20077e-12 1.00239 1.00239 0.000673681 0.00067368 -2.7867e-175 -1.87863e-176 -0 -0 
-12.5949 0.334134 -0.000225383 -2.22518e-12 0.665866 -0.66586 -2.22518e-12 1.0024 1.0024 0.00067615 0.000676149 -8.73438e-176 -5.8882e-177 -0 -0 
-12.5912 0.334137 -0.000226209 -2.24985e-12 0.665864 -0.665857 -2.24985e-12 1.00241 1.00241 0.000678628 0.000678627 3.17721e-175 2.14188e-176 0 0 
-12.5875 0.33414 -0.000227038 -2.2748e-12 0.665861 -0.665854 -2.2748e-12 1.00242 1.00242 0.000681115 0.000681115 7.98278e-175 5.38149e-176 0 0 
-12.5838 0.334143 -0.00022787 -2.30003e-12 0.665858 -0.665851 -2.30003e-12 1.00243 1.00243 0.000683611 0.000683611 1.11845e-174 7.53989e-176 0 0 
-12.5802 0.334145 -0.000228705 -2.32553e-12 0.665855 -0.665848 -2.32553e-12 1.00244 1.00244 0.000686116 0.000686116 1.04143e-174 7.02066e-176 0 0 
-12.5765 0.334148 -0.000229543 -2.35132e-12 0.665852 -0.665845 -2.35132e-12 1.00245 1.00245 0.00068863 0.00068863 3.30411e-175 2.22741e-176 0 0 
-12.5728 0.334151 -0.000230385 -2.37739e-12 0.665849 -0.665842 -2.37739e-12 1.00245 1.00245 0.000691154 0.000691154 -1.17855e-174 -7.94499e-176 -0 -0 
-12.5691 0.334154 -0.000231229 -2.40375e-12 0.665846 -0.665839 -2.40375e-12 1.00246 1.00246 0.000693687 0.000693686 -2.97264e-174 -2.00394e-175 -0 -0 
-12.5654 0.334157 -0.000232076 -2.43041e-12 0.665843 -0.665836 -2.43041e-12 1.00247 1.00247 0.000696229 0.000696228 -4.1717e-174 -2.81226e-175 -0 -0 
-12.5617 0.33416 -0.000232926 -2.45735e-12 0.66584 -0.665833 -2.45735e-12 1.00248 1.00248 0.00069878 0.000698779 -3.89196e-174 -2.62368e-175 -0 -0 
-12.558 0.334163 -0.00023378 -2.4846e-12 0.665837 -0.66583 -2.4846e-12 1.00249 1.00249 0.00070134 0.00070134 -1.24963e-174 -8.42404e-176 -0 -0 
-12.5544 0.334166 -0.000234636 -2.51215e-12 0.665834 -0.665827 -2.51215e-12 1.0025 1.0025 0.00070391 0.000703909 4.37157e-174 2.94698e-175 0 0 
-12.5507 0.334169 -0.000235496 -2.54001e-12 0.665831 -0.665824 -2.54001e-12 1.00251 1.00251 0.000706489 0.000706489 1.10695e-173 7.46216e-175 0 0 
-12.547 0.334172 -0.000236359 -2.56817e-12 0.665828 -0.665821 -2.56817e-12 1.00252 1.00252 0.000709077 0.000709077 1.55599e-173 1.04892e-174 0 0 
-12.5433 0.334176 -0.000237225 -2.59664e-12 0.665825 -0.665818 -2.59664e-12 1.00253 1.00253 0.000711675 0.000711675 1.45446e-173 9.80476e-175 0 0 
-12.5396 0.334179 -0.000238094 -2.62544e-12 0.665822 -0.665815 -2.62544e-12 1.00254 1.00254 0.000714282 0.000714282 4.72511e-174 3.18528e-175 0 0 
-12.5359 0.334182 -0.000238966 -2.65455e-12 0.665819 -0.665812 -2.65455e-12 1.00254 1.00254 0.000716899 0.000716899 -1.62148e-173 -1.09307e-174 -0 -0 
-12.5323 0.334185 -0.000239842 -2.68398e-12 0.665816 -0.665809 -2.68398e-12 1.00255 1.00255 0.000719525 0.000719525 -4.12199e-173 -2.77869e-174 -0 -0 
-12.5286 0.334188 -0.00024072 -2.71374e-12 0.665812 -0.665806 -2.71374e-12 1.00256 1.00256 0.000722161 0.000722161 -5.8036e-173 -3.91228e-174 -0 -0 
-12.5249 0.334191 -0.000241602 -2.74382e-12 0.665809 -0.665802 -2.74382e-12 1.00257 1.00257 0.000724807 0.000724806 -5.43535e-173 -3.66403e-174 -0 -0 
-12.5212 0.334194 -0.000242487 -2.77424e-12 0.665806 -0.665799 -2.77424e-12 1.00258 1.00258 0.000727462 0.000727461 -1.78629e-173 -1.20416e-174 -0 -0 
-12.5175 0.334197 -0.000243375 -2.805e-12 0.665803 -0.665796 -2.805e-12 1.00259 1.00259 0.000730126 0.000730126 6.01411e-173 4.05415e-174 0 0 
-12.5138 0.3342 -0.000244267 -2.8361e-12 0.6658 -0.665793 -2.8361e-12 1.0026 1.0026 0.000732801 0.0007328 1.53491e-172 1.03469e-173 0 0 
-12.5101 0.334204 -0.000245161 -2.86754e-12 0.665797 -0.66579 -2.86754e-12 1.00261 1.00261 0.000735485 0.000735484 2.16464e-172 1.45919e-173 0 0 
-12.5065 0.334207 -0.000246059 -2.89934e-12 0.665794 -0.665787 -2.89934e-12 1.00262 1.00262 0.000738179 0.000738178 2.03119e-172 1.36923e-173 0 0 
-12.5028 0.33421 -0.000246961 -2.93148e-12 0.66579 -0.665783 -2.93148e-12 1.00263 1.00263 0.000740882 0.000740882 6.75157e-173 4.55124e-174 0 0 
-12.4991 0.334213 -0.000247865 -2.96398e-12 0.665787 -0.66578 -2.96398e-12 1.00264 1.00264 0.000743596 0.000743595 -2.23057e-172 -1.50362e-173 -0 -0 
-12.4954 0.334216 -0.000248773 -2.99684e-12 0.665784 -0.665777 -2.99684e-12 1.00265 1.00265 0.000746319 0.000746319 -5.71554e-172 -3.85283e-173 -0 -0 
-12.4917 0.334219 -0.000249684 -3.03006e-12 0.665781 -0.665774 -3.03006e-12 1.00266 1.00266 0.000749052 0.000749052 -8.07367e-172 -5.44242e-173 -0 -0 
-12.488 0.334223 -0.000250598 -3.06366e-12 0.665778 -0.66577 -3.06366e-12 1.00267 1.00267 0.000751795 0.000751795 -7.59044e-172 -5.11666e-173 -0 -0 
-12.4844 0.334226 -0.000251516 -3.09762e-12 0.665774 -0.665767 -3.09762e-12 1.00268 1.00268 0.000754548 0.000754548 -2.55136e-172 -1.71985e-173 -0 -0 
-12.4807 0.334229 -0.000252437 -3.13196e-12 0.665771 -0.665764 -3.13196e-12 1.00269 1.00269 0.000757312 0.000757311 8.27267e-172 5.57652e-173 0 0 
-12.477 0.334232 -0.000253361 -3.16668e-12 0.665768 -0.665761 -3.16668e-12 1.0027 1.0027 0.000760085 0.000760084 2.12827e-171 1.43464e-172 0 0 
-12.4733 0.334236 -0.000254289 -3.20179e-12 0.665765 -0.665757 -3.20179e-12 1.00271 1.00271 0.000762868 0.000762868 3.0113e-171 2.02987e-172 0 0 
-12.4696 0.334239 -0.00025522 -3.23728e-12 0.665761 -0.665754 -3.23728e-12 1.00272 1.00272 0.000765661 0.000765661 2.83648e-171 1.91202e-172 0 0 
-12.4659 0.334242 -0.000256155 -3.27317e-12 0.665758 -0.665751 -3.27317e-12 1.00273 1.00273 0.000768465 0.000768464 9.63949e-172 6.49781e-173 0 0 
-12.4622 0.334246 -0.000257093 -3.30945e-12 0.665755 -0.665747 -3.30945e-12 1.00274 1.00274 0.000771278 0.000771278 -3.06803e-171 -2.0681e-172 -0 -0 
-12.4586 0.334249 -0.000258034 -3.34614e-12 0.665751 -0.665744 -3.34614e-12 1.00275 1.00275 0.000774102 0.000774102 -7.9249e-171 -5.34201e-172 -0 -0 
-12.4549 0.334252 -0.000258979 -3.38323e-12 0.665748 -0.665741 -3.38323e-12 1.00276 1.00276 0.000776936 0.000776936 -1.12314e-170 -7.57083e-172 -0 -0 
-12.4512 0.334256 -0.000259927 -3.42073e-12 0.665745 -0.665737 -3.42073e-12 1.00277 1.00277 0.000779781 0.00077978 -1.05995e-170 -7.14488e-172 -0 -0 
-12.4475 0.334259 -0.000260878 -3.45865e-12 0.665741 -0.665734 -3.45865e-12 1.00278 1.00278 0.000782635 0.000782635 -3.64129e-171 -2.4545e-172 -0 -0 
-12.4438 0.334262 -0.000261833 -3.49699e-12 0.665738 -0.665731 -3.49699e-12 1.00279 1.00279 0.0007855 0.0007855 1.13778e-170 7.66946e-172 0 0 
-12.4401 0.334266 -0.000262792 -3.53575e-12 0.665735 -0.665727 -3.53575e-12 1.0028 1.0028 0.000788376 0.000788376 2.95091e-170 1.98912e-171 0 0 
-12.4364 0.334269 -0.000263754 -3.57495e-12 0.665731 -0.665724 -3.57495e-12 1.00281 1.00281 0.000791262 0.000791261 4.18901e-170 2.82368e-171 0 0 
-12.4328 0.334272 -0.000264719 -3.61457e-12 0.665728 -0.66572 -3.61457e-12 1.00282 1.00282 0.000794158 0.000794158 3.96085e-170 2.66988e-171 0 0 
-12.4291 0.334276 -0.000265688 -3.65464e-12 0.665724 -0.665717 -3.65464e-12 1.00283 1.00283 0.000797065 0.000797065 1.37524e-170 9.26998e-172 0 0 
-12.4254 0.334279 -0.000266661 -3.69515e-12 0.665721 -0.665713 -3.69515e-12 1.00284 1.00284 0.000799983 0.000799982 -4.21931e-170 -2.84408e-171 -0 -0 
-12.4217 0.334283 -0.000267637 -3.73611e-12 0.665718 -0.66571 -3.73611e-12 1.00285 1.00285 0.000802911 0.00080291 -1.09879e-169 -7.40654e-171 -0 -0 
-12.418 0.334286 -0.000268616 -3.77752e-12 0.665714 -0.665707 -3.77752e-12 1.00286 1.00286 0.000805849 0.000805849 -1.56238e-169 -1.05314e-170 -0 -0 
-12.4143 0.33429 -0.000269599 -3.81939e-12 0.665711 -0.665703 -3.81939e-12 1.00287 1.00287 0.000808799 0.000808798 -1.48008e-169 -9.97662e-171 -0 -0 
-12.4107 0.334293 -0.000270586 -3.86172e-12 0.665707 -0.6657 -3.86172e-12 1.00288 1.00288 0.000811759 0.000811758 -5.19304e-170 -3.5004e-171 -0 -0 
-12.407 0.334297 -0.000271576 -3.90452e-12 0.665704 -0.665696 -3.90452e-12 1.00289 1.00289 0.00081473 0.000814729 1.56462e-169 1.05464e-170 0 0 
-12.4033 0.3343 -0.00027257 -3.9478e-12 0.6657 -0.665692 -3.9478e-12 1.0029 1.0029 0.000817711 0.000817711 4.09139e-169 2.75781e-170 0 0 
-12.3996 0.334304 -0.000273568 -3.99155e-12 0.665697 -0.665689 -3.99155e-12 1.00291 1.00291 0.000820703 0.000820703 5.82718e-169 3.92781e-170 0 0 
-12.3959 0.334307 -0.000274569 -4.03579e-12 0.665693 -0.665685 -4.03579e-12 1.00292 1.00292 0.000823707 0.000823706 5.53069e-169 3.72795e-170 0 0 
-12.3922 0.334311 -0.000275573 -4.08052e-12 0.66569 -0.665682 -4.08052e-12 1.00293 1.00293 0.000826721 0.00082672 1.96061e-169 1.32154e-170 0 0 
-12.3885 0.334314 -0.000276582 -4.12575e-12 0.665686 -0.665678 -4.12575e-12 1.00294 1.00294 0.000829746 0.000829745 -5.80178e-169 -3.91065e-170 -0 -0 
-12.3849 0.334318 -0.000277594 -4.17147e-12 0.665683 -0.665675 -4.17147e-12 1.00295 1.00295 0.000832782 0.000832781 -1.52343e-168 -1.02686e-169 -0 -0 
-12.3812 0.334321 -0.00027861 -4.21771e-12 0.665679 -0.665671 -4.21771e-12 1.00296 1.00296 0.000835829 0.000835829 -2.17334e-168 -1.46492e-169 -0 -0 
-12.3775 0.334325 -0.000279629 -4.26445e-12 0.665675 -0.665667 -4.26445e-12 1.00297 1.00297 0.000838887 0.000838887 -2.06665e-168 -1.393e-169 -0 -0 
-12.3738 0.334329 -0.000280652 -4.31171e-12 0.665672 -0.665664 -4.31171e-12 1.00299 1.00299 0.000841956 0.000841956 -7.40095e-169 -4.98852e-170 -0 -0 
-12.3701 0.334332 -0.000281679 -4.3595e-12 0.665668 -0.66566 -4.3595e-12 1.003 1.003 0.000845037 0.000845036 2.15128e-168 1.45004e-169 0 0 
-12.3664 0.334336 -0.000282709 -4.40781e-12 0.665665 -0.665657 -4.40781e-12 1.00301 1.00301 0.000848128 0.000848128 5.67246e-168 3.82343e-169 0 0 
-12.3627 0.334339 -0.000283743 -4.45666e-12 0.665661 -0.665653 -4.45666e-12 1.00302 1.00302 0.000851231 0.00085123 8.10579e-168 5.46356e-169 0 0 
-12.3591 0.334343 -0.000284781 -4.50605e-12 0.665657 -0.665649 -4.50605e-12 1.00303 1.00303 0.000854345 0.000854344 7.72236e-168 5.2051e-169 0 0 
-12.3554 0.334347 -0.000285823 -4.55598e-12 0.665654 -0.665645 -4.55598e-12 1.00304 1.00304 0.00085747 0.000857469 2.79327e-168 1.88274e-169 0 0 
-12.3517 0.33435 -0.000286869 -4.60647e-12 0.66565 -0.665642 -4.60647e-12 1.00305 1.00305 0.000860606 0.000860606 -7.97656e-168 -5.3764e-169 -0 -0 
-12.348 0.334354 -0.000287918 -4.65752e-12 0.665646 -0.665638 -4.65752e-12 1.00306 1.00306 0.000863754 0.000863754 -2.11211e-167 -1.42361e-168 -0 -0 
-12.3443 0.334358 -0.000288971 -4.70913e-12 0.665643 -0.665634 -4.70913e-12 1.00307 1.00307 0.000866914 0.000866913 -3.02315e-167 -2.03767e-168 -0 -0 
-12.3406 0.334362 -0.000290028 -4.76132e-12 0.665639 -0.665631 -4.76132e-12 1.00308 1.00308 0.000870084 0.000870084 -2.88555e-167 -1.94492e-168 -0 -0 
-12.337 0.334365 -0.000291089 -4.81408e-12 0.665635 -0.665627 -4.81408e-12 1.0031 1.0031 0.000873267 0.000873266 -1.05407e-167 -7.10459e-169 -0 -0 
-12.3333 0.334369 -0.000292153 -4.86743e-12 0.665631 -0.665623 -4.86743e-12 1.00311 1.00311 0.00087646 0.00087646 2.95746e-167 1.99337e-168 0 0 
-12.3296 0.334373 -0.000293222 -4.92136e-12 0.665628 -0.665619 -4.92136e-12 1.00312 1.00312 0.000879666 0.000879665 7.86425e-167 5.30061e-168 0 0 
-12.3259 0.334377 -0.000294294 -4.9759e-12 0.665624 -0.665615 -4.9759e-12 1.00313 1.00313 0.000882883 0.000882882 1.12751e-166 7.59957e-168 0 0 
-12.3222 0.33438 -0.00029537 -5.03104e-12 0.66562 -0.665612 -5.03104e-12 1.00314 1.00314 0.000886111 0.000886111 1.07821e-166 7.26722e-168 0 0 
-12.3185 0.334384 -0.00029645 -5.08678e-12 0.665616 -0.665608 -5.08678e-12 1.00315 1.00315 0.000889352 0.000889351 3.977e-167 2.68052e-168 0 0 
-12.3148 0.334388 -0.000297534 -5.14315e-12 0.665612 -0.665604 -5.14315e-12 1.00316 1.00316 0.000892604 0.000892603 -1.09649e-166 -7.3904e-168 -0 -0 
-12.3112 0.334392 -0.000298622 -5.20014e-12 0.665609 -0.6656 -5.20014e-12 1.00318 1.00318 0.000895868 0.000895867 -2.92816e-166 -1.97359e-167 -0 -0 
-12.3075 0.334396 -0.000299714 -5.25776e-12 0.665605 -0.665596 -5.25776e-12 1.00319 1.00319 0.000899143 0.000899143 -4.20515e-166 -2.83427e-167 -0 -0 
-12.3038 0.334399 -0.00030081 -5.31601e-12 0.665601 -0.665592 -5.31601e-12 1.0032 1.0032 0.000902431 0.00090243 -4.02876e-166 -2.71538e-167 -0 -0 
-12.3001 0.334403 -0.00030191 -5.37492e-12 0.665597 -0.665588 -5.37492e-12 1.00321 1.00321 0.00090573 0.00090573 -1.50029e-166 -1.01119e-167 -0 -0 
-12.2964 0.334407 -0.000303014 -5.43447e-12 0.665593 -0.665585 -5.43447e-12 1.00322 1.00322 0.000909042 0.000909041 4.06513e-166 2.73988e-167 0 0 
-12.2927 0.334411 -0.000304121 -5.49468e-12 0.665589 -0.665581 -5.49468e-12 1.00323 1.00323 0.000912365 0.000912364 1.09026e-165 7.34825e-167 0 0 
-12.2891 0.334415 -0.000305233 -5.55556e-12 0.665585 -0.665577 -5.55556e-12 1.00325 1.00325 0.0009157 0.0009157 1.56833e-165 1.05704e-166 0 0 
-12.2854 0.334419 -0.000306349 -5.61712e-12 0.665581 -0.665573 -5.61712e-12 1.00326 1.00326 0.000919048 0.000919047 1.50534e-165 1.01458e-166 0 0 
-12.2817 0.334423 -0.000307469 -5.67935e-12 0.665578 -0.665569 -5.67935e-12 1.00327 1.00327 0.000922407 0.000922407 5.65891e-166 3.81403e-167 0 0 
-12.278 0.334427 -0.000308593 -5.74228e-12 0.665574 -0.665565 -5.74228e-12 1.00328 1.00328 0.000925779 0.000925779 -1.50705e-165 -1.01573e-166 -0 -0 
-12.2743 0.334431 -0.000309721 -5.8059e-12 0.66557 -0.665561 -5.8059e-12 1.00329 1.00329 0.000929163 0.000929162 -4.05937e-165 -2.73594e-166 -0 -0 
-12.2706 0.334435 -0.000310853 -5.87022e-12 0.665566 -0.665557 -5.87022e-12 1.0033 1.0033 0.000932559 0.000932559 -5.84914e-165 -3.94221e-166 -0 -0 
-12.2669 0.334439 -0.000311989 -5.93526e-12 0.665562 -0.665553 -5.93526e-12 1.00332 1.00332 0.000935968 0.000935967 -5.62465e-165 -3.79089e-166 -0 -0 
-12.2633 0.334443 -0.000313129 -6.00101e-12 0.665558 -0.665549 -6.00101e-12 1.00333 1.00333 0.000939389 0.000939388 -2.13415e-165 -1.43837e-166 -0 -0 
-12.2596 0.334447 -0.000314274 -6.0675e-12 0.665554 -0.665545 -6.0675e-12 1.00334 1.00334 0.000942822 0.000942821 5.58679e-165 3.76535e-166 0 0 
-12.2559 0.334451 -0.000315422 -6.13472e-12 0.66555 -0.665541 -6.13472e-12 1.00335 1.00335 0.000946267 0.000946267 1.51142e-164 1.01865e-165 0 0 
-12.2522 0.334455 -0.000316575 -6.20268e-12 0.665546 -0.665537 -6.20268e-12 1.00336 1.00336 0.000949726 0.000949725 2.18144e-164 1.47023e-165 0 0 
-12.2485 0.334459 -0.000317732 -6.27139e-12 0.665541 -0.665532 -6.27139e-12 1.00338 1.00338 0.000953196 0.000953195 2.1016e-164 1.41641e-165 0 0 
-12.2448 0.334463 -0.000318893 -6.34087e-12 0.665537 -0.665528 -6.34087e-12 1.00339 1.00339 0.000956679 0.000956679 8.04744e-165 5.42369e-166 0 0 
-12.2411 0.334467 -0.000320058 -6.41111e-12 0.665533 -0.665524 -6.41111e-12 1.0034 1.0034 0.000960175 0.000960174 -2.071e-164 -1.39578e-165 -0 -0 
-12.2375 0.334471 -0.000321228 -6.48214e-12 0.665529 -0.66552 -6.48214e-12 1.00341 1.00341 0.000963683 0.000963683 -5.6274e-164 -3.79264e-165 -0 -0 
-12.2338 0.334475 -0.000322401 -6.55394e-12 0.665525 -0.665516 -6.55394e-12 1.00343 1.00343 0.000967205 0.000967204 -8.13566e-164 -5.4831e-165 -0 -0 
-12.2301 0.33448 -0.000323579 -6.62655e-12 0.665521 -0.665512 -6.62655e-12 1.00344 1.00344 0.000970738 0.000970738 -7.85237e-164 -5.29215e-165 -0 -0 
-12.2264 0.334484 -0.000324761 -6.69995e-12 0.665517 -0.665508 -6.69995e-12 1.00345 1.00345 0.000974285 0.000974284 -3.03409e-164 -2.04484e-165 -0 -0 
-12.2227 0.334488 -0.000325948 -6.77417e-12 0.665513 -0.665503 -6.77417e-12 1.00346 1.00346 0.000977844 0.000977844 7.67682e-164 5.1738e-165 0 0 
-12.219 0.334492 -0.000327139 -6.84921e-12 0.665508 -0.665499 -6.84921e-12 1.00348 1.00348 0.000981417 0.000981416 2.0952e-163 1.41206e-164 0 0 
-12.2154 0.334496 -0.000328334 -6.92508e-12 0.665504 -0.665495 -6.92508e-12 1.00349 1.00349 0.000985002 0.000985001 3.03417e-163 2.04487e-164 0 0 
-12.2117 0.3345 -0.000329533 -7.00179e-12 0.6655 -0.665491 -7.00179e-12 1.0035 1.0035 0.0009886 0.000988599 2.93391e-163 1.97729e-164 0 0 
-12.208 0.334505 -0.000330737 -7.07934e-12 0.665496 -0.665486 -7.07934e-12 1.00351 1.00351 0.000992211 0.00099221 1.14378e-163 7.7084e-165 0 0 
-12.2043 0.334509 -0.000331945 -7.15776e-12 0.665492 -0.665482 -7.15776e-12 1.00353 1.00353 0.000995835 0.000995835 -2.84554e-163 -1.91772e-164 -0 -0 
-12.2006 0.334513 -0.000333157 -7.23704e-12 0.665487 -0.665478 -7.23704e-12 1.00354 1.00354 0.000999473 0.000999472 -7.80084e-163 -5.25728e-164 -0 -0 
-12.1969 0.334517 -0.000334374 -7.3172e-12 0.665483 -0.665474 -7.3172e-12 1.00355 1.00355 0.00100312 0.00100312 -1.13157e-162 -7.62608e-164 -0 -0 
-12.1932 0.334522 -0.000335595 -7.39825e-12 0.665479 -0.665469 -7.39825e-12 1.00357 1.00357 0.00100679 0.00100679 -1.09619e-162 -7.38762e-164 -0 -0 
-12.1896 0.334526 -0.000336821 -7.48019e-12 0.665475 -0.665465 -7.48019e-12 1.00358 1.00358 0.00101046 0.00101046 -4.31118e-163 -2.90544e-164 -0 -0 
-12.1859 0.33453 -0.000338051 -7.56304e-12 0.66547 -0.665461 -7.56304e-12 1.00359 1.00359 0.00101415 0.00101415 1.0547e-162 7.10793e-164 0 0 
-12.1822 0.334535 -0.000339286 -7.64681e-12 0.665466 -0.665456 -7.64681e-12 1.0036 1.0036 0.00101786 0.00101786 2.90438e-162 1.95734e-163 0 0 
-12.1785 0.334539 -0.000340524 -7.7315e-12 0.665462 -0.665452 -7.7315e-12 1.00362 1.00362 0.00102157 0.00102157 4.22011e-162 2.84404e-163 0 0 
-12.1748 0.334543 -0.000341768 -7.81713e-12 0.665457 -0.665447 -7.81713e-12 1.00363 1.00363 0.0010253 0.0010253 4.09566e-162 2.76016e-163 0 0 
-12.1711 0.334548 -0.000343016 -7.90371e-12 0.665453 -0.665443 -7.90371e-12 1.00364 1.00364 0.00102905 0.00102905 1.62478e-162 1.09497e-163 0 0 
-12.1675 0.334552 -0.000344268 -7.99125e-12 0.665448 -0.665439 -7.99125e-12 1.00366 1.00366 0.00103281 0.0010328 -3.90909e-162 -2.6344e-163 -0 -0 
-12.1638 0.334557 -0.000345525 -8.07975e-12 0.665444 -0.665434 -8.07975e-12 1.00367 1.00367 0.00103658 0.00103658 -1.08134e-161 -7.28728e-163 -0 -0 
-12.1601 0.334561 -0.000346787 -8.16923e-12 0.66544 -0.66543 -8.16923e-12 1.00368 1.00368 0.00104036 0.00104036 -1.57385e-161 -1.06064e-162 -0 -0 
-12.1564 0.334565 -0.000348053 -8.2597e-12 0.665435 -0.665425 -8.2597e-12 1.0037 1.0037 0.00104416 0.00104416 -1.53023e-161 -1.03124e-162 -0 -0 
-12.1527 0.33457 -0.000349323 -8.35118e-12 0.665431 -0.665421 -8.35118e-12 1.00371 1.00371 0.00104797 0.00104797 -6.12264e-162 -4.12609e-163 -0 -0 
-12.149 0.334574 -0.000350599 -8.44366e-12 0.665426 -0.665416 -8.44366e-12 1.00372 1.00372 0.0010518 0.0010518 1.44879e-161 9.76344e-163 0 0 
-12.1453 0.334579 -0.000351878 -8.53717e-12 0.665422 -0.665412 -8.53717e-12 1.00374 1.00374 0.00105564 0.00105564 4.02591e-161 2.71307e-162 0 0 
-12.1417 0.334583 -0.000353163 -8.63171e-12 0.665417 -0.665407 -8.63171e-12 1.00375 1.00375 0.00105949 0.00105949 5.86947e-161 3.95544e-162 0 0 
-12.138 0.334588 -0.000354452 -8.7273e-12 0.665413 -0.665403 -8.7273e-12 1.00376 1.00376 0.00106336 0.00106336 5.71721e-161 3.85281e-162 0 0 
-12.1343 0.334592 -0.000355746 -8.82394e-12 0.665408 -0.665398 -8.82394e-12 1.00378 1.00378 0.00106724 0.00106724 2.3069e-161 1.55461e-162 0 0 
-12.1306 0.334597 -0.000357044 -8.92166e-12 0.665404 -0.665394 -8.92166e-12 1.00379 1.00379 0.00107113 0.00107113 -5.36925e-161 -3.6183e-162 -0 -0 
-12.1269 0.334602 -0.000358347 -9.02045e-12 0.665399 -0.665389 -9.02045e-12 1.0038 1.0038 0.00107504 0.00107504 -1.49887e-160 -1.01008e-161 -0 -0 
-12.1232 0.334606 -0.000359655 -9.12034e-12 0.665395 -0.665384 -9.12034e-12 1.00382 1.00382 0.00107897 0.00107896 -2.18893e-160 -1.47509e-161 -0 -0 
-12.1195 0.334611 -0.000360967 -9.22133e-12 0.66539 -0.66538 -9.22133e-12 1.00383 1.00383 0.0010829 0.0010829 -2.13603e-160 -1.43944e-161 -0 -0 
-12.1159 0.334615 -0.000362285 -9.32344e-12 0.665385 -0.665375 -9.32344e-12 1.00385 1.00385 0.00108685 0.00108685 -8.69091e-161 -5.85666e-162 -0 -0 
-12.1122 0.33462 -0.000363606 -9.42668e-12 0.665381 -0.66537 -9.42668e-12 1.00386 1.00386 0.00109082 0.00109082 1.98978e-160 1.34087e-161 0 0 
-12.1085 0.334625 -0.000364933 -9.53106e-12 0.665376 -0.665366 -9.53106e-12 1.00387 1.00387 0.0010948 0.0010948 5.58034e-160 3.76047e-161 0 0 
-12.1048 0.334629 -0.000366265 -9.63659e-12 0.665371 -0.665361 -9.63659e-12 1.00389 1.00389 0.0010988 0.00109879 8.16325e-160 5.50101e-161 0 0 
-12.1011 0.334634 -0.000367601 -9.74329e-12 0.665367 -0.665356 -9.74329e-12 1.0039 1.0039 0.0011028 0.0011028 7.98042e-160 5.37779e-161 0 0 
-12.0974 0.334639 -0.000368942 -9.85117e-12 0.665362 -0.665352 -9.85117e-12 1.00392 1.00392 0.00110683 0.00110683 3.27379e-160 2.20611e-161 0 0 
-12.0938 0.334643 -0.000370288 -9.96025e-12 0.665357 -0.665347 -9.96025e-12 1.00393 1.00393 0.00111087 0.00111086 -7.37355e-160 -4.9688e-161 -0 -0 
-12.0901 0.334648 -0.000371639 -1.00705e-11 0.665353 -0.665342 -1.00705e-11 1.00394 1.00394 0.00111492 0.00111492 -2.07756e-159 -1.39999e-160 -0 -0 
-12.0864 0.334653 -0.000372995 -1.0182e-11 0.665348 -0.665337 -1.0182e-11 1.00396 1.00396 0.00111899 0.00111898 -3.04433e-159 -2.05146e-160 -0 -0 
-12.0827 0.334658 -0.000374355 -1.02948e-11 0.665343 -0.665332 -1.02948e-11 1.00397 1.00397 0.00112307 0.00112307 -2.98154e-159 -2.00914e-160 -0 -0 
-12.079 0.334662 -0.000375721 -1.04087e-11 0.665338 -0.665328 -1.04087e-11 1.00399 1.00399 0.00112716 0.00112716 -1.23307e-159 -8.30911e-161 -0 -0 
-12.0753 0.334667 -0.000377091 -1.0524e-11 0.665333 -0.665323 -1.0524e-11 1.004 1.004 0.00113127 0.00113127 2.73231e-159 1.84118e-160 0 0 
-12.0716 0.334672 -0.000378467 -1.06405e-11 0.665329 -0.665318 -1.06405e-11 1.00402 1.00402 0.0011354 0.0011354 7.73467e-159 5.21203e-160 0 0 
-12.068 0.334677 -0.000379847 -1.07583e-11 0.665324 -0.665313 -1.07583e-11 1.00403 1.00403 0.00113954 0.00113954 1.13532e-158 7.65032e-160 0 0 
-12.0643 0.334682 -0.000381232 -1.08774e-11 0.665319 -0.665308 -1.08774e-11 1.00405 1.00405 0.0011437 0.0011437 1.11391e-158 7.50604e-160 0 0 
-12.0606 0.334687 -0.000382622 -1.09978e-11 0.665314 -0.665303 -1.09978e-11 1.00406 1.00406 0.00114787 0.00114787 4.64379e-159 3.12919e-160 0 0 
-12.0569 0.334691 -0.000384018 -1.11196e-11 0.665309 -0.665298 -1.11196e-11 1.00407 1.00407 0.00115205 0.00115205 -1.01242e-158 -6.82214e-160 -0 -0 
-12.0532 0.334696 -0.000385418 -1.12427e-11 0.665304 -0.665293 -1.12427e-11 1.00409 1.00409 0.00115626 0.00115625 -2.87956e-158 -1.94036e-159 -0 -0 
-12.0495 0.334701 -0.000386823 -1.13671e-11 0.665299 -0.665288 -1.13671e-11 1.0041 1.0041 0.00116047 0.00116047 -4.23389e-158 -2.85295e-159 -0 -0 
-12.0459 0.334706 -0.000388234 -1.1493e-11 0.665294 -0.665283 -1.1493e-11 1.00412 1.00412 0.0011647 0.0011647 -4.16155e-158 -2.80419e-159 -0 -0 
-12.0422 0.334711 -0.000389649 -1.16202e-11 0.66529 -0.665278 -1.16202e-11 1.00413 1.00413 0.00116895 0.00116895 -1.74868e-158 -1.17831e-159 -0 -0 
-12.0385 0.334716 -0.00039107 -1.17488e-11 0.665285 -0.665273 -1.17488e-11 1.00415 1.00415 0.00117321 0.00117321 3.75125e-158 2.5277e-159 0 0 
-12.0348 0.334721 -0.000392496 -1.18789e-11 0.66528 -0.665268 -1.18789e-11 1.00416 1.00416 0.00117749 0.00117749 1.07203e-157 7.22363e-159 0 0 
-12.0311 0.334726 -0.000393926 -1.20104e-11 0.665275 -0.665263 -1.20104e-11 1.00418 1.00418 0.00118178 0.00118178 1.57892e-157 1.06391e-158 0 0 
-12.0274 0.334731 -0.000395362 -1.21433e-11 0.66527 -0.665258 -1.21433e-11 1.00419 1.00419 0.00118609 0.00118609 1.55473e-157 1.04761e-158 0 0 
-12.0237 0.334736 -0.000396804 -1.22777e-11 0.665265 -0.665253 -1.22777e-11 1.00421 1.00421 0.00119041 0.00119041 6.58415e-158 4.43652e-159 0 0 
-12.0201 0.334741 -0.00039825 -1.24136e-11 0.665259 -0.665248 -1.24136e-11 1.00422 1.00422 0.00119475 0.00119475 -1.38986e-157 -9.36505e-159 -0 -0 
-12.0164 0.334746 -0.000399702 -1.2551e-11 0.665254 -0.665243 -1.2551e-11 1.00424 1.00424 0.00119911 0.0011991 -3.99103e-157 -2.6892e-158 -0 -0 
-12.0127 0.334751 -0.000401158 -1.269e-11 0.665249 -0.665238 -1.269e-11 1.00425 1.00425 0.00120348 0.00120347 -5.88814e-157 -3.96748e-158 -0 -0 
-12.009 0.334757 -0.00040262 -1.28304e-11 0.665244 -0.665233 -1.28304e-11 1.00427 1.00427 0.00120786 0.00120786 -5.80835e-157 -3.9137e-158 -0 -0 
-12.0053 0.334762 -0.000404088 -1.29724e-11 0.665239 -0.665228 -1.29724e-11 1.00428 1.00428 0.00121226 0.00121226 -2.47881e-157 -1.67023e-158 -0 -0 
-12.0016 0.334767 -0.00040556 -1.3116e-11 0.665234 -0.665222 -1.3116e-11 1.0043 1.0043 0.00121668 0.00121668 5.14924e-157 3.46956e-158 0 0 
-11.9979 0.334772 -0.000407038 -1.32612e-11 0.665229 -0.665217 -1.32612e-11 1.00432 1.00432 0.00122112 0.00122111 1.48579e-156 1.00112e-157 0 0 
-11.9943 0.334777 -0.000408521 -1.34079e-11 0.665224 -0.665212 -1.34079e-11 1.00433 1.00433 0.00122556 0.00122556 2.1958e-156 1.47952e-157 0 0 
-11.9906 0.334782 -0.00041001 -1.35563e-11 0.665218 -0.665207 -1.35563e-11 1.00435 1.00435 0.00123003 0.00123003 2.16993e-156 1.46208e-157 0 0 
-11.9869 0.334788 -0.000411503 -1.37064e-11 0.665213 -0.665201 -1.37064e-11 1.00436 1.00436 0.00123451 0.00123451 9.33129e-157 6.28733e-158 0 0 
-11.9832 0.334793 -0.000413003 -1.38581e-11 0.665208 -0.665196 -1.38581e-11 1.00438 1.00438 0.00123901 0.00123901 -1.90764e-156 -1.28534e-157 -0 -0 
-11.9795 0.334798 -0.000414507 -1.40114e-11 0.665203 -0.665191 -1.40114e-11 1.00439 1.00439 0.00124352 0.00124352 -5.5313e-156 -3.7269e-157 -0 -0 
-11.9758 0.334803 -0.000416017 -1.41665e-11 0.665197 -0.665186 -1.41665e-11 1.00441 1.00441 0.00124805 0.00124805 -8.18853e-156 -5.51728e-157 -0 -0 
-11.9722 0.334809 -0.000417533 -1.43233e-11 0.665192 -0.66518 -1.43233e-11 1.00443 1.00443 0.0012526 0.0012526 -8.10649e-156 -5.46198e-157 -0 -0 
-11.9685 0.334814 -0.000419054 -1.44818e-11 0.665187 -0.665175 -1.44818e-11 1.00444 1.00444 0.00125716 0.00125716 -3.51233e-156 -2.36652e-157 -0 -0 
-11.9648 0.334819 -0.00042058 -1.4642e-11 0.665181 -0.66517 -1.4642e-11 1.00446 1.00446 0.00126174 0.00126174 7.06689e-156 4.76147e-157 0 0 
-11.9611 0.334825 -0.000422112 -1.48041e-11 0.665176 -0.665164 -1.48041e-11 1.00447 1.00447 0.00126634 0.00126634 2.05917e-155 1.38741e-156 0 0 
-11.9574 0.33483 -0.000423649 -1.49679e-11 0.665171 -0.665159 -1.49679e-11 1.00449 1.00449 0.00127095 0.00127095 3.05363e-155 2.05743e-156 0 0 
-11.9537 0.334835 -0.000425192 -1.51335e-11 0.665165 -0.665153 -1.51335e-11 1.00451 1.00451 0.00127558 0.00127558 3.02842e-155 2.04044e-156 0 0 
-11.95 0.334841 -0.000426741 -1.5301e-11 0.66516 -0.665148 -1.5301e-11 1.00452 1.00452 0.00128022 0.00128022 1.32192e-155 8.90658e-157 0 0 
-11.9464 0.334846 -0.000428295 -1.54703e-11 0.665155 -0.665142 -1.54703e-11 1.00454 1.00454 0.00128489 0.00128488 -2.61782e-155 -1.76378e-156 -0 -0 
-11.9427 0.334852 -0.000429854 -1.56415e-11 0.665149 -0.665137 -1.56415e-11 1.00456 1.00456 0.00128956 0.00128956 -7.66574e-155 -5.16483e-156 -0 -0 
-11.939 0.334857 -0.000431419 -1.58145e-11 0.665144 -0.665131 -1.58145e-11 1.00457 1.00457 0.00129426 0.00129426 -1.13874e-154 -7.67227e-156 -0 -0 
-11.9353 0.334863 -0.00043299 -1.59895e-11 0.665138 -0.665126 -1.59895e-11 1.00459 1.00459 0.00129897 0.00129897 -1.13135e-154 -7.62244e-156 -0 -0 
-11.9316 0.334868 -0.000434567 -1.61665e-11 0.665133 -0.66512 -1.61665e-11 1.0046 1.0046 0.0013037 0.0013037 -4.97476e-155 -3.35172e-156 -0 -0 
-11.9279 0.334874 -0.000436149 -1.63453e-11 0.665127 -0.665115 -1.63453e-11 1.00462 1.00462 0.00130845 0.00130845 9.69682e-155 6.53317e-156 0 0 
-11.9242 0.334879 -0.000437736 -1.65262e-11 0.665122 -0.665109 -1.65262e-11 1.00464 1.00464 0.00131321 0.00131321 2.85372e-154 1.92267e-155 0 0 
-11.9206 0.334885 -0.00043933 -1.6709e-11 0.665116 -0.665104 -1.6709e-11 1.00465 1.00465 0.00131799 0.00131799 4.24647e-154 2.86101e-155 0 0 
-11.9169 0.33489 -0.000440929 -1.68939e-11 0.66511 -0.665098 -1.68939e-11 1.00467 1.00467 0.00132279 0.00132279 4.2264e-154 2.84747e-155 0 0 
-11.9132 0.334896 -0.000442534 -1.70808e-11 0.665105 -0.665092 -1.70808e-11 1.00469 1.00469 0.0013276 0.0013276 1.87196e-154 1.2612e-155 0 0 
-11.9095 0.334902 -0.000444145 -1.72698e-11 0.665099 -0.665087 -1.72698e-11 1.0047 1.0047 0.00133244 0.00133243 -3.59168e-154 -2.41982e-155 -0 -0 
-11.9058 0.334907 -0.000445761 -1.74608e-11 0.665094 -0.665081 -1.74608e-11 1.00472 1.00472 0.00133729 0.00133728 -1.06234e-153 -7.15728e-155 -0 -0 
-11.9021 0.334913 -0.000447383 -1.7654e-11 0.665088 -0.665075 -1.7654e-11 1.00474 1.00474 0.00134215 0.00134215 -1.58355e-153 -1.06687e-154 -0 -0 
-11.8985 0.334919 -0.000449011 -1.78493e-11 0.665082 -0.66507 -1.78493e-11 1.00476 1.00476 0.00134704 0.00134703 -1.57885e-153 -1.0637e-154 -0 -0 
-11.8948 0.334924 -0.000450645 -1.80468e-11 0.665077 -0.665064 -1.80468e-11 1.00477 1.00477 0.00135194 0.00135194 -7.04337e-154 -4.74523e-155 -0 -0 
-11.8911 0.33493 -0.000452285 -1.82464e-11 0.665071 -0.665058 -1.82464e-11 1.00479 1.00479 0.00135686 0.00135686 1.33028e-153 8.96229e-155 0 0 
-11.8874 0.334936 -0.000453931 -1.84483e-11 0.665065 -0.665052 -1.84483e-11 1.00481 1.00481 0.00136179 0.00136179 3.95471e-153 2.66433e-154 0 0 
-11.8837 0.334942 -0.000455582 -1.86524e-11 0.665059 -0.665046 -1.86524e-11 1.00482 1.00482 0.00136675 0.00136675 5.90514e-153 3.97833e-154 0 0 
-11.88 0.334947 -0.00045724 -1.88587e-11 0.665054 -0.665041 -1.88587e-11 1.00484 1.00484 0.00137172 0.00137172 5.89804e-153 3.97353e-154 0 0 
-11.8763 0.334953 -0.000458903 -1.90673e-11 0.665048 -0.665035 -1.90673e-11 1.00486 1.00486 0.00137671 0.00137671 2.64987e-153 1.78522e-154 0 0 
-11.8727 0.334959 -0.000460573 -1.92782e-11 0.665042 -0.665029 -1.92782e-11 1.00488 1.00488 0.00138172 0.00138172 -4.92685e-153 -3.3192e-154 -0 -0 
-11.869 0.334965 -0.000462248 -1.94915e-11 0.665036 -0.665023 -1.94915e-11 1.00489 1.00489 0.00138675 0.00138674 -1.47218e-152 -9.91798e-154 -0 -0 
-11.8653 0.334971 -0.00046393 -1.97071e-11 0.66503 -0.665017 -1.97071e-11 1.00491 1.00491 0.00139179 0.00139179 -2.20205e-152 -1.4835e-153 -0 -0 
-11.8616 0.334977 -0.000465617 -1.99251e-11 0.665024 -0.665011 -1.99251e-11 1.00493 1.00493 0.00139685 0.00139685 -2.20328e-152 -1.48432e-153 -0 -0 
-11.8579 0.334982 -0.00046731 -2.01454e-11 0.665019 -0.665005 -2.01454e-11 1.00495 1.00495 0.00140193 0.00140193 -9.96845e-153 -6.71559e-154 -0 -0 
-11.8542 0.334988 -0.00046901 -2.03683e-11 0.665013 -0.664999 -2.03683e-11 1.00497 1.00497 0.00140703 0.00140703 1.82462e-152 1.22921e-153 0 0 
-11.8506 0.334994 -0.000470716 -2.05935e-11 0.665007 -0.664993 -2.05935e-11 1.00498 1.00498 0.00141215 0.00141215 5.48028e-152 3.69194e-153 0 0 
-11.8469 0.335 -0.000472427 -2.08213e-11 0.665001 -0.664987 -2.08213e-11 1.005 1.005 0.00141728 0.00141728 8.21149e-152 5.53187e-153 0 0 
-11.8432 0.335006 -0.000474145 -2.10516e-11 0.664995 -0.664981 -2.10516e-11 1.00502 1.00502 0.00142244 0.00142244 8.23053e-152 5.54467e-153 0 0 
-11.8395 0.335012 -0.000475869 -2.12844e-11 0.664989 -0.664975 -2.12844e-11 1.00504 1.00504 0.00142761 0.00142761 3.74966e-152 2.52603e-153 0 0 
-11.8358 0.335018 -0.000477599 -2.15198e-11 0.664983 -0.664969 -2.15198e-11 1.00505 1.00505 0.0014328 0.0014328 -6.75695e-152 -4.55192e-153 -0 -0 
-11.8321 0.335024 -0.000479336 -2.17578e-11 0.664977 -0.664963 -2.17578e-11 1.00507 1.00507 0.00143801 0.00143801 -2.04005e-151 -1.3743e-152 -0 -0 
-11.8284 0.33503 -0.000481078 -2.19985e-11 0.664971 -0.664957 -2.19985e-11 1.00509 1.00509 0.00144324 0.00144324 -3.06206e-151 -2.06278e-152 -0 -0 
-11.8248 0.335036 -0.000482827 -2.22417e-11 0.664965 -0.664951 -2.22417e-11 1.00511 1.00511 0.00144848 0.00144848 -3.07455e-151 -2.07119e-152 -0 -0 
-11.8211 0.335043 -0.000484582 -2.24877e-11 0.664958 -0.664945 -2.24877e-11 1.00513 1.00513 0.00145375 0.00145375 -1.41032e-151 -9.50066e-153 -0 -0 
-11.8174 0.335049 -0.000486344 -2.27364e-11 0.664952 -0.664939 -2.27364e-11 1.00515 1.00515 0.00145903 0.00145903 2.50212e-151 1.68555e-152 0 0 
-11.8137 0.335055 -0.000488111 -2.29878e-11 0.664946 -0.664932 -2.29878e-11 1.00516 1.00516 0.00146434 0.00146433 7.59406e-151 5.1157e-152 0 0 
-11.81 0.335061 -0.000489885 -2.3242e-11 0.66494 -0.664926 -2.3242e-11 1.00518 1.00518 0.00146966 0.00146966 1.14184e-150 7.69187e-152 0 0 
-11.8063 0.335067 -0.000491666 -2.3499e-11 0.664934 -0.66492 -2.3499e-11 1.0052 1.0052 0.001475 0.001475 1.1485e-150 7.73674e-152 0 0 
-11.8026 0.335073 -0.000493453 -2.37589e-11 0.664928 -0.664914 -2.37589e-11 1.00522 1.00522 0.00148036 0.00148036 5.30404e-151 3.57299e-152 0 0 
-11.799 0.33508 -0.000495246 -2.40216e-11 0.664921 -0.664907 -2.40216e-11 1.00524 1.00524 0.00148574 0.00148574 -9.26491e-151 -6.24113e-152 -0 -0 
-11.7953 0.335086 -0.000497045 -2.42872e-11 0.664915 -0.664901 -2.42872e-11 1.00526 1.00526 0.00149114 0.00149114 -2.82685e-150 -1.90425e-151 -0 -0 
-11.7916 0.335092 -0.000498851 -2.45558e-11 0.664909 -0.664895 -2.45558e-11 1.00528 1.00528 0.00149656 0.00149655 -4.25785e-150 -2.86819e-151 -0 -0 
-11.7879 0.335099 -0.000500664 -2.48273e-11 0.664903 -0.664888 -2.48273e-11 1.0053 1.0053 0.00150199 0.00150199 -4.29019e-150 -2.88996e-151 -0 -0 
-11.7842 0.335105 -0.000502482 -2.51018e-11 0.664896 -0.664882 -2.51018e-11 1.00531 1.00531 0.00150745 0.00150745 -1.99461e-150 -1.34361e-151 -0 -0 
-11.7805 0.335111 -0.000504308 -2.53793e-11 0.66489 -0.664876 -2.53793e-11 1.00533 1.00533 0.00151293 0.00151292 3.43045e-150 2.3108e-151 0 0 
-11.7769 0.335118 -0.00050614 -2.566e-11 0.664884 -0.664869 -2.566e-11 1.00535 1.00535 0.00151842 0.00151842 1.05227e-149 7.08823e-151 0 0 
-11.7732 0.335124 -0.000507978 -2.59437e-11 0.664877 -0.664863 -2.59437e-11 1.00537 1.00537 0.00152394 0.00152394 1.58772e-149 1.0695e-150 0 0 
-11.7695 0.33513 -0.000509823 -2.62305e-11 0.664871 -0.664856 -2.62305e-11 1.00539 1.00539 0.00152947 0.00152947 1.60257e-149 1.0795e-150 0 0 
-11.7658 0.335137 -0.000511675 -2.65205e-11 0.664864 -0.66485 -2.65205e-11 1.00541 1.00541 0.00153503 0.00153503 7.50023e-150 5.05216e-151 0 0 
-11.7621 0.335143 -0.000513533 -2.68137e-11 0.664858 -0.664843 -2.68137e-11 1.00543 1.00543 0.0015406 0.0015406 -1.2701e-149 -8.55533e-151 -0 -0 
-11.7584 0.33515 -0.000515398 -2.71101e-11 0.664851 -0.664837 -2.71101e-11 1.00545 1.00545 0.0015462 0.00154619 -3.91697e-149 -2.63845e-150 -0 -0 
-11.7547 0.335156 -0.00051727 -2.74098e-11 0.664845 -0.66483 -2.74098e-11 1.00547 1.00547 0.00155181 0.00155181 -5.92047e-149 -3.98796e-150 -0 -0 
-11.7511 0.335163 -0.000519148 -2.77128e-11 0.664838 -0.664824 -2.77128e-11 1.00549 1.00549 0.00155745 0.00155744 -5.98626e-149 -4.03226e-150 -0 -0 
-11.7474 0.335169 -0.000521033 -2.80192e-11 0.664832 -0.664817 -2.80192e-11 1.00551 1.00551 0.0015631 0.0015631 -2.82004e-149 -1.89953e-150 -0 -0 
-11.7437 0.335176 -0.000522925 -2.83289e-11 0.664825 -0.66481 -2.83289e-11 1.00553 1.00553 0.00156878 0.00156877 4.70217e-149 3.16728e-150 0 0 
-11.74 0.335183 -0.000524823 -2.86421e-11 0.664819 -0.664804 -2.86421e-11 1.00555 1.00555 0.00157447 0.00157447 1.45804e-148 9.82096e-150 0 0 
-11.7363 0.335189 -0.000526728 -2.89587e-11 0.664812 -0.664797 -2.89587e-11 1.00557 1.00557 0.00158019 0.00158019 2.20767e-148 1.48703e-149 0 0 
-11.7326 0.335196 -0.00052864 -2.92788e-11 0.664805 -0.66479 -2.92788e-11 1.00559 1.00559 0.00158592 0.00158592 2.23609e-148 1.50616e-149 0 0 
-11.729 0.335203 -0.000530559 -2.96024e-11 0.664799 -0.664784 -2.96024e-11 1.00561 1.00561 0.00159168 0.00159168 1.06023e-148 7.14132e-150 0 0 
-11.7253 0.335209 -0.000532485 -2.99297e-11 0.664792 -0.664777 -2.99297e-11 1.00563 1.00563 0.00159746 0.00159745 -1.74075e-148 -1.1725e-149 -0 -0 
-11.7216 0.335216 -0.000534418 -3.02605e-11 0.664785 -0.66477 -3.02605e-11 1.00565 1.00565 0.00160326 0.00160325 -5.42727e-148 -3.65557e-149 -0 -0 
-11.7179 0.335223 -0.000536357 -3.05949e-11 0.664779 -0.664763 -3.05949e-11 1.00567 1.00567 0.00160907 0.00160907 -8.23211e-148 -5.54476e-149 -0 -0 
-11.7142 0.335229 -0.000538303 -3.09331e-11 0.664772 -0.664757 -3.09331e-11 1.00569 1.00569 0.00161491 0.00161491 -8.35252e-148 -5.62584e-149 -0 -0 
-11.7105 0.335236 -0.000540257 -3.1275e-11 0.664765 -0.66475 -3.1275e-11 1.00571 1.00571 0.00162077 0.00162077 -3.98575e-148 -2.68459e-149 -0 -0 
-11.7068 0.335243 -0.000542217 -3.16206e-11 0.664758 -0.664743 -3.16206e-11 1.00573 1.00573 0.00162665 0.00162665 6.44389e-148 4.34023e-149 0 0 
-11.7032 0.33525 -0.000544184 -3.19701e-11 0.664752 -0.664736 -3.19701e-11 1.00575 1.00575 0.00163256 0.00163255 2.02018e-147 1.36067e-148 0 0 
-11.6995 0.335257 -0.000546159 -3.23234e-11 0.664745 -0.664729 -3.23234e-11 1.00577 1.00577 0.00163848 0.00163848 3.06962e-147 2.0675e-148 0 0 
-11.6958 0.335264 -0.00054814 -3.26807e-11 0.664738 -0.664722 -3.26807e-11 1.00579 1.00579 0.00164442 0.00164442 3.11991e-147 2.10136e-148 0 0 
-11.6921 0.33527 -0.000550128 -3.30418e-11 0.664731 -0.664715 -3.30418e-11 1.00581 1.00581 0.00165039 0.00165039 1.49826e-147 1.00912e-148 0 0 
-11.6884 0.335277 -0.000552124 -3.3407e-11 0.664724 -0.664708 -3.3407e-11 1.00583 1.00583 0.00165637 0.00165637 -2.38526e-147 -1.60653e-148 -0 -0 
-11.6847 0.335284 -0.000554126 -3.37762e-11 0.664717 -0.664701 -3.37762e-11 1.00585 1.00585 0.00166238 0.00166238 -7.51962e-147 -5.06461e-148 -0 -0 
-11.681 0.335291 -0.000556136 -3.41494e-11 0.66471 -0.664694 -3.41494e-11 1.00587 1.00587 0.00166841 0.00166841 -1.14461e-146 -7.7091e-148 -0 -0 
-11.6774 0.335298 -0.000558153 -3.45268e-11 0.664703 -0.664687 -3.45268e-11 1.00589 1.00589 0.00167446 0.00167446 -1.16537e-146 -7.8489e-148 -0 -0 
-11.6737 0.335305 -0.000560177 -3.49083e-11 0.664696 -0.66468 -3.49083e-11 1.00592 1.00592 0.00168054 0.00168053 -5.63159e-147 -3.79292e-148 -0 -0 
-11.67 0.335312 -0.000562208 -3.5294e-11 0.664689 -0.664673 -3.5294e-11 1.00594 1.00594 0.00168663 0.00168663 8.8287e-147 5.94616e-148 0 0 
-11.6663 0.335319 -0.000564247 -3.5684e-11 0.664682 -0.664666 -3.5684e-11 1.00596 1.00596 0.00169274 0.00169274 2.79896e-146 1.8851e-147 0 0 
-11.6626 0.335327 -0.000566293 -3.60783e-11 0.664675 -0.664659 -3.60783e-11 1.00598 1.00598 0.00169888 0.00169888 4.26801e-146 2.87448e-147 0 0 
-11.6589 0.335334 -0.000568346 -3.6477e-11 0.664668 -0.664652 -3.6477e-11 1.006 1.006 0.00170504 0.00170504 4.35292e-146 2.93166e-147 0 0 
-11.6553 0.335341 -0.000570406 -3.688e-11 0.664661 -0.664644 -3.688e-11 1.00602 1.00602 0.00171122 0.00171122 2.11662e-146 1.42552e-147 0 0 
-11.6516 0.335348 -0.000572474 -3.72875e-11 0.664654 -0.664637 -3.72875e-11 1.00604 1.00604 0.00171743 0.00171742 -3.26762e-146 -2.20069e-147 -0 -0 
-11.6479 0.335355 -0.000574549 -3.76994e-11 0.664646 -0.66463 -3.76994e-11 1.00607 1.00607 0.00172365 0.00172365 -1.04182e-145 -7.01647e-147 -0 -0 
-11.6442 0.335362 -0.000576632 -3.8116e-11 0.664639 -0.664623 -3.8116e-11 1.00609 1.00609 0.0017299 0.00172989 -1.59144e-145 -1.0718e-146 -0 -0 
-11.6405 0.33537 -0.000578721 -3.85371e-11 0.664632 -0.664615 -3.85371e-11 1.00611 1.00611 0.00173617 0.00173616 -1.6259e-145 -1.095e-146 -0 -0 
-11.6368 0.335377 -0.000580819 -3.89628e-11 0.664625 -0.664608 -3.89628e-11 1.00613 1.00613 0.00174246 0.00174246 -7.95465e-146 -5.3572e-147 -0 -0 
-11.6331 0.335384 -0.000582924 -3.93933e-11 0.664617 -0.664601 -3.93933e-11 1.00615 1.00615 0.00174877 0.00174877 1.20932e-145 8.14434e-147 0 0 
-11.6295 0.335392 -0.000585036 -3.98284e-11 0.66461 -0.664593 -3.98284e-11 1.00617 1.00617 0.00175511 0.00175511 3.87781e-145 2.61155e-146 0 0 
-11.6258 0.335399 -0.000587156 -4.02684e-11 0.664603 -0.664586 -4.02684e-11 1.0062 1.0062 0.00176147 0.00176147 5.9341e-145 3.99635e-146 0 0 
-11.6221 0.335406 -0.000589283 -4.07133e-11 0.664595 -0.664579 -4.07133e-11 1.00622 1.00622 0.00176785 0.00176785 6.07299e-145 4.08986e-146 0 0 
-11.6184 0.335414 -0.000591418 -4.1163e-11 0.664588 -0.664571 -4.1163e-11 1.00624 1.00624 0.00177426 0.00177425 2.98929e-145 2.01313e-146 0 0 
-11.6147 0.335421 -0.00059356 -4.16177e-11 0.664581 -0.664564 -4.16177e-11 1.00626 1.00626 0.00178069 0.00178068 -4.47532e-145 -3.01387e-146 -0 -0 
-11.611 0.335428 -0.00059571 -4.20774e-11 0.664573 -0.664556 -4.20774e-11 1.00629 1.00629 0.00178714 0.00178713 -1.44336e-144 -9.72017e-146 -0 -0 
-11.6074 0.335436 -0.000597868 -4.25422e-11 0.664566 -0.664549 -4.25422e-11 1.00631 1.00631 0.00179361 0.0017936 -2.21266e-144 -1.49009e-145 -0 -0 
-11.6037 0.335443 -0.000600033 -4.30121e-11 0.664558 -0.664541 -4.30121e-11 1.00633 1.00633 0.0018001 0.0018001 -2.26833e-144 -1.52757e-145 -0 -0 
-11.6 0.335451 -0.000602207 -4.34872e-11 0.664551 -0.664534 -4.34872e-11 1.00635 1.00635 0.00180662 0.00180662 -1.12327e-144 -7.56442e-146 -0 -0 
-11.5963 0.335459 -0.000604387 -4.39675e-11 0.664543 -0.664526 -4.39675e-11 1.00638 1.00638 0.00181317 0.00181316 1.65607e-144 1.11524e-145 0 0 
-11.5926 0.335466 -0.000606576 -4.44531e-11 0.664536 -0.664518 -4.44531e-11 1.0064 1.0064 0.00181973 0.00181973 5.37229e-144 3.6178e-145 0 0 
-11.5889 0.335474 -0.000608772 -4.49441e-11 0.664528 -0.664511 -4.49441e-11 1.00642 1.00642 0.00182632 0.00182632 8.25038e-144 5.55593e-145 0 0 
-11.5852 0.335481 -0.000610976 -4.54405e-11 0.66452 -0.664503 -4.54405e-11 1.00644 1.00644 0.00183293 0.00183293 8.47243e-144 5.70542e-145 0 0 
-11.5816 0.335489 -0.000613188 -4.59423e-11 0.664513 -0.664495 -4.59423e-11 1.00647 1.00647 0.00183957 0.00183957 4.22057e-144 2.84216e-145 0 0 
-11.5779 0.335497 -0.000615408 -4.64497e-11 0.664505 -0.664488 -4.64497e-11 1.00649 1.00649 0.00184623 0.00184622 -6.12783e-144 -4.1265e-145 -0 -0 
-11.5742 0.335504 -0.000617636 -4.69627e-11 0.664497 -0.66448 -4.69627e-11 1.00651 1.00651 0.00185291 0.00185291 -1.99958e-143 -1.34652e-144 -0 -0 
-11.5705 0.335512 -0.000619871 -4.74813e-11 0.66449 -0.664472 -4.74813e-11 1.00654 1.00654 0.00185962 0.00185961 -3.07631e-143 -2.07156e-144 -0 -0 
-11.5668 0.33552 -0.000622115 -4.80057e-11 0.664482 -0.664464 -4.80057e-11 1.00656 1.00656 0.00186635 0.00186635 -3.1645e-143 -2.13094e-144 -0 -0 
-11.5631 0.335528 -0.000624367 -4.85358e-11 0.664474 -0.664456 -4.85358e-11 1.00658 1.00658 0.0018731 0.0018731 -1.58572e-143 -1.0678e-144 -0 -0 
-11.5594 0.335535 -0.000626626 -4.90717e-11 0.664466 -0.664449 -4.90717e-11 1.00661 1.00661 0.00187988 0.00187988 2.26729e-143 1.52675e-144 0 0 
-11.5558 0.335543 -0.000628893 -4.96136e-11 0.664459 -0.664441 -4.96136e-11 1.00663 1.00663 0.00188669 0.00188668 7.44244e-143 5.01157e-144 0 0 
-11.5521 0.335551 -0.000631169 -5.01614e-11 0.664451 -0.664433 -5.01614e-11 1.00665 1.00665 0.00189351 0.00189351 1.14705e-142 7.72392e-144 0 0 
-11.5484 0.335559 -0.000633453 -5.07153e-11 0.664443 -0.664425 -5.07153e-11 1.00668 1.00668 0.00190036 0.00190036 1.18195e-142 7.95885e-144 0 0 
-11.5447 0.335567 -0.000635744 -5.12753e-11 0.664435 -0.664417 -5.12753e-11 1.0067 1.0067 0.00190724 0.00190723 5.95734e-143 4.01145e-144 0 0 
-11.541 0.335575 -0.000638044 -5.18414e-11 0.664427 -0.664409 -5.18414e-11 1.00672 1.00672 0.00191414 0.00191413 -8.38839e-143 -5.6484e-144 -0 -0 
-11.5373 0.335583 -0.000640352 -5.24138e-11 0.664419 -0.664401 -5.24138e-11 1.00675 1.00675 0.00192106 0.00192106 -2.77005e-142 -1.86522e-143 -0 -0 
-11.5337 0.335591 -0.000642668 -5.29925e-11 0.664411 -0.664393 -5.29925e-11 1.00677 1.00677 0.00192801 0.00192801 -4.27694e-142 -2.87988e-143 -0 -0 
-11.53 0.335599 -0.000644993 -5.35776e-11 0.664403 -0.664385 -5.35776e-11 1.0068 1.0068 0.00193498 0.00193498 -4.41456e-142 -2.97252e-143 -0 -0 
-11.5263 0.335607 -0.000647325 -5.41691e-11 0.664395 -0.664377 -5.41691e-11 1.00682 1.00682 0.00194198 0.00194198 -2.23795e-142 -1.5069e-143 -0 -0 
-11.5226 0.335615 -0.000649666 -5.47671e-11 0.664387 -0.664368 -5.47671e-11 1.00685 1.00685 0.001949 0.001949 3.10328e-142 2.08955e-143 0 0 
-11.5189 0.335623 -0.000652015 -5.53717e-11 0.664379 -0.66436 -5.53717e-11 1.00687 1.00687 0.00195605 0.00195605 1.03099e-141 6.94199e-143 0 0 
-11.5152 0.335631 -0.000654373 -5.5983e-11 0.664371 -0.664352 -5.5983e-11 1.00689 1.00689 0.00196312 0.00196312 1.59471e-141 1.07376e-142 0 0 
-11.5115 0.335639 -0.000656739 -5.6601e-11 0.664363 -0.664344 -5.6601e-11 1.00692 1.00692 0.00197022 0.00197022 1.64882e-141 1.11019e-142 0 0 
-11.5079 0.335648 -0.000659113 -5.72258e-11 0.664354 -0.664336 -5.72258e-11 1.00694 1.00694 0.00197734 0.00197734 8.40655e-142 5.66029e-143 0 0 
-11.5042 0.335656 -0.000661496 -5.78575e-11 0.664346 -0.664327 -5.78575e-11 1.00697 1.00697 0.00198449 0.00198449 -1.14798e-141 -7.72952e-143 -0 -0 
-11.5005 0.335664 -0.000663887 -5.84961e-11 0.664338 -0.664319 -5.84961e-11 1.00699 1.00699 0.00199167 0.00199166 -3.83723e-141 -2.58364e-142 -0 -0 
-11.4968 0.335672 -0.000666286 -5.91418e-11 0.66433 -0.664311 -5.91418e-11 1.00702 1.00702 0.00199886 0.00199886 -5.94602e-141 -4.00348e-142 -0 -0 
-11.4931 0.335681 -0.000668694 -5.97946e-11 0.664321 -0.664302 -5.97946e-11 1.00704 1.00704 0.00200609 0.00200608 -6.15819e-141 -4.14631e-142 -0 -0 
-11.4894 0.335689 -0.000671111 -6.04546e-11 0.664313 -0.664294 -6.04546e-11 1.00707 1.00707 0.00201334 0.00201333 -3.15761e-141 -2.126e-142 -0 -0 
-11.4857 0.335697 -0.000673536 -6.11219e-11 0.664305 -0.664286 -6.11219e-11 1.00709 1.00709 0.00202061 0.00202061 4.24638e-141 2.85905e-142 0 0 
-11.4821 0.335706 -0.000675969 -6.17965e-11 0.664296 -0.664277 -6.17965e-11 1.00712 1.00712 0.00202791 0.00202791 1.42816e-140 9.6156e-142 0 0 
-11.4784 0.335714 -0.000678412 -6.24785e-11 0.664288 -0.664269 -6.24785e-11 1.00714 1.00714 0.00203524 0.00203524 2.21702e-140 1.49268e-141 0 0 
-11.4747 0.335723 -0.000680863 -6.3168e-11 0.664279 -0.66426 -6.3168e-11 1.00717 1.00717 0.00204259 0.00204259 2.30002e-140 1.54855e-141 0 0 
-11.471 0.335731 -0.000683322 -6.38652e-11 0.664271 -0.664252 -6.38652e-11 1.00719 1.00719 0.00204997 0.00204997 1.18596e-140 7.98475e-142 0 0 
-11.4673 0.33574 -0.00068579 -6.457e-11 0.664263 -0.664243 -6.457e-11 1.00722 1.00722 0.00205738 0.00205737 -1.57063e-140 -1.05745e-141 -0 -0 
-11.4636 0.335748 -0.000688267 -6.52825e-11 0.664254 -0.664234 -6.52825e-11 1.00724 1.00724 0.00206481 0.0020648 -5.31534e-140 -3.57862e-141 -0 -0 
-11.46 0.335757 -0.000690753 -6.60029e-11 0.664245 -0.664226 -6.60029e-11 1.00727 1.00727 0.00207227 0.00207226 -8.26626e-140 -5.56532e-141 -0 -0 
-11.4563 0.335765 -0.000693248 -6.67313e-11 0.664237 -0.664217 -6.67313e-11 1.0073 1.0073 0.00207975 0.00207974 -8.59022e-140 -5.78339e-141 -0 -0 
-11.4526 0.335774 -0.000695751 -6.74676e-11 0.664228 -0.664209 -6.74676e-11 1.00732 1.00732 0.00208726 0.00208725 -4.45406e-140 -2.99869e-141 -0 -0 
-11.4489 0.335783 -0.000698263 -6.82121e-11 0.66422 -0.6642 -6.82121e-11 1.00735 1.00735 0.0020948 0.00209479 5.80893e-140 3.91083e-141 0 0 
-11.4452 0.335791 -0.000700784 -6.89648e-11 0.664211 -0.664191 -6.89648e-11 1.00737 1.00737 0.00210236 0.00210235 1.97825e-139 1.33183e-140 0 0 
-11.4415 0.3358 -0.000703314 -6.97257e-11 0.664202 -0.664182 -6.97257e-11 1.0074 1.0074 0.00210995 0.00210994 3.0821e-139 2.07497e-140 0 0 
-11.4378 0.335809 -0.000705853 -7.0495e-11 0.664194 -0.664174 -7.0495e-11 1.00743 1.00743 0.00211757 0.00211756 3.20829e-139 2.15991e-140 0 0 
-11.4342 0.335817 -0.000708401 -7.12728e-11 0.664185 -0.664165 -7.12728e-11 1.00745 1.00745 0.00212521 0.0021252 1.67268e-139 1.12609e-140 0 0 
-11.4305 0.335826 -0.000710958 -7.20592e-11 0.664176 -0.664156 -7.20592e-11 1.00748 1.00748 0.00213288 0.00213287 -2.14827e-139 -1.44626e-140 -0 -0 
-11.4268 0.335835 -0.000713524 -7.28542e-11 0.664167 -0.664147 -7.28542e-11 1.00751 1.00751 0.00214058 0.00214057 -7.36253e-139 -4.95656e-140 -0 -0 
-11.4231 0.335844 -0.000716098 -7.36579e-11 0.664158 -0.664138 -7.36579e-11 1.00753 1.00753 0.0021483 0.0021483 -1.14916e-138 -7.73627e-140 -0 -0 
-11.4194 0.335853 -0.000718682 -7.44705e-11 0.664149 -0.664129 -7.44705e-11 1.00756 1.00756 0.00215606 0.00215605 -1.19823e-138 -8.06653e-140 -0 -0 
-11.4157 0.335862 -0.000721276 -7.52921e-11 0.664141 -0.66412 -7.52921e-11 1.00759 1.00759 0.00216383 0.00216383 -6.28124e-139 -4.22853e-140 -0 -0 
-11.4121 0.335871 -0.000723878 -7.61227e-11 0.664132 -0.664111 -7.61227e-11 1.00761 1.00761 0.00217164 0.00217163 7.94418e-139 5.34798e-140 0 0 
-11.4084 0.33588 -0.000726489 -7.69624e-11 0.664123 -0.664102 -7.69624e-11 1.00764 1.00764 0.00217948 0.00217947 2.74011e-138 1.84462e-139 0 0 
-11.4047 0.335889 -0.00072911 -7.78114e-11 0.664114 -0.664093 -7.78114e-11 1.00767 1.00767 0.00218734 0.00218733 4.28463e-138 2.88435e-139 0 0 
-11.401 0.335898 -0.00073174 -7.86697e-11 0.664105 -0.664084 -7.86697e-11 1.00769 1.00769 0.00219523 0.00219522 4.47509e-138 3.01254e-139 0 0 
-11.3973 0.335907 -0.000734379 -7.95374e-11 0.664096 -0.664075 -7.95374e-11 1.00772 1.00772 0.00220314 0.00220314 2.35858e-138 1.58774e-139 0 0 
-11.3936 0.335916 -0.000737027 -8.04147e-11 0.664087 -0.664066 -8.04147e-11 1.00775 1.00775 0.00221109 0.00221108 -2.9375e-138 -1.97743e-139 -0 -0 
-11.3899 0.335925 -0.000739685 -8.13017e-11 0.664077 -0.664056 -8.13017e-11 1.00778 1.00778 0.00221906 0.00221906 -1.01978e-137 -6.86478e-139 -0 -0 
-11.3863 0.335934 -0.000742352 -8.21984e-11 0.664068 -0.664047 -8.21984e-11 1.0078 1.0078 0.00222707 0.00222706 -1.59751e-137 -1.07538e-138 -0 -0 
-11.3826 0.335943 -0.000745029 -8.3105e-11 0.664059 -0.664038 -8.3105e-11 1.00783 1.00783 0.00223509 0.00223509 -1.67132e-137 -1.12506e-138 -0 -0 
-11.3789 0.335953 -0.000747715 -8.40215e-11 0.66405 -0.664029 -8.40215e-11 1.00786 1.00786 0.00224315 0.00224314 -8.85586e-138 -5.96131e-139 -0 -0 
-11.3752 0.335962 -0.00075041 -8.49481e-11 0.664041 -0.664019 -8.49481e-11 1.00789 1.00789 0.00225124 0.00225123 1.08611e-137 7.31108e-139 0 0 
-11.3715 0.335971 -0.000753115 -8.5885e-11 0.664031 -0.66401 -8.5885e-11 1.00791 1.00791 0.00225935 0.00225935 3.79523e-137 2.55472e-138 0 0 
-11.3678 0.335981 -0.000755829 -8.68321e-11 0.664022 -0.664001 -8.68321e-11 1.00794 1.00794 0.0022675 0.00226749 5.95622e-137 4.00933e-138 0 0 
-11.3641 0.33599 -0.000758553 -8.77896e-11 0.664013 -0.663991 -8.77896e-11 1.00797 1.00797 0.00227567 0.00227566 6.24186e-137 4.20157e-138 0 0 
-11.3605 0.335999 -0.000761287 -8.87577e-11 0.664003 -0.663982 -8.87577e-11 1.008 1.008 0.00228387 0.00228386 3.32495e-137 2.2381e-138 0 0 
-11.3568 0.336009 -0.00076403 -8.97364e-11 0.663994 -0.663972 -8.97364e-11 1.00803 1.00803 0.0022921 0.00229209 -4.01548e-137 -2.70289e-138 -0 -0 
-11.3531 0.336018 -0.000766783 -9.07259e-11 0.663985 -0.663963 -9.07259e-11 1.00805 1.00805 0.00230036 0.00230035 -1.41243e-136 -9.50723e-138 -0 -0 
-11.3494 0.336028 -0.000769546 -9.17263e-11 0.663975 -0.663953 -9.17263e-11 1.00808 1.00808 0.00230865 0.00230864 -2.22073e-136 -1.49479e-137 -0 -0 
-11.3457 0.336037 -0.000772318 -9.27377e-11 0.663966 -0.663944 -9.27377e-11 1.00811 1.00811 0.00231696 0.00231695 -2.33112e-136 -1.56908e-137 -0 -0 
-11.342 0.336047 -0.0007751 -9.37602e-11 0.663956 -0.663934 -9.37602e-11 1.00814 1.00814 0.00232531 0.0023253 -1.24829e-136 -8.40217e-138 -0 -0 
-11.3384 0.336056 -0.000777891 -9.47939e-11 0.663947 -0.663924 -9.47939e-11 1.00817 1.00817 0.00233368 0.00233367 1.48445e-136 9.99171e-138 0 0 
-11.3347 0.336066 -0.000780693 -9.5839e-11 0.663937 -0.663915 -9.5839e-11 1.0082 1.0082 0.00234209 0.00234208 5.25643e-136 3.53802e-137 0 0 
-11.331 0.336075 -0.000783504 -9.68956e-11 0.663927 -0.663905 -9.68956e-11 1.00823 1.00823 0.00235052 0.00235051 8.27975e-136 5.57293e-137 0 0 
-11.3273 0.336085 -0.000786326 -9.79639e-11 0.663918 -0.663895 -9.79639e-11 1.00826 1.00826 0.00235899 0.00235898 8.70585e-136 5.85969e-137 0 0 
-11.3236 0.336095 -0.000789157 -9.90438e-11 0.663908 -0.663886 -9.90438e-11 1.00828 1.00828 0.00236748 0.00236747 4.68619e-136 3.15413e-137 0 0 
-11.3199 0.336105 -0.000791998 -1.00136e-10 0.663898 -0.663876 -1.00136e-10 1.00831 1.00831 0.002376 0.00237599 -5.48733e-136 -3.69332e-137 -0 -0 
-11.3162 0.336114 -0.000794849 -1.0124e-10 0.663889 -0.663866 -1.0124e-10 1.00834 1.00834 0.00238456 0.00238455 -1.95619e-135 -1.31663e-136 -0 -0 
-11.3126 0.336124 -0.00079771 -1.02355e-10 0.663879 -0.663856 -1.02355e-10 1.00837 1.00837 0.00239314 0.00239313 -3.087e-135 -2.07771e-136 -0 -0 
-11.3089 0.336134 -0.000800581 -1.03484e-10 0.663869 -0.663846 -1.03484e-10 1.0084 1.0084 0.00240175 0.00240174 -3.25128e-135 -2.18826e-136 -0 -0 
-11.3052 0.336144 -0.000803462 -1.04624e-10 0.663859 -0.663836 -1.04624e-10 1.00843 1.00843 0.0024104 0.00241039 -1.75914e-135 -1.18397e-136 -0 -0 
-11.3015 0.336154 -0.000806354 -1.05778e-10 0.663849 -0.663826 -1.05778e-10 1.00846 1.00846 0.00241907 0.00241906 2.02825e-135 1.36508e-136 0 0 
-11.2978 0.336164 -0.000809255 -1.06943e-10 0.663839 -0.663816 -1.06943e-10 1.00849 1.00849 0.00242778 0.00242777 7.27989e-135 4.89958e-136 0 0 
-11.2941 0.336174 -0.000812167 -1.08122e-10 0.663829 -0.663806 -1.08122e-10 1.00852 1.00852 0.00243651 0.0024365 1.15094e-134 7.74611e-136 0 0 
-11.2905 0.336184 -0.000815089 -1.09314e-10 0.663819 -0.663796 -1.09314e-10 1.00855 1.00855 0.00244528 0.00244527 1.21421e-134 8.17186e-136 0 0 
-11.2868 0.336194 -0.000818021 -1.10518e-10 0.663809 -0.663786 -1.10518e-10 1.00858 1.00858 0.00245407 0.00245406 6.60323e-135 4.44406e-136 0 0 
-11.2831 0.336204 -0.000820963 -1.11736e-10 0.663799 -0.663776 -1.11736e-10 1.00861 1.00861 0.0024629 0.00246289 -7.49629e-135 -5.04506e-136 -0 -0 
-11.2794 0.336214 -0.000823916 -1.12968e-10 0.663789 -0.663766 -1.12968e-10 1.00864 1.00864 0.00247176 0.00247175 -2.70916e-134 -1.82327e-135 -0 -0 
-11.2757 0.336224 -0.000826879 -1.14213e-10 0.663779 -0.663756 -1.14213e-10 1.00867 1.00867 0.00248065 0.00248064 -4.29109e-134 -2.88788e-135 -0 -0 
-11.272 0.336234 -0.000829852 -1.15471e-10 0.663769 -0.663745 -1.15471e-10 1.0087 1.0087 0.00248957 0.00248956 -4.5345e-134 -3.05167e-135 -0 -0 
-11.2683 0.336244 -0.000832836 -1.16744e-10 0.663759 -0.663735 -1.16744e-10 1.00873 1.00873 0.00249852 0.00249851 -2.47851e-134 -1.668e-135 -0 -0 
-11.2647 0.336255 -0.000835831 -1.1803e-10 0.663749 -0.663725 -1.1803e-10 1.00876 1.00876 0.0025075 0.00250749 2.77036e-134 1.86439e-135 0 0 
-11.261 0.336265 -0.000838835 -1.19331e-10 0.663738 -0.663714 -1.19331e-10 1.00879 1.00879 0.00251652 0.00251651 1.00819e-133 6.78483e-135 0 0 
-11.2573 0.336275 -0.000841851 -1.20645e-10 0.663728 -0.663704 -1.20645e-10 1.00883 1.00883 0.00252556 0.00252555 1.59985e-133 1.07664e-134 0 0 
-11.2536 0.336286 -0.000844876 -1.21975e-10 0.663718 -0.663694 -1.21975e-10 1.00886 1.00886 0.00253464 0.00253463 1.69341e-133 1.1396e-134 0 0 
-11.2499 0.336296 -0.000847913 -1.23318e-10 0.663707 -0.663683 -1.23318e-10 1.00889 1.00889 0.00254375 0.00254374 9.3025e-134 6.26017e-135 0 0 
-11.2462 0.336306 -0.00085096 -1.24677e-10 0.663697 -0.663673 -1.24677e-10 1.00892 1.00892 0.00255289 0.00255288 -1.02374e-133 -6.88922e-135 -0 -0 
-11.2425 0.336317 -0.000854018 -1.26051e-10 0.663687 -0.663662 -1.26051e-10 1.00895 1.00895 0.00256207 0.00256205 -3.75183e-133 -2.52477e-134 -0 -0 
-11.2389 0.336327 -0.000857086 -1.27439e-10 0.663676 -0.663652 -1.27439e-10 1.00898 1.00898 0.00257127 0.00257126 -5.96469e-133 -4.01386e-134 -0 -0 
-11.2352 0.336338 -0.000860165 -1.28843e-10 0.663666 -0.663641 -1.28843e-10 1.00901 1.00901 0.00258051 0.0025805 -6.32396e-133 -4.25559e-134 -0 -0 
-11.2315 0.336348 -0.000863255 -1.30262e-10 0.663655 -0.663631 -1.30262e-10 1.00904 1.00904 0.00258978 0.00258977 -3.49129e-133 -2.34938e-134 -0 -0 
-11.2278 0.336359 -0.000866356 -1.31697e-10 0.663645 -0.66362 -1.31697e-10 1.00908 1.00908 0.00259908 0.00259907 3.78271e-133 2.54546e-134 0 0 
-11.2241 0.33637 -0.000869467 -1.33148e-10 0.663634 -0.663609 -1.33148e-10 1.00911 1.00911 0.00260842 0.0026084 1.39617e-132 9.39504e-134 0 0 
-11.2204 0.33638 -0.00087259 -1.34615e-10 0.663623 -0.663599 -1.34615e-10 1.00914 1.00914 0.00261778 0.00261777 2.22379e-132 1.49641e-133 0 0 
-11.2168 0.336391 -0.000875723 -1.36097e-10 0.663613 -0.663588 -1.36097e-10 1.00917 1.00917 0.00262718 0.00262717 2.36164e-132 1.58915e-133 0 0 
-11.2131 0.336402 -0.000878867 -1.37596e-10 0.663602 -0.663577 -1.37596e-10 1.0092 1.0092 0.00263662 0.0026366 1.31024e-132 8.81654e-134 0 0 
-11.2094 0.336412 -0.000882023 -1.39112e-10 0.663591 -0.663566 -1.39112e-10 1.00924 1.00924 0.00264608 0.00264607 -1.39759e-132 -9.40424e-134 -0 -0 
-11.2057 0.336423 -0.000885189 -1.40644e-10 0.66358 -0.663555 -1.40644e-10 1.00927 1.00927 0.00265558 0.00265557 -5.19555e-132 -3.496e-133 -0 -0 
-11.202 0.336434 -0.000888366 -1.42193e-10 0.66357 -0.663544 -1.42193e-10 1.0093 1.0093 0.00266511 0.0026651 -8.29082e-132 -5.5787e-133 -0 -0 
-11.1983 0.336445 -0.000891555 -1.43759e-10 0.663559 -0.663533 -1.43759e-10 1.00933 1.00933 0.00267468 0.00267466 -8.8193e-132 -5.93425e-133 -0 -0 
-11.1946 0.336456 -0.000894754 -1.45342e-10 0.663548 -0.663522 -1.45342e-10 1.00937 1.00937 0.00268428 0.00268426 -4.91692e-132 -3.30842e-133 -0 -0 
-11.191 0.336467 -0.000897965 -1.46942e-10 0.663537 -0.663511 -1.46942e-10 1.0094 1.0094 0.00269391 0.00269389 5.1632e-132 3.4741e-133 0 0 
-11.1873 0.336478 -0.000901187 -1.4856e-10 0.663526 -0.6635 -1.4856e-10 1.00943 1.00943 0.00270358 0.00270356 1.93339e-131 1.30089e-132 0 0 
-11.1836 0.336489 -0.00090442 -1.50196e-10 0.663515 -0.663489 -1.50196e-10 1.00947 1.00947 0.00271328 0.00271326 3.091e-131 2.07977e-132 0 0 
-11.1799 0.3365 -0.000907664 -1.5185e-10 0.663504 -0.663478 -1.5185e-10 1.0095 1.0095 0.00272301 0.00272299 3.29345e-131 2.21597e-132 0 0 
-11.1762 0.336511 -0.00091092 -1.53522e-10 0.663493 -0.663467 -1.53522e-10 1.00953 1.00953 0.00273278 0.00273276 1.84507e-131 1.24142e-132 0 0 
-11.1725 0.336522 -0.000914187 -1.55212e-10 0.663482 -0.663456 -1.55212e-10 1.00957 1.00957 0.00274258 0.00274256 -1.9073e-131 -1.28328e-132 -0 -0 
-11.1689 0.336533 -0.000917466 -1.56921e-10 0.663471 -0.663445 -1.56921e-10 1.0096 1.0096 0.00275241 0.0027524 -7.19453e-131 -4.84063e-132 -0 -0 
-11.1652 0.336544 -0.000920756 -1.58648e-10 0.66346 -0.663433 -1.58648e-10 1.00963 1.00963 0.00276228 0.00276227 -1.15238e-130 -7.7534e-132 -0 -0 
-11.1615 0.336556 -0.000924057 -1.60395e-10 0.663448 -0.663422 -1.60395e-10 1.00967 1.00967 0.00277219 0.00277217 -1.22989e-130 -8.27477e-132 -0 -0 
-11.1578 0.336567 -0.00092737 -1.62161e-10 0.663437 -0.663411 -1.62161e-10 1.0097 1.0097 0.00278213 0.00278211 -6.92327e-131 -4.65798e-132 -0 -0 
-11.1541 0.336578 -0.000930694 -1.63946e-10 0.663426 -0.663399 -1.63946e-10 1.00973 1.00973 0.0027921 0.00279208 7.04494e-131 4.7398e-132 0 0 
-11.1504 0.33659 -0.00093403 -1.65751e-10 0.663414 -0.663388 -1.65751e-10 1.00977 1.00977 0.00280211 0.00280209 2.6772e-130 1.80119e-131 0 0 
-11.1467 0.336601 -0.000937378 -1.67575e-10 0.663403 -0.663377 -1.67575e-10 1.0098 1.0098 0.00281215 0.00281213 4.29628e-130 2.89046e-131 0 0 
-11.1431 0.336612 -0.000940737 -1.6942e-10 0.663392 -0.663365 -1.6942e-10 1.00984 1.00984 0.00282223 0.00282221 4.59277e-130 3.0899e-131 0 0 
-11.1394 0.336624 -0.000944108 -1.71284e-10 0.66338 -0.663353 -1.71284e-10 1.00987 1.00987 0.00283234 0.00283232 2.59769e-130 1.74765e-131 0 0 
-11.1357 0.336635 -0.00094749 -1.7317e-10 0.663369 -0.663342 -1.7317e-10 1.00991 1.00991 0.00284249 0.00284247 -2.60193e-130 -1.75048e-131 -0 -0 
-11.132 0.336647 -0.000950885 -1.75075e-10 0.663357 -0.66333 -1.75075e-10 1.00994 1.00994 0.00285267 0.00285265 -9.96219e-130 -6.70212e-131 -0 -0 
-11.1283 0.336658 -0.000954291 -1.77002e-10 0.663346 -0.663319 -1.77002e-10 1.00998 1.00998 0.00286289 0.00286287 -1.60172e-129 -1.07755e-130 -0 -0 
-11.1246 0.33667 -0.000957709 -1.7895e-10 0.663334 -0.663307 -1.7895e-10 1.01001 1.01001 0.00287314 0.00287313 -1.71507e-129 -1.1538e-130 -0 -0 
-11.1209 0.336682 -0.000961139 -1.8092e-10 0.663323 -0.663295 -1.8092e-10 1.01004 1.01004 0.00288343 0.00288342 -9.74639e-130 -6.55675e-131 -0 -0 
-11.1173 0.336693 -0.000964581 -1.8291e-10 0.663311 -0.663284 -1.8291e-10 1.01008 1.01008 0.00289376 0.00289374 9.60889e-130 6.46418e-131 0 0 
-11.1136 0.336705 -0.000968034 -1.84923e-10 0.663299 -0.663272 -1.84923e-10 1.01012 1.01012 0.00290412 0.0029041 3.70701e-129 2.49379e-130 0 0 
-11.1099 0.336717 -0.0009715 -1.86958e-10 0.663287 -0.66326 -1.86958e-10 1.01015 1.01015 0.00291452 0.0029145 5.97141e-129 4.01706e-130 0 0 
-11.1062 0.336729 -0.000974978 -1.89015e-10 0.663276 -0.663248 -1.89015e-10 1.01019 1.01019 0.00292495 0.00292493 6.40447e-129 4.30835e-130 0 0 
-11.1025 0.33674 -0.000978468 -1.91095e-10 0.663264 -0.663236 -1.91095e-10 1.01022 1.01022 0.00293542 0.0029354 3.65661e-129 2.45981e-130 0 0 
-11.0988 0.336752 -0.00098197 -1.93197e-10 0.663252 -0.663224 -1.93197e-10 1.01026 1.01026 0.00294593 0.00294591 -3.5482e-129 -2.38686e-130 -0 -0 
-11.0952 0.336764 -0.000985484 -1.95323e-10 0.66324 -0.663212 -1.95323e-10 1.01029 1.01029 0.00295647 0.00295645 -1.37939e-128 -9.27903e-130 -0 -0 
-11.0915 0.336776 -0.00098901 -1.97472e-10 0.663228 -0.6632 -1.97472e-10 1.01033 1.01033 0.00296705 0.00296703 -2.2262e-128 -1.49753e-129 -0 -0 
-11.0878 0.336788 -0.000992549 -1.99644e-10 0.663216 -0.663188 -1.99644e-10 1.01036 1.01036 0.00297767 0.00297765 -2.39157e-128 -1.60875e-129 -0 -0 
-11.0841 0.3368 -0.0009961 -2.01841e-10 0.663204 -0.663176 -2.01841e-10 1.0104 1.0104 0.00298832 0.0029883 -1.37181e-128 -9.22771e-130 -0 -0 
-11.0804 0.336812 -0.000999663 -2.04061e-10 0.663192 -0.663164 -2.04061e-10 1.01044 1.01044 0.00299901 0.00299899 1.31009e-128 8.81244e-130 0 0 
-11.0767 0.336824 -0.00100324 -2.06306e-10 0.66318 -0.663152 -2.06306e-10 1.01047 1.01047 0.00300974 0.00300972 5.13273e-128 3.45255e-129 0 0 
-11.073 0.336837 -0.00100683 -2.08575e-10 0.663168 -0.663139 -2.08575e-10 1.01051 1.01051 0.0030205 0.00302048 8.29946e-128 5.58261e-129 0 0 
-11.0694 0.336849 -0.00101043 -2.10869e-10 0.663156 -0.663127 -2.10869e-10 1.01055 1.01055 0.0030313 0.00303128 8.93054e-128 6.00704e-129 0 0 
-11.0657 0.336861 -0.00101404 -2.13188e-10 0.663144 -0.663115 -2.13188e-10 1.01058 1.01058 0.00304214 0.00304212 5.1462e-128 3.46151e-129 0 0 
-11.062 0.336873 -0.00101766 -2.15533e-10 0.663131 -0.663102 -2.15533e-10 1.01062 1.01062 0.00305302 0.00305299 -4.83668e-128 -3.25328e-129 -0 -0 
-11.0583 0.336886 -0.0010213 -2.17904e-10 0.663119 -0.66309 -2.17904e-10 1.01066 1.01066 0.00306393 0.00306391 -1.90987e-127 -1.28461e-128 -0 -0 
-11.0546 0.336898 -0.00102495 -2.203e-10 0.663107 -0.663078 -2.203e-10 1.01069 1.01069 0.00307488 0.00307486 -3.09409e-127 -2.08112e-128 -0 -0 
-11.0509 0.33691 -0.00102862 -2.22723e-10 0.663094 -0.663065 -2.22723e-10 1.01073 1.01073 0.00308587 0.00308585 -3.3348e-127 -2.243e-128 -0 -0 
-11.0472 0.336923 -0.00103229 -2.25172e-10 0.663082 -0.663053 -2.25172e-10 1.01077 1.01077 0.0030969 0.00309688 -1.93046e-127 -1.29842e-128 -0 -0 
-11.0436 0.336935 -0.00103598 -2.27648e-10 0.66307 -0.66304 -2.27648e-10 1.01081 1.01081 0.00310796 0.00310794 1.78546e-127 1.20089e-128 0 0 
-11.0399 0.336948 -0.00103968 -2.30151e-10 0.663057 -0.663028 -2.30151e-10 1.01084 1.01084 0.00311907 0.00311904 7.10647e-127 4.77969e-128 0 0 
-11.0362 0.33696 -0.0010434 -2.32682e-10 0.663045 -0.663015 -2.32682e-10 1.01088 1.01088 0.00313021 0.00313019 1.15349e-126 7.75808e-128 0 0 
-11.0325 0.336973 -0.00104712 -2.35241e-10 0.663032 -0.663002 -2.35241e-10 1.01092 1.01092 0.00314139 0.00314137 1.24525e-126 8.37518e-128 0 0 
-11.0288 0.336986 -0.00105086 -2.37827e-10 0.663019 -0.66299 -2.37827e-10 1.01096 1.01096 0.00315261 0.00315259 7.24128e-127 4.8702e-128 0 0 
-11.0251 0.336998 -0.00105461 -2.40442e-10 0.663007 -0.662977 -2.40442e-10 1.011 1.011 0.00316387 0.00316384 -6.59035e-127 -4.43237e-128 -0 -0 
-11.0215 0.337011 -0.00105838 -2.43085e-10 0.662994 -0.662964 -2.43085e-10 1.01103 1.01103 0.00317517 0.00317514 -2.64423e-126 -1.77837e-127 -0 -0 
-11.0178 0.337024 -0.00106216 -2.45758e-10 0.662981 -0.662951 -2.45758e-10 1.01107 1.01107 0.0031865 0.00318648 -4.30022e-126 -2.89206e-127 -0 -0 
-11.0141 0.337037 -0.00106595 -2.48459e-10 0.662969 -0.662938 -2.48459e-10 1.01111 1.01111 0.00319788 0.00319785 -4.64988e-126 -3.1272e-127 -0 -0 
-11.0104 0.33705 -0.00106976 -2.5119e-10 0.662956 -0.662925 -2.5119e-10 1.01115 1.01115 0.00320929 0.00320927 -2.71613e-126 -1.82666e-127 -0 -0 
-11.0067 0.337062 -0.00107357 -2.53952e-10 0.662943 -0.662912 -2.53952e-10 1.01119 1.01119 0.00322075 0.00322072 2.43231e-126 1.63577e-127 0 0 
-11.003 0.337075 -0.0010774 -2.56743e-10 0.66293 -0.662899 -2.56743e-10 1.01123 1.01123 0.00323224 0.00323221 9.83876e-126 6.61666e-127 0 0 
-10.9993 0.337088 -0.00108125 -2.59565e-10 0.662917 -0.662886 -2.59565e-10 1.01126 1.01126 0.00324377 0.00324375 1.60312e-125 1.0781e-126 0 0 
-10.9957 0.337101 -0.00108511 -2.62418e-10 0.662904 -0.662873 -2.62418e-10 1.0113 1.0113 0.00325535 0.00325532 1.73629e-125 1.16765e-126 0 0 
-10.992 0.337114 -0.00108898 -2.65302e-10 0.662891 -0.66286 -2.65302e-10 1.01134 1.01134 0.00326696 0.00326693 1.01874e-125 6.85093e-127 0 0 
-10.9883 0.337128 -0.00109286 -2.68218e-10 0.662878 -0.662847 -2.68218e-10 1.01138 1.01138 0.00327861 0.00327859 -8.97601e-126 -6.03618e-127 -0 -0 
-10.9846 0.337141 -0.00109676 -2.71165e-10 0.662865 -0.662834 -2.71165e-10 1.01142 1.01142 0.00329031 0.00329028 -3.6608e-125 -2.46179e-126 -0 -0 
-10.9809 0.337154 -0.00110067 -2.74145e-10 0.662852 -0.66282 -2.74145e-10 1.01146 1.01146 0.00330204 0.00330201 -5.97637e-125 -4.01889e-126 -0 -0 
-10.9772 0.337167 -0.00110459 -2.77158e-10 0.662839 -0.662807 -2.77158e-10 1.0115 1.0115 0.00331381 0.00331378 -6.48337e-125 -4.35978e-126 -0 -0 
-10.9736 0.33718 -0.00110853 -2.80203e-10 0.662825 -0.662794 -2.80203e-10 1.01154 1.01154 0.00332563 0.0033256 -3.82087e-125 -2.56934e-126 -0 -0 
-10.9699 0.337194 -0.00111248 -2.83282e-10 0.662812 -0.66278 -2.83282e-10 1.01158 1.01158 0.00333748 0.00333745 3.31206e-125 2.22717e-126 0 0 
-10.9662 0.337207 -0.00111645 -2.86395e-10 0.662799 -0.662767 -2.86395e-10 1.01162 1.01162 0.00334938 0.00334935 1.36209e-124 9.15918e-126 0 0 
-10.9625 0.33722 -0.00112043 -2.89542e-10 0.662785 -0.662754 -2.89542e-10 1.01166 1.01166 0.00336131 0.00336129 2.22796e-124 1.49814e-125 0 0 
-10.9588 0.337234 -0.00112442 -2.92723e-10 0.662772 -0.66274 -2.92723e-10 1.0117 1.0117 0.00337329 0.00337326 2.42089e-124 1.62785e-125 0 0 
-10.9551 0.337247 -0.00112843 -2.95939e-10 0.662758 -0.662726 -2.95939e-10 1.01174 1.01174 0.00338531 0.00338528 1.43298e-124 9.63548e-126 0 0 
-10.9514 0.337261 -0.00113245 -2.9919e-10 0.662745 -0.662713 -2.9919e-10 1.01178 1.01178 0.00339737 0.00339734 -1.22198e-124 -8.21662e-126 -0 -0 
-10.9478 0.337274 -0.00113648 -3.02477e-10 0.662731 -0.662699 -3.02477e-10 1.01182 1.01182 0.00340947 0.00340944 -5.06797e-124 -3.40767e-125 -0 -0 
-10.9441 0.337288 -0.00114053 -3.05799e-10 0.662718 -0.662685 -3.05799e-10 1.01186 1.01186 0.00342162 0.00342159 -8.30566e-124 -5.58461e-125 -0 -0 
-10.9404 0.337302 -0.00114459 -3.09158e-10 0.662704 -0.662672 -3.09158e-10 1.01191 1.01191 0.0034338 0.00343377 -9.03952e-124 -6.07797e-125 -0 -0 
-10.9367 0.337315 -0.00114867 -3.12554e-10 0.662691 -0.662658 -3.12554e-10 1.01195 1.01195 0.00344603 0.003446 -5.37401e-124 -3.61332e-125 -0 -0 
-10.933 0.337329 -0.00115276 -3.15987e-10 0.662677 -0.662644 -3.15987e-10 1.01199 1.01199 0.0034583 0.00345827 4.50796e-124 3.03098e-125 0 0 
-10.9293 0.337343 -0.00115686 -3.19458e-10 0.662663 -0.66263 -3.19458e-10 1.01203 1.01203 0.00347061 0.00347058 1.88562e-123 1.26781e-124 0 0 
-10.9256 0.337357 -0.00116098 -3.22966e-10 0.662649 -0.662616 -3.22966e-10 1.01207 1.01207 0.00348296 0.00348293 3.09627e-123 2.08176e-124 0 0 
-10.922 0.337371 -0.00116511 -3.26513e-10 0.662635 -0.662602 -3.26513e-10 1.01211 1.01211 0.00349536 0.00349533 3.3753e-123 2.26934e-124 0 0 
-10.9183 0.337385 -0.00116926 -3.30099e-10 0.662622 -0.662588 -3.30099e-10 1.01215 1.01215 0.0035078 0.00350777 2.0153e-123 1.35494e-124 0 0 
-10.9146 0.337399 -0.00117342 -3.33724e-10 0.662608 -0.662574 -3.33724e-10 1.0122 1.0122 0.00352028 0.00352025 -1.66282e-123 -1.11795e-124 -0 -0 
-10.9109 0.337413 -0.00117759 -3.37388e-10 0.662594 -0.66256 -3.37388e-10 1.01224 1.01224 0.0035328 0.00353277 -7.01571e-123 -4.71676e-124 -0 -0 
-10.9072 0.337427 -0.00118178 -3.41093e-10 0.66258 -0.662546 -3.41093e-10 1.01228 1.01228 0.00354537 0.00354534 -1.15425e-122 -7.76008e-124 -0 -0 
-10.9035 0.337441 -0.00118598 -3.44838e-10 0.662566 -0.662532 -3.44838e-10 1.01232 1.01232 0.00355798 0.00355795 -1.26031e-122 -8.47299e-124 -0 -0 
-10.8999 0.337455 -0.0011902 -3.48624e-10 0.662551 -0.662518 -3.48624e-10 1.01236 1.01236 0.00357063 0.0035706 -7.55722e-123 -5.08063e-124 -0 -0 
-10.8962 0.337469 -0.00119443 -3.52452e-10 0.662537 -0.662503 -3.52452e-10 1.01241 1.01241 0.00358333 0.0035833 6.13276e-123 4.12293e-124 0 0 
-10.8925 0.337483 -0.00119868 -3.56321e-10 0.662523 -0.662489 -3.56321e-10 1.01245 1.01245 0.00359607 0.00359604 2.61026e-122 1.7548e-123 0 0 
-10.8888 0.337498 -0.00120294 -3.60233e-10 0.662509 -0.662475 -3.60233e-10 1.01249 1.01249 0.00360885 0.00360882 4.30288e-122 2.89267e-123 0 0 
-10.8851 0.337512 -0.00120722 -3.64187e-10 0.662495 -0.66246 -3.64187e-10 1.01254 1.01254 0.00362168 0.00362165 4.70583e-122 3.16352e-123 0 0 
-10.8814 0.337526 -0.00121151 -3.68185e-10 0.66248 -0.662446 -3.68185e-10 1.01258 1.01258 0.00363455 0.00363452 2.83378e-122 1.905e-123 0 0 
-10.8777 0.337541 -0.00121581 -3.72227e-10 0.662466 -0.662431 -3.72227e-10 1.01262 1.01262 0.00364747 0.00364743 -2.26159e-122 -1.52033e-123 -0 -0 
-10.8741 0.337555 -0.00122013 -3.76312e-10 0.662451 -0.662417 -3.76312e-10 1.01267 1.01267 0.00366043 0.00366039 -9.71158e-122 -6.52841e-123 -0 -0 
-10.8704 0.33757 -0.00122446 -3.80443e-10 0.662437 -0.662402 -3.80443e-10 1.01271 1.01271 0.00367343 0.00367339 -1.60404e-121 -1.07827e-122 -0 -0 
-10.8667 0.337584 -0.00122881 -3.84618e-10 0.662422 -0.662388 -3.84618e-10 1.01275 1.01275 0.00368648 0.00368644 -1.75708e-121 -1.18113e-122 -0 -0 
-10.863 0.337599 -0.00123318 -3.88839e-10 0.662408 -0.662373 -3.88839e-10 1.0128 1.0128 0.00369957 0.00369954 -1.06256e-121 -7.14258e-123 -0 -0 
-10.8593 0.337614 -0.00123756 -3.93106e-10 0.662393 -0.662358 -3.93106e-10 1.01284 1.01284 0.00371271 0.00371267 8.33906e-122 5.60548e-123 0 0 
-10.8556 0.337628 -0.00124195 -3.9742e-10 0.662379 -0.662343 -3.9742e-10 1.01289 1.01289 0.00372589 0.00372586 3.6132e-121 2.42874e-122 0 0 
-10.852 0.337643 -0.00124636 -4.01781e-10 0.662364 -0.662329 -4.01781e-10 1.01293 1.01293 0.00373912 0.00373908 5.97956e-121 4.01933e-122 0 0 
-10.8483 0.337658 -0.00125078 -4.0619e-10 0.662349 -0.662314 -4.0619e-10 1.01297 1.01297 0.00375239 0.00375235 6.56063e-121 4.40985e-122 0 0 
-10.8446 0.337673 -0.00125522 -4.10647e-10 0.662334 -0.662299 -4.10647e-10 1.01302 1.01302 0.00376571 0.00376567 3.98404e-121 2.67791e-122 0 0 
-10.8409 0.337688 -0.00125968 -4.15153e-10 0.66232 -0.662284 -4.15153e-10 1.01306 1.01306 0.00377908 0.00377904 -3.07443e-121 -2.06648e-122 -0 -0 
-10.8372 0.337703 -0.00126415 -4.19707e-10 0.662305 -0.662269 -4.19707e-10 1.01311 1.01311 0.00379249 0.00379244 -1.34428e-120 -9.03546e-122 -0 -0 
-10.8335 0.337718 -0.00126863 -4.24312e-10 0.66229 -0.662254 -4.24312e-10 1.01315 1.01315 0.00380594 0.0038059 -2.22905e-120 -1.49822e-121 -0 -0 
-10.8298 0.337733 -0.00127313 -4.28967e-10 0.662275 -0.662239 -4.28967e-10 1.0132 1.0132 0.00381944 0.0038194 -2.4496e-120 -1.64644e-121 -0 -0 
-10.8262 0.337748 -0.00127765 -4.33673e-10 0.66226 -0.662223 -4.33673e-10 1.01324 1.01324 0.00383299 0.00383295 -1.49374e-120 -1.00397e-121 -0 -0 
-10.8225 0.337763 -0.00128218 -4.3843e-10 0.662245 -0.662208 -4.3843e-10 1.01329 1.01329 0.00384658 0.00384654 1.13332e-120 7.61715e-122 0 0 
-10.8188 0.337778 -0.00128673 -4.43239e-10 0.662229 -0.662193 -4.43239e-10 1.01333 1.01333 0.00386022 0.00386018 5.00127e-120 3.36135e-121 0 0 
-10.8151 0.337793 -0.00129129 -4.481e-10 0.662214 -0.662178 -4.481e-10 1.01338 1.01338 0.00387391 0.00387386 8.30939e-120 5.58465e-121 0 0 
-10.8114 0.337809 -0.00129586 -4.53015e-10 0.662199 -0.662162 -4.53015e-10 1.01343 1.01343 0.00388764 0.00388759 9.14621e-120 6.14699e-121 0 0 
-10.8077 0.337824 -0.00130046 -4.57984e-10 0.662184 -0.662147 -4.57984e-10 1.01347 1.01347 0.00390142 0.00390137 5.60029e-120 3.7638e-121 0 0 
-10.804 0.337839 -0.00130507 -4.63006e-10 0.662169 -0.662131 -4.63006e-10 1.01352 1.01352 0.00391524 0.0039152 -4.1772e-120 -2.80734e-121 -0 -0 
-10.8004 0.337855 -0.00130969 -4.68084e-10 0.662153 -0.662116 -4.68084e-10 1.01356 1.01356 0.00392912 0.00392907 -1.86066e-119 -1.25046e-120 -0 -0 
-10.7967 0.33787 -0.00131433 -4.73217e-10 0.662138 -0.6621 -4.73217e-10 1.01361 1.01361 0.00394304 0.00394299 -3.09752e-119 -2.08167e-120 -0 -0 
-10.793 0.337886 -0.00131899 -4.78406e-10 0.662122 -0.662085 -4.78406e-10 1.01366 1.01366 0.00395701 0.00395696 -3.41495e-119 -2.29496e-120 -0 -0 
-10.7893 0.337901 -0.00132366 -4.83652e-10 0.662107 -0.662069 -4.83652e-10 1.0137 1.0137 0.00397102 0.00397097 -2.09957e-119 -1.41096e-120 -0 -0 
-10.7856 0.337917 -0.00132835 -4.88955e-10 0.662091 -0.662053 -4.88955e-10 1.01375 1.01375 0.00398508 0.00398504 1.53942e-119 1.03452e-120 0 0 
-10.7819 0.337933 -0.00133305 -4.94315e-10 0.662076 -0.662038 -4.94315e-10 1.0138 1.0138 0.00399919 0.00399915 6.92227e-119 4.65182e-120 0 0 
-10.7783 0.337948 -0.00133777 -4.99735e-10 0.66206 -0.662022 -4.99735e-10 1.01384 1.01384 0.00401335 0.0040133 1.15467e-118 7.75936e-120 0 0 
-10.7746 0.337964 -0.0013425 -5.05213e-10 0.662044 -0.662006 -5.05213e-10 1.01389 1.01389 0.00402756 0.00402751 1.27504e-118 8.56812e-120 0 0 
-10.7709 0.33798 -0.00134725 -5.10752e-10 0.662028 -0.66199 -5.10752e-10 1.01394 1.01394 0.00404181 0.00404176 7.87102e-119 5.28916e-120 0 0 
-10.7672 0.337996 -0.00135202 -5.16351e-10 0.662013 -0.661974 -5.16351e-10 1.01399 1.01399 0.00405612 0.00405607 -5.67241e-119 -3.81169e-120 -0 -0 
-10.7635 0.338012 -0.00135681 -5.2201e-10 0.661997 -0.661958 -5.2201e-10 1.01403 1.01403 0.00407047 0.00407042 -2.57528e-118 -1.73049e-119 -0 -0 
-10.7598 0.338028 -0.00136161 -5.27732e-10 0.661981 -0.661942 -5.27732e-10 1.01408 1.01408 0.00408487 0.00408482 -4.30426e-118 -2.89225e-119 -0 -0 
-10.7561 0.338044 -0.00136642 -5.33516e-10 0.661965 -0.661926 -5.33516e-10 1.01413 1.01413 0.00409932 0.00409927 -4.76058e-118 -3.19883e-119 -0 -0 
-10.7525 0.33806 -0.00137126 -5.39364e-10 0.661949 -0.66191 -5.39364e-10 1.01418 1.01418 0.00411382 0.00411377 -2.95064e-118 -1.98263e-119 -0 -0 
-10.7488 0.338076 -0.0013761 -5.45275e-10 0.661933 -0.661894 -5.45275e-10 1.01423 1.01423 0.00412837 0.00412831 2.08985e-118 1.40422e-119 0 0 
-10.7451 0.338092 -0.00138097 -5.5125e-10 0.661917 -0.661878 -5.5125e-10 1.01428 1.01428 0.00414296 0.00414291 9.58069e-118 6.43738e-119 0 0 
-10.7414 0.338108 -0.00138585 -5.57291e-10 0.661901 -0.661861 -5.57291e-10 1.01432 1.01432 0.00415761 0.00415755 1.60449e-117 1.07806e-118 0 0 
-10.7377 0.338124 -0.00139075 -5.63397e-10 0.661884 -0.661845 -5.63397e-10 1.01437 1.01437 0.0041723 0.00417225 1.77743e-117 1.19424e-118 0 0 
-10.734 0.338141 -0.00139566 -5.69571e-10 0.661868 -0.661829 -5.69571e-10 1.01442 1.01442 0.00418705 0.00418699 1.10608e-117 7.43155e-119 0 0 
-10.7304 0.338157 -0.0014006 -5.75811e-10 0.661852 -0.661812 -5.75811e-10 1.01447 1.01447 0.00420185 0.00420179 -7.69837e-118 -5.17233e-119 -0 -0 
-10.7267 0.338174 -0.00140554 -5.8212e-10 0.661835 -0.661796 -5.8212e-10 1.01452 1.01452 0.00421669 0.00421663 -3.56421e-117 -2.39466e-118 -0 -0 
-10.723 0.33819 -0.00141051 -5.88497e-10 0.661819 -0.661779 -5.88497e-10 1.01457 1.01457 0.00423159 0.00423153 -5.98097e-117 -4.01834e-118 -0 -0 
-10.7193 0.338207 -0.00141549 -5.94944e-10 0.661803 -0.661762 -5.94944e-10 1.01462 1.01462 0.00424653 0.00424647 -6.63623e-117 -4.45851e-118 -0 -0 
-10.7156 0.338223 -0.00142049 -6.01462e-10 0.661786 -0.661746 -6.01462e-10 1.01467 1.01467 0.00426153 0.00426147 -4.14609e-117 -2.78548e-118 -0 -0 
-10.7119 0.33824 -0.00142551 -6.0805e-10 0.66177 -0.661729 -6.0805e-10 1.01472 1.01472 0.00427658 0.00427652 2.83542e-117 1.9049e-118 0 0 
-10.7082 0.338256 -0.00143054 -6.1471e-10 0.661753 -0.661712 -6.1471e-10 1.01477 1.01477 0.00429167 0.00429161 1.32594e-116 8.90786e-118 0 0 
-10.7046 0.338273 -0.00143559 -6.21443e-10 0.661736 -0.661696 -6.21443e-10 1.01482 1.01482 0.00430682 0.00430676 2.22948e-116 1.49778e-117 0 0 
-10.7009 0.33829 -0.00144065 -6.28249e-10 0.66172 -0.661679 -6.28249e-10 1.01487 1.01487 0.00432202 0.00432196 2.47769e-116 1.6645e-117 0 0 
-10.6972 0.338307 -0.00144574 -6.3513e-10 0.661703 -0.661662 -6.3513e-10 1.01492 1.01492 0.00433728 0.00433721 1.55409e-116 1.04401e-117 0 0 
-10.6935 0.338324 -0.00145084 -6.42085e-10 0.661686 -0.661645 -6.42085e-10 1.01497 1.01497 0.00435258 0.00435252 -1.04416e-116 -7.0144e-118 -0 -0 
-10.6898 0.338341 -0.00145596 -6.49116e-10 0.661669 -0.661628 -6.49116e-10 1.01502 1.01502 0.00436793 0.00436787 -4.93265e-116 -3.31357e-117 -0 -0 
-10.6861 0.338358 -0.00146109 -6.56224e-10 0.661652 -0.661611 -6.56224e-10 1.01507 1.01507 0.00438334 0.00438328 -8.31063e-116 -5.5827e-117 -0 -0 
-10.6824 0.338375 -0.00146624 -6.6341e-10 0.661635 -0.661594 -6.6341e-10 1.01512 1.01512 0.0043988 0.00439873 -9.25059e-116 -6.21402e-117 -0 -0 
-10.6788 0.338392 -0.00147141 -6.70673e-10 0.661618 -0.661576 -6.70673e-10 1.01518 1.01518 0.00441431 0.00441424 -5.82502e-116 -3.91285e-117 -0 -0 
-10.6751 0.338409 -0.0014766 -6.78016e-10 0.661601 -0.661559 -6.78016e-10 1.01523 1.01523 0.00442987 0.00442981 3.84459e-116 2.58249e-117 0 0 
-10.6714 0.338426 -0.00148181 -6.85439e-10 0.661584 -0.661542 -6.85439e-10 1.01528 1.01528 0.00444549 0.00444542 1.83498e-115 1.23258e-116 0 0 
-10.6677 0.338443 -0.00148703 -6.92943e-10 0.661567 -0.661525 -6.92943e-10 1.01533 1.01533 0.00446115 0.00446109 3.09786e-115 2.08084e-116 0 0 
-10.664 0.338461 -0.00149227 -7.00528e-10 0.66155 -0.661507 -7.00528e-10 1.01538 1.01538 0.00447687 0.00447681 3.45373e-115 2.31984e-116 0 0 
-10.6603 0.338478 -0.00149753 -7.08196e-10 0.661532 -0.66149 -7.08196e-10 1.01543 1.01543 0.00449265 0.00449258 2.18325e-115 1.46645e-116 0 0 
-10.6567 0.338495 -0.0015028 -7.15948e-10 0.661515 -0.661472 -7.15948e-10 1.01549 1.01549 0.00450847 0.0045084 -1.41534e-115 -9.50642e-117 -0 -0 
-10.653 0.338513 -0.00150809 -7.23784e-10 0.661498 -0.661455 -7.23784e-10 1.01554 1.01554 0.00452435 0.00452428 -6.82617e-115 -4.58486e-116 -0 -0 
-10.6493 0.33853 -0.00151341 -7.31706e-10 0.66148 -0.661437 -7.31706e-10 1.01559 1.01559 0.00454029 0.00454022 -1.15474e-114 -7.75583e-116 -0 -0 
-10.6456 0.338548 -0.00151873 -7.39713e-10 0.661463 -0.661419 -7.39713e-10 1.01564 1.01564 0.00455627 0.0045562 -1.28945e-114 -8.66044e-116 -0 -0 
-10.6419 0.338566 -0.00152408 -7.47808e-10 0.661445 -0.661402 -7.47808e-10 1.0157 1.0157 0.00457231 0.00457224 -8.18264e-115 -5.49569e-116 -0 -0 
-10.6382 0.338583 -0.00152944 -7.55992e-10 0.661427 -0.661384 -7.55992e-10 1.01575 1.01575 0.00458841 0.00458833 5.20955e-115 3.49882e-116 0 0 
-10.6345 0.338601 -0.00153483 -7.64264e-10 0.66141 -0.661366 -7.64264e-10 1.0158 1.0158 0.00460456 0.00460448 2.53932e-114 1.70542e-115 0 0 
-10.6309 0.338619 -0.00154023 -7.72626e-10 0.661392 -0.661348 -7.72626e-10 1.01586 1.01586 0.00462076 0.00462068 4.30435e-114 2.89078e-115 0 0 
-10.6272 0.338637 -0.00154565 -7.81079e-10 0.661374 -0.66133 -7.81079e-10 1.01591 1.01591 0.00463701 0.00463694 4.81412e-114 3.23309e-115 0 0 
-10.6235 0.338655 -0.00155108 -7.89625e-10 0.661356 -0.661312 -7.89625e-10 1.01596 1.01596 0.00465333 0.00465325 3.06668e-114 2.0595e-115 0 0 
-10.6198 0.338673 -0.00155654 -7.98263e-10 0.661339 -0.661294 -7.98263e-10 1.01602 1.01602 0.00466969 0.00466961 -1.91719e-114 -1.28751e-115 -0 -0 
-10.6161 0.338691 -0.00156201 -8.06996e-10 0.661321 -0.661276 -8.06996e-10 1.01607 1.01607 0.00468611 0.00468603 -9.4461e-114 -6.34355e-115 -0 -0 
-10.6124 0.338709 -0.0015675 -8.15823e-10 0.661303 -0.661258 -8.15823e-10 1.01613 1.01613 0.00470259 0.00470251 -1.60445e-113 -1.07746e-114 -0 -0 
-10.6087 0.338727 -0.00157301 -8.24747e-10 0.661285 -0.66124 -8.24747e-10 1.01618 1.01618 0.00471912 0.00471904 -1.79732e-113 -1.20696e-114 -0 -0 
-10.6051 0.338745 -0.00157854 -8.33768e-10 0.661266 -0.661222 -8.33768e-10 1.01624 1.01624 0.00473571 0.00473563 -1.14929e-113 -7.71769e-115 -0 -0 
-10.6014 0.338763 -0.00158409 -8.42886e-10 0.661248 -0.661203 -8.42886e-10 1.01629 1.01629 0.00475235 0.00475227 7.0543e-114 4.73702e-115 0 0 
-10.5977 0.338782 -0.00158965 -8.52105e-10 0.66123 -0.661185 -8.52105e-10 1.01634 1.01634 0.00476905 0.00476896 3.51384e-113 2.35953e-114 0 0 
-10.594 0.3388 -0.00159524 -8.61423e-10 0.661212 -0.661167 -8.61423e-10 1.0164 1.0164 0.0047858 0.00478572 5.98059e-113 4.01588e-114 0 0 
-10.5903 0.338818 -0.00160084 -8.70843e-10 0.661194 -0.661148 -8.70843e-10 1.01645 1.01645 0.00480261 0.00480252 6.71014e-113 4.50569e-114 0 0 
-10.5866 0.338837 -0.00160646 -8.80365e-10 0.661175 -0.66113 -8.80365e-10 1.01651 1.01651 0.00481947 0.00481939 4.30699e-113 2.89199e-114 0 0 
-10.583 0.338855 -0.0016121 -8.89991e-10 0.661157 -0.661111 -8.89991e-10 1.01657 1.01657 0.0048364 0.00483631 -2.59517e-113 -1.74253e-114 -0 -0 
-10.5793 0.338874 -0.00161776 -8.99722e-10 0.661138 -0.661092 -8.99722e-10 1.01662 1.01662 0.00485337 0.00485329 -1.30709e-112 -8.77636e-114 -0 -0 
-10.5756 0.338892 -0.00162344 -9.09558e-10 0.66112 -0.661074 -9.09558e-10 1.01668 1.01668 0.00487041 0.00487032 -2.22924e-112 -1.49678e-113 -0 -0 
-10.5719 0.338911 -0.00162914 -9.19502e-10 0.661101 -0.661055 -9.19502e-10 1.01673 1.01673 0.0048875 0.00488741 -2.50515e-112 -1.682e-113 -0 -0 
-10.5682 0.33893 -0.00163485 -9.29553e-10 0.661082 -0.661036 -9.29553e-10 1.01679 1.01679 0.00490465 0.00490456 -1.61401e-112 -1.08365e-113 -0 -0 
-10.5645 0.338949 -0.00164059 -9.39714e-10 0.661064 -0.661017 -9.39714e-10 1.01685 1.01685 0.00492186 0.00492177 9.54544e-113 6.40876e-114 0 0 
-10.5608 0.338968 -0.00164634 -9.49986e-10 0.661045 -0.660998 -9.49986e-10 1.0169 1.0169 0.00493912 0.00493903 4.86212e-112 3.26435e-113 0 0 
-10.5572 0.338986 -0.00165212 -9.60369e-10 0.661026 -0.660979 -9.60369e-10 1.01696 1.01696 0.00495644 0.00495635 8.30938e-112 5.57869e-113 0 0 
-10.5535 0.339005 -0.00165791 -9.70865e-10 0.661007 -0.66096 -9.70865e-10 1.01702 1.01702 0.00497382 0.00497373 9.35262e-112 6.27898e-113 0 0 
-10.5498 0.339024 -0.00166372 -9.81475e-10 0.660988 -0.660941 -9.81475e-10 1.01707 1.01707 0.00499126 0.00499116 6.04813e-112 4.0604e-113 0 0 
-10.5461 0.339044 -0.00166955 -9.922e-10 0.660969 -0.660922 -9.922e-10 1.01713 1.01713 0.00500875 0.00500866 -3.5103e-112 -2.35659e-113 -0 -0 
-10.5424 0.339063 -0.0016754 -1.00304e-09 0.66095 -0.660903 -1.00304e-09 1.01719 1.01719 0.00502631 0.00502621 -1.80859e-111 -1.21415e-112 -0 -0 
-10.5387 0.339082 -0.00168127 -1.014e-09 0.660931 -0.660883 -1.014e-09 1.01725 1.01725 0.00504392 0.00504382 -3.09726e-111 -2.07923e-112 -0 -0 
-10.5351 0.339101 -0.00168716 -1.02508e-09 0.660912 -0.660864 -1.02508e-09 1.0173 1.0173 0.00506159 0.00506149 -3.49164e-111 -2.34394e-112 -0 -0 
-10.5314 0.33912 -0.00169307 -1.03628e-09 0.660893 -0.660845 -1.03628e-09 1.01736 1.01736 0.00507932 0.00507922 -2.26633e-111 -1.52136e-112 -0 -0 
-10.5277 0.33914 -0.001699 -1.0476e-09 0.660873 -0.660825 -1.0476e-09 1.01742 1.01742 0.00509711 0.00509701 1.29065e-111 8.66384e-113 0 0 
-10.524 0.339159 -0.00170495 -1.05905e-09 0.660854 -0.660806 -1.05905e-09 1.01748 1.01748 0.00511495 0.00511485 6.72741e-111 4.51588e-112 0 0 
-10.5203 0.339179 -0.00171092 -1.07061e-09 0.660835 -0.660786 -1.07061e-09 1.01754 1.01754 0.00513286 0.00513276 1.15447e-110 7.74943e-112 0 0 
-10.5166 0.339198 -0.00171691 -1.08231e-09 0.660815 -0.660767 -1.08231e-09 1.01759 1.01759 0.00515083 0.00515072 1.30353e-110 8.74985e-112 0 0 
-10.5129 0.339218 -0.00172292 -1.09413e-09 0.660796 -0.660747 -1.09413e-09 1.01765 1.01765 0.00516885 0.00516875 8.49201e-111 5.70009e-112 0 0 
-10.5093 0.339238 -0.00172894 -1.10608e-09 0.660776 -0.660727 -1.10608e-09 1.01771 1.01771 0.00518694 0.00518683 -4.74445e-111 -3.18455e-112 -0 -0 
-10.5056 0.339257 -0.00173499 -1.11816e-09 0.660757 -0.660707 -1.11816e-09 1.01777 1.01777 0.00520508 0.00520498 -2.50237e-110 -1.6796e-111 -0 -0 
-10.5019 0.339277 -0.00174106 -1.13037e-09 0.660737 -0.660687 -1.13037e-09 1.01783 1.01783 0.00522329 0.00522318 -4.30315e-110 -2.88824e-111 -0 -0 
-10.4982 0.339297 -0.00174715 -1.14271e-09 0.660717 -0.660668 -1.14271e-09 1.01789 1.01789 0.00524156 0.00524145 -4.86644e-110 -3.26626e-111 -0 -0 
-10.4945 0.339317 -0.00175326 -1.15519e-09 0.660697 -0.660648 -1.15519e-09 1.01795 1.01795 0.00525988 0.00525977 -3.18188e-110 -2.13558e-111 -0 -0 
-10.4908 0.339337 -0.00175939 -1.1678e-09 0.660677 -0.660628 -1.1678e-09 1.01801 1.01801 0.00527827 0.00527816 1.74371e-110 1.1703e-111 0 0 
-10.4871 0.339357 -0.00176553 -1.18055e-09 0.660658 -0.660607 -1.18055e-09 1.01807 1.01807 0.00529672 0.0052966 9.30783e-110 6.24689e-111 0 0 
-10.4835 0.339377 -0.0017717 -1.19344e-09 0.660638 -0.660587 -1.19344e-09 1.01813 1.01813 0.00531523 0.00531511 1.60394e-109 1.07645e-110 0 0 
-10.4798 0.339397 -0.00177789 -1.20647e-09 0.660618 -0.660567 -1.20647e-09 1.01819 1.01819 0.0053338 0.00533368 1.81676e-109 1.21926e-110 0 0 
-10.4761 0.339417 -0.0017841 -1.21964e-09 0.660597 -0.660547 -1.21964e-09 1.01825 1.01825 0.00535243 0.00535231 1.19218e-109 8.00082e-111 0 0 
-10.4724 0.339438 -0.00179034 -1.23295e-09 0.660577 -0.660526 -1.23295e-09 1.01831 1.01831 0.00537112 0.00537101 -6.40722e-110 -4.29984e-111 -0 -0 
-10.4687 0.339458 -0.00179659 -1.24641e-09 0.660557 -0.660506 -1.24641e-09 1.01837 1.01837 0.00538988 0.00538976 -3.46211e-109 -2.32335e-110 -0 -0 
-10.465 0.339478 -0.00180286 -1.26001e-09 0.660537 -0.660486 -1.26001e-09 1.01843 1.01843 0.0054087 0.00540858 -5.9784e-109 -4.01191e-110 -0 -0 
-10.4614 0.339499 -0.00180915 -1.27376e-09 0.660516 -0.660465 -1.27376e-09 1.0185 1.0185 0.00542758 0.00542745 -6.78235e-109 -4.55133e-110 -0 -0 
-10.4577 0.339519 -0.00181546 -1.28766e-09 0.660496 -0.660445 -1.28766e-09 1.01856 1.01856 0.00544652 0.00544639 -4.46672e-109 -2.99736e-110 -0 -0 
-10.454 0.33954 -0.0018218 -1.30171e-09 0.660476 -0.660424 -1.30171e-09 1.01862 1.01862 0.00546552 0.0054654 2.35381e-109 1.57948e-110 0 0 
-10.4503 0.33956 -0.00182815 -1.31592e-09 0.660455 -0.660403 -1.31592e-09 1.01868 1.01868 0.00548459 0.00548446 1.28774e-108 8.64093e-110 0 0 
-10.4466 0.339581 -0.00183453 -1.33028e-09 0.660434 -0.660382 -1.33028e-09 1.01874 1.01874 0.00550372 0.00550359 2.22833e-108 1.49522e-109 0 0 
-10.4429 0.339602 -0.00184093 -1.34479e-09 0.660414 -0.660362 -1.34479e-09 1.01881 1.01881 0.00552291 0.00552278 2.53198e-108 1.69893e-109 0 0 
-10.4392 0.339623 -0.00184735 -1.35946e-09 0.660393 -0.660341 -1.35946e-09 1.01887 1.01887 0.00554217 0.00554204 1.67348e-108 1.12287e-109 0 0 
-10.4356 0.339643 -0.00185379 -1.37429e-09 0.660372 -0.66032 -1.37429e-09 1.01893 1.01893 0.00556149 0.00556136 -8.64522e-109 -5.80064e-110 -0 -0 
-10.4319 0.339664 -0.00186025 -1.38928e-09 0.660352 -0.660299 -1.38928e-09 1.01899 1.01899 0.00558087 0.00558074 -4.7897e-108 -3.21366e-109 -0 -0 
-10.4282 0.339685 -0.00186673 -1.40443e-09 0.660331 -0.660278 -1.40443e-09 1.01906 1.01906 0.00560032 0.00560019 -8.30562e-108 -5.57257e-109 -0 -0 
-10.4245 0.339706 -0.00187323 -1.41975e-09 0.66031 -0.660257 -1.41975e-09 1.01912 1.01912 0.00561983 0.0056197 -9.45227e-108 -6.34177e-109 -0 -0 
-10.4208 0.339728 -0.00187976 -1.43523e-09 0.660289 -0.660235 -1.43523e-09 1.01918 1.01918 0.00563941 0.00563927 -6.2696e-108 -4.20635e-109 -0 -0 
-10.4171 0.339749 -0.0018863 -1.45089e-09 0.660268 -0.660214 -1.45089e-09 1.01925 1.01925 0.00565905 0.00565891 3.17454e-108 2.12979e-109 0 0 
-10.4135 0.33977 -0.00189287 -1.46671e-09 0.660247 -0.660193 -1.46671e-09 1.01931 1.01931 0.00567875 0.00567861 1.78149e-107 1.19518e-108 0 0 
-10.4098 0.339791 -0.00189946 -1.4827e-09 0.660225 -0.660171 -1.4827e-09 1.01937 1.01937 0.00569852 0.00569838 3.09572e-107 2.07684e-108 0 0 
-10.4061 0.339813 -0.00190607 -1.49886e-09 0.660204 -0.66015 -1.49886e-09 1.01944 1.01944 0.00571835 0.00571821 3.52866e-107 2.36723e-108 0 0 
-10.4024 0.339834 -0.0019127 -1.51521e-09 0.660183 -0.660128 -1.51521e-09 1.0195 1.0195 0.00573825 0.00573811 2.34879e-107 1.57568e-108 0 0 
-10.3987 0.339856 -0.00191936 -1.53172e-09 0.660161 -0.660107 -1.53172e-09 1.01957 1.01957 0.00575822 0.00575807 -1.16542e-107 -7.818e-109 -0 -0 
-10.395 0.339877 -0.00192603 -1.54842e-09 0.66014 -0.660085 -1.54842e-09 1.01963 1.01963 0.00577825 0.0057781 -6.62603e-107 -4.44486e-108 -0 -0 
-10.3913 0.339899 -0.00193273 -1.5653e-09 0.660118 -0.660064 -1.5653e-09 1.0197 1.0197 0.00579834 0.0057982 -1.15385e-106 -7.74008e-108 -0 -0 
-10.3877 0.33992 -0.00193945 -1.58236e-09 0.660097 -0.660042 -1.58236e-09 1.01976 1.01976 0.00581851 0.00581836 -1.31728e-106 -8.83622e-108 -0 -0 
-10.384 0.339942 -0.00194619 -1.59961e-09 0.660075 -0.66002 -1.59961e-09 1.01983 1.01983 0.00583873 0.00583858 -8.79907e-107 -5.90222e-108 -0 -0 
-10.3803 0.339964 -0.00195296 -1.61704e-09 0.660054 -0.659998 -1.61704e-09 1.01989 1.01989 0.00585903 0.00585888 4.27737e-107 2.8691e-108 0 0 
-10.3766 0.339986 -0.00195974 -1.63466e-09 0.660032 -0.659976 -1.63466e-09 1.01996 1.01996 0.00587939 0.00587923 2.46443e-106 1.65302e-107 0 0 
-10.3729 0.340008 -0.00196655 -1.65248e-09 0.66001 -0.659954 -1.65248e-09 1.02002 1.02002 0.00589982 0.00589966 4.30064e-106 2.8846e-107 0 0 
-10.3692 0.34003 -0.00197338 -1.67048e-09 0.659988 -0.659932 -1.67048e-09 1.02009 1.02009 0.00592031 0.00592015 4.91752e-106 3.29829e-107 0 0 
-10.3655 0.340052 -0.00198024 -1.68868e-09 0.659966 -0.65991 -1.68868e-09 1.02016 1.02016 0.00594087 0.00594071 3.29622e-106 2.2108e-107 0 0 
-10.3619 0.340074 -0.00198711 -1.70708e-09 0.659944 -0.659888 -1.70708e-09 1.02022 1.02022 0.0059615 0.00596134 -1.5695e-106 -1.05266e-107 -0 -0 
-10.3582 0.340096 -0.00199401 -1.72568e-09 0.659922 -0.659866 -1.72568e-09 1.02029 1.02029 0.0059822 0.00598203 -9.16592e-106 -6.1474e-107 -0 -0 
-10.3545 0.340119 -0.00200093 -1.74447e-09 0.6599 -0.659843 -1.74447e-09 1.02036 1.02036 0.00600296 0.00600279 -1.60293e-105 -1.07503e-106 -0 -0 
-10.3508 0.340141 -0.00200787 -1.76348e-09 0.659878 -0.659821 -1.76348e-09 1.02042 1.02042 0.00602379 0.00602362 -1.83573e-105 -1.23114e-106 -0 -0 
-10.3471 0.340163 -0.00201484 -1.78268e-09 0.659856 -0.659798 -1.78268e-09 1.02049 1.02049 0.00604469 0.00604452 -1.23476e-105 -8.28075e-107 -0 -0 
-10.3434 0.340186 -0.00202183 -1.8021e-09 0.659833 -0.659776 -1.8021e-09 1.02056 1.02056 0.00606566 0.00606549 5.7575e-106 3.86112e-107 0 0 
-10.3398 0.340208 -0.00202884 -1.82173e-09 0.659811 -0.659753 -1.82173e-09 1.02062 1.02062 0.00608669 0.00608652 3.40901e-105 2.28612e-106 0 0 
-10.3361 0.340231 -0.00203587 -1.84156e-09 0.659788 -0.659731 -1.84156e-09 1.02069 1.02069 0.0061078 0.00610762 5.97439e-105 4.0064e-106 0 0 
-10.3324 0.340253 -0.00204293 -1.86162e-09 0.659766 -0.659708 -1.86162e-09 1.02076 1.02076 0.00612897 0.00612879 6.85282e-105 4.59537e-106 0 0 
-10.3287 0.340276 -0.00205001 -1.88189e-09 0.659743 -0.659685 -1.88189e-09 1.02083 1.02083 0.00615021 0.00615003 4.62525e-105 3.10153e-106 0 0 
-10.325 0.340299 -0.00205711 -1.90237e-09 0.659721 -0.659662 -1.90237e-09 1.0209 1.0209 0.00617152 0.00617134 -2.11149e-105 -1.41586e-106 -0 -0 
-10.3213 0.340322 -0.00206424 -1.92309e-09 0.659698 -0.659639 -1.92309e-09 1.02097 1.02097 0.0061929 0.00619272 -1.26787e-104 -8.50156e-106 -0 -0 
-10.3176 0.340345 -0.00207139 -1.94402e-09 0.659675 -0.659616 -1.94402e-09 1.02103 1.02103 0.00621435 0.00621417 -2.22674e-104 -1.49308e-105 -0 -0 
-10.314 0.340368 -0.00207856 -1.96518e-09 0.659652 -0.659593 -1.96518e-09 1.0211 1.0211 0.00623587 0.00623569 -2.55815e-104 -1.71526e-105 -0 -0 
-10.3103 0.340391 -0.00208576 -1.98657e-09 0.659629 -0.65957 -1.98657e-09 1.02117 1.02117 0.00625746 0.00625728 -1.73251e-104 -1.16163e-105 -0 -0 
-10.3066 0.340414 -0.00209298 -2.00819e-09 0.659606 -0.659547 -2.00819e-09 1.02124 1.02124 0.00627912 0.00627894 7.74149e-105 5.1905e-106 0 0 
-10.3029 0.340437 -0.00210022 -2.03005e-09 0.659583 -0.659524 -2.03005e-09 1.02131 1.02131 0.00630085 0.00630066 4.71539e-104 3.16149e-105 0 0 
-10.2992 0.34046 -0.00210749 -2.05214e-09 0.65956 -0.659501 -2.05214e-09 1.02138 1.02138 0.00632266 0.00632246 8.29934e-104 5.56428e-105 0 0 
-10.2955 0.340484 -0.00211478 -2.07447e-09 0.659537 -0.659477 -2.07447e-09 1.02145 1.02145 0.00634453 0.00634433 9.5495e-104 6.4023e-105 0 0 
-10.2919 0.340507 -0.00212209 -2.09704e-09 0.659514 -0.659454 -2.09704e-09 1.02152 1.02152 0.00636647 0.00636627 6.48938e-104 4.3506e-105 0 0 
-10.2882 0.34053 -0.00212943 -2.11986e-09 0.659491 -0.65943 -2.11986e-09 1.02159 1.02159 0.00638848 0.00638829 -2.83749e-104 -1.90226e-105 -0 -0 
-10.2845 0.340554 -0.00213679 -2.14292e-09 0.659467 -0.659407 -2.14292e-09 1.02166 1.02166 0.00641057 0.00641037 -1.75369e-103 -1.17565e-104 -0 -0 
-10.2808 0.340577 -0.00214417 -2.16623e-09 0.659444 -0.659383 -2.16623e-09 1.02173 1.02173 0.00643273 0.00643252 -3.09324e-103 -2.07363e-104 -0 -0 
-10.2771 0.340601 -0.00215158 -2.1898e-09 0.65942 -0.659359 -2.1898e-09 1.0218 1.0218 0.00645496 0.00645475 -3.56477e-103 -2.38967e-104 -0 -0 
-10.2734 0.340625 -0.00215902 -2.21362e-09 0.659397 -0.659336 -2.21362e-09 1.02187 1.02187 0.00647726 0.00647705 -2.43063e-103 -1.62935e-104 -0 -0 
-10.2697 0.340649 -0.00216647 -2.23769e-09 0.659373 -0.659312 -2.23769e-09 1.02195 1.02195 0.00649963 0.00649942 1.03972e-103 6.96952e-105 0 0 
-10.2661 0.340672 -0.00217395 -2.26203e-09 0.65935 -0.659288 -2.26203e-09 1.02202 1.02202 0.00652207 0.00652186 6.52203e-103 4.37179e-104 0 0 
-10.2624 0.340696 -0.00218146 -2.28663e-09 0.659326 -0.659264 -2.28663e-09 1.02209 1.02209 0.00654459 0.00654438 1.15287e-102 7.72768e-104 0 0 
-10.2587 0.34072 -0.00218899 -2.31149e-09 0.659302 -0.65924 -2.31149e-09 1.02216 1.02216 0.00656718 0.00656697 1.3307e-102 8.91941e-104 0 0 
-10.255 0.340744 -0.00219654 -2.33663e-09 0.659278 -0.659216 -2.33663e-09 1.02223 1.02223 0.00658985 0.00658963 9.10378e-103 6.10195e-104 0 0 
-10.2513 0.340768 -0.00220412 -2.36203e-09 0.659254 -0.659192 -2.36203e-09 1.02231 1.02231 0.00661258 0.00661236 -3.80859e-103 -2.55271e-104 -0 -0 
-10.2476 0.340793 -0.00221172 -2.38771e-09 0.65923 -0.659167 -2.38771e-09 1.02238 1.02238 0.00663539 0.00663517 -2.42553e-102 -1.62567e-103 -0 -0 
-10.2439 0.340817 -0.00221935 -2.41367e-09 0.659206 -0.659143 -2.41367e-09 1.02245 1.02245 0.00665828 0.00665805 -4.29682e-102 -2.87981e-103 -0 -0 
-10.2403 0.340841 -0.002227 -2.4399e-09 0.659182 -0.659119 -2.4399e-09 1.02252 1.02252 0.00668123 0.00668101 -4.96734e-102 -3.32912e-103 -0 -0 
-10.2366 0.340866 -0.00223468 -2.46642e-09 0.659158 -0.659094 -2.46642e-09 1.0226 1.0226 0.00670426 0.00670403 -3.40967e-102 -2.28512e-103 -0 -0 
-10.2329 0.34089 -0.00224238 -2.49323e-09 0.659133 -0.65907 -2.49323e-09 1.02267 1.02267 0.00672737 0.00672714 1.39468e-102 9.34673e-104 0 0 
-10.2292 0.340915 -0.00225011 -2.52033e-09 0.659109 -0.659045 -2.52033e-09 1.02274 1.02274 0.00675055 0.00675032 9.02038e-102 6.04505e-103 0 0 
-10.2255 0.340939 -0.00225786 -2.54772e-09 0.659084 -0.65902 -2.54772e-09 1.02282 1.02282 0.0067738 0.00677357 1.60144e-101 1.07319e-102 0 0 
-10.2218 0.340964 -0.00226563 -2.5754e-09 0.65906 -0.658996 -2.5754e-09 1.02289 1.02289 0.00679713 0.00679689 1.85424e-101 1.24257e-102 0 0 
-10.2182 0.340989 -0.00227343 -2.60338e-09 0.659035 -0.658971 -2.60338e-09 1.02297 1.02297 0.00682054 0.0068203 1.277e-101 8.55727e-103 0 0 
-10.2145 0.341013 -0.00228126 -2.63167e-09 0.659011 -0.658946 -2.63167e-09 1.02304 1.02304 0.00684402 0.00684377 -5.10553e-102 -3.42117e-103 -0 -0 
-10.2108 0.341038 -0.00228911 -2.66026e-09 0.658986 -0.658921 -2.66026e-09 1.02311 1.02311 0.00686757 0.00686733 -3.35457e-101 -2.24781e-102 -0 -0 
-10.2071 0.341063 -0.00229698 -2.68916e-09 0.658961 -0.658896 -2.68916e-09 1.02319 1.02319 0.0068912 0.00689095 -5.96856e-101 -3.99929e-102 -0 -0 
-10.2034 0.341088 -0.00230489 -2.71837e-09 0.658936 -0.658871 -2.71837e-09 1.02326 1.02326 0.00691491 0.00691466 -6.92154e-101 -4.63773e-102 -0 -0 
-10.1997 0.341113 -0.00231281 -2.74789e-09 0.658912 -0.658846 -2.74789e-09 1.02334 1.02334 0.00693869 0.00693844 -4.78253e-101 -3.20442e-102 -0 -0 
-10.196 0.341138 -0.00232077 -2.77774e-09 0.658887 -0.658821 -2.77774e-09 1.02342 1.02342 0.00696255 0.0069623 1.86836e-101 1.25182e-102 0 0 
-10.1924 0.341164 -0.00232874 -2.8079e-09 0.658862 -0.658795 -2.8079e-09 1.02349 1.02349 0.00698649 0.00698623 1.24751e-100 8.35821e-102 0 0 
-10.1887 0.341189 -0.00233675 -2.83839e-09 0.658836 -0.65877 -2.83839e-09 1.02357 1.02357 0.0070105 0.00701024 2.22447e-100 1.49034e-101 0 0 
-10.185 0.341214 -0.00234478 -2.86921e-09 0.658811 -0.658745 -2.86921e-09 1.02364 1.02364 0.00703459 0.00703433 2.58368e-100 1.73096e-101 0 0 
-10.1813 0.34124 -0.00235283 -2.90037e-09 0.658786 -0.658719 -2.90037e-09 1.02372 1.02372 0.00705876 0.00705849 1.79107e-100 1.19992e-101 0 0 
-10.1776 0.341265 -0.00236091 -2.93186e-09 0.658761 -0.658694 -2.93186e-09 1.0238 1.0238 0.007083 0.00708273 -6.83479e-101 -4.5788e-102 -0 -0 
-10.1739 0.341291 -0.00236902 -2.96368e-09 0.658735 -0.658668 -2.96368e-09 1.02387 1.02387 0.00710732 0.00710705 -4.63921e-100 -3.10785e-101 -0 -0 
-10.1702 0.341316 -0.00237715 -2.99585e-09 0.65871 -0.658642 -2.99585e-09 1.02395 1.02395 0.00713172 0.00713144 -8.29051e-100 -5.55375e-101 -0 -0 
-10.1666 0.341342 -0.00238531 -3.02837e-09 0.658684 -0.658617 -3.02837e-09 1.02403 1.02403 0.0071562 0.00715592 -9.64428e-100 -6.46047e-101 -0 -0 
-10.1629 0.341368 -0.00239349 -3.06124e-09 0.658659 -0.658591 -3.06124e-09 1.0241 1.0241 0.00718075 0.00718047 -6.70743e-100 -4.49303e-101 -0 -0 
-10.1592 0.341394 -0.0024017 -3.09446e-09 0.658633 -0.658565 -3.09446e-09 1.02418 1.02418 0.00720539 0.0072051 2.49937e-100 1.67418e-101 0 0 
-10.1555 0.34142 -0.00240994 -3.12804e-09 0.658607 -0.658539 -3.12804e-09 1.02426 1.02426 0.0072301 0.00722981 1.72519e-99 1.15558e-100 0 0 
-10.1518 0.341446 -0.0024182 -3.16199e-09 0.658581 -0.658513 -3.16199e-09 1.02434 1.02434 0.00725489 0.0072546 3.08982e-99 2.06958e-100 0 0 
-10.1481 0.341472 -0.00242649 -3.19629e-09 0.658556 -0.658487 -3.19629e-09 1.02442 1.02442 0.00727976 0.00727947 3.59997e-99 2.41122e-100 0 0 
-10.1445 0.341498 -0.0024348 -3.23097e-09 0.65853 -0.658461 -3.23097e-09 1.02449 1.02449 0.00730471 0.00730441 2.51182e-99 1.68235e-100 0 0 
-10.1408 0.341524 -0.00244315 -3.26602e-09 0.658504 -0.658434 -3.26602e-09 1.02457 1.02457 0.00732974 0.00732944 -9.1363e-100 -6.11909e-101 -0 -0 
-10.1371 0.34155 -0.00245151 -3.30145e-09 0.658477 -0.658408 -3.30145e-09 1.02465 1.02465 0.00735485 0.00735454 -6.41544e-99 -4.29666e-100 -0 -0 
-10.1334 0.341577 -0.00245991 -3.33726e-09 0.658451 -0.658382 -3.33726e-09 1.02473 1.02473 0.00738004 0.00737973 -1.15155e-98 -7.71214e-100 -0 -0 
-10.1297 0.341603 -0.00246833 -3.37346e-09 0.658425 -0.658355 -3.37346e-09 1.02481 1.02481 0.00740531 0.007405 -1.34377e-98 -8.99926e-100 -0 -0 
-10.126 0.34163 -0.00247678 -3.41004e-09 0.658399 -0.658328 -3.41004e-09 1.02489 1.02489 0.00743065 0.00743034 -9.40606e-99 -6.2991e-100 -0 -0 
-10.1223 0.341656 -0.00248526 -3.44702e-09 0.658372 -0.658302 -3.44702e-09 1.02497 1.02497 0.00745608 0.00745577 3.3384e-99 2.23562e-100 0 0 
-10.1187 0.341683 -0.00249376 -3.4844e-09 0.658346 -0.658275 -3.4844e-09 1.02505 1.02505 0.00748159 0.00748127 2.38566e-98 1.59756e-99 0 0 
-10.115 0.34171 -0.00250229 -3.52218e-09 0.658319 -0.658248 -3.52218e-09 1.02513 1.02513 0.00750719 0.00750686 4.29168e-98 2.87385e-99 0 0 
-10.1113 0.341737 -0.00251084 -3.56036e-09 0.658293 -0.658222 -3.56036e-09 1.02521 1.02521 0.00753286 0.00753253 5.01588e-98 3.3587e-99 0 0 
-10.1076 0.341763 -0.00251943 -3.59896e-09 0.658266 -0.658195 -3.59896e-09 1.02529 1.02529 0.00755861 0.00755828 3.52222e-98 2.35846e-99 0 0 
-10.1039 0.34179 -0.00252804 -3.63797e-09 0.658239 -0.658168 -3.63797e-09 1.02537 1.02537 0.00758445 0.00758411 -1.21934e-98 -8.16446e-100 -0 -0 
-10.1002 0.341817 -0.00253668 -3.67741e-09 0.658213 -0.658141 -3.67741e-09 1.02545 1.02545 0.00761037 0.00761003 -8.87125e-98 -5.93984e-99 -0 -0 
-10.0966 0.341844 -0.00254534 -3.71726e-09 0.658186 -0.658114 -3.71726e-09 1.02553 1.02553 0.00763637 0.00763603 -1.59945e-97 -1.0709e-98 -0 -0 
-10.0929 0.341872 -0.00255403 -3.75755e-09 0.658159 -0.658086 -3.75755e-09 1.02561 1.02561 0.00766245 0.0076621 -1.87226e-97 -1.25352e-98 -0 -0 
-10.0892 0.341899 -0.00256275 -3.79827e-09 0.658132 -0.658059 -3.79827e-09 1.0257 1.0257 0.00768861 0.00768826 -1.31891e-97 -8.83015e-99 -0 -0 
-10.0855 0.341926 -0.0025715 -3.83942e-09 0.658105 -0.658032 -3.83942e-09 1.02578 1.02578 0.00771486 0.00771451 4.45172e-98 2.98037e-99 0 0 
-10.0818 0.341954 -0.00258028 -3.88102e-09 0.658078 -0.658004 -3.88102e-09 1.02586 1.02586 0.00774119 0.00774084 3.29879e-97 2.20844e-98 0 0 
-10.0781 0.341981 -0.00258908 -3.92307e-09 0.65805 -0.657977 -3.92307e-09 1.02594 1.02594 0.0077676 0.00776724 5.9609e-97 3.99053e-98 0 0 
-10.0744 0.342009 -0.00259791 -3.96557e-09 0.658023 -0.657949 -3.96557e-09 1.02603 1.02603 0.0077941 0.00779374 6.98849e-97 4.67832e-98 0 0 
-10.0708 0.342036 -0.00260677 -4.00853e-09 0.657996 -0.657922 -4.00853e-09 1.02611 1.02611 0.00782068 0.00782031 4.93855e-97 3.30593e-98 0 0 
-10.0671 0.342064 -0.00261566 -4.05194e-09 0.657968 -0.657894 -4.05194e-09 1.02619 1.02619 0.00784735 0.00784698 -1.62456e-97 -1.08747e-98 -0 -0 
-10.0634 0.342092 -0.00262457 -4.09583e-09 0.657941 -0.657866 -4.09583e-09 1.02627 1.02627 0.00787409 0.00787372 -1.22664e-96 -8.21087e-98 -0 -0 
-10.0597 0.342119 -0.00263352 -4.14018e-09 0.657913 -0.657838 -4.14018e-09 1.02636 1.02636 0.00790093 0.00790055 -2.22152e-96 -1.48699e-97 -0 -0 
-10.056 0.342147 -0.00264249 -4.18502e-09 0.657885 -0.65781 -4.18502e-09 1.02644 1.02644 0.00792784 0.00792746 -2.60853e-96 -1.74599e-97 -0 -0 
-10.0523 0.342175 -0.00265149 -4.23033e-09 0.657858 -0.657782 -4.23033e-09 1.02653 1.02653 0.00795485 0.00795446 -1.84916e-96 -1.23768e-97 -0 -0 
-10.0486 0.342203 -0.00266051 -4.27613e-09 0.65783 -0.657754 -4.27613e-09 1.02661 1.02661 0.00798193 0.00798154 5.92569e-97 3.96607e-98 0 0 
-10.045 0.342231 -0.00266957 -4.32243e-09 0.657802 -0.657726 -4.32243e-09 1.02669 1.02669 0.00800911 0.00800871 4.56117e-96 3.05271e-97 0 0 
-10.0413 0.34226 -0.00267866 -4.36922e-09 0.657774 -0.657698 -4.36922e-09 1.02678 1.02678 0.00803636 0.00803597 8.27913e-96 5.54091e-97 0 0 
-10.0376 0.342288 -0.00268777 -4.41651e-09 0.657746 -0.65767 -4.41651e-09 1.02686 1.02686 0.00806371 0.0080633 9.73659e-96 6.51615e-97 0 0 
-10.0339 0.342316 -0.00269691 -4.46431e-09 0.657718 -0.657641 -4.46431e-09 1.02695 1.02695 0.00809114 0.00809073 6.92371e-96 4.63351e-97 0 0 
-10.0302 0.342345 -0.00270608 -4.51263e-09 0.65769 -0.657613 -4.51263e-09 1.02703 1.02703 0.00811865 0.00811824 -2.16039e-96 -1.44574e-97 -0 -0 
-10.0265 0.342373 -0.00271528 -4.56146e-09 0.657661 -0.657584 -4.56146e-09 1.02712 1.02712 0.00814625 0.00814584 -1.69601e-95 -1.13494e-96 -0 -0 
-10.0229 0.342402 -0.00272451 -4.61082e-09 0.657633 -0.657556 -4.61082e-09 1.02721 1.02721 0.00817394 0.00817352 -3.08544e-95 -2.06467e-96 -0 -0 
-10.0192 0.34243 -0.00273376 -4.66071e-09 0.657605 -0.657527 -4.66071e-09 1.02729 1.02729 0.00820172 0.00820129 -3.63424e-95 -2.43184e-96 -0 -0 
-10.0155 0.342459 -0.00274305 -4.71113e-09 0.657576 -0.657498 -4.71113e-09 1.02738 1.02738 0.00822958 0.00822915 -2.59234e-95 -1.7346e-96 -0 -0 
-10.0118 0.342488 -0.00275237 -4.76209e-09 0.657548 -0.657469 -4.76209e-09 1.02746 1.02746 0.00825753 0.0082571 7.87231e-96 5.26742e-97 0 0 
-10.0081 0.342517 -0.00276171 -4.81361e-09 0.657519 -0.657441 -4.81361e-09 1.02755 1.02755 0.00828556 0.00828513 6.30628e-95 4.21945e-96 0 0 
-10.0044 0.342546 -0.00277108 -4.86567e-09 0.65749 -0.657412 -4.86567e-09 1.02764 1.02764 0.00831369 0.00831325 1.14986e-94 7.69337e-96 0 0 
-10.0007 0.342575 -0.00278049 -4.91829e-09 0.657461 -0.657382 -4.91829e-09 1.02772 1.02772 0.0083419 0.00834146 1.35649e-94 9.0756e-96 0 0 
-9.99706 0.342604 -0.00278992 -4.97148e-09 0.657433 -0.657353 -4.97148e-09 1.02781 1.02781 0.0083702 0.00836975 9.70586e-95 6.49349e-96 0 0 
-9.99338 0.342633 -0.00279938 -5.02524e-09 0.657404 -0.657324 -5.02524e-09 1.0279 1.0279 0.00839859 0.00839814 -2.86709e-95 -1.91811e-96 -0 -0 
-9.98969 0.342662 -0.00280887 -5.07958e-09 0.657375 -0.657295 -5.07958e-09 1.02799 1.02799 0.00842707 0.00842661 -2.34484e-94 -1.56867e-95 -0 -0 
-9.98601 0.342692 -0.00281839 -5.13449e-09 0.657346 -0.657266 -5.13449e-09 1.02807 1.02807 0.00845563 0.00845517 -4.28522e-94 -2.86667e-95 -0 -0 
-9.98232 0.342721 -0.00282794 -5.19e-09 0.657316 -0.657236 -5.19e-09 1.02816 1.02816 0.00848429 0.00848382 -5.06313e-94 -3.38697e-95 -0 -0 
-9.97864 0.342751 -0.00283752 -5.2461e-09 0.657287 -0.657207 -5.2461e-09 1.02825 1.02825 0.00851303 0.00851256 -3.63384e-94 -2.43077e-95 -0 -0 
-9.97495 0.34278 -0.00284713 -5.30281e-09 0.657258 -0.657177 -5.30281e-09 1.02834 1.02834 0.00854187 0.00854139 1.04361e-94 6.98078e-96 0 0 
-9.97127 0.34281 -0.00285677 -5.36012e-09 0.657228 -0.657147 -5.36012e-09 1.02843 1.02843 0.00857079 0.00857031 8.71856e-94 5.83173e-95 0 0 
-9.96758 0.342839 -0.00286644 -5.41804e-09 0.657199 -0.657118 -5.41804e-09 1.02852 1.02852 0.00859981 0.00859932 1.59697e-93 1.06816e-94 0 0 
-9.9639 0.342869 -0.00287614 -5.47659e-09 0.657169 -0.657088 -5.47659e-09 1.02861 1.02861 0.00862891 0.00862842 1.88981e-93 1.26399e-94 0 0 
-9.96021 0.342899 -0.00288587 -5.53576e-09 0.65714 -0.657058 -5.53576e-09 1.0287 1.0287 0.00865811 0.00865761 1.36046e-93 9.09911e-95 0 0 
-9.95653 0.342929 -0.00289563 -5.59557e-09 0.65711 -0.657028 -5.59557e-09 1.02879 1.02879 0.00868739 0.00868689 -3.79648e-94 -2.5391e-95 -0 -0 
-9.95284 0.342959 -0.00290542 -5.65602e-09 0.65708 -0.656998 -5.65602e-09 1.02888 1.02888 0.00871677 0.00871626 -3.24169e-93 -2.16799e-94 -0 -0 
-9.94916 0.342989 -0.00291524 -5.71712e-09 0.657051 -0.656968 -5.71712e-09 1.02897 1.02897 0.00874624 0.00874572 -5.95139e-93 -3.98006e-94 -0 -0 
-9.94547 0.343019 -0.00292509 -5.77887e-09 0.657021 -0.656938 -5.77887e-09 1.02906 1.02906 0.00877579 0.00877528 -7.05363e-93 -4.71705e-94 -0 -0 
-9.94179 0.34305 -0.00293497 -5.84128e-09 0.656991 -0.656907 -5.84128e-09 1.02915 1.02915 0.00880545 0.00880492 -5.09328e-93 -3.40598e-94 -0 -0 
-9.9381 0.34308 -0.00294489 -5.90437e-09 0.656961 -0.656877 -5.90437e-09 1.02924 1.02924 0.00883519 0.00883466 1.38024e-93 9.22969e-95 0 0 
-9.93442 0.34311 -0.00295483 -5.96812e-09 0.65693 -0.656847 -5.96812e-09 1.02933 1.02933 0.00886502 0.00886449 1.20529e-92 8.0595e-94 0 0 
-9.93073 0.343141 -0.0029648 -6.03256e-09 0.6569 -0.656816 -6.03256e-09 1.02942 1.02942 0.00889495 0.00889441 2.21787e-92 1.483e-93 0 0 
-9.92705 0.343172 -0.00297481 -6.09769e-09 0.65687 -0.656786 -6.09769e-09 1.02951 1.02951 0.00892497 0.00892442 2.63272e-92 1.76033e-93 0 0 
-9.92336 0.343202 -0.00298484 -6.16352e-09 0.65684 -0.656755 -6.16352e-09 1.02961 1.02961 0.00895508 0.00895453 1.90677e-92 1.27489e-93 0 0 
-9.91968 0.343233 -0.00299491 -6.23005e-09 0.656809 -0.656724 -6.23005e-09 1.0297 1.0297 0.00898529 0.00898473 -5.01477e-93 -3.35284e-94 -0 -0 
-9.91599 0.343264 -0.00300501 -6.2973e-09 0.656779 -0.656693 -6.2973e-09 1.02979 1.02979 0.00901559 0.00901502 -4.4813e-92 -2.99607e-93 -0 -0 
-9.91231 0.343295 -0.00301514 -6.36526e-09 0.656748 -0.656662 -6.36526e-09 1.02988 1.02988 0.00904598 0.00904541 -8.26518e-92 -5.52568e-93 -0 -0 
-9.90862 0.343326 -0.0030253 -6.43395e-09 0.656717 -0.656631 -6.43395e-09 1.02998 1.02998 0.00907646 0.00907589 -9.82638e-92 -6.56921e-93 -0 -0 
-9.90494 0.343357 -0.00303549 -6.50338e-09 0.656687 -0.6566 -6.50338e-09 1.03007 1.03007 0.00910704 0.00910646 -7.13817e-92 -4.77191e-93 -0 -0 
-9.90125 0.343388 -0.00304571 -6.57355e-09 0.656656 -0.656569 -6.57355e-09 1.03016 1.03016 0.00913772 0.00913713 1.82075e-92 1.21714e-93 0 0 
-9.89757 0.343419 -0.00305596 -6.64447e-09 0.656625 -0.656538 -6.64447e-09 1.03026 1.03026 0.00916849 0.00916789 1.66614e-91 1.11375e-92 0 0 
-9.89388 0.34345 -0.00306625 -6.71615e-09 0.656594 -0.656507 -6.71615e-09 1.03035 1.03035 0.00919935 0.00919875 3.0801e-91 2.05886e-92 0 0 
-9.8902 0.343482 -0.00307657 -6.78859e-09 0.656563 -0.656476 -6.78859e-09 1.03044 1.03044 0.00923031 0.0092297 3.66758e-91 2.45148e-92 0 0 
-9.88651 0.343513 -0.00308692 -6.86181e-09 0.656532 -0.656444 -6.86181e-09 1.03054 1.03054 0.00926136 0.00926075 2.67218e-91 1.78608e-92 0 0 
-9.88283 0.343545 -0.0030973 -6.93581e-09 0.6565 -0.656413 -6.93581e-09 1.03063 1.03063 0.00929251 0.00929189 -6.60602e-92 -4.41529e-93 -0 -0 
-9.87914 0.343576 -0.00310771 -7.01061e-09 0.656469 -0.656381 -7.01061e-09 1.03073 1.03073 0.00932375 0.00932313 -6.19458e-91 -4.14015e-92 -0 -0 
-9.87546 0.343608 -0.00311816 -7.0862e-09 0.656438 -0.656349 -7.0862e-09 1.03082 1.03082 0.00935509 0.00935447 -1.14782e-90 -7.67124e-92 -0 -0 
-9.87178 0.34364 -0.00312863 -7.1626e-09 0.656406 -0.656318 -7.1626e-09 1.03092 1.03092 0.00938653 0.0093859 -1.36887e-90 -9.14825e-92 -0 -0 
-9.86809 0.343671 -0.00313914 -7.23982e-09 0.656375 -0.656286 -7.23982e-09 1.03101 1.03101 0.00941806 0.00941742 -1.00031e-90 -6.68493e-92 -0 -0 
-9.86441 0.343703 -0.00314968 -7.31786e-09 0.656343 -0.656254 -7.31786e-09 1.03111 1.03111 0.00944969 0.00944905 2.39497e-91 1.60047e-92 0 0 
-9.86072 0.343735 -0.00316025 -7.39674e-09 0.656312 -0.656222 -7.39674e-09 1.03121 1.03121 0.00948142 0.00948076 2.30306e-90 1.53899e-91 0 0 
-9.85704 0.343767 -0.00317086 -7.47646e-09 0.65628 -0.65619 -7.47646e-09 1.0313 1.0313 0.00951324 0.00951258 4.27742e-90 2.85824e-91 0 0 
-9.85335 0.3438 -0.0031815 -7.55703e-09 0.656248 -0.656158 -7.55703e-09 1.0314 1.0314 0.00954516 0.0095445 5.10908e-90 3.41385e-91 0 0 
-9.84967 0.343832 -0.00319217 -7.63846e-09 0.656216 -0.656125 -7.63846e-09 1.0315 1.0315 0.00957718 0.00957651 3.74451e-90 2.50197e-91 0 0 
-9.84598 0.343864 -0.00320287 -7.72077e-09 0.656184 -0.656093 -7.72077e-09 1.03159 1.03159 0.0096093 0.00960862 -8.6759e-91 -5.79678e-92 -0 -0 
-9.8423 0.343897 -0.00321361 -7.80395e-09 0.656152 -0.656061 -7.80395e-09 1.03169 1.03169 0.00964151 0.00964082 -8.56235e-90 -5.72071e-91 -0 -0 
-9.83861 0.343929 -0.00322438 -7.88802e-09 0.65612 -0.656028 -7.88802e-09 1.03179 1.03179 0.00967383 0.00967313 -1.59399e-89 -1.06495e-90 -0 -0 
-9.83493 0.343962 -0.00323518 -7.97298e-09 0.656088 -0.655996 -7.97298e-09 1.03189 1.03189 0.00970624 0.00970553 -1.90686e-89 -1.27393e-90 -0 -0 
-9.83124 0.343994 -0.00324601 -8.05886e-09 0.656055 -0.655963 -8.05886e-09 1.03198 1.03198 0.00973875 0.00973804 -1.40167e-89 -9.36388e-91 -0 -0 
-9.82756 0.344027 -0.00325688 -8.14565e-09 0.656023 -0.65593 -8.14565e-09 1.03208 1.03208 0.00977136 0.00977064 3.14023e-90 2.09777e-91 0 0 
-9.82387 0.34406 -0.00326778 -8.23337e-09 0.65599 -0.655898 -8.23337e-09 1.03218 1.03218 0.00980406 0.00980334 3.18327e-89 2.12645e-90 0 0 
-9.82019 0.344093 -0.00327871 -8.32202e-09 0.655958 -0.655865 -8.32202e-09 1.03228 1.03228 0.00983687 0.00983614 5.94002e-89 3.96784e-90 0 0 
-9.8165 0.344126 -0.00328968 -8.41162e-09 0.655925 -0.655832 -8.41162e-09 1.03238 1.03238 0.00986978 0.00986904 7.11694e-89 4.75383e-90 0 0 
-9.81282 0.344159 -0.00330068 -8.50217e-09 0.655893 -0.655799 -8.50217e-09 1.03248 1.03248 0.00990279 0.00990204 5.24667e-89 3.50444e-90 0 0 
-9.80913 0.344192 -0.00331171 -8.5937e-09 0.65586 -0.655766 -8.5937e-09 1.03258 1.03258 0.00993589 0.00993514 -1.13558e-89 -7.58469e-91 -0 -0 
-9.80545 0.344225 -0.00332278 -8.68619e-09 0.655827 -0.655733 -8.68619e-09 1.03268 1.03268 0.0099691 0.00996834 -1.18344e-88 -7.90407e-90 -0 -0 
-9.80176 0.344258 -0.00333388 -8.77968e-09 0.655794 -0.655699 -8.77968e-09 1.03278 1.03278 0.0100024 0.0100016 -2.21354e-88 -1.47834e-89 -0 -0 
-9.79808 0.344292 -0.00334502 -8.87416e-09 0.655761 -0.655666 -8.87416e-09 1.03288 1.03288 0.0100358 0.010035 -2.65622e-88 -1.77393e-89 -0 -0 
-9.79439 0.344325 -0.00335618 -8.96965e-09 0.655728 -0.655633 -8.96965e-09 1.03298 1.03298 0.0100693 0.0100685 -1.96387e-88 -1.3115e-89 -0 -0 
-9.79071 0.344359 -0.00336738 -9.06615e-09 0.655695 -0.655599 -9.06615e-09 1.03308 1.03308 0.0101029 0.0101022 4.10264e-89 2.7397e-90 0 0 
-9.78702 0.344392 -0.00337862 -9.16369e-09 0.655661 -0.655566 -9.16369e-09 1.03318 1.03318 0.0101367 0.0101359 4.39961e-88 2.93792e-89 0 0 
-9.78334 0.344426 -0.00338989 -9.26226e-09 0.655628 -0.655532 -9.26226e-09 1.03328 1.03328 0.0101705 0.0101697 8.24865e-88 5.50797e-89 0 0 
-9.77965 0.34446 -0.00340119 -9.36189e-09 0.655595 -0.655498 -9.36189e-09 1.03338 1.03338 0.0102044 0.0102036 9.91362e-88 6.6195e-89 0 0 
-9.77597 0.344494 -0.00341253 -9.46258e-09 0.655561 -0.655464 -9.46258e-09 1.03348 1.03348 0.0102384 0.0102376 7.35078e-88 4.90806e-89 0 0 
-9.77228 0.344528 -0.0034239 -9.56434e-09 0.655528 -0.65543 -9.56434e-09 1.03358 1.03358 0.0102725 0.0102717 -1.4807e-88 -9.88616e-90 -0 -0 
-9.7686 0.344562 -0.00343531 -9.66718e-09 0.655494 -0.655396 -9.66718e-09 1.03369 1.03369 0.0103068 0.0103059 -1.63559e-87 -1.09199e-88 -0 -0 
-9.76491 0.344596 -0.00344675 -9.77112e-09 0.65546 -0.655362 -9.77112e-09 1.03379 1.03379 0.0103411 0.0103402 -3.0738e-87 -2.05213e-88 -0 -0 
-9.76123 0.34463 -0.00345822 -9.87617e-09 0.655426 -0.655328 -9.87617e-09 1.03389 1.03389 0.0103755 0.0103747 -3.69996e-87 -2.47007e-88 -0 -0 
-9.75754 0.344664 -0.00346973 -9.98234e-09 0.655393 -0.655294 -9.98234e-09 1.03399 1.03399 0.0104101 0.0104092 -2.75134e-87 -1.8367e-88 -0 -0 
-9.75386 0.344699 -0.00348128 -1.00896e-08 0.655359 -0.65526 -1.00896e-08 1.0341 1.0341 0.0104447 0.0104438 5.33828e-88 3.56354e-89 0 0 
-9.75017 0.344733 -0.00349286 -1.01981e-08 0.655325 -0.655225 -1.01981e-08 1.0342 1.0342 0.0104795 0.0104786 6.08035e-87 4.05875e-88 0 0 
-9.74649 0.344768 -0.00350447 -1.03077e-08 0.65529 -0.655191 -1.03077e-08 1.0343 1.0343 0.0105143 0.0105134 1.14542e-86 7.64562e-88 0 0 
-9.7428 0.344802 -0.00351612 -1.04184e-08 0.655256 -0.655156 -1.04184e-08 1.03441 1.03441 0.0105493 0.0105484 1.38089e-86 9.217e-88 0 0 
-9.73912 0.344837 -0.0035278 -1.05304e-08 0.655222 -0.655122 -1.05304e-08 1.03451 1.03451 0.0105843 0.0105834 1.02978e-86 6.87318e-88 0 0 
-9.73543 0.344872 -0.00353952 -1.06435e-08 0.655188 -0.655087 -1.06435e-08 1.03462 1.03461 0.0106195 0.0106186 -1.92236e-87 -1.28302e-88 -0 -0 
-9.73175 0.344907 -0.00355128 -1.07578e-08 0.655153 -0.655052 -1.07578e-08 1.03472 1.03472 0.0106548 0.0106538 -2.26035e-86 -1.50854e-87 -0 -0 
-9.72807 0.344941 -0.00356306 -1.08734e-08 0.655119 -0.655017 -1.08734e-08 1.03482 1.03482 0.0106901 0.0106892 -4.26829e-86 -2.84851e-87 -0 -0 
-9.72438 0.344976 -0.00357489 -1.09902e-08 0.655084 -0.654982 -1.09902e-08 1.03493 1.03493 0.0107256 0.0107247 -5.15369e-86 -3.43926e-87 -0 -0 
-9.7207 0.345012 -0.00358675 -1.11082e-08 0.655049 -0.654947 -1.11082e-08 1.03503 1.03503 0.0107612 0.0107602 -3.85421e-86 -2.57196e-87 -0 -0 
-9.71701 0.345047 -0.00359864 -1.12275e-08 0.655014 -0.654912 -1.12275e-08 1.03514 1.03514 0.0107969 0.0107959 6.91403e-87 4.61364e-88 0 0 
-9.71333 0.345082 -0.00361057 -1.1348e-08 0.65498 -0.654877 -1.1348e-08 1.03525 1.03525 0.0108327 0.0108317 8.40264e-86 5.60675e-87 0 0 
-9.70964 0.345117 -0.00362254 -1.14698e-08 0.654945 -0.654842 -1.14698e-08 1.03535 1.03535 0.0108686 0.0108676 1.59052e-85 1.06125e-86 0 0 
-9.70596 0.345153 -0.00363454 -1.1593e-08 0.65491 -0.654807 -1.1593e-08 1.03546 1.03546 0.0109046 0.0109036 1.92342e-85 1.28332e-86 0 0 
-9.70227 0.345188 -0.00364658 -1.17174e-08 0.654875 -0.654771 -1.17174e-08 1.03557 1.03557 0.0109407 0.0109397 1.4425e-85 9.62412e-87 0 0 
-9.69859 0.345224 -0.00365865 -1.18432e-08 0.654839 -0.654736 -1.18432e-08 1.03567 1.03567 0.010977 0.010976 -2.48342e-86 -1.65683e-87 -0 -0 
-9.6949 0.34526 -0.00367076 -1.19703e-08 0.654804 -0.6547 -1.19703e-08 1.03578 1.03578 0.0110133 0.0110123 -3.12355e-85 -2.08381e-86 -0 -0 
-9.69122 0.345295 -0.00368291 -1.20987e-08 0.654769 -0.654664 -1.20987e-08 1.03589 1.03589 0.0110498 0.0110487 -5.9268e-85 -3.95378e-86 -0 -0 
-9.68753 0.345331 -0.00369509 -1.22285e-08 0.654733 -0.654629 -1.22285e-08 1.03599 1.03599 0.0110863 0.0110853 -7.17841e-85 -4.78853e-86 -0 -0 
-9.68385 0.345367 -0.00370731 -1.23597e-08 0.654698 -0.654593 -1.23597e-08 1.0361 1.0361 0.011123 0.0111219 -5.39871e-85 -3.6012e-86 -0 -0 
-9.68016 0.345403 -0.00371956 -1.24923e-08 0.654662 -0.654557 -1.24923e-08 1.03621 1.03621 0.0111598 0.0111587 8.90736e-86 5.9414e-87 0 0 
-9.67648 0.345439 -0.00373185 -1.26263e-08 0.654627 -0.654521 -1.26263e-08 1.03632 1.03632 0.0111966 0.0111956 1.16111e-84 7.74456e-86 0 0 
-9.67279 0.345475 -0.00374418 -1.27617e-08 0.654591 -0.654485 -1.27617e-08 1.03643 1.03643 0.0112336 0.0112325 2.20851e-84 1.473e-85 0 0 
-9.66911 0.345512 -0.00375654 -1.28985e-08 0.654555 -0.654449 -1.28985e-08 1.03654 1.03654 0.0112707 0.0112696 2.67904e-84 1.78675e-85 0 0 
-9.66542 0.345548 -0.00376894 -1.30368e-08 0.654519 -0.654412 -1.30368e-08 1.03664 1.03664 0.0113079 0.0113068 2.02047e-84 1.34748e-85 0 0 
-9.66174 0.345585 -0.00378138 -1.31766e-08 0.654483 -0.654376 -1.31766e-08 1.03675 1.03675 0.0113453 0.0113441 -3.1899e-85 -2.12729e-86 -0 -0 
-9.65805 0.345621 -0.00379385 -1.33178e-08 0.654447 -0.654339 -1.33178e-08 1.03686 1.03686 0.0113827 0.0113816 -4.31613e-84 -2.87824e-85 -0 -0 
-9.65437 0.345658 -0.00380637 -1.34606e-08 0.654411 -0.654303 -1.34606e-08 1.03697 1.03697 0.0114202 0.0114191 -8.22953e-84 -5.48769e-85 -0 -0 
-9.65068 0.345694 -0.00381891 -1.36049e-08 0.654375 -0.654266 -1.36049e-08 1.03708 1.03708 0.0114579 0.0114567 -9.99829e-84 -6.66687e-85 -0 -0 
-9.647 0.345731 -0.0038315 -1.37507e-08 0.654338 -0.65423 -1.37507e-08 1.03719 1.03719 0.0114957 0.0114945 -7.56148e-84 -5.0418e-85 -0 -0 
-9.64331 0.345768 -0.00384412 -1.3898e-08 0.654302 -0.654193 -1.3898e-08 1.0373 1.0373 0.0115335 0.0115324 1.14046e-84 7.60394e-86 0 0 
-9.63963 0.345805 -0.00385678 -1.40469e-08 0.654266 -0.654156 -1.40469e-08 1.03741 1.03741 0.0115715 0.0115703 1.60438e-83 1.06967e-84 0 0 
-9.63594 0.345842 -0.00386948 -1.41974e-08 0.654229 -0.654119 -1.41974e-08 1.03753 1.03753 0.0116096 0.0116084 3.06654e-83 2.04443e-84 0 0 
-9.63226 0.345879 -0.00388221 -1.43495e-08 0.654192 -0.654082 -1.43495e-08 1.03764 1.03764 0.0116478 0.0116466 3.73139e-83 2.48757e-84 0 0 
-9.62857 0.345916 -0.00389498 -1.45032e-08 0.654156 -0.654045 -1.45032e-08 1.03775 1.03775 0.0116862 0.0116849 2.82978e-83 1.88642e-84 0 0 
-9.62489 0.345954 -0.00390779 -1.46585e-08 0.654119 -0.654008 -1.46585e-08 1.03786 1.03786 0.0117246 0.0117234 -4.06997e-84 -2.71306e-85 -0 -0 
-9.6212 0.345991 -0.00392064 -1.48155e-08 0.654082 -0.653971 -1.48155e-08 1.03797 1.03797 0.0117632 0.0117619 -5.96364e-83 -3.97522e-84 -0 -0 
-9.61752 0.346028 -0.00393352 -1.49741e-08 0.654045 -0.653933 -1.49741e-08 1.03809 1.03809 0.0118018 0.0118006 -1.14266e-82 -7.6164e-84 -0 -0 
-9.61383 0.346066 -0.00394644 -1.51345e-08 0.654008 -0.653896 -1.51345e-08 1.0382 1.0382 0.0118406 0.0118393 -1.39255e-82 -9.28162e-84 -0 -0 
-9.61015 0.346104 -0.0039594 -1.52965e-08 0.653971 -0.653859 -1.52965e-08 1.03831 1.03831 0.0118795 0.0118782 -1.05898e-82 -7.05799e-84 -0 -0 
-9.60646 0.346141 -0.0039724 -1.54602e-08 0.653934 -0.653821 -1.54602e-08 1.03842 1.03842 0.0119185 0.0119172 1.44958e-83 9.66088e-85 0 0 
-9.60278 0.346179 -0.00398544 -1.56257e-08 0.653896 -0.653783 -1.56257e-08 1.03854 1.03854 0.0119576 0.0119563 2.21671e-82 1.47729e-83 0 0 
-9.59909 0.346217 -0.00399851 -1.57929e-08 0.653859 -0.653746 -1.57929e-08 1.03865 1.03865 0.0119969 0.0119955 4.25781e-82 2.83741e-83 0 0 
-9.59541 0.346255 -0.00401162 -1.59619e-08 0.653822 -0.653708 -1.59619e-08 1.03876 1.03876 0.0120362 0.0120349 5.19697e-82 3.46312e-83 0 0 
-9.59172 0.346293 -0.00402477 -1.61327e-08 0.653784 -0.65367 -1.61327e-08 1.03888 1.03888 0.0120757 0.0120743 3.96292e-82 2.64066e-83 0 0 
-9.58804 0.346331 -0.00403796 -1.63053e-08 0.653747 -0.653632 -1.63053e-08 1.03899 1.03899 0.0121153 0.0121139 -5.1517e-83 -3.43265e-84 -0 -0 
-9.58435 0.346369 -0.00405119 -1.64797e-08 0.653709 -0.653594 -1.64797e-08 1.03911 1.03911 0.012155 0.0121536 -8.23948e-82 -5.48984e-83 -0 -0 
-9.58067 0.346408 -0.00406446 -1.6656e-08 0.653671 -0.653556 -1.6656e-08 1.03922 1.03922 0.0121948 0.0121934 -1.58654e-81 -1.05704e-82 -0 -0 
-9.57699 0.346446 -0.00407776 -1.68341e-08 0.653633 -0.653517 -1.68341e-08 1.03934 1.03934 0.0122347 0.0122333 -1.93948e-81 -1.29213e-82 -0 -0 
-9.5733 0.346484 -0.00409111 -1.70141e-08 0.653595 -0.653479 -1.70141e-08 1.03945 1.03945 0.0122747 0.0122733 -1.48297e-81 -9.87949e-83 -0 -0 
-9.56962 0.346523 -0.00410449 -1.7196e-08 0.653557 -0.653441 -1.7196e-08 1.03957 1.03957 0.0123149 0.0123135 1.82651e-82 1.21676e-83 0 0 
-9.56593 0.346562 -0.00411791 -1.73799e-08 0.653519 -0.653402 -1.73799e-08 1.03968 1.03968 0.0123552 0.0123537 3.06255e-81 2.04007e-82 0 0 
-9.56225 0.3466 -0.00413137 -1.75657e-08 0.653481 -0.653364 -1.75657e-08 1.0398 1.0398 0.0123956 0.0123941 5.9117e-81 3.93781e-82 0 0 
-9.55856 0.346639 -0.00414487 -1.77534e-08 0.653443 -0.653325 -1.77534e-08 1.03992 1.03992 0.0124361 0.0124346 7.238e-81 4.82105e-82 0 0 
-9.55488 0.346678 -0.00415841 -1.79432e-08 0.653404 -0.653286 -1.79432e-08 1.04003 1.04003 0.0124767 0.0124752 5.54935e-81 3.69611e-82 0 0 
-9.55119 0.346717 -0.00417199 -1.81349e-08 0.653366 -0.653248 -1.81349e-08 1.04015 1.04015 0.0125175 0.012516 -6.45875e-82 -4.30162e-83 -0 -0 
-9.54751 0.346756 -0.00418561 -1.83287e-08 0.653327 -0.653209 -1.83287e-08 1.04027 1.04027 0.0125584 0.0125568 -1.13831e-80 -7.58093e-82 -0 -0 
-9.54382 0.346795 -0.00419926 -1.85245e-08 0.653289 -0.65317 -1.85245e-08 1.04039 1.04039 0.0125993 0.0125978 -2.20278e-80 -1.46695e-81 -0 -0 
-9.54014 0.346834 -0.00421296 -1.87224e-08 0.65325 -0.653131 -1.87224e-08 1.0405 1.0405 0.0126404 0.0126389 -2.70115e-80 -1.79875e-81 -0 -0 
-9.53645 0.346874 -0.0042267 -1.89224e-08 0.653211 -0.653091 -1.89224e-08 1.04062 1.04062 0.0126817 0.0126801 -2.07655e-80 -1.38276e-81 -0 -0 
-9.53277 0.346913 -0.00424047 -1.91245e-08 0.653173 -0.653052 -1.91245e-08 1.04074 1.04074 0.012723 0.0127214 2.2772e-81 1.5163e-82 0 0 
-9.52908 0.346953 -0.00425429 -1.93287e-08 0.653134 -0.653013 -1.93287e-08 1.04086 1.04086 0.0127645 0.0127629 4.23086e-80 2.81702e-81 0 0 
-9.5254 0.346992 -0.00426815 -1.95351e-08 0.653095 -0.652974 -1.95351e-08 1.04098 1.04098 0.0128061 0.0128044 8.20781e-80 5.46473e-81 0 0 
-9.52171 0.347032 -0.00428204 -1.97437e-08 0.653056 -0.652934 -1.97437e-08 1.0411 1.0411 0.0128478 0.0128461 1.00804e-79 6.71115e-81 0 0 
-9.51803 0.347072 -0.00429598 -1.99545e-08 0.653016 -0.652895 -1.99545e-08 1.04121 1.04121 0.0128896 0.0128879 7.77025e-80 5.17292e-81 0 0 
-9.51434 0.347111 -0.00430995 -2.01675e-08 0.652977 -0.652855 -2.01675e-08 1.04133 1.04133 0.0129315 0.0129299 -8.00262e-81 -5.32736e-82 -0 -0 
-9.51066 0.347151 -0.00432397 -2.03827e-08 0.652938 -0.652815 -2.03827e-08 1.04145 1.04145 0.0129736 0.0129719 -1.5725e-79 -1.04677e-80 -0 -0 
-9.50697 0.347191 -0.00433803 -2.06002e-08 0.652898 -0.652775 -2.06002e-08 1.04157 1.04157 0.0130158 0.0130141 -3.0583e-79 -2.03572e-80 -0 -0 
-9.50329 0.347231 -0.00435212 -2.082e-08 0.652859 -0.652735 -2.082e-08 1.04169 1.04169 0.0130581 0.0130564 -3.76183e-79 -2.5039e-80 -0 -0 
-9.4996 0.347272 -0.00436626 -2.10422e-08 0.652819 -0.652695 -2.10422e-08 1.04182 1.04181 0.0131005 0.0130988 -2.90749e-79 -1.93515e-80 -0 -0 
-9.49592 0.347312 -0.00438044 -2.12667e-08 0.65278 -0.652655 -2.12667e-08 1.04194 1.04194 0.0131431 0.0131413 2.80196e-80 1.86482e-81 0 0 
-9.49223 0.347352 -0.00439466 -2.14935e-08 0.65274 -0.652615 -2.14935e-08 1.04206 1.04206 0.0131857 0.013184 5.84446e-79 3.88955e-80 0 0 
-9.48855 0.347393 -0.00440892 -2.17228e-08 0.6527 -0.652575 -2.17228e-08 1.04218 1.04218 0.0132285 0.0132268 1.13954e-78 7.5834e-80 0 0 
-9.48486 0.347433 -0.00442322 -2.19544e-08 0.65266 -0.652535 -2.19544e-08 1.0423 1.0423 0.0132715 0.0132697 1.40385e-78 9.34186e-80 0 0 
-9.48118 0.347474 -0.00443756 -2.21885e-08 0.65262 -0.652494 -2.21885e-08 1.04242 1.04242 0.0133145 0.0133127 1.08791e-78 7.23909e-80 0 0 
-9.47749 0.347515 -0.00445194 -2.24251e-08 0.65258 -0.652454 -2.24251e-08 1.04254 1.04254 0.0133577 0.0133558 -9.76963e-80 -6.50052e-81 -0 -0 
-9.47381 0.347555 -0.00446637 -2.26642e-08 0.65254 -0.652413 -2.26642e-08 1.04267 1.04267 0.013401 0.0133991 -2.17216e-78 -1.44524e-79 -0 -0 
-9.47012 0.347596 -0.00448083 -2.29058e-08 0.6525 -0.652373 -2.29058e-08 1.04279 1.04279 0.0134444 0.0134425 -4.24598e-78 -2.82491e-79 -0 -0 
-9.46644 0.347637 -0.00449534 -2.31499e-08 0.65246 -0.652332 -2.31499e-08 1.04291 1.04291 0.0134879 0.013486 -5.23889e-78 -3.48533e-79 -0 -0 
-9.46275 0.347678 -0.00450989 -2.33966e-08 0.652419 -0.652291 -2.33966e-08 1.04303 1.04303 0.0135316 0.0135297 -4.07061e-78 -2.70796e-79 -0 -0 
-9.45907 0.347719 -0.00452447 -2.36459e-08 0.652379 -0.65225 -2.36459e-08 1.04316 1.04316 0.0135754 0.0135734 3.39017e-79 2.25519e-80 0 0 
-9.45538 0.34776 -0.00453911 -2.38979e-08 0.652338 -0.652209 -2.38979e-08 1.04328 1.04328 0.0136193 0.0136173 8.07291e-78 5.36995e-79 0 0 
-9.4517 0.347802 -0.00455378 -2.41524e-08 0.652298 -0.652168 -2.41524e-08 1.04341 1.04341 0.0136633 0.0136613 1.58206e-77 1.0523e-78 0 0 
-9.44801 0.347843 -0.00456849 -2.44097e-08 0.652257 -0.652127 -2.44097e-08 1.04353 1.04353 0.0137075 0.0137055 1.95504e-77 1.30032e-78 0 0 
-9.44433 0.347885 -0.00458325 -2.46697e-08 0.652216 -0.652086 -2.46697e-08 1.04365 1.04365 0.0137518 0.0137497 1.52306e-77 1.01296e-78 0 0 
-9.44064 0.347926 -0.00459805 -2.49324e-08 0.652175 -0.652045 -2.49324e-08 1.04378 1.04378 0.0137962 0.0137941 -1.16997e-78 -7.78082e-80 -0 -0 
-9.43696 0.347968 -0.00461288 -2.51979e-08 0.652134 -0.652003 -2.51979e-08 1.0439 1.0439 0.0138407 0.0138387 -3.00028e-77 -1.99522e-78 -0 -0 
-9.43328 0.348009 -0.00462777 -2.54662e-08 0.652093 -0.651962 -2.54662e-08 1.04403 1.04403 0.0138854 0.0138833 -5.89473e-77 -3.91986e-78 -0 -0 
-9.42959 0.348051 -0.00464269 -2.57373e-08 0.652052 -0.65192 -2.57373e-08 1.04415 1.04415 0.0139302 0.0139281 -7.29571e-77 -4.85123e-78 -0 -0 
-9.42591 0.348093 -0.00465766 -2.60113e-08 0.652011 -0.651879 -2.60113e-08 1.04428 1.04428 0.0139751 0.013973 -5.69858e-77 -3.78904e-78 -0 -0 
-9.42222 0.348135 -0.00467267 -2.62881e-08 0.65197 -0.651837 -2.62881e-08 1.04441 1.04441 0.0140201 0.014018 4.01176e-78 2.66732e-79 0 0 
-9.41854 0.348177 -0.00468772 -2.65678e-08 0.651928 -0.651795 -2.65678e-08 1.04453 1.04453 0.0140653 0.0140632 1.11503e-76 7.41316e-78 0 0 
-9.41485 0.348219 -0.00470281 -2.68505e-08 0.651887 -0.651753 -2.68505e-08 1.04466 1.04466 0.0141106 0.0141084 2.19635e-76 1.46015e-77 0 0 
-9.41117 0.348262 -0.00471795 -2.71362e-08 0.651845 -0.651711 -2.71362e-08 1.04478 1.04478 0.014156 0.0141538 2.72256e-76 1.80988e-77 0 0 
-9.40748 0.348304 -0.00473313 -2.74249e-08 0.651804 -0.651669 -2.74249e-08 1.04491 1.04491 0.0142016 0.0141994 2.1321e-76 1.41728e-77 0 0 
-9.4038 0.348346 -0.00474835 -2.77166e-08 0.651762 -0.651627 -2.77166e-08 1.04504 1.04504 0.0142473 0.014245 -1.3652e-77 -9.07451e-79 -0 -0 
-9.40011 0.348389 -0.00476361 -2.80114e-08 0.65172 -0.651585 -2.80114e-08 1.04517 1.04517 0.0142931 0.0142908 -4.14383e-76 -2.75426e-77 -0 -0 
-9.39643 0.348431 -0.00477892 -2.83093e-08 0.651678 -0.651543 -2.83093e-08 1.04529 1.04529 0.014339 0.0143368 -8.18348e-76 -5.43899e-77 -0 -0 
-9.39274 0.348474 -0.00479427 -2.86103e-08 0.651636 -0.6515 -2.86103e-08 1.04542 1.04542 0.0143851 0.0143828 -1.01598e-75 -6.75213e-77 -0 -0 
-9.38906 0.348517 -0.00480966 -2.89144e-08 0.651594 -0.651458 -2.89144e-08 1.04555 1.04555 0.0144313 0.014429 -7.97702e-76 -5.3012e-77 -0 -0 
-9.38537 0.34856 -0.0048251 -2.92218e-08 0.651552 -0.651415 -2.92218e-08 1.04568 1.04568 0.0144777 0.0144753 4.60363e-77 3.05922e-78 0 0 
-9.38169 0.348603 -0.00484058 -2.95324e-08 0.65151 -0.651373 -2.95324e-08 1.04581 1.04581 0.0145241 0.0145217 1.53997e-75 1.02329e-76 0 0 
-9.378 0.348646 -0.00485611 -2.98463e-08 0.651468 -0.65133 -2.98463e-08 1.04594 1.04594 0.0145707 0.0145683 3.04909e-75 2.02597e-76 0 0 
-9.37432 0.348689 -0.00487167 -3.01634e-08 0.651425 -0.651287 -3.01634e-08 1.04607 1.04607 0.0146174 0.014615 3.7913e-75 2.519e-76 0 0 
-9.37063 0.348732 -0.00488728 -3.04839e-08 0.651383 -0.651244 -3.04839e-08 1.0462 1.0462 0.0146643 0.0146619 2.98446e-75 1.98281e-76 0 0 
-9.36695 0.348775 -0.00490294 -3.08078e-08 0.651341 -0.651201 -3.08078e-08 1.04633 1.04633 0.0147113 0.0147088 -1.53519e-76 -1.01989e-77 -0 -0 
-9.36326 0.348818 -0.00491864 -3.1135e-08 0.651298 -0.651158 -3.1135e-08 1.04646 1.04646 0.0147584 0.0147559 -5.72284e-75 -3.80172e-76 -0 -0 
-9.35958 0.348862 -0.00493438 -3.14657e-08 0.651255 -0.651115 -3.14657e-08 1.04659 1.04659 0.0148057 0.0148031 -1.13606e-74 -7.54649e-76 -0 -0 
-9.35589 0.348905 -0.00495017 -3.17999e-08 0.651213 -0.651072 -3.17999e-08 1.04672 1.04672 0.014853 0.0148505 -1.41478e-74 -9.39744e-76 -0 -0 
-9.35221 0.348949 -0.004966 -3.21376e-08 0.65117 -0.651029 -3.21376e-08 1.04685 1.04685 0.0149006 0.014898 -1.11656e-74 -7.41616e-76 -0 -0 
-9.34852 0.348993 -0.00498187 -3.24788e-08 0.651127 -0.650985 -3.24788e-08 1.04698 1.04698 0.0149482 0.0149456 5.04857e-76 3.35306e-77 0 0 
-9.34484 0.349036 -0.00499779 -3.28236e-08 0.651084 -0.650942 -3.28236e-08 1.04711 1.04711 0.014996 0.0149934 2.12669e-74 1.41238e-75 0 0 
-9.34115 0.34908 -0.00501375 -3.3172e-08 0.651041 -0.650899 -3.3172e-08 1.04724 1.04724 0.0150439 0.0150413 4.23279e-74 2.81093e-75 0 0 
-9.33747 0.349124 -0.00502976 -3.3524e-08 0.650998 -0.650855 -3.3524e-08 1.04737 1.04737 0.0150919 0.0150893 5.27943e-74 3.50579e-75 0 0 
-9.33378 0.349168 -0.00504581 -3.38798e-08 0.650954 -0.650811 -3.38798e-08 1.0475 1.0475 0.0151401 0.0151374 4.17726e-74 2.77374e-75 0 0 
-9.3301 0.349212 -0.00506191 -3.42393e-08 0.650911 -0.650767 -3.42393e-08 1.04764 1.04764 0.0151884 0.0151857 -1.63073e-75 -1.08276e-76 -0 -0 
-9.32641 0.349257 -0.00507805 -3.46025e-08 0.650868 -0.650724 -3.46025e-08 1.04777 1.04777 0.0152369 0.0152341 -7.90297e-74 -5.24706e-75 -0 -0 
-9.32273 0.349301 -0.00509423 -3.49696e-08 0.650824 -0.65068 -3.49696e-08 1.0479 1.0479 0.0152855 0.0152827 -1.57707e-73 -1.04701e-74 -0 -0 
-9.31904 0.349345 -0.00511047 -3.53405e-08 0.650781 -0.650636 -3.53405e-08 1.04804 1.04804 0.0153342 0.0153314 -1.97008e-73 -1.30785e-74 -0 -0 
-9.31536 0.34939 -0.00512674 -3.57153e-08 0.650737 -0.650592 -3.57153e-08 1.04817 1.04817 0.015383 0.0153802 -1.56276e-73 -1.03739e-74 -0 -0 
-9.31167 0.349434 -0.00514306 -3.6094e-08 0.650693 -0.650547 -3.6094e-08 1.0483 1.0483 0.015432 0.0154292 5.14271e-75 3.41364e-76 0 0 
-9.30799 0.349479 -0.00515943 -3.64767e-08 0.65065 -0.650503 -3.64767e-08 1.04844 1.04844 0.0154812 0.0154783 2.93676e-73 1.94925e-74 0 0 
-9.3043 0.349524 -0.00517584 -3.68634e-08 0.650606 -0.650459 -3.68634e-08 1.04857 1.04857 0.0155304 0.0155275 5.87587e-73 3.89984e-74 0 0 
-9.30062 0.349568 -0.00519229 -3.72542e-08 0.650562 -0.650414 -3.72542e-08 1.04871 1.04871 0.0155798 0.0155769 7.35149e-73 4.87894e-74 0 0 
-9.29693 0.349613 -0.0052088 -3.7649e-08 0.650518 -0.65037 -3.7649e-08 1.04884 1.04884 0.0156293 0.0156264 5.84635e-73 3.8798e-74 0 0 
-9.29325 0.349658 -0.00522534 -3.8048e-08 0.650474 -0.650325 -3.8048e-08 1.04897 1.04897 0.015679 0.015676 -1.56819e-74 -1.04063e-75 -0 -0 
-9.28957 0.349703 -0.00524194 -3.84511e-08 0.650429 -0.650281 -3.84511e-08 1.04911 1.04911 0.0157288 0.0157258 -1.09128e-72 -7.2412e-74 -0 -0 
-9.28588 0.349748 -0.00525857 -3.88585e-08 0.650385 -0.650236 -3.88585e-08 1.04925 1.04925 0.0157788 0.0157757 -2.18922e-72 -1.45257e-73 -0 -0 
-9.2822 0.349794 -0.00527526 -3.92701e-08 0.650341 -0.650191 -3.92701e-08 1.04938 1.04938 0.0158289 0.0158258 -2.74325e-72 -1.82007e-73 -0 -0 
-9.27851 0.349839 -0.00529199 -3.96861e-08 0.650296 -0.650146 -3.96861e-08 1.04952 1.04952 0.0158791 0.015876 -2.18711e-72 -1.451e-73 -0 -0 
-9.27483 0.349884 -0.00530876 -4.01064e-08 0.650252 -0.650101 -4.01064e-08 1.04965 1.04965 0.0159294 0.0159263 4.54579e-74 3.01564e-75 0 0 
-9.27114 0.34993 -0.00532559 -4.05311e-08 0.650207 -0.650056 -4.05311e-08 1.04979 1.04979 0.0159799 0.0159768 4.05507e-72 2.68994e-73 0 0 
-9.26746 0.349975 -0.00534245 -4.09602e-08 0.650163 -0.650011 -4.09602e-08 1.04993 1.04993 0.0160306 0.0160274 8.15652e-72 5.41032e-73 0 0 
-9.26377 0.350021 -0.00535937 -4.13938e-08 0.650118 -0.649966 -4.13938e-08 1.05006 1.05006 0.0160813 0.0160781 1.02365e-71 6.7896e-73 0 0 
-9.26009 0.350067 -0.00537633 -4.1832e-08 0.650073 -0.649921 -4.1832e-08 1.0502 1.0502 0.0161322 0.016129 8.18177e-72 5.42641e-73 0 0 
-9.2564 0.350113 -0.00539333 -4.22747e-08 0.650028 -0.649875 -4.22747e-08 1.05034 1.05034 0.0161833 0.01618 -1.21014e-73 -8.02552e-75 -0 -0 
-9.25272 0.350158 -0.00541039 -4.27221e-08 0.649983 -0.64983 -4.27221e-08 1.05048 1.05048 0.0162345 0.0162312 -1.50679e-71 -9.99228e-73 -0 -0 
-9.24903 0.350204 -0.00542749 -4.31741e-08 0.649938 -0.649784 -4.31741e-08 1.05061 1.05061 0.0162858 0.0162825 -3.0389e-71 -2.01513e-72 -0 -0 
-9.24535 0.350251 -0.00544463 -4.36309e-08 0.649893 -0.649739 -4.36309e-08 1.05075 1.05075 0.0163373 0.0163339 -3.81976e-71 -2.53277e-72 -0 -0 
-9.24166 0.350297 -0.00546183 -4.40924e-08 0.649848 -0.649693 -4.40924e-08 1.05089 1.05089 0.0163889 0.0163855 -3.06067e-71 -2.02931e-72 -0 -0 
-9.23798 0.350343 -0.00547907 -4.45587e-08 0.649803 -0.649647 -4.45587e-08 1.05103 1.05103 0.0164406 0.0164372 2.70605e-73 1.79408e-74 0 0 
-9.23429 0.350389 -0.00549635 -4.503e-08 0.649757 -0.649601 -4.503e-08 1.05117 1.05117 0.0164925 0.0164891 5.59883e-71 3.71173e-72 0 0 
-9.23061 0.350436 -0.00551369 -4.55061e-08 0.649712 -0.649555 -4.55061e-08 1.05131 1.05131 0.0165446 0.0165411 1.13221e-70 7.50547e-72 0 0 
-9.22692 0.350482 -0.00553107 -4.59872e-08 0.649666 -0.649509 -4.59872e-08 1.05145 1.05145 0.0165968 0.0165932 1.42534e-70 9.44805e-72 0 0 
-9.22324 0.350529 -0.00554849 -4.64734e-08 0.649621 -0.649463 -4.64734e-08 1.05159 1.05159 0.0166491 0.0166455 1.14493e-70 7.58885e-72 0 0 
-9.21955 0.350575 -0.00556597 -4.69646e-08 0.649575 -0.649417 -4.69646e-08 1.05173 1.05173 0.0167015 0.0166979 -3.36173e-73 -2.22809e-74 -0 -0 
-9.21587 0.350622 -0.00558349 -4.74609e-08 0.649529 -0.649371 -4.74609e-08 1.05187 1.05187 0.0167541 0.0167505 -2.08034e-70 -1.37872e-71 -0 -0 
-9.21218 0.350669 -0.00560106 -4.79624e-08 0.649483 -0.649324 -4.79624e-08 1.05201 1.05201 0.0168069 0.0168032 -4.21825e-70 -2.79542e-71 -0 -0 
-9.2085 0.350716 -0.00561868 -4.84692e-08 0.649437 -0.649278 -4.84692e-08 1.05215 1.05215 0.0168598 0.016856 -5.31859e-70 -3.52439e-71 -0 -0 
-9.20481 0.350763 -0.00563634 -4.89812e-08 0.649391 -0.649231 -4.89812e-08 1.05229 1.05229 0.0169128 0.016909 -4.28285e-70 -2.83787e-71 -0 -0 
-9.20113 0.35081 -0.00565406 -4.94986e-08 0.649345 -0.649185 -4.94986e-08 1.05243 1.05243 0.016966 0.0169622 -1.25288e-72 -8.30118e-74 -0 -0 
-9.19744 0.350857 -0.00567182 -5.00214e-08 0.649299 -0.649138 -5.00214e-08 1.05257 1.05257 0.0170193 0.0170155 7.72971e-70 5.12114e-71 0 0 
-9.19376 0.350904 -0.00568963 -5.05496e-08 0.649253 -0.649091 -5.05496e-08 1.05271 1.05271 0.0170727 0.0170689 1.57158e-69 1.04114e-70 0 0 
-9.19007 0.350952 -0.00570748 -5.10833e-08 0.649207 -0.649045 -5.10833e-08 1.05285 1.05285 0.0171264 0.0171224 1.9846e-69 1.31468e-70 0 0 
-9.18639 0.350999 -0.00572539 -5.16226e-08 0.64916 -0.648998 -5.16226e-08 1.053 1.053 0.0171801 0.0171762 1.60206e-69 1.0612e-70 0 0 
-9.1827 0.351047 -0.00574334 -5.21676e-08 0.649114 -0.648951 -5.21676e-08 1.05314 1.05314 0.017234 0.01723 1.4008e-71 9.27824e-73 0 0 
-9.17902 0.351094 -0.00576134 -5.27182e-08 0.649067 -0.648904 -5.27182e-08 1.05328 1.05328 0.017288 0.017284 -2.87199e-69 -1.90216e-70 -0 -0 
-9.17533 0.351142 -0.00577939 -5.32745e-08 0.649021 -0.648857 -5.32745e-08 1.05343 1.05343 0.0173422 0.0173382 -5.85512e-69 -3.87766e-70 -0 -0 
-9.17165 0.35119 -0.00579749 -5.38366e-08 0.648974 -0.648809 -5.38366e-08 1.05357 1.05357 0.0173966 0.0173925 -7.40534e-69 -4.904e-70 -0 -0 
-9.16796 0.351237 -0.00581563 -5.44046e-08 0.648927 -0.648762 -5.44046e-08 1.05371 1.05371 0.017451 0.0174469 -5.99264e-69 -3.96821e-70 -0 -0 
-9.16428 0.351285 -0.00583383 -5.49785e-08 0.64888 -0.648715 -5.49785e-08 1.05386 1.05386 0.0175057 0.0175015 -8.70098e-71 -5.76124e-72 -0 -0 
-9.16059 0.351333 -0.00585207 -5.55584e-08 0.648833 -0.648667 -5.55584e-08 1.054 1.054 0.0175604 0.0175562 1.06708e-68 7.06504e-70 0 0 
-9.15691 0.351381 -0.00587036 -5.61443e-08 0.648786 -0.64862 -5.61443e-08 1.05414 1.05414 0.0176153 0.0176111 2.18139e-68 1.44418e-69 0 0 
-9.15322 0.35143 -0.00588871 -5.67363e-08 0.648739 -0.648572 -5.67363e-08 1.05429 1.05429 0.0176704 0.0176661 2.76322e-68 1.82926e-69 0 0 
-9.14954 0.351478 -0.0059071 -5.73345e-08 0.648692 -0.648525 -5.73345e-08 1.05443 1.05443 0.0177256 0.0177213 2.24156e-68 1.48382e-69 0 0 
-9.14586 0.351526 -0.00592553 -5.79389e-08 0.648645 -0.648477 -5.79389e-08 1.05458 1.05458 0.017781 0.0177766 4.53984e-70 3.00499e-71 0 0 
-9.14217 0.351574 -0.00594402 -5.85495e-08 0.648598 -0.648429 -5.85495e-08 1.05472 1.05472 0.0178365 0.0178321 -3.9646e-68 -2.62405e-69 -0 -0 
-9.13849 0.351623 -0.00596256 -5.91666e-08 0.64855 -0.648381 -5.91666e-08 1.05487 1.05487 0.0178921 0.0178877 -8.12694e-68 -5.37861e-69 -0 -0 
-9.1348 0.351672 -0.00598115 -5.979e-08 0.648503 -0.648333 -5.979e-08 1.05501 1.05501 0.0179479 0.0179434 -1.03106e-67 -6.82332e-69 -0 -0 
-9.13112 0.35172 -0.00599978 -6.042e-08 0.648455 -0.648285 -6.042e-08 1.05516 1.05516 0.0180039 0.0179993 -8.38444e-68 -5.54827e-69 -0 -0 
-9.12743 0.351769 -0.00601847 -6.10565e-08 0.648408 -0.648237 -6.10565e-08 1.05531 1.05531 0.01806 0.0180554 -2.17535e-69 -1.4394e-70 -0 -0 
-9.12375 0.351818 -0.0060372 -6.16996e-08 0.64836 -0.648189 -6.16996e-08 1.05545 1.05545 0.0181162 0.0181116 1.47297e-67 9.74582e-69 0 0 
-9.12006 0.351867 -0.00605599 -6.23493e-08 0.648312 -0.64814 -6.23493e-08 1.0556 1.0556 0.0181726 0.018168 3.02774e-67 2.00314e-68 0 0 
-9.11638 0.351916 -0.00607482 -6.30059e-08 0.648264 -0.648092 -6.30059e-08 1.05575 1.05575 0.0182292 0.0182245 3.84722e-67 2.54513e-68 0 0 
-9.11269 0.351965 -0.00609371 -6.36692e-08 0.648217 -0.648044 -6.36692e-08 1.05589 1.05589 0.0182859 0.0182811 3.13611e-67 2.07455e-68 0 0 
-9.10901 0.352014 -0.00611264 -6.43395e-08 0.648169 -0.647995 -6.43395e-08 1.05604 1.05604 0.0183427 0.0183379 9.90884e-69 6.55429e-70 0 0 
-9.10532 0.352063 -0.00613163 -6.50167e-08 0.648121 -0.647947 -6.50167e-08 1.05619 1.05619 0.0183997 0.0183949 -5.47245e-67 -3.61954e-68 -0 -0 
-9.10164 0.352112 -0.00615066 -6.5701e-08 0.648072 -0.647898 -6.5701e-08 1.05634 1.05634 0.0184569 0.018452 -1.12799e-66 -7.46015e-68 -0 -0 
-9.09795 0.352162 -0.00616975 -6.63923e-08 0.648024 -0.647849 -6.63923e-08 1.05649 1.05649 0.0185142 0.0185092 -1.43552e-66 -9.49335e-68 -0 -0 
-9.09427 0.352211 -0.00618888 -6.70909e-08 0.647976 -0.6478 -6.70909e-08 1.05663 1.05663 0.0185716 0.0185666 -1.17301e-66 -7.75677e-68 -0 -0 
-9.09058 0.352261 -0.00620807 -6.77967e-08 0.647928 -0.647751 -6.77967e-08 1.05678 1.05678 0.0186292 0.0186242 -4.36432e-68 -2.8858e-69 -0 -0 
-9.0869 0.35231 -0.0062273 -6.85098e-08 0.647879 -0.647702 -6.85098e-08 1.05693 1.05693 0.018687 0.0186819 2.0331e-66 1.34424e-67 0 0 
-9.08321 0.35236 -0.00624659 -6.92303e-08 0.647831 -0.647653 -6.92303e-08 1.05708 1.05708 0.0187449 0.0187398 4.20234e-66 2.77829e-67 0 0 
-9.07953 0.35241 -0.00626593 -6.99583e-08 0.647782 -0.647604 -6.99583e-08 1.05723 1.05723 0.0188029 0.0187978 5.35633e-66 3.54098e-67 0 0 
-9.07584 0.35246 -0.00628531 -7.06938e-08 0.647733 -0.647555 -7.06938e-08 1.05738 1.05738 0.0188612 0.0188559 4.38736e-66 2.9002e-67 0 0 
-9.07216 0.35251 -0.00630475 -7.1437e-08 0.647685 -0.647506 -7.1437e-08 1.05753 1.05753 0.0189195 0.0189143 1.87675e-67 1.24051e-68 0 0 
-9.06847 0.35256 -0.00632424 -7.21879e-08 0.647636 -0.647456 -7.21879e-08 1.05768 1.05768 0.018978 0.0189727 -7.55317e-66 -4.99218e-67 -0 -0 
-9.06479 0.35261 -0.00634378 -7.29465e-08 0.647587 -0.647407 -7.29465e-08 1.05783 1.05783 0.0190367 0.0190313 -1.56557e-65 -1.03467e-66 -0 -0 
-9.0611 0.35266 -0.00636337 -7.37131e-08 0.647538 -0.647358 -7.37131e-08 1.05798 1.05798 0.0190955 0.0190901 -1.99859e-65 -1.32075e-66 -0 -0 
-9.05742 0.35271 -0.00638302 -7.44876e-08 0.647489 -0.647308 -7.44876e-08 1.05813 1.05813 0.0191545 0.0191491 -1.64096e-65 -1.08434e-66 -0 -0 
-9.05373 0.352761 -0.00640271 -7.52701e-08 0.64744 -0.647258 -7.52701e-08 1.05828 1.05828 0.0192137 0.0192081 -7.92696e-67 -5.2377e-68 -0 -0 
-9.05005 0.352811 -0.00642246 -7.60607e-08 0.647391 -0.647209 -7.60607e-08 1.05843 1.05843 0.0192729 0.0192674 2.80601e-65 1.85392e-66 0 0 
-9.04636 0.352862 -0.00644225 -7.68595e-08 0.647342 -0.647159 -7.68595e-08 1.05859 1.05859 0.0193324 0.0193268 5.83247e-65 3.8532e-66 0 0 
-9.04268 0.352912 -0.0064621 -7.76666e-08 0.647292 -0.647109 -7.76666e-08 1.05874 1.05874 0.019392 0.0193863 7.45723e-65 4.92622e-66 0 0 
-9.03899 0.352963 -0.006482 -7.8482e-08 0.647243 -0.647059 -7.8482e-08 1.05889 1.05889 0.0194517 0.019446 6.13742e-65 4.05406e-66 0 0 
-9.03531 0.353014 -0.00650195 -7.93059e-08 0.647194 -0.647009 -7.93059e-08 1.05904 1.05904 0.0195116 0.0195059 3.30182e-66 2.18085e-67 0 0 
-9.03162 0.353065 -0.00652196 -8.01383e-08 0.647144 -0.646959 -8.01383e-08 1.05919 1.05919 0.0195717 0.0195659 -1.04242e-64 -6.88464e-66 -0 -0 
-9.02794 0.353116 -0.00654201 -8.09794e-08 0.647094 -0.646909 -8.09794e-08 1.05935 1.05935 0.0196319 0.019626 -2.17284e-64 -1.43494e-65 -0 -0 
-9.02425 0.353167 -0.00656212 -8.18291e-08 0.647045 -0.646859 -8.18291e-08 1.0595 1.0595 0.0196923 0.0196864 -2.78245e-64 -1.83739e-65 -0 -0 
-9.02057 0.353218 -0.00658228 -8.26876e-08 0.646995 -0.646808 -8.26876e-08 1.05965 1.05965 0.0197528 0.0197468 -2.29544e-64 -1.51568e-65 -0 -0 
-9.01688 0.353269 -0.00660249 -8.35551e-08 0.646945 -0.646758 -8.35551e-08 1.05981 1.05981 0.0198135 0.0198075 -1.36007e-65 -8.97982e-67 -0 -0 
-9.0132 0.35332 -0.00662276 -8.44314e-08 0.646895 -0.646707 -8.44314e-08 1.05996 1.05996 0.0198744 0.0198683 3.87244e-64 2.55658e-65 0 0 
-9.00951 0.353371 -0.00664307 -8.53169e-08 0.646845 -0.646657 -8.53169e-08 1.06011 1.06011 0.0199354 0.0199292 8.09471e-64 5.34369e-65 0 0 
-9.00583 0.353423 -0.00666344 -8.62115e-08 0.646795 -0.646606 -8.62115e-08 1.06027 1.06027 0.0199966 0.0199903 1.03819e-63 6.85303e-65 0 0 
-9.00215 0.353474 -0.00668386 -8.71154e-08 0.646745 -0.646556 -8.71154e-08 1.06042 1.06042 0.0200579 0.0200516 8.585e-64 5.66648e-65 0 0 
-8.99846 0.353526 -0.00670434 -8.80286e-08 0.646695 -0.646505 -8.80286e-08 1.06058 1.06058 0.0201194 0.020113 5.55149e-65 3.66395e-66 0 0 
-8.99478 0.353577 -0.00672486 -8.89513e-08 0.646645 -0.646454 -8.89513e-08 1.06073 1.06073 0.020181 0.0201746 -1.43853e-63 -9.49347e-65 -0 -0 
-8.99109 0.353629 -0.00674544 -8.98835e-08 0.646595 -0.646403 -8.98835e-08 1.06089 1.06089 0.0202428 0.0202363 -3.01558e-63 -1.98995e-64 -0 -0 
-8.98741 0.353681 -0.00676608 -9.08253e-08 0.646544 -0.646352 -9.08253e-08 1.06104 1.06104 0.0203048 0.0202982 -3.87365e-63 -2.55598e-64 -0 -0 
-8.98372 0.353733 -0.00678676 -9.17768e-08 0.646494 -0.646301 -9.17768e-08 1.0612 1.0612 0.0203669 0.0203603 -3.21076e-63 -2.11841e-64 -0 -0 
-8.98004 0.353785 -0.0068075 -9.27382e-08 0.646443 -0.64625 -9.27382e-08 1.06135 1.06135 0.0204291 0.0204225 -2.24886e-64 -1.48365e-65 -0 -0 
-8.97635 0.353837 -0.00682829 -9.37096e-08 0.646393 -0.646199 -9.37096e-08 1.06151 1.06151 0.0204916 0.0204849 5.34373e-63 3.52516e-64 0 0 
-8.97267 0.353889 -0.00684914 -9.46909e-08 0.646342 -0.646148 -9.46909e-08 1.06167 1.06167 0.0205542 0.0205474 1.12341e-62 7.41033e-64 0 0 
-8.96898 0.353941 -0.00687003 -9.56824e-08 0.646291 -0.646097 -9.56824e-08 1.06182 1.06182 0.0206169 0.0206101 1.44532e-62 9.53297e-64 0 0 
-8.9653 0.353993 -0.00689099 -9.66841e-08 0.646241 -0.646045 -9.66841e-08 1.06198 1.06198 0.0206799 0.020673 1.20079e-62 7.91949e-64 0 0 
-8.96161 0.354046 -0.00691199 -9.76962e-08 0.64619 -0.645994 -9.76962e-08 1.06214 1.06214 0.0207429 0.020736 9.05162e-64 5.96927e-65 0 0 
-8.95793 0.354098 -0.00693305 -9.87187e-08 0.646139 -0.645942 -9.87187e-08 1.06229 1.06229 0.0208062 0.0207992 -1.985e-62 -1.30894e-63 -0 -0 
-8.95424 0.354151 -0.00695416 -9.97517e-08 0.646088 -0.645891 -9.97517e-08 1.06245 1.06245 0.0208696 0.0208625 -4.18506e-62 -2.75947e-63 -0 -0 
-8.95056 0.354203 -0.00697533 -1.00795e-07 0.646037 -0.645839 -1.00795e-07 1.06261 1.06261 0.0209331 0.020926 -5.39266e-62 -3.55543e-63 -0 -0 
-8.94687 0.354256 -0.00699655 -1.0185e-07 0.645986 -0.645787 -1.0185e-07 1.06277 1.06277 0.0209969 0.0209896 -4.49076e-62 -2.96056e-63 -0 -0 
-8.94319 0.354309 -0.00701782 -1.02915e-07 0.645935 -0.645735 -1.02915e-07 1.06293 1.06293 0.0210608 0.0210535 -3.62327e-63 -2.38846e-64 -0 -0 
-8.9395 0.354361 -0.00703915 -1.03992e-07 0.645883 -0.645684 -1.03992e-07 1.06308 1.06308 0.0211248 0.0211175 7.37341e-62 4.86016e-63 0 0 
-8.93582 0.354414 -0.00706053 -1.05079e-07 0.645832 -0.645632 -1.05079e-07 1.06324 1.06324 0.021189 0.0211816 1.55906e-61 1.02756e-62 0 0 
-8.93213 0.354467 -0.00708197 -1.06178e-07 0.645781 -0.64558 -1.06178e-07 1.0634 1.0634 0.0212534 0.0212459 2.01205e-61 1.32602e-62 0 0 
-8.92845 0.35452 -0.00710346 -1.07288e-07 0.645729 -0.645528 -1.07288e-07 1.06356 1.06356 0.0213179 0.0213104 1.67944e-61 1.10673e-62 0 0 
-8.92476 0.354573 -0.007125 -1.08409e-07 0.645678 -0.645476 -1.08409e-07 1.06372 1.06372 0.0213826 0.021375 1.44345e-62 9.51133e-64 0 0 
-8.92108 0.354626 -0.0071466 -1.09542e-07 0.645626 -0.645423 -1.09542e-07 1.06388 1.06388 0.0214475 0.0214398 -2.73884e-61 -1.80455e-62 -0 -0 
-8.91739 0.35468 -0.00716826 -1.10687e-07 0.645574 -0.645371 -1.10687e-07 1.06404 1.06404 0.0215125 0.0215048 -5.80791e-61 -3.82636e-62 -0 -0 
-8.91371 0.354733 -0.00718997 -1.11843e-07 0.645523 -0.645319 -1.11843e-07 1.0642 1.0642 0.0215777 0.0215699 -7.50713e-61 -4.94542e-62 -0 -0 
-8.91002 0.354786 -0.00721173 -1.13012e-07 0.645471 -0.645266 -1.13012e-07 1.06436 1.06436 0.0216431 0.0216352 -6.28065e-61 -4.13711e-62 -0 -0 
-8.90634 0.35484 -0.00723355 -1.14192e-07 0.645419 -0.645214 -1.14192e-07 1.06452 1.06452 0.0217086 0.0217006 -5.72656e-62 -3.77181e-63 -0 -0 
-8.90265 0.354893 -0.00725542 -1.15384e-07 0.645367 -0.645161 -1.15384e-07 1.06468 1.06468 0.0217743 0.0217663 1.01731e-60 6.69997e-62 0 0 
-8.89897 0.354947 -0.00727735 -1.16589e-07 0.645315 -0.645109 -1.16589e-07 1.06484 1.06484 0.0218402 0.021832 2.16359e-60 1.42481e-61 0 0 
-8.89528 0.355001 -0.00729933 -1.17806e-07 0.645263 -0.645056 -1.17806e-07 1.065 1.065 0.0219062 0.021898 2.80095e-60 1.84437e-61 0 0 
-8.8916 0.355054 -0.00732137 -1.19036e-07 0.645211 -0.645003 -1.19036e-07 1.06516 1.06516 0.0219724 0.0219641 2.34875e-60 1.54648e-61 0 0 
-8.88791 0.355108 -0.00734346 -1.20279e-07 0.645159 -0.644951 -1.20279e-07 1.06533 1.06533 0.0220387 0.0220304 2.26353e-61 1.49024e-62 0 0 
-8.88423 0.355162 -0.00736561 -1.21534e-07 0.645107 -0.644898 -1.21534e-07 1.06549 1.06549 0.0221053 0.0220968 -3.77863e-60 -2.48751e-61 -0 -0 
-8.88054 0.355216 -0.00738782 -1.22802e-07 0.645054 -0.644845 -1.22802e-07 1.06565 1.06565 0.022172 0.0221635 -8.05983e-60 -5.30542e-61 -0 -0 
-8.87686 0.35527 -0.00741008 -1.24083e-07 0.645002 -0.644792 -1.24083e-07 1.06581 1.06581 0.0222388 0.0222302 -1.04504e-59 -6.87843e-61 -0 -0 
-8.87317 0.355324 -0.00743239 -1.25377e-07 0.64495 -0.644739 -1.25377e-07 1.06597 1.06597 0.0223058 0.0222972 -8.7834e-60 -5.7807e-61 -0 -0 
-8.86949 0.355379 -0.00745477 -1.26685e-07 0.644897 -0.644686 -1.26685e-07 1.06614 1.06614 0.022373 0.0223643 -8.9178e-61 -5.86864e-62 -0 -0 
-8.8658 0.355433 -0.00747719 -1.28006e-07 0.644845 -0.644632 -1.28006e-07 1.0663 1.0663 0.0224404 0.0224316 1.40347e-59 9.23518e-61 0 0 
-8.86212 0.355487 -0.00749968 -1.2934e-07 0.644792 -0.644579 -1.2934e-07 1.06646 1.06646 0.0225079 0.022499 3.00244e-59 1.9755e-60 0 0 
-8.85843 0.355542 -0.00752221 -1.30689e-07 0.644739 -0.644526 -1.30689e-07 1.06663 1.06663 0.0225756 0.0225666 3.89906e-59 2.56522e-60 0 0 
-8.85475 0.355596 -0.00754481 -1.32051e-07 0.644687 -0.644472 -1.32051e-07 1.06679 1.06679 0.0226435 0.0226344 3.28459e-59 2.16076e-60 0 0 
-8.85107 0.355651 -0.00756746 -1.33427e-07 0.644634 -0.644419 -1.33427e-07 1.06695 1.06695 0.0227115 0.0227024 3.50315e-60 2.30433e-61 0 0 
-8.84738 0.355706 -0.00759017 -1.34817e-07 0.644581 -0.644365 -1.34817e-07 1.06712 1.06712 0.0227797 0.0227705 -5.21272e-59 -3.42856e-60 -0 -0 
-8.8437 0.35576 -0.00761293 -1.36222e-07 0.644528 -0.644312 -1.36222e-07 1.06728 1.06728 0.0228481 0.0228388 -1.11846e-58 -7.35577e-60 -0 -0 
-8.84001 0.355815 -0.00763575 -1.37641e-07 0.644475 -0.644258 -1.37641e-07 1.06745 1.06745 0.0229167 0.0229073 -1.45473e-58 -9.56648e-60 -0 -0 
-8.83633 0.35587 -0.00765863 -1.39074e-07 0.644422 -0.644205 -1.39074e-07 1.06761 1.06761 0.0229854 0.0229759 -1.22827e-58 -8.07651e-60 -0 -0 
-8.83264 0.355925 -0.00768156 -1.40523e-07 0.644369 -0.644151 -1.40523e-07 1.06777 1.06777 0.0230543 0.0230447 -1.37251e-59 -9.02412e-61 -0 -0 
-8.82896 0.35598 -0.00770455 -1.41986e-07 0.644316 -0.644097 -1.41986e-07 1.06794 1.06794 0.0231233 0.0231137 1.93605e-58 1.27282e-59 0 0 
-8.82527 0.356035 -0.0077276 -1.43464e-07 0.644262 -0.644043 -1.43464e-07 1.06811 1.0681 0.0231925 0.0231828 4.16641e-58 2.73888e-59 0 0 
-8.82159 0.35609 -0.0077507 -1.44957e-07 0.644209 -0.643989 -1.44957e-07 1.06827 1.06827 0.0232619 0.0232521 5.42754e-58 3.56758e-59 0 0 
-8.8179 0.356145 -0.00777386 -1.46466e-07 0.644156 -0.643935 -1.46466e-07 1.06844 1.06844 0.0233315 0.0233216 4.59303e-58 3.01877e-59 0 0 
-8.81422 0.356201 -0.00779708 -1.4799e-07 0.644102 -0.643881 -1.4799e-07 1.0686 1.0686 0.0234012 0.0233912 5.36458e-59 3.52554e-60 0 0 
-8.81053 0.356256 -0.00782036 -1.4953e-07 0.644049 -0.643827 -1.4953e-07 1.06877 1.06877 0.0234712 0.0234611 -7.19047e-58 -4.72506e-59 -0 -0 
-8.80685 0.356311 -0.00784369 -1.51085e-07 0.643995 -0.643773 -1.51085e-07 1.06893 1.06893 0.0235412 0.0235311 -1.55203e-57 -1.01979e-58 -0 -0 
-8.80316 0.356367 -0.00786708 -1.52657e-07 0.643942 -0.643718 -1.52657e-07 1.0691 1.0691 0.0236115 0.0236012 -2.02498e-57 -1.33042e-58 -0 -0 
-8.79948 0.356423 -0.00789052 -1.54244e-07 0.643888 -0.643664 -1.54244e-07 1.06927 1.06927 0.0236819 0.0236716 -1.71751e-57 -1.12831e-58 -0 -0 
-8.79579 0.356478 -0.00791403 -1.55848e-07 0.643834 -0.64361 -1.55848e-07 1.06943 1.06943 0.0237525 0.0237421 -2.09226e-58 -1.37437e-59 -0 -0 
-8.79211 0.356534 -0.00793759 -1.57468e-07 0.643781 -0.643555 -1.57468e-07 1.0696 1.0696 0.0238233 0.0238128 2.67048e-57 1.75402e-58 0 0 
-8.78842 0.35659 -0.00796121 -1.59105e-07 0.643727 -0.643501 -1.59105e-07 1.06977 1.06977 0.0238943 0.0238836 5.78145e-57 3.79701e-58 0 0 
-8.78474 0.356646 -0.00798489 -1.60758e-07 0.643673 -0.643446 -1.60758e-07 1.06994 1.06994 0.0239654 0.0239547 7.55503e-57 4.96134e-58 0 0 
-8.78105 0.356702 -0.00800862 -1.62429e-07 0.643619 -0.643392 -1.62429e-07 1.0701 1.0701 0.0240367 0.0240259 6.42231e-57 4.21709e-58 0 0 
-8.77737 0.356758 -0.00803241 -1.64117e-07 0.643565 -0.643337 -1.64117e-07 1.07027 1.07027 0.0241082 0.0240972 8.14398e-58 5.34708e-59 0 0 
-8.77368 0.356814 -0.00805626 -1.65821e-07 0.643511 -0.643282 -1.65821e-07 1.07044 1.07044 0.0241798 0.0241688 -9.9177e-57 -6.51102e-58 -0 -0 
-8.77 0.35687 -0.00808017 -1.67544e-07 0.643457 -0.643227 -1.67544e-07 1.07061 1.07061 0.0242517 0.0242405 -2.15362e-56 -1.41373e-57 -0 -0 
-8.76631 0.356926 -0.00810414 -1.69284e-07 0.643403 -0.643173 -1.69284e-07 1.07078 1.07078 0.0243237 0.0243124 -2.8187e-56 -1.85013e-57 -0 -0 
-8.76263 0.356982 -0.00812816 -1.71041e-07 0.643348 -0.643118 -1.71041e-07 1.07095 1.07095 0.0243958 0.0243845 -2.40147e-56 -1.57612e-57 -0 -0 
-8.75894 0.357039 -0.00815225 -1.72817e-07 0.643294 -0.643063 -1.72817e-07 1.07112 1.07112 0.0244682 0.0244567 -3.16425e-57 -2.07654e-58 -0 -0 
-8.75526 0.357095 -0.00817639 -1.74611e-07 0.64324 -0.643008 -1.74611e-07 1.07129 1.07128 0.0245407 0.0245292 3.68318e-56 2.41685e-57 0 0 
-8.75157 0.357151 -0.00820059 -1.76423e-07 0.643185 -0.642953 -1.76423e-07 1.07145 1.07145 0.0246134 0.0246018 8.0223e-56 5.2636e-57 0 0 
-8.74789 0.357208 -0.00822485 -1.78254e-07 0.643131 -0.642897 -1.78254e-07 1.07162 1.07162 0.0246863 0.0246746 1.05162e-55 6.89921e-57 0 0 
-8.7442 0.357265 -0.00824917 -1.80104e-07 0.643076 -0.642842 -1.80104e-07 1.07179 1.07179 0.0247594 0.0247475 8.9796e-56 5.89054e-57 0 0 
-8.74052 0.357321 -0.00827354 -1.81972e-07 0.643022 -0.642787 -1.81972e-07 1.07196 1.07196 0.0248326 0.0248206 1.22738e-56 8.05071e-58 0 0 
-8.73683 0.357378 -0.00829798 -1.83859e-07 0.642967 -0.642732 -1.83859e-07 1.07213 1.07213 0.024906 0.0248939 -1.36781e-55 -8.97093e-57 -0 -0 
-8.73315 0.357435 -0.00832247 -1.85766e-07 0.642912 -0.642676 -1.85766e-07 1.0723 1.0723 0.0249796 0.0249674 -2.98831e-55 -1.95972e-56 -0 -0 
-8.72946 0.357492 -0.00834703 -1.87692e-07 0.642858 -0.642621 -1.87692e-07 1.07248 1.07248 0.0250534 0.0250411 -3.92342e-55 -2.5727e-56 -0 -0 
-8.72578 0.357549 -0.00837164 -1.89638e-07 0.642803 -0.642565 -1.89638e-07 1.07265 1.07265 0.0251273 0.0251149 -3.35761e-55 -2.20146e-56 -0 -0 
-8.72209 0.357606 -0.00839631 -1.91604e-07 0.642748 -0.64251 -1.91604e-07 1.07282 1.07282 0.0252014 0.0251889 -4.75356e-56 -3.11642e-57 -0 -0 
-8.71841 0.357663 -0.00842104 -1.9359e-07 0.642693 -0.642454 -1.9359e-07 1.07299 1.07299 0.0252757 0.0252631 5.07946e-55 3.32974e-56 0 0 
-8.71472 0.35772 -0.00844583 -1.95596e-07 0.642638 -0.642399 -1.95596e-07 1.07316 1.07316 0.0253502 0.0253375 1.11314e-54 7.29621e-56 0 0 
-8.71104 0.357777 -0.00847068 -1.97622e-07 0.642583 -0.642343 -1.97622e-07 1.07333 1.07333 0.0254249 0.025412 1.46376e-54 9.59341e-56 0 0 
-8.70736 0.357834 -0.00849559 -1.9967e-07 0.642528 -0.642287 -1.9967e-07 1.0735 1.0735 0.0254997 0.0254868 1.25544e-54 8.22729e-56 0 0 
-8.70367 0.357892 -0.00852056 -2.01738e-07 0.642473 -0.642231 -2.01738e-07 1.07368 1.07368 0.0255747 0.0255617 1.8384e-55 1.20463e-56 0 0 
-8.69999 0.357949 -0.00854559 -2.03827e-07 0.642418 -0.642175 -2.03827e-07 1.07385 1.07385 0.0256499 0.0256368 -1.88625e-54 -1.23586e-55 -0 -0 
-8.6963 0.358007 -0.00857068 -2.05938e-07 0.642363 -0.64212 -2.05938e-07 1.07402 1.07402 0.0257253 0.025712 -4.14638e-54 -2.7164e-55 -0 -0 
-8.69262 0.358064 -0.00859583 -2.0807e-07 0.642308 -0.642064 -2.0807e-07 1.07419 1.07419 0.0258009 0.0257875 -5.46097e-54 -3.57726e-55 -0 -0 
-8.68893 0.358122 -0.00862103 -2.10223e-07 0.642252 -0.642008 -2.10223e-07 1.07437 1.07437 0.0258766 0.0258631 -4.69416e-54 -3.07463e-55 -0 -0 
-8.68525 0.358179 -0.0086463 -2.12399e-07 0.642197 -0.641951 -2.12399e-07 1.07454 1.07454 0.0259526 0.0259389 -7.10044e-55 -4.65023e-56 -0 -0 
-8.68156 0.358237 -0.00867163 -2.14597e-07 0.642141 -0.641895 -2.14597e-07 1.07471 1.07471 0.0260287 0.0260149 7.00442e-54 4.58686e-55 0 0 
-8.67788 0.358295 -0.00869702 -2.16817e-07 0.642086 -0.641839 -2.16817e-07 1.07489 1.07488 0.026105 0.0260911 1.54449e-53 1.01131e-54 0 0 
-8.67419 0.358353 -0.00872247 -2.1906e-07 0.64203 -0.641783 -2.1906e-07 1.07506 1.07506 0.0261814 0.0261674 2.03736e-53 1.33389e-54 0 0 
-8.67051 0.358411 -0.00874798 -2.21326e-07 0.641975 -0.641727 -2.21326e-07 1.07523 1.07523 0.0262581 0.0262439 1.75514e-53 1.14899e-54 0 0 
-8.66682 0.358469 -0.00877355 -2.23615e-07 0.641919 -0.64167 -2.23615e-07 1.07541 1.07541 0.0263349 0.0263207 2.73902e-54 1.7929e-55 0 0 
-8.66314 0.358527 -0.00879918 -2.25927e-07 0.641864 -0.641614 -2.25927e-07 1.07558 1.07558 0.0264119 0.0263975 -2.60096e-53 -1.70234e-54 -0 -0 
-8.65945 0.358585 -0.00882487 -2.28263e-07 0.641808 -0.641557 -2.28263e-07 1.07575 1.07575 0.0264891 0.0264746 -5.75307e-53 -3.76501e-54 -0 -0 
-8.65577 0.358643 -0.00885062 -2.30622e-07 0.641752 -0.641501 -2.30622e-07 1.07593 1.07593 0.0265665 0.0265519 -7.6009e-53 -4.97376e-54 -0 -0 
-8.65208 0.358701 -0.00887644 -2.33006e-07 0.641696 -0.641444 -2.33006e-07 1.0761 1.0761 0.0266441 0.0266293 -6.56236e-53 -4.29371e-54 -0 -0 
-8.6484 0.35876 -0.00890231 -2.35414e-07 0.64164 -0.641388 -2.35414e-07 1.07628 1.07628 0.0267218 0.0267069 -1.05537e-53 -6.90449e-55 -0 -0 
-8.64471 0.358818 -0.00892824 -2.37846e-07 0.641585 -0.641331 -2.37846e-07 1.07645 1.07645 0.0267998 0.0267847 9.65796e-53 6.31777e-54 0 0 
-8.64103 0.358876 -0.00895424 -2.40303e-07 0.641529 -0.641274 -2.40303e-07 1.07663 1.07663 0.0268779 0.0268627 2.14294e-52 1.40166e-53 0 0 
-8.63734 0.358935 -0.0089803 -2.42785e-07 0.641473 -0.641218 -2.42785e-07 1.0768 1.0768 0.0269562 0.0269409 2.83569e-52 1.85456e-53 0 0 
-8.63366 0.358993 -0.00900642 -2.45292e-07 0.641417 -0.641161 -2.45292e-07 1.07698 1.07698 0.0270347 0.0270193 2.45359e-52 1.60449e-53 0 0 
-8.62997 0.359052 -0.0090326 -2.47825e-07 0.64136 -0.641104 -2.47825e-07 1.07716 1.07716 0.0271134 0.0270978 4.06208e-53 2.65605e-54 0 0 
-8.62629 0.359111 -0.00905884 -2.50383e-07 0.641304 -0.641047 -2.50383e-07 1.07733 1.07733 0.0271922 0.0271765 -3.58614e-52 -2.34459e-53 -0 -0 
-8.6226 0.359169 -0.00908514 -2.52968e-07 0.641248 -0.64099 -2.52968e-07 1.07751 1.07751 0.0272713 0.0272554 -7.98211e-52 -5.21806e-53 -0 -0 
-8.61892 0.359228 -0.0091115 -2.55578e-07 0.641192 -0.640933 -2.55578e-07 1.07769 1.07768 0.0273505 0.0273345 -1.05791e-51 -6.91499e-53 -0 -0 
-8.61523 0.359287 -0.00913793 -2.58216e-07 0.641136 -0.640876 -2.58216e-07 1.07786 1.07786 0.0274299 0.0274138 -9.17355e-52 -5.99558e-53 -0 -0 
-8.61155 0.359346 -0.00916442 -2.6088e-07 0.641079 -0.640819 -2.6088e-07 1.07804 1.07804 0.0275095 0.0274933 -1.5619e-52 -1.0207e-53 -0 -0 
-8.60786 0.359405 -0.00919097 -2.63571e-07 0.641023 -0.640762 -2.63571e-07 1.07822 1.07821 0.0275893 0.0275729 1.33155e-51 8.70069e-53 0 0 
-8.60418 0.359464 -0.00921758 -2.66289e-07 0.640966 -0.640705 -2.66289e-07 1.07839 1.07839 0.0276693 0.0276527 2.97319e-51 1.94254e-52 0 0 
-8.60049 0.359523 -0.00924425 -2.69035e-07 0.64091 -0.640648 -2.69035e-07 1.07857 1.07857 0.0277494 0.0277328 3.94672e-51 2.57831e-52 0 0 
-8.59681 0.359582 -0.00927099 -2.71809e-07 0.640853 -0.64059 -2.71809e-07 1.07875 1.07875 0.0278298 0.027813 3.42978e-51 2.24035e-52 0 0 
-8.59312 0.359641 -0.00929779 -2.74611e-07 0.640797 -0.640533 -2.74611e-07 1.07892 1.07892 0.0279103 0.0278934 5.99993e-52 3.91873e-53 0 0 
-8.58944 0.359701 -0.00932465 -2.77442e-07 0.64074 -0.640476 -2.77442e-07 1.0791 1.0791 0.0279911 0.0279739 -4.94399e-51 -3.22869e-52 -0 -0 
-8.58575 0.35976 -0.00935157 -2.80301e-07 0.640684 -0.640418 -2.80301e-07 1.07928 1.07928 0.028072 0.0280547 -1.10745e-50 -7.2314e-52 -0 -0 
-8.58207 0.359819 -0.00937856 -2.83189e-07 0.640627 -0.640361 -2.83189e-07 1.07946 1.07946 0.0281531 0.0281357 -1.47239e-50 -9.61326e-52 -0 -0 
-8.57838 0.359879 -0.0094056 -2.86106e-07 0.64057 -0.640303 -2.86106e-07 1.07964 1.07964 0.0282344 0.0282168 -1.2823e-50 -8.37122e-52 -0 -0 
-8.5747 0.359938 -0.00943271 -2.89054e-07 0.640514 -0.640246 -2.89054e-07 1.07982 1.07982 0.0283159 0.0282981 -2.30277e-51 -1.50314e-52 -0 -0 
-8.57101 0.359998 -0.00945989 -2.9203e-07 0.640457 -0.640188 -2.9203e-07 1.07999 1.07999 0.0283975 0.0283797 1.83564e-50 1.19808e-51 0 0 
-8.56733 0.360058 -0.00948712 -2.95038e-07 0.6404 -0.640131 -2.95038e-07 1.08017 1.08017 0.0284794 0.0284614 4.12497e-50 2.69195e-51 0 0 
-8.56365 0.360117 -0.00951442 -2.98075e-07 0.640343 -0.640073 -2.98075e-07 1.08035 1.08035 0.0285615 0.0285433 5.49293e-50 3.58426e-51 0 0 
-8.55996 0.360177 -0.00954178 -3.01144e-07 0.640286 -0.640015 -3.01144e-07 1.08053 1.08053 0.0286437 0.0286254 4.7941e-50 3.12789e-51 0 0 
-8.55628 0.360237 -0.00956921 -3.04243e-07 0.640229 -0.639957 -3.04243e-07 1.08071 1.08071 0.0287261 0.0287076 8.83061e-51 5.76081e-52 0 0 
-8.55259 0.360297 -0.0095967 -3.07374e-07 0.640172 -0.6399 -3.07374e-07 1.08089 1.08089 0.0288088 0.0287901 -6.81531e-50 -4.44557e-51 -0 -0 
-8.54891 0.360356 -0.00962425 -3.10537e-07 0.640115 -0.639842 -3.10537e-07 1.08107 1.08107 0.0288916 0.0288727 -1.53644e-49 -1.00209e-50 -0 -0 
-8.54522 0.360416 -0.00965186 -3.13731e-07 0.640058 -0.639784 -3.13731e-07 1.08125 1.08125 0.0289746 0.0289556 -2.0492e-49 -1.33635e-50 -0 -0 
-8.54154 0.360476 -0.00967954 -3.16958e-07 0.640001 -0.639726 -3.16958e-07 1.08143 1.08143 0.0290578 0.0290386 -1.79233e-49 -1.1687e-50 -0 -0 
-8.53785 0.360536 -0.00970728 -3.20218e-07 0.639944 -0.639668 -3.20218e-07 1.08161 1.08161 0.0291412 0.0291219 -3.38365e-50 -2.20606e-51 -0 -0 
-8.53417 0.360597 -0.00973509 -3.23511e-07 0.639886 -0.63961 -3.23511e-07 1.08179 1.08179 0.0292247 0.0292053 2.53031e-49 1.64951e-50 0 0 
-8.53048 0.360657 -0.00976295 -3.26837e-07 0.639829 -0.639552 -3.26837e-07 1.08197 1.08197 0.0293085 0.0292889 5.72278e-49 3.73022e-50 0 0 
-8.5268 0.360717 -0.00979089 -3.30196e-07 0.639772 -0.639494 -3.30196e-07 1.08215 1.08215 0.0293925 0.0293727 7.64472e-49 4.98237e-50 0 0 
-8.52311 0.360777 -0.00981888 -3.3359e-07 0.639714 -0.639436 -3.3359e-07 1.08233 1.08233 0.0294766 0.0294567 6.70076e-49 4.36663e-50 0 0 
-8.51943 0.360838 -0.00984694 -3.37018e-07 0.639657 -0.639378 -3.37018e-07 1.08251 1.08251 0.029561 0.0295408 1.29555e-49 8.44153e-51 0 0 
-8.51574 0.360898 -0.00987507 -3.4048e-07 0.6396 -0.639319 -3.4048e-07 1.08269 1.08269 0.0296455 0.0296252 -9.394e-49 -6.1202e-50 -0 -0 
-8.51206 0.360958 -0.00990326 -3.43978e-07 0.639542 -0.639261 -3.43978e-07 1.08288 1.08288 0.0297303 0.0297098 -2.13155e-48 -1.38853e-49 -0 -0 
-8.50837 0.361019 -0.00993151 -3.47511e-07 0.639485 -0.639203 -3.47511e-07 1.08306 1.08306 0.0298152 0.0297945 -2.85191e-48 -1.85756e-49 -0 -0 
-8.50469 0.36108 -0.00995983 -3.5108e-07 0.639427 -0.639145 -3.5108e-07 1.08324 1.08324 0.0299003 0.0298795 -2.50509e-48 -1.63146e-49 -0 -0 
-8.501 0.36114 -0.00998821 -3.54684e-07 0.63937 -0.639086 -3.54684e-07 1.08342 1.08342 0.0299857 0.0299646 -4.95691e-49 -3.22783e-50 -0 -0 
-8.49732 0.361201 -0.0100167 -3.58325e-07 0.639312 -0.639028 -3.58325e-07 1.0836 1.0836 0.0300712 0.03005 3.48752e-48 2.27071e-49 0 0 
-8.49363 0.361262 -0.0100452 -3.62003e-07 0.639254 -0.638969 -3.62003e-07 1.08379 1.08378 0.0301569 0.0301355 7.93925e-48 5.16857e-49 0 0 
-8.48995 0.361322 -0.0100737 -3.65718e-07 0.639197 -0.638911 -3.65718e-07 1.08397 1.08397 0.0302428 0.0302212 1.06392e-47 6.92538e-49 0 0 
-8.48626 0.361383 -0.0101024 -3.69471e-07 0.639139 -0.638852 -3.69471e-07 1.08415 1.08415 0.0303289 0.0303071 9.3652e-48 6.09534e-49 0 0 
-8.48258 0.361444 -0.0101311 -3.73262e-07 0.639081 -0.638794 -3.73262e-07 1.08433 1.08433 0.0304152 0.0303932 1.89529e-48 1.23339e-49 0 0 
-8.47889 0.361505 -0.0101598 -3.7709e-07 0.639024 -0.638735 -3.7709e-07 1.08452 1.08451 0.0305017 0.0304796 -1.29471e-47 -8.42446e-49 -0 -0 
-8.47521 0.361566 -0.0101887 -3.80958e-07 0.638966 -0.638677 -3.80958e-07 1.0847 1.0847 0.0305884 0.0305661 -2.95707e-47 -1.92387e-48 -0 -0 
-8.47152 0.361627 -0.0102176 -3.84864e-07 0.638908 -0.638618 -3.84864e-07 1.08488 1.08488 0.0306753 0.0306528 -3.96896e-47 -2.58188e-48 -0 -0 
-8.46784 0.361688 -0.0102465 -3.8881e-07 0.63885 -0.638559 -3.8881e-07 1.08506 1.08506 0.0307623 0.0307396 -3.5011e-47 -2.27724e-48 -0 -0 
-8.46415 0.361749 -0.0102756 -3.92796e-07 0.638792 -0.638501 -3.92796e-07 1.08525 1.08525 0.0308496 0.0308267 -7.24206e-48 -4.70987e-49 -0 -0 
-8.46047 0.36181 -0.0103047 -3.96822e-07 0.638734 -0.638442 -3.96822e-07 1.08543 1.08543 0.0309371 0.030914 4.80635e-47 3.1254e-48 0 0 
-8.45678 0.361872 -0.0103338 -4.00888e-07 0.638676 -0.638383 -4.00888e-07 1.08562 1.08561 0.0310248 0.0310015 1.10139e-46 7.16101e-48 0 0 
-8.4531 0.361933 -0.0103631 -4.04996e-07 0.638618 -0.638324 -4.04996e-07 1.0858 1.0858 0.0311126 0.0310892 1.48062e-46 9.62545e-48 0 0 
-8.44941 0.361994 -0.0103923 -4.09145e-07 0.63856 -0.638265 -4.09145e-07 1.08598 1.08598 0.0312007 0.031177 1.30884e-46 8.50761e-48 0 0 
-8.44573 0.362056 -0.0104217 -4.13335e-07 0.638502 -0.638206 -4.13335e-07 1.08617 1.08617 0.031289 0.0312651 2.76556e-47 1.79741e-48 0 0 
-8.44204 0.362117 -0.0104511 -4.17568e-07 0.638444 -0.638147 -4.17568e-07 1.08635 1.08635 0.0313775 0.0313534 -1.78422e-46 -1.15946e-47 -0 -0 
-8.43836 0.362178 -0.0104806 -4.21844e-07 0.638386 -0.638088 -4.21844e-07 1.08654 1.08654 0.0314661 0.0314418 -4.10218e-46 -2.66541e-47 -0 -0 
-8.43467 0.36224 -0.0105102 -4.26163e-07 0.638328 -0.638029 -4.26163e-07 1.08672 1.08672 0.031555 0.0315305 -5.52341e-46 -3.58838e-47 -0 -0 
-8.43099 0.362302 -0.0105398 -4.30525e-07 0.63827 -0.63797 -4.30525e-07 1.08691 1.0869 0.031644 0.0316194 -4.89286e-46 -3.17831e-47 -0 -0 
-8.4273 0.362363 -0.0105695 -4.34931e-07 0.638211 -0.637911 -4.34931e-07 1.08709 1.08709 0.0317333 0.0317084 -1.05548e-46 -6.85529e-48 -0 -0 
-8.42362 0.362425 -0.0105992 -4.39382e-07 0.638153 -0.637852 -4.39382e-07 1.08728 1.08727 0.0318228 0.0317977 6.62321e-46 4.30116e-47 0 0 
-8.41994 0.362487 -0.010629 -4.43877e-07 0.638095 -0.637793 -4.43877e-07 1.08746 1.08746 0.0319124 0.0318871 1.52787e-45 9.92076e-47 0 0 
-8.41625 0.362548 -0.0106589 -4.48417e-07 0.638037 -0.637734 -4.48417e-07 1.08765 1.08765 0.0320023 0.0319768 2.06048e-45 1.33773e-46 0 0 
-8.41257 0.36261 -0.0106889 -4.53004e-07 0.637978 -0.637675 -4.53004e-07 1.08783 1.08783 0.0320924 0.0320666 1.82908e-45 1.18734e-46 0 0 
-8.40888 0.362672 -0.0107189 -4.57636e-07 0.63792 -0.637616 -4.57636e-07 1.08802 1.08802 0.0321826 0.0321567 4.02604e-46 2.61312e-47 0 0 
-8.4052 0.362734 -0.010749 -4.62315e-07 0.637861 -0.637556 -4.62315e-07 1.0882 1.0882 0.0322731 0.0322469 -2.45854e-45 -1.59551e-46 -0 -0 
-8.40151 0.362796 -0.0107791 -4.67041e-07 0.637803 -0.637497 -4.67041e-07 1.08839 1.08839 0.0323638 0.0323374 -5.69056e-45 -3.69248e-46 -0 -0 
-8.39783 0.362858 -0.0108093 -4.71814e-07 0.637745 -0.637438 -4.71814e-07 1.08857 1.08857 0.0324547 0.032428 -7.68647e-45 -4.98689e-46 -0 -0 
-8.39414 0.36292 -0.0108396 -4.76636e-07 0.637686 -0.637378 -4.76636e-07 1.08876 1.08876 0.0325457 0.0325189 -6.8375e-45 -4.43547e-46 -0 -0 
-8.39046 0.362982 -0.01087 -4.81506e-07 0.637628 -0.637319 -4.81506e-07 1.08895 1.08895 0.032637 0.0326099 -1.53488e-45 -9.95537e-47 -0 -0 
-8.38677 0.363044 -0.0109004 -4.86426e-07 0.637569 -0.63726 -4.86426e-07 1.08913 1.08913 0.0327285 0.0327012 9.12591e-45 5.91832e-46 0 0 
-8.38309 0.363106 -0.0109309 -4.91395e-07 0.63751 -0.6372 -4.91395e-07 1.08932 1.08932 0.0328202 0.0327926 2.11944e-44 1.3743e-45 0 0 
-8.3794 0.363169 -0.0109614 -4.96414e-07 0.637452 -0.637141 -4.96414e-07 1.08951 1.08951 0.032912 0.0328843 2.86736e-44 1.85902e-45 0 0 
-8.37572 0.363231 -0.010992 -5.01482e-07 0.637393 -0.637081 -5.01482e-07 1.08969 1.08969 0.0330041 0.0329762 2.55597e-44 1.6569e-45 0 0 
-8.37203 0.363293 -0.0110227 -5.06601e-07 0.637335 -0.637022 -5.06601e-07 1.08988 1.08988 0.0330964 0.0330682 5.8486e-45 3.7908e-46 0 0 
-8.36835 0.363356 -0.0110535 -5.11771e-07 0.637276 -0.636962 -5.11771e-07 1.09007 1.09007 0.0331889 0.0331605 -3.38737e-44 -2.19523e-45 -0 -0 
-8.36466 0.363418 -0.0110843 -5.16992e-07 0.637217 -0.636903 -5.16992e-07 1.09026 1.09025 0.0332816 0.0332529 -7.89373e-44 -5.1149e-45 -0 -0 
-8.36098 0.363481 -0.0111152 -5.22266e-07 0.637159 -0.636843 -5.22266e-07 1.09044 1.09044 0.0333745 0.0333456 -1.06964e-43 -6.92994e-45 -0 -0 
-8.35729 0.363543 -0.0111461 -5.27595e-07 0.6371 -0.636784 -5.27595e-07 1.09063 1.09063 0.0334676 0.0334385 -9.55452e-44 -6.18929e-45 -0 -0 
-8.35361 0.363606 -0.0111772 -5.3298e-07 0.637041 -0.636724 -5.3298e-07 1.09082 1.09082 0.0335609 0.0335315 -2.22751e-44 -1.44274e-45 -0 -0 
-8.34992 0.363668 -0.0112083 -5.38423e-07 0.636982 -0.636664 -5.38423e-07 1.09101 1.091 0.0336545 0.0336248 1.25729e-43 8.14223e-45 0 0 
-8.34624 0.363731 -0.0112394 -5.43922e-07 0.636924 -0.636605 -5.43922e-07 1.09119 1.09119 0.0337482 0.0337183 2.93995e-43 1.90364e-44 0 0 
-8.34255 0.363794 -0.0112707 -5.49472e-07 0.636865 -0.636545 -5.49472e-07 1.09138 1.09138 0.0338421 0.033812 3.99012e-43 2.58325e-44 0 0 
-8.33887 0.363856 -0.0113019 -5.55072e-07 0.636806 -0.636485 -5.55072e-07 1.09157 1.09157 0.0339363 0.0339059 3.57155e-43 2.31193e-44 0 0 
-8.33518 0.363919 -0.0113333 -5.60716e-07 0.636747 -0.636425 -5.60716e-07 1.09176 1.09176 0.0340306 0.034 8.47977e-44 5.48831e-45 0 0 
-8.3315 0.363982 -0.0113647 -5.66404e-07 0.636688 -0.636366 -5.66404e-07 1.09195 1.09195 0.0341251 0.0340942 -4.66658e-43 -3.01988e-44 -0 -0 
-8.32781 0.364045 -0.0113962 -5.72146e-07 0.636629 -0.636306 -5.72146e-07 1.09214 1.09213 0.0342199 0.0341887 -1.09495e-42 -7.08472e-44 -0 -0 
-8.32413 0.364108 -0.0114278 -5.77956e-07 0.63657 -0.636246 -5.77956e-07 1.09232 1.09232 0.0343149 0.0342834 -1.48845e-42 -9.62935e-44 -0 -0 
-8.32044 0.364171 -0.0114594 -5.83851e-07 0.636511 -0.636186 -5.83851e-07 1.09251 1.09251 0.03441 0.0343783 -1.33505e-42 -8.63568e-44 -0 -0 
-8.31676 0.364234 -0.0114912 -5.89846e-07 0.636452 -0.636126 -5.89846e-07 1.0927 1.0927 0.0345054 0.0344735 -3.22669e-43 -2.08685e-44 -0 -0 
-8.31307 0.364297 -0.0115229 -5.9595e-07 0.636393 -0.636066 -5.9595e-07 1.09289 1.09289 0.034601 0.0345688 1.73201e-42 1.12e-43 0 0 
-8.30939 0.36436 -0.0115548 -6.02128e-07 0.636334 -0.636006 -6.02128e-07 1.09308 1.09308 0.0346968 0.0346644 4.078e-42 2.63665e-43 0 0 
-8.3057 0.364423 -0.0115867 -6.08325e-07 0.636275 -0.635946 -6.08325e-07 1.09327 1.09327 0.0347928 0.0347601 5.55238e-42 3.58937e-43 0 0 
-8.30202 0.364486 -0.0116187 -6.14487e-07 0.636216 -0.635886 -6.14487e-07 1.09346 1.09346 0.034889 0.0348561 4.99039e-42 3.22558e-43 0 0 
-8.29833 0.364549 -0.0116507 -6.20559e-07 0.636157 -0.635827 -6.20559e-07 1.09365 1.09365 0.0349854 0.0349522 1.22728e-42 7.93144e-44 0 0 
-8.29465 0.364612 -0.0116828 -6.26497e-07 0.636098 -0.635767 -6.26497e-07 1.09384 1.09384 0.0350821 0.0350484 -6.42818e-42 -4.15365e-43 -0 -0 
-8.29096 0.364676 -0.011715 -6.32349e-07 0.636039 -0.635707 -6.32349e-07 1.09403 1.09403 0.0351789 0.0351449 -1.51878e-41 -9.81232e-43 -0 -0 
-8.28728 0.364739 -0.0117473 -6.382e-07 0.63598 -0.635647 -6.382e-07 1.09422 1.09422 0.0352759 0.0352415 -2.0712e-41 -1.33792e-42 -0 -0 
-8.28359 0.364802 -0.0117796 -6.44136e-07 0.635921 -0.635588 -6.44136e-07 1.09441 1.09441 0.0353732 0.0353384 -1.86537e-41 -1.20478e-42 -0 -0 
-8.27991 0.364866 -0.011812 -6.50244e-07 0.635862 -0.635528 -6.50244e-07 1.0946 1.0946 0.0354707 0.0354356 -4.6661e-42 -3.01321e-43 -0 -0 
-8.27623 0.364929 -0.0118445 -6.56597e-07 0.635803 -0.635468 -6.56597e-07 1.09479 1.09479 0.0355683 0.035533 2.38569e-41 1.54036e-42 0 0 
-8.27254 0.364992 -0.011877 -6.63183e-07 0.635743 -0.635408 -6.63183e-07 1.09498 1.09498 0.0356662 0.0356307 5.65642e-41 3.6516e-42 0 0 
-8.26886 0.365056 -0.0119096 -6.6995e-07 0.635684 -0.635348 -6.6995e-07 1.09517 1.09517 0.0357643 0.0357286 7.72613e-41 4.98696e-42 0 0 
-8.26517 0.365119 -0.0119423 -6.76844e-07 0.635625 -0.635287 -6.76844e-07 1.09536 1.09536 0.0358627 0.0358267 6.97253e-41 4.49983e-42 0 0 
-8.26149 0.365183 -0.011975 -6.83815e-07 0.635566 -0.635227 -6.83815e-07 1.09555 1.09555 0.0359612 0.0359251 1.77334e-41 1.14428e-42 0 0 
-8.2578 0.365247 -0.0120078 -6.90814e-07 0.635506 -0.635167 -6.90814e-07 1.09574 1.09574 0.0360599 0.0360236 -8.85376e-41 -5.71212e-42 -0 -0 
-8.25412 0.36531 -0.0120407 -6.97837e-07 0.635447 -0.635107 -6.97837e-07 1.09593 1.09593 0.0361589 0.0361222 -2.10661e-40 -1.35889e-41 -0 -0 
-8.25043 0.365374 -0.0120737 -7.049e-07 0.635388 -0.635047 -7.049e-07 1.09612 1.09612 0.036258 0.0362211 -2.88203e-40 -1.85879e-41 -0 -0 
-8.24675 0.365438 -0.0121067 -7.12016e-07 0.635329 -0.634986 -7.12016e-07 1.09631 1.09631 0.0363574 0.0363201 -2.60621e-40 -1.68063e-41 -0 -0 
-8.24306 0.365502 -0.0121398 -7.19202e-07 0.635269 -0.634926 -7.19202e-07 1.09651 1.0965 0.036457 0.0364194 -6.73701e-41 -4.34372e-42 -0 -0 
-8.23938 0.365565 -0.012173 -7.26469e-07 0.63521 -0.634866 -7.26469e-07 1.0967 1.0967 0.0365568 0.0365189 3.28571e-40 2.11814e-41 0 0 
-8.23569 0.365629 -0.0122062 -7.33822e-07 0.635151 -0.634806 -7.33822e-07 1.09689 1.09689 0.0366568 0.0366186 7.84552e-40 5.05681e-41 0 0 
-8.23201 0.365693 -0.0122395 -7.41256e-07 0.635091 -0.634745 -7.41256e-07 1.09708 1.09708 0.036757 0.0367185 1.07506e-39 6.92817e-41 0 0 
-8.22832 0.365757 -0.0122729 -7.48768e-07 0.635032 -0.634685 -7.48768e-07 1.09727 1.09727 0.0368575 0.0368186 9.74146e-40 6.27681e-41 0 0 
-8.22464 0.365821 -0.0123063 -7.56355e-07 0.634973 -0.634625 -7.56355e-07 1.09746 1.09746 0.0369581 0.0369189 2.55849e-40 1.64827e-41 0 0 
-8.22095 0.365885 -0.0123398 -7.64015e-07 0.634913 -0.634565 -7.64015e-07 1.09766 1.09765 0.037059 0.0370195 -1.21932e-39 -7.85401e-41 -0 -0 
-8.21727 0.365949 -0.0123734 -7.71748e-07 0.634854 -0.634504 -7.71748e-07 1.09785 1.09785 0.0371601 0.0371203 -2.92184e-39 -1.88174e-40 -0 -0 
-8.21358 0.366013 -0.0124071 -7.79556e-07 0.634795 -0.634444 -7.79556e-07 1.09804 1.09804 0.0372614 0.0372212 -4.0102e-39 -2.58224e-40 -0 -0 
-8.2099 0.366077 -0.0124408 -7.8744e-07 0.634735 -0.634384 -7.8744e-07 1.09823 1.09823 0.0373629 0.0373224 -3.6411e-39 -2.34419e-40 -0 -0 
-8.20621 0.366141 -0.0124746 -7.95402e-07 0.634676 -0.634323 -7.95402e-07 1.09842 1.09842 0.0374646 0.0374239 -9.71289e-40 -6.25225e-41 -0 -0 
-8.20253 0.366205 -0.0125085 -8.03444e-07 0.634616 -0.634263 -8.03444e-07 1.09862 1.09862 0.0375665 0.0375255 4.52474e-39 2.91213e-40 0 0 
-8.19884 0.366269 -0.0125424 -8.11567e-07 0.634557 -0.634202 -8.11567e-07 1.09881 1.09881 0.0376687 0.0376273 1.08815e-38 7.00217e-40 0 0 
-8.19516 0.366334 -0.0125764 -8.19772e-07 0.634497 -0.634142 -8.19772e-07 1.099 1.099 0.0377711 0.0377293 1.49587e-38 9.62424e-40 0 0 
-8.19147 0.366398 -0.0126105 -8.28058e-07 0.634438 -0.634082 -8.28058e-07 1.0992 1.09919 0.0378737 0.0378316 1.36093e-38 8.75458e-40 0 0 
-8.18779 0.366462 -0.0126447 -8.36426e-07 0.634379 -0.634021 -8.36426e-07 1.09939 1.09939 0.0379765 0.0379341 3.68609e-39 2.37078e-40 0 0 
-8.1841 0.366526 -0.0126789 -8.44877e-07 0.634319 -0.633961 -8.44877e-07 1.09958 1.09958 0.0380795 0.0380368 -1.67903e-38 -1.07972e-39 -0 -0 
-8.18042 0.366591 -0.0127132 -8.53412e-07 0.63426 -0.6339 -8.53412e-07 1.09977 1.09977 0.0381828 0.0381397 -4.05244e-38 -2.60553e-39 -0 -0 
-8.17673 0.366655 -0.0127476 -8.62032e-07 0.6342 -0.63384 -8.62032e-07 1.09997 1.09997 0.0382862 0.0382428 -5.57984e-38 -3.58696e-39 -0 -0 
-8.17305 0.36672 -0.012782 -8.70736e-07 0.634141 -0.63378 -8.70736e-07 1.10016 1.10016 0.0383899 0.0383461 -5.08668e-38 -3.26938e-39 -0 -0 
-8.16936 0.366784 -0.0128165 -8.79528e-07 0.634081 -0.633719 -8.79528e-07 1.10035 1.10035 0.0384938 0.0384497 -1.39843e-38 -8.98668e-40 -0 -0 
-8.16568 0.366849 -0.0128511 -8.88406e-07 0.634022 -0.633659 -8.88406e-07 1.10055 1.10055 0.0385979 0.0385534 6.23028e-38 4.00304e-39 0 0 
-8.16199 0.366913 -0.0128858 -8.97373e-07 0.633962 -0.633598 -8.97373e-07 1.10074 1.10074 0.0387023 0.0386574 1.50918e-37 9.69504e-39 0 0 
-8.15831 0.366978 -0.0129205 -9.06428e-07 0.633903 -0.633538 -9.06428e-07 1.10093 1.10093 0.0388068 0.0387616 2.08135e-37 1.33684e-38 0 0 
-8.15462 0.367042 -0.0129553 -9.15574e-07 0.633843 -0.633477 -9.15574e-07 1.10113 1.10113 0.0389116 0.038866 1.9012e-37 1.22091e-38 0 0 
-8.15094 0.367107 -0.0129902 -9.2481e-07 0.633784 -0.633417 -9.2481e-07 1.10132 1.10132 0.0390166 0.0389707 5.30374e-38 3.40536e-39 0 0 
-8.14725 0.367171 -0.0130252 -9.34137e-07 0.633724 -0.633356 -9.34137e-07 1.10152 1.10151 0.0391218 0.0390755 -2.31177e-37 -1.48406e-38 -0 -0 
-8.14357 0.367236 -0.0130602 -9.43557e-07 0.633665 -0.633296 -9.43557e-07 1.10171 1.10171 0.0392272 0.0391806 -5.62035e-37 -3.60739e-38 -0 -0 
-8.13988 0.367301 -0.0130953 -9.5307e-07 0.633605 -0.633235 -9.5307e-07 1.1019 1.1019 0.0393329 0.0392859 -7.76367e-37 -4.98219e-38 -0 -0 
-8.1362 0.367365 -0.0131304 -9.62678e-07 0.633546 -0.633175 -9.62678e-07 1.1021 1.1021 0.0394388 0.0393914 -7.10582e-37 -4.55922e-38 -0 -0 
-8.13251 0.36743 -0.0131657 -9.72381e-07 0.633486 -0.633114 -9.72381e-07 1.10229 1.10229 0.0395449 0.0394971 -2.0109e-37 -1.29e-38 -0 -0 
-8.12883 0.367495 -0.013201 -9.82179e-07 0.633427 -0.633054 -9.82179e-07 1.10249 1.10248 0.0396512 0.039603 8.57767e-37 5.50163e-38 0 0 
-8.12515 0.36756 -0.0132364 -9.92075e-07 0.633367 -0.632993 -9.92075e-07 1.10268 1.10268 0.0397577 0.0397092 2.09306e-36 1.34223e-37 0 0 
-8.12146 0.367625 -0.0132718 -1.00207e-06 0.633307 -0.632933 -1.00207e-06 1.10288 1.10287 0.0398645 0.0398156 2.89592e-36 1.85675e-37 0 0 
-8.11778 0.36769 -0.0133074 -1.01216e-06 0.633248 -0.632872 -1.01216e-06 1.10307 1.10307 0.0399715 0.0399222 2.65581e-36 1.70249e-37 0 0 
-8.11409 0.367754 -0.013343 -1.02235e-06 0.633188 -0.632812 -1.02235e-06 1.10327 1.10326 0.0400787 0.040029 7.62202e-37 4.88518e-38 0 0 
-8.11041 0.367819 -0.0133787 -1.03265e-06 0.633129 -0.632751 -1.03265e-06 1.10346 1.10346 0.0401861 0.040136 -3.18258e-36 -2.03945e-37 -0 -0 
-8.10672 0.367884 -0.0134144 -1.04304e-06 0.633069 -0.63269 -1.04304e-06 1.10365 1.10365 0.0402937 0.0402433 -7.79464e-36 -4.99401e-37 -0 -0 
-8.10304 0.367949 -0.0134502 -1.05354e-06 0.63301 -0.63263 -1.05354e-06 1.10385 1.10385 0.0404016 0.0403507 -1.08019e-35 -6.91953e-37 -0 -0 
-8.09935 0.368014 -0.0134861 -1.06414e-06 0.63295 -0.632569 -1.06414e-06 1.10404 1.10404 0.0405097 0.0404584 -9.92598e-36 -6.35723e-37 -0 -0 
-8.09567 0.368079 -0.0135221 -1.07485e-06 0.632891 -0.632509 -1.07485e-06 1.10424 1.10424 0.040618 0.0405663 -2.8882e-36 -1.84945e-37 -0 -0 
-8.09198 0.368144 -0.0135581 -1.08566e-06 0.632831 -0.632448 -1.08566e-06 1.10444 1.10443 0.0407266 0.0406745 1.1808e-35 7.55984e-37 0 0 
-8.0883 0.368209 -0.0135943 -1.09658e-06 0.632772 -0.632388 -1.09658e-06 1.10463 1.10463 0.0408354 0.0407828 2.90273e-35 1.85807e-36 0 0 
-8.08461 0.368275 -0.0136305 -1.10761e-06 0.632712 -0.632327 -1.10761e-06 1.10483 1.10482 0.0409443 0.0408914 4.02917e-35 2.57864e-36 0 0 
-8.08093 0.36834 -0.0136667 -1.11874e-06 0.632653 -0.632267 -1.11874e-06 1.10502 1.10502 0.0410536 0.0410002 3.70975e-35 2.37377e-36 0 0 
-8.07724 0.368405 -0.0137031 -1.12999e-06 0.632593 -0.632206 -1.12999e-06 1.10522 1.10521 0.041163 0.0411093 1.09412e-35 6.99968e-37 0 0 
-8.07356 0.36847 -0.0137395 -1.14134e-06 0.632534 -0.632146 -1.14134e-06 1.10541 1.10541 0.0412727 0.0412185 -4.38088e-35 -2.80216e-36 -0 -0 
-8.06987 0.368535 -0.013776 -1.15281e-06 0.632474 -0.632085 -1.15281e-06 1.10561 1.10561 0.0413826 0.041328 -1.08097e-34 -6.91297e-36 -0 -0 
-8.06619 0.368601 -0.0138125 -1.1644e-06 0.632415 -0.632025 -1.1644e-06 1.1058 1.1058 0.0414927 0.0414377 -1.50289e-34 -9.60935e-36 -0 -0 
-8.0625 0.368666 -0.0138492 -1.17609e-06 0.632355 -0.631964 -1.17609e-06 1.106 1.106 0.041603 0.0415476 -1.38647e-34 -8.86332e-36 -0 -0 
-8.05882 0.368731 -0.0138859 -1.1879e-06 0.632296 -0.631903 -1.1879e-06 1.1062 1.10619 0.0417136 0.0416577 -4.1437e-35 -2.64844e-36 -0 -0 
-8.05513 0.368796 -0.0139227 -1.19983e-06 0.632236 -0.631843 -1.19983e-06 1.10639 1.10639 0.0418244 0.0417681 1.62529e-34 1.03861e-35 0 0 
-8.05145 0.368862 -0.0139595 -1.21188e-06 0.632177 -0.631782 -1.21188e-06 1.10659 1.10659 0.0419354 0.0418786 4.0255e-34 2.57191e-35 0 0 
-8.04776 0.368927 -0.0139965 -1.22404e-06 0.632117 -0.631722 -1.22404e-06 1.10678 1.10678 0.0420467 0.0419894 5.60577e-34 3.58087e-35 0 0 
-8.04408 0.368993 -0.0140335 -1.23633e-06 0.632058 -0.631661 -1.23633e-06 1.10698 1.10698 0.0421582 0.0421004 5.1817e-34 3.30935e-35 0 0 
-8.04039 0.369058 -0.0140706 -1.24873e-06 0.631998 -0.631601 -1.24873e-06 1.10718 1.10717 0.0422699 0.0422117 1.56892e-34 1.00181e-35 0 0 
-8.03671 0.369123 -0.0141077 -1.26126e-06 0.631939 -0.63154 -1.26126e-06 1.10737 1.10737 0.0423818 0.0423232 -6.02959e-34 -3.84936e-35 -0 -0 
-8.03302 0.369189 -0.014145 -1.27391e-06 0.631879 -0.63148 -1.27391e-06 1.10757 1.10757 0.042494 0.0424349 -1.49906e-33 -9.56834e-35 -0 -0 
-8.02934 0.369254 -0.0141823 -1.28669e-06 0.63182 -0.631419 -1.28669e-06 1.10777 1.10776 0.0426064 0.0425469 -2.09094e-33 -1.33436e-34 -0 -0 
-8.02565 0.36932 -0.0142197 -1.29959e-06 0.63176 -0.631359 -1.29959e-06 1.10796 1.10796 0.042719 0.0426591 -1.93655e-33 -1.23559e-34 -0 -0 
-8.02197 0.369385 -0.0142571 -1.31262e-06 0.631701 -0.631298 -1.31262e-06 1.10816 1.10816 0.0428319 0.0427715 -5.93885e-34 -3.78847e-35 -0 -0 
-8.01828 0.369451 -0.0142947 -1.32578e-06 0.631641 -0.631238 -1.32578e-06 1.10836 1.10835 0.0429449 0.0428841 2.23682e-33 1.42661e-34 0 0 
-8.0146 0.369517 -0.0143323 -1.33907e-06 0.631582 -0.631177 -1.33907e-06 1.10855 1.10855 0.0430582 0.0429969 5.58236e-33 3.55964e-34 0 0 
-8.01091 0.369582 -0.01437 -1.35248e-06 0.631523 -0.631117 -1.35248e-06 1.10875 1.10875 0.0431718 0.04311 7.79908e-33 4.97217e-34 0 0 
-8.00723 0.369648 -0.0144077 -1.36603e-06 0.631463 -0.631057 -1.36603e-06 1.10895 1.10894 0.0432856 0.0432233 7.23735e-33 4.61313e-34 0 0 
-8.00354 0.369714 -0.0144456 -1.37972e-06 0.631404 -0.630996 -1.37972e-06 1.10914 1.10914 0.0433996 0.0433368 2.2475e-33 1.43228e-34 0 0 
-7.99986 0.369779 -0.0144835 -1.39353e-06 0.631344 -0.630936 -1.39353e-06 1.10934 1.10934 0.0435138 0.0434506 -8.29772e-33 -5.28689e-34 -0 -0 
-7.99617 0.369845 -0.0145215 -1.40749e-06 0.631285 -0.630875 -1.40749e-06 1.10954 1.10953 0.0436283 0.0435645 -2.07879e-32 -1.32423e-33 -0 -0 
-7.99249 0.369911 -0.0145596 -1.42158e-06 0.631226 -0.630815 -1.42158e-06 1.10973 1.10973 0.043743 0.0436787 -2.909e-32 -1.85272e-33 -0 -0 
-7.9888 0.369976 -0.0145977 -1.43581e-06 0.631166 -0.630754 -1.43581e-06 1.10993 1.10993 0.0438579 0.0437932 -2.70474e-32 -1.72228e-33 -0 -0 
-7.98512 0.370042 -0.0146359 -1.45018e-06 0.631107 -0.630694 -1.45018e-06 1.11013 1.11013 0.043973 0.0439078 -8.50349e-33 -5.4136e-34 -0 -0 
-7.98144 0.370108 -0.0146742 -1.46469e-06 0.631048 -0.630634 -1.46469e-06 1.11033 1.11032 0.0440884 0.0440227 3.07803e-32 1.95917e-33 0 0 
-7.97775 0.370174 -0.0147126 -1.47934e-06 0.630988 -0.630573 -1.47934e-06 1.11052 1.11052 0.0442041 0.0441378 7.74108e-32 4.9262e-33 0 0 
-7.97407 0.37024 -0.014751 -1.49414e-06 0.630929 -0.630513 -1.49414e-06 1.11072 1.11072 0.0443199 0.0442532 1.08503e-31 6.9034e-33 0 0 
-7.97038 0.370305 -0.0147896 -1.50908e-06 0.63087 -0.630452 -1.50908e-06 1.11092 1.11092 0.044436 0.0443688 1.0108e-31 6.4298e-33 0 0 
-7.9667 0.370371 -0.0148282 -1.52417e-06 0.63081 -0.630392 -1.52417e-06 1.11112 1.11111 0.0445523 0.0444846 3.21658e-32 2.04567e-33 0 0 
-7.96301 0.370437 -0.0148669 -1.53941e-06 0.630751 -0.630332 -1.53941e-06 1.11131 1.11131 0.0446689 0.0446006 -1.14175e-31 -7.25977e-33 -0 -0 
-7.95933 0.370503 -0.0149056 -1.55479e-06 0.630692 -0.630271 -1.55479e-06 1.11151 1.11151 0.0447857 0.0447169 -2.88263e-31 -1.83252e-32 -0 -0 
-7.95564 0.370569 -0.0149444 -1.57033e-06 0.630633 -0.630211 -1.57033e-06 1.11171 1.11171 0.0449027 0.0448334 -4.04704e-31 -2.57221e-32 -0 -0 
-7.95196 0.370635 -0.0149834 -1.58602e-06 0.630573 -0.630151 -1.58602e-06 1.11191 1.1119 0.04502 0.0449501 -3.77748e-31 -2.40038e-32 -0 -0 
-7.94827 0.370701 -0.0150223 -1.60187e-06 0.630514 -0.63009 -1.60187e-06 1.11211 1.1121 0.0451374 0.0450671 -1.21646e-31 -7.72827e-33 -0 -0 
-7.94459 0.370767 -0.0150614 -1.61787e-06 0.630455 -0.63003 -1.61787e-06 1.1123 1.1123 0.0452552 0.0451843 4.23504e-31 2.68999e-32 0 0 
-7.9409 0.370833 -0.0151005 -1.63403e-06 0.630396 -0.62997 -1.63403e-06 1.1125 1.1125 0.0453731 0.0453017 1.07343e-30 6.81667e-32 0 0 
-7.93722 0.370899 -0.0151398 -1.65034e-06 0.630337 -0.62991 -1.65034e-06 1.1127 1.1127 0.0454913 0.0454194 1.50949e-30 9.5838e-32 0 0 
-7.93353 0.370965 -0.0151791 -1.66682e-06 0.630278 -0.629849 -1.66682e-06 1.1129 1.11289 0.0456098 0.0455373 1.41167e-30 8.96082e-32 0 0 
-7.92985 0.371031 -0.0152184 -1.68345e-06 0.630218 -0.629789 -1.68345e-06 1.1131 1.11309 0.0457285 0.0456554 4.59945e-31 2.91895e-32 0 0 
-7.92616 0.371097 -0.0152579 -1.70025e-06 0.630159 -0.629729 -1.70025e-06 1.11329 1.11329 0.0458474 0.0457738 -1.57083e-30 -9.96681e-32 -0 -0 
-7.92248 0.371163 -0.0152974 -1.71722e-06 0.6301 -0.629669 -1.71722e-06 1.11349 1.11349 0.0459665 0.0458924 -3.99716e-30 -2.53563e-31 -0 -0 
-7.91879 0.371229 -0.015337 -1.73435e-06 0.630041 -0.629608 -1.73435e-06 1.11369 1.11369 0.0460859 0.0460112 -5.63015e-30 -3.57075e-31 -0 -0 
-7.91511 0.371295 -0.0153767 -1.75165e-06 0.629982 -0.629548 -1.75165e-06 1.11389 1.11389 0.0462055 0.0461302 -5.27544e-30 -3.34506e-31 -0 -0 
-7.91142 0.371362 -0.0154165 -1.76912e-06 0.629923 -0.629488 -1.76912e-06 1.11409 1.11408 0.0463254 0.0462495 -1.7387e-30 -1.10223e-31 -0 -0 
-7.90774 0.371428 -0.0154563 -1.78676e-06 0.629864 -0.629428 -1.78676e-06 1.11429 1.11428 0.0464455 0.0463691 5.82618e-30 3.69265e-31 0 0 
-7.90405 0.371494 -0.0154962 -1.80457e-06 0.629805 -0.629368 -1.80457e-06 1.11448 1.11448 0.0465658 0.0464888 1.48843e-29 9.43161e-31 0 0 
-7.90037 0.37156 -0.0155362 -1.82255e-06 0.629746 -0.629308 -1.82255e-06 1.11468 1.11468 0.0466864 0.0466088 2.09994e-29 1.33036e-30 0 0 
-7.89668 0.371626 -0.0155763 -1.84072e-06 0.629687 -0.629248 -1.84072e-06 1.11488 1.11488 0.0468072 0.046729 1.97142e-29 1.24866e-30 0 0 
-7.893 0.371692 -0.0156165 -1.85906e-06 0.629628 -0.629188 -1.85906e-06 1.11508 1.11508 0.0469282 0.0468495 6.57135e-30 4.16125e-31 0 0 
-7.88931 0.371759 -0.0156567 -1.87758e-06 0.629569 -0.629128 -1.87758e-06 1.11528 1.11528 0.0470495 0.0469702 -2.16085e-29 -1.36803e-30 -0 -0 
-7.88563 0.371825 -0.015697 -1.89628e-06 0.62951 -0.629068 -1.89628e-06 1.11548 1.11548 0.0471711 0.0470911 -5.54243e-29 -3.50812e-30 -0 -0 
-7.88194 0.371891 -0.0157374 -1.91516e-06 0.629451 -0.629008 -1.91516e-06 1.11568 1.11567 0.0472928 0.0472123 -7.83234e-29 -4.95642e-30 -0 -0 
-7.87826 0.371958 -0.0157779 -1.93423e-06 0.629392 -0.628948 -1.93423e-06 1.11588 1.11587 0.0474148 0.0473337 -7.36708e-29 -4.66094e-30 -0 -0 
-7.87457 0.372024 -0.0158184 -1.95348e-06 0.629334 -0.628888 -1.95348e-06 1.11608 1.11607 0.0475371 0.0474554 -2.48313e-29 -1.57065e-30 -0 -0 
-7.87089 0.37209 -0.015859 -1.97293e-06 0.629275 -0.628828 -1.97293e-06 1.11627 1.11627 0.0476596 0.0475772 8.01402e-29 5.06794e-30 0 0 
-7.8672 0.372157 -0.0158997 -1.99256e-06 0.629216 -0.628768 -1.99256e-06 1.11647 1.11647 0.0477823 0.0476994 2.06381e-28 1.30482e-29 0 0 
-7.86352 0.372223 -0.0159405 -2.01239e-06 0.629157 -0.628708 -2.01239e-06 1.11667 1.11667 0.0479053 0.0478217 2.92128e-28 1.84653e-29 0 0 
-7.85983 0.372289 -0.0159814 -2.0324e-06 0.629098 -0.628648 -2.0324e-06 1.11687 1.11687 0.0480285 0.0479443 2.753e-28 1.73976e-29 0 0 
-7.85615 0.372356 -0.0160223 -2.05262e-06 0.62904 -0.628588 -2.05262e-06 1.11707 1.11707 0.0481519 0.0480671 9.38127e-29 5.92712e-30 0 0 
-7.85246 0.372422 -0.0160634 -2.07303e-06 0.628981 -0.628528 -2.07303e-06 1.11727 1.11727 0.0482756 0.0481902 -2.97208e-28 -1.87734e-29 -0 -0 
-7.84878 0.372489 -0.0161045 -2.09364e-06 0.628922 -0.628468 -2.09364e-06 1.11747 1.11747 0.0483996 0.0483135 -7.68484e-28 -4.85305e-29 -0 -0 
-7.84509 0.372555 -0.0161456 -2.11445e-06 0.628864 -0.628409 -2.11445e-06 1.11767 1.11766 0.0485238 0.0484371 -1.08957e-27 -6.87911e-29 -0 -0 
-7.84141 0.372621 -0.0161869 -2.13547e-06 0.628805 -0.628349 -2.13547e-06 1.11787 1.11786 0.0486482 0.0485608 -1.02876e-27 -6.49366e-29 -0 -0 
-7.83773 0.372688 -0.0162282 -2.15669e-06 0.628746 -0.628289 -2.15669e-06 1.11807 1.11806 0.0487729 0.0486849 -3.54359e-28 -2.23624e-29 -0 -0 
-7.83404 0.372754 -0.0162697 -2.17812e-06 0.628688 -0.628229 -2.17812e-06 1.11827 1.11826 0.0488978 0.0488091 1.10219e-27 6.9539e-29 0 0 
-7.83036 0.372821 -0.0163112 -2.19975e-06 0.628629 -0.628169 -2.19975e-06 1.11847 1.11846 0.049023 0.0489336 2.86152e-27 1.80496e-28 0 0 
-7.82667 0.372887 -0.0163527 -2.2216e-06 0.628571 -0.62811 -2.2216e-06 1.11867 1.11866 0.0491484 0.0490584 4.06378e-27 2.56269e-28 0 0 
-7.82299 0.372954 -0.0163944 -2.24366e-06 0.628512 -0.62805 -2.24366e-06 1.11887 1.11886 0.049274 0.0491834 3.84427e-27 2.42369e-28 0 0 
-7.8193 0.37302 -0.0164361 -2.26594e-06 0.628454 -0.62799 -2.26594e-06 1.11907 1.11906 0.0493999 0.0493086 1.33828e-27 8.43538e-29 0 0 
-7.81562 0.373087 -0.016478 -2.28843e-06 0.628395 -0.627931 -2.28843e-06 1.11927 1.11926 0.049526 0.049434 -4.08729e-27 -2.57567e-28 -0 -0 
-7.81193 0.373153 -0.0165199 -2.31114e-06 0.628337 -0.627871 -2.31114e-06 1.11946 1.11946 0.0496524 0.0495598 -1.0655e-26 -6.71282e-28 -0 -0 
-7.80825 0.37322 -0.0165618 -2.33408e-06 0.628278 -0.627812 -2.33408e-06 1.11966 1.11966 0.0497791 0.0496857 -1.51567e-26 -9.54662e-28 -0 -0 
-7.80456 0.373287 -0.0166039 -2.35723e-06 0.62822 -0.627752 -2.35723e-06 1.11986 1.11986 0.0499059 0.0498119 -1.43651e-26 -9.04586e-28 -0 -0 
-7.80088 0.373353 -0.0166461 -2.38062e-06 0.628162 -0.627693 -2.38062e-06 1.12006 1.12006 0.0500331 0.0499383 -5.05325e-27 -3.1813e-28 -0 -0 
-7.79719 0.37342 -0.0166883 -2.40423e-06 0.628103 -0.627633 -2.40423e-06 1.12026 1.12026 0.0501604 0.050065 1.51565e-26 9.53952e-28 0 0 
-7.79351 0.373486 -0.0167306 -2.42807e-06 0.628045 -0.627574 -2.42807e-06 1.12046 1.12046 0.050288 0.0501919 3.96743e-26 2.4965e-27 0 0 
-7.78982 0.373553 -0.016773 -2.45214e-06 0.627987 -0.627514 -2.45214e-06 1.12066 1.12066 0.0504159 0.0503191 5.65297e-26 3.55624e-27 0 0 
-7.78614 0.37362 -0.0168154 -2.47645e-06 0.627929 -0.627455 -2.47645e-06 1.12086 1.12086 0.050544 0.0504465 5.36787e-26 3.37605e-27 0 0 
-7.78245 0.373686 -0.016858 -2.50099e-06 0.62787 -0.627395 -2.50099e-06 1.12106 1.12106 0.0506724 0.0505742 1.90775e-26 1.19956e-27 0 0 
-7.77877 0.373753 -0.0169006 -2.52577e-06 0.627812 -0.627336 -2.52577e-06 1.12126 1.12126 0.050801 0.050702 -5.62013e-26 -3.53295e-27 -0 -0 
-7.77508 0.37382 -0.0169433 -2.55079e-06 0.627754 -0.627277 -2.55079e-06 1.12146 1.12146 0.0509298 0.0508302 -1.47727e-25 -9.28418e-27 -0 -0 
-7.7714 0.373886 -0.0169861 -2.57606e-06 0.627696 -0.627217 -2.57606e-06 1.12166 1.12166 0.0510589 0.0509586 -2.10836e-25 -1.32471e-26 -0 -0 
-7.76771 0.373953 -0.017029 -2.60157e-06 0.627638 -0.627158 -2.60157e-06 1.12186 1.12186 0.0511883 0.0510872 -2.0058e-25 -1.25995e-26 -0 -0 
-7.76403 0.37402 -0.0170719 -2.62733e-06 0.62758 -0.627099 -2.62733e-06 1.12206 1.12206 0.0513179 0.0512161 -7.20113e-26 -4.52226e-27 -0 -0 
-7.76034 0.374087 -0.017115 -2.65335e-06 0.627522 -0.62704 -2.65335e-06 1.12226 1.12226 0.0514478 0.0513452 2.0839e-25 1.30835e-26 0 0 
-7.75666 0.374153 -0.0171581 -2.67961e-06 0.627464 -0.62698 -2.67961e-06 1.12246 1.12246 0.0515779 0.0514745 5.50058e-25 3.45257e-26 0 0 
-7.75297 0.37422 -0.0172013 -2.70613e-06 0.627406 -0.626921 -2.70613e-06 1.12267 1.12266 0.0517082 0.0516041 7.86343e-25 4.93441e-26 0 0 
-7.74929 0.374287 -0.0172446 -2.73291e-06 0.627348 -0.626862 -2.73291e-06 1.12287 1.12286 0.0518388 0.051734 7.49498e-25 4.702e-26 0 0 
-7.7456 0.374354 -0.017288 -2.75994e-06 0.62729 -0.626803 -2.75994e-06 1.12307 1.12306 0.0519697 0.0518641 2.71774e-25 1.70455e-26 0 0 
-7.74192 0.37442 -0.0173314 -2.78724e-06 0.627232 -0.626744 -2.78724e-06 1.12327 1.12326 0.0521008 0.0519944 -7.72668e-25 -4.84487e-26 -0 -0 
-7.73823 0.374487 -0.0173749 -2.81481e-06 0.627174 -0.626685 -2.81481e-06 1.12347 1.12346 0.0522322 0.052125 -2.0481e-24 -1.28389e-25 -0 -0 
-7.73455 0.374554 -0.0174185 -2.84264e-06 0.627116 -0.626626 -2.84264e-06 1.12367 1.12366 0.0523638 0.0522559 -2.93276e-24 -1.83797e-25 -0 -0 
-7.73086 0.374621 -0.0174622 -2.87074e-06 0.627059 -0.626567 -2.87074e-06 1.12387 1.12386 0.0524956 0.052387 -2.80058e-24 -1.75468e-25 -0 -0 
-7.72718 0.374688 -0.017506 -2.89912e-06 0.627001 -0.626508 -2.89912e-06 1.12407 1.12406 0.0526277 0.0525183 -1.02552e-24 -6.42366e-26 -0 -0 
-7.72349 0.374754 -0.0175499 -2.92777e-06 0.626943 -0.626449 -2.92777e-06 1.12427 1.12426 0.0527601 0.0526499 2.86478e-24 1.79397e-25 0 0 
-7.71981 0.374821 -0.0175938 -2.9567e-06 0.626886 -0.62639 -2.9567e-06 1.12447 1.12446 0.0528927 0.0527817 7.62592e-24 4.7742e-25 0 0 
-7.71612 0.374888 -0.0176378 -2.98591e-06 0.626828 -0.626331 -2.98591e-06 1.12467 1.12466 0.0530256 0.0529138 1.0938e-23 6.8459e-25 0 0 
-7.71244 0.374955 -0.0176819 -3.0154e-06 0.62677 -0.626273 -3.0154e-06 1.12487 1.12486 0.0531588 0.0530461 1.04645e-23 6.54784e-25 0 0 
-7.70875 0.375022 -0.0177261 -3.04518e-06 0.626713 -0.626214 -3.04518e-06 1.12507 1.12507 0.0532921 0.0531787 3.86916e-24 2.42036e-25 0 0 
-7.70507 0.375089 -0.0177704 -3.07525e-06 0.626655 -0.626155 -3.07525e-06 1.12527 1.12527 0.0534258 0.0533115 -1.06212e-23 -6.64233e-25 -0 -0 
-7.70138 0.375156 -0.0178148 -3.10561e-06 0.626598 -0.626096 -3.10561e-06 1.12547 1.12547 0.0535597 0.0534446 -2.83941e-23 -1.77525e-24 -0 -0 
-7.6977 0.375223 -0.0178592 -3.13626e-06 0.62654 -0.626038 -3.13626e-06 1.12567 1.12567 0.0536938 0.0535779 -4.0794e-23 -2.54982e-24 -0 -0 
-7.69402 0.375289 -0.0179037 -3.16721e-06 0.626483 -0.625979 -3.16721e-06 1.12587 1.12587 0.0538282 0.0537115 -3.9101e-23 -2.44334e-24 -0 -0 
-7.69033 0.375356 -0.0179483 -3.19846e-06 0.626426 -0.62592 -3.19846e-06 1.12608 1.12607 0.0539629 0.0538453 -1.45956e-23 -9.11799e-25 -0 -0 
-7.68665 0.375423 -0.017993 -3.23002e-06 0.626368 -0.625862 -3.23002e-06 1.12628 1.12627 0.0540978 0.0539794 3.93767e-23 2.45923e-24 0 0 
-7.68296 0.37549 -0.0180378 -3.26188e-06 0.626311 -0.625803 -3.26188e-06 1.12648 1.12647 0.054233 0.0541137 1.05721e-22 6.60089e-24 0 0 
-7.67928 0.375557 -0.0180827 -3.29404e-06 0.626254 -0.625745 -3.29404e-06 1.12668 1.12667 0.0543684 0.0542483 1.52143e-22 9.49673e-24 0 0 
-7.67559 0.375624 -0.0181276 -3.32652e-06 0.626196 -0.625686 -3.32652e-06 1.12688 1.12687 0.0545041 0.0543832 1.461e-22 9.11704e-24 0 0 
-7.67191 0.375691 -0.0181726 -3.35932e-06 0.626139 -0.625628 -3.35932e-06 1.12708 1.12707 0.05464 0.0545183 5.50506e-23 3.43435e-24 0 0 
-7.66822 0.375758 -0.0182178 -3.39243e-06 0.626082 -0.625569 -3.39243e-06 1.12728 1.12727 0.0547762 0.0546536 -1.45978e-22 -9.10437e-24 -0 -0 
-7.66454 0.375825 -0.018263 -3.42586e-06 0.626025 -0.625511 -3.42586e-06 1.12748 1.12748 0.0549127 0.0547892 -3.93632e-22 -2.45433e-23 -0 -0 
-7.66085 0.375892 -0.0183082 -3.45961e-06 0.625968 -0.625453 -3.45961e-06 1.12768 1.12768 0.0550494 0.054925 -5.67421e-22 -3.53693e-23 -0 -0 
-7.65717 0.375959 -0.0183536 -3.49369e-06 0.625911 -0.625394 -3.49369e-06 1.12788 1.12788 0.0551864 0.0550611 -5.45896e-22 -3.4018e-23 -0 -0 
-7.65348 0.376026 -0.018399 -3.5281e-06 0.625854 -0.625336 -3.5281e-06 1.12808 1.12808 0.0553236 0.0551975 -2.07606e-22 -1.29335e-23 -0 -0 
-7.6498 0.376093 -0.0184446 -3.56285e-06 0.625797 -0.625278 -3.56285e-06 1.12829 1.12828 0.0554611 0.0553341 5.41151e-22 3.37033e-23 0 0 
-7.64611 0.37616 -0.0184902 -3.59793e-06 0.62574 -0.62522 -3.59793e-06 1.12849 1.12848 0.0555989 0.0554709 1.4656e-21 9.1253e-23 0 0 
-7.64243 0.376227 -0.0185359 -3.63336e-06 0.625683 -0.625162 -3.63336e-06 1.12869 1.12868 0.0557369 0.0556081 2.1162e-21 1.31724e-22 0 0 
-7.63874 0.376294 -0.0185817 -3.66912e-06 0.625626 -0.625104 -3.66912e-06 1.12889 1.12888 0.0558752 0.0557454 2.03969e-21 1.26925e-22 0 0 
-7.63506 0.376361 -0.0186276 -3.70523e-06 0.62557 -0.625046 -3.70523e-06 1.12909 1.12908 0.0560137 0.0558831 7.82809e-22 4.86985e-23 0 0 
-7.63137 0.376428 -0.0186735 -3.74168e-06 0.625513 -0.624988 -3.74168e-06 1.12929 1.12928 0.0561525 0.056021 -2.00601e-21 -1.24758e-22 -0 -0 
-7.62769 0.376495 -0.0187196 -3.77849e-06 0.625456 -0.62493 -3.77849e-06 1.12949 1.12949 0.0562916 0.0561591 -5.45679e-21 -3.39272e-22 -0 -0 
-7.624 0.376562 -0.0187657 -3.81565e-06 0.625399 -0.624872 -3.81565e-06 1.12969 1.12969 0.0564309 0.0562975 -7.89232e-21 -4.90556e-22 -0 -0 
-7.62032 0.376629 -0.0188119 -3.85317e-06 0.625343 -0.624814 -3.85317e-06 1.1299 1.12989 0.0565705 0.0564362 -7.62101e-21 -4.73555e-22 -0 -0 
-7.61663 0.376697 -0.0188582 -3.89105e-06 0.625286 -0.624756 -3.89105e-06 1.1301 1.13009 0.0567103 0.056575 -2.95129e-21 -1.83334e-22 -0 -0 
-7.61295 0.376764 -0.0189046 -3.9293e-06 0.62523 -0.624698 -3.9293e-06 1.1303 1.13029 0.0568504 0.056714 7.43582e-21 4.61778e-22 0 0 
-7.60926 0.376831 -0.0189511 -3.96792e-06 0.625173 -0.62464 -3.96792e-06 1.1305 1.13049 0.0569908 0.0568533 2.03168e-20 1.26134e-21 0 0 
-7.60558 0.376898 -0.0189977 -4.00691e-06 0.625117 -0.624583 -4.00691e-06 1.1307 1.13069 0.0571314 0.0569927 2.94341e-20 1.82684e-21 0 0 
-7.60189 0.376965 -0.0190443 -4.04628e-06 0.62506 -0.624525 -4.04628e-06 1.1309 1.13089 0.0572723 0.0571325 2.84746e-20 1.76676e-21 0 0 
-7.59821 0.377032 -0.0190911 -4.08603e-06 0.625004 -0.624467 -4.08603e-06 1.1311 1.1311 0.0574135 0.0572726 1.11253e-20 6.90085e-22 0 0 
-7.59452 0.377099 -0.0191379 -4.12616e-06 0.624948 -0.62441 -4.12616e-06 1.13131 1.1313 0.0575549 0.0574131 -2.75618e-20 -1.70911e-21 -0 -0 
-7.59084 0.377166 -0.0191848 -4.16668e-06 0.624891 -0.624352 -4.16668e-06 1.13151 1.1315 0.0576966 0.057554 -7.56432e-20 -4.68924e-21 -0 -0 
-7.58715 0.377234 -0.0192317 -4.20759e-06 0.624835 -0.624294 -4.20759e-06 1.13171 1.1317 0.0578385 0.0576951 -1.09772e-19 -6.80293e-21 -0 -0 
-7.58347 0.377301 -0.0192788 -4.24889e-06 0.624779 -0.624237 -4.24889e-06 1.13191 1.1319 0.0579807 0.0578365 -1.06389e-19 -6.59127e-21 -0 -0 
-7.57978 0.377368 -0.0193259 -4.29059e-06 0.624723 -0.62418 -4.29059e-06 1.13211 1.1321 0.0581232 0.0579782 -4.19325e-20 -2.59712e-21 -0 -0 
-7.5761 0.377435 -0.0193732 -4.33269e-06 0.624667 -0.624122 -4.33269e-06 1.13231 1.13231 0.058266 0.05812 1.02157e-19 6.32523e-21 0 0 
-7.57241 0.377502 -0.0194205 -4.3752e-06 0.624611 -0.624065 -4.3752e-06 1.13252 1.13251 0.058409 0.0582621 2.81631e-19 1.74324e-20 0 0 
-7.56873 0.377569 -0.0194679 -4.41812e-06 0.624555 -0.624008 -4.41812e-06 1.13272 1.13271 0.0585523 0.0584043 4.09387e-19 2.53325e-20 0 0 
-7.56504 0.377637 -0.0195154 -4.46145e-06 0.624499 -0.62395 -4.46145e-06 1.13292 1.13291 0.0586958 0.0585468 3.97496e-19 2.45892e-20 0 0 
-7.56136 0.377704 -0.019563 -4.5052e-06 0.624443 -0.623893 -4.5052e-06 1.13312 1.13311 0.0588396 0.0586896 1.58029e-19 9.77268e-21 0 0 
-7.55767 0.377771 -0.0196107 -4.54937e-06 0.624387 -0.623836 -4.54937e-06 1.13332 1.13331 0.0589837 0.0588326 -3.78625e-19 -2.34074e-20 -0 -0 
-7.55399 0.377838 -0.0196585 -4.59397e-06 0.624331 -0.623779 -4.59397e-06 1.13352 1.13351 0.0591281 0.0589759 -1.04854e-18 -6.48032e-20 -0 -0 
-7.55031 0.377905 -0.0197063 -4.63899e-06 0.624275 -0.623722 -4.63899e-06 1.13373 1.13372 0.0592727 0.0591195 -1.52676e-18 -9.43292e-20 -0 -0 
-7.54662 0.377973 -0.0197543 -4.68445e-06 0.62422 -0.623665 -4.68445e-06 1.13393 1.13392 0.0594176 0.0592633 -1.48513e-18 -9.17281e-20 -0 -0 
-7.54294 0.37804 -0.0198023 -4.73034e-06 0.624164 -0.623608 -4.73034e-06 1.13413 1.13412 0.0595628 0.0594075 -5.95478e-19 -3.67679e-20 -0 -0 
-7.53925 0.378107 -0.0198504 -4.77668e-06 0.624108 -0.623551 -4.77668e-06 1.13433 1.13432 0.0597082 0.0595518 1.40324e-18 8.66163e-20 0 0 
-7.53557 0.378174 -0.0198986 -4.82345e-06 0.624053 -0.623494 -4.82345e-06 1.13453 1.13452 0.0598539 0.0596965 3.90382e-18 2.4089e-19 0 0 
-7.53188 0.378242 -0.0199469 -4.87068e-06 0.623997 -0.623437 -4.87068e-06 1.13473 1.13472 0.0599998 0.0598414 5.69387e-18 3.51236e-19 0 0 
-7.5282 0.378309 -0.0199953 -4.91837e-06 0.623942 -0.62338 -4.91837e-06 1.13494 1.13493 0.0601461 0.0599865 5.54869e-18 3.42172e-19 0 0 
-7.52451 0.378376 -0.0200438 -4.96652e-06 0.623886 -0.623323 -4.96652e-06 1.13514 1.13513 0.0602926 0.0601319 2.24358e-18 1.38311e-19 0 0 
-7.52083 0.378443 -0.0200923 -5.01515e-06 0.623831 -0.623267 -5.01515e-06 1.13534 1.13533 0.0604394 0.0602776 -5.20042e-18 -3.2049e-19 -0 -0 
-7.51714 0.378511 -0.020141 -5.06425e-06 0.623776 -0.62321 -5.06425e-06 1.13554 1.13553 0.0605864 0.0604235 -1.45341e-17 -8.95418e-19 -0 -0 
-7.51346 0.378578 -0.0201897 -5.11381e-06 0.62372 -0.623153 -5.11381e-06 1.13574 1.13573 0.0607337 0.0605697 -2.12344e-17 -1.30779e-18 -0 -0 
-7.50977 0.378645 -0.0202386 -5.16383e-06 0.623665 -0.623097 -5.16383e-06 1.13595 1.13594 0.0608813 0.0607162 -2.07306e-17 -1.27635e-18 -0 -0 
-7.50609 0.378713 -0.0202875 -5.2143e-06 0.62361 -0.62304 -5.2143e-06 1.13615 1.13614 0.0610292 0.060863 -8.45214e-18 -5.20214e-19 -0 -0 
-7.5024 0.37878 -0.0203365 -5.26521e-06 0.623555 -0.622984 -5.26521e-06 1.13635 1.13634 0.0611774 0.06101 1.92719e-17 1.18576e-18 0 0 
-7.49872 0.378847 -0.0203856 -5.3166e-06 0.6235 -0.622927 -5.3166e-06 1.13655 1.13654 0.0613258 0.0611573 5.41108e-17 3.32825e-18 0 0 
-7.49503 0.378914 -0.0204347 -5.3685e-06 0.623445 -0.622871 -5.3685e-06 1.13675 1.13674 0.0614745 0.0613049 7.919e-17 4.86922e-18 0 0 
-7.49135 0.378982 -0.020484 -5.42096e-06 0.62339 -0.622815 -5.42096e-06 1.13696 1.13695 0.0616234 0.0614527 7.74515e-17 4.76075e-18 0 0 
-7.48766 0.379049 -0.0205334 -5.47402e-06 0.623335 -0.622758 -5.47402e-06 1.13716 1.13715 0.0617727 0.0616008 3.18375e-17 1.95633e-18 0 0 
-7.48398 0.379116 -0.0205828 -5.52773e-06 0.62328 -0.622702 -5.52773e-06 1.13736 1.13735 0.0619222 0.0617491 -7.14154e-17 -4.38682e-18 -0 -0 
-7.48029 0.379184 -0.0206324 -5.58208e-06 0.623225 -0.622646 -5.58208e-06 1.13756 1.13755 0.0620719 0.0618976 -2.01454e-16 -1.23706e-17 -0 -0 
-7.47661 0.379251 -0.020682 -5.63703e-06 0.62317 -0.62259 -5.63703e-06 1.13776 1.13775 0.062222 0.0620465 -2.95323e-16 -1.81287e-17 -0 -0 
-7.47292 0.379319 -0.0207317 -5.69254e-06 0.623115 -0.622533 -5.69254e-06 1.13797 1.13796 0.0623723 0.0621956 -2.89363e-16 -1.77568e-17 -0 -0 
-7.46924 0.379386 -0.0207815 -5.74856e-06 0.623061 -0.622477 -5.74856e-06 1.13817 1.13816 0.062523 0.062345 -1.19912e-16 -7.35595e-18 -0 -0 
-7.46555 0.379453 -0.0208314 -5.80506e-06 0.623006 -0.622421 -5.80506e-06 1.13837 1.13836 0.0626738 0.0624947 2.6463e-16 1.62282e-17 0 0 
-7.46187 0.379521 -0.0208814 -5.86204e-06 0.622952 -0.622365 -5.86204e-06 1.13857 1.13856 0.062825 0.0626447 7.50004e-16 4.59775e-17 0 0 
-7.45818 0.379588 -0.0209315 -5.91954e-06 0.622897 -0.622309 -5.91954e-06 1.13878 1.13876 0.0629765 0.062795 1.10134e-15 6.74928e-17 0 0 
-7.4545 0.379655 -0.0209816 -5.97759e-06 0.622843 -0.622254 -5.97759e-06 1.13898 1.13897 0.0631282 0.0629455 1.08106e-15 6.62274e-17 0 0 
-7.45081 0.379723 -0.0210319 -6.03624e-06 0.622788 -0.622198 -6.03624e-06 1.13918 1.13917 0.0632802 0.0630964 4.51581e-16 2.7655e-17 0 0 
-7.44713 0.37979 -0.0210822 -6.09552e-06 0.622734 -0.622142 -6.09552e-06 1.13938 1.13937 0.0634324 0.0632475 -9.80546e-16 -6.00282e-17 -0 -0 
-7.44344 0.379858 -0.0211327 -6.15545e-06 0.62268 -0.622086 -6.15545e-06 1.13958 1.13957 0.063585 0.0633988 -2.7922e-15 -1.70878e-16 -0 -0 
-7.43976 0.379925 -0.0211832 -6.21604e-06 0.622625 -0.622031 -6.21604e-06 1.13979 1.13978 0.0637378 0.0635504 -4.10719e-15 -2.51265e-16 -0 -0 
-7.43607 0.379992 -0.0212338 -6.27732e-06 0.622571 -0.621975 -6.27732e-06 1.13999 1.13998 0.0638909 0.0637023 -4.03883e-15 -2.46997e-16 -0 -0 
-7.43239 0.38006 -0.0212845 -6.33928e-06 0.622517 -0.621919 -6.33928e-06 1.14019 1.14018 0.0640443 0.0638544 -1.70045e-15 -1.03955e-16 -0 -0 
-7.4287 0.380127 -0.0213353 -6.40194e-06 0.622463 -0.621864 -6.40194e-06 1.14039 1.14038 0.064198 0.0640068 3.63308e-15 2.22028e-16 0 0 
-7.42502 0.380195 -0.0213862 -6.46533e-06 0.622409 -0.621808 -6.46533e-06 1.1406 1.14058 0.064352 0.0641594 1.0395e-14 6.35046e-16 0 0 
-7.42133 0.380262 -0.0214372 -6.52946e-06 0.622355 -0.621753 -6.52946e-06 1.1408 1.14079 0.0645062 0.0643124 1.53166e-14 9.35381e-16 0 0 
-7.41765 0.38033 -0.0214883 -6.59437e-06 0.622301 -0.621697 -6.59437e-06 1.141 1.14099 0.0646607 0.0644656 1.50886e-14 9.21132e-16 0 0 
-7.41396 0.380397 -0.0215394 -6.66007e-06 0.622247 -0.621642 -6.66007e-06 1.1412 1.14119 0.0648155 0.0646191 6.40195e-15 3.90688e-16 0 0 
-7.41028 0.380465 -0.0215907 -6.7266e-06 0.622193 -0.621587 -6.7266e-06 1.14141 1.14139 0.0649706 0.0647728 -1.34614e-14 -8.21207e-16 -0 -0 
-7.40659 0.380532 -0.021642 -6.794e-06 0.62214 -0.621531 -6.794e-06 1.14161 1.1416 0.065126 0.0649269 -3.87017e-14 -2.36014e-15 -0 -0 
-7.40291 0.3806 -0.0216935 -6.86233e-06 0.622086 -0.621476 -6.86233e-06 1.14181 1.1418 0.0652816 0.0650813 -5.71262e-14 -3.48246e-15 -0 -0 
-7.39923 0.380667 -0.021745 -6.93167e-06 0.622032 -0.621421 -6.93167e-06 1.14201 1.142 0.0654375 0.0652359 -5.63869e-14 -3.43615e-15 -0 -0 
-7.39554 0.380735 -0.0217966 -7.00206e-06 0.621979 -0.621366 -7.00206e-06 1.14222 1.1422 0.0655937 0.0653909 -2.41356e-14 -1.47026e-15 -0 -0 
-7.39186 0.380802 -0.0218483 -7.07358e-06 0.621925 -0.62131 -7.07358e-06 1.14242 1.14241 0.0657502 0.065546 4.98077e-14 3.03302e-15 0 0 
-7.38817 0.38087 -0.0219001 -7.14629e-06 0.621872 -0.621255 -7.14629e-06 1.14262 1.14261 0.065907 0.0657015 1.43894e-13 8.75919e-15 0 0 
-7.38449 0.380937 -0.021952 -7.22026e-06 0.621818 -0.6212 -7.22026e-06 1.14283 1.14281 0.0660641 0.0658572 2.12508e-13 1.29311e-14 0 0 
-7.3808 0.381005 -0.022004 -7.29556e-06 0.621765 -0.621145 -7.29556e-06 1.14303 1.14301 0.0662214 0.0660132 2.09434e-13 1.27394e-14 0 0 
-7.37712 0.381072 -0.0220561 -7.37226e-06 0.621712 -0.621089 -7.37226e-06 1.14323 1.14322 0.066379 0.0661695 8.84587e-14 5.37876e-15 0 0 
-7.37343 0.38114 -0.0221083 -7.45043e-06 0.621659 -0.621034 -7.45043e-06 1.14343 1.14342 0.066537 0.066326 -1.88986e-13 -1.14871e-14 -0 -0 
-7.36975 0.381207 -0.0221606 -7.53021e-06 0.621605 -0.620979 -7.53021e-06 1.14364 1.14362 0.0666952 0.0664828 -5.4775e-13 -3.32814e-14 -0 -0 
-7.36606 0.381275 -0.0222129 -7.61177e-06 0.621552 -0.620924 -7.61177e-06 1.14384 1.14382 0.0668537 0.0666399 -8.25512e-13 -5.01396e-14 -0 -0 
-7.36238 0.381342 -0.0222654 -7.6953e-06 0.621499 -0.620869 -7.6953e-06 1.14404 1.14403 0.0670124 0.0667973 -8.57732e-13 -5.20771e-14 -0 -0 
-7.35869 0.38141 -0.0223179 -7.78098e-06 0.621446 -0.620813 -7.78098e-06 1.14424 1.14423 0.0671715 0.066955 -4.79868e-13 -2.91242e-14 -0 -0 
-7.35501 0.381478 -0.0223706 -7.86898e-06 0.621393 -0.620758 -7.86898e-06 1.14445 1.14443 0.0673308 0.0671129 4.30358e-13 2.61094e-14 0 0 
-7.35132 0.381545 -0.0224233 -7.95951e-06 0.621341 -0.620702 -7.95951e-06 1.14465 1.14464 0.0674905 0.0672712 1.35677e-12 8.2283e-14 0 0 
-7.34764 0.381613 -0.0224762 -8.05281e-06 0.621288 -0.620647 -8.05281e-06 1.14485 1.14484 0.0676504 0.0674297 1.2886e-12 7.8119e-14 0 0 
-7.34395 0.38168 -0.0225291 -8.14908e-06 0.621235 -0.620591 -8.14908e-06 1.14506 1.14504 0.0678106 0.0675885 -7.97831e-13 -4.83485e-14 -0 -0 
-7.34027 0.381748 -0.0225821 -8.24855e-06 0.621182 -0.620536 -8.24855e-06 1.14526 1.14524 0.0679711 0.0677475 -5.9262e-12 -3.5899e-13 -0 -0 
-7.33658 0.381815 -0.0226352 -8.35146e-06 0.62113 -0.62048 -8.35146e-06 1.14546 1.14545 0.0681319 0.0679069 -1.55637e-11 -9.42438e-13 -0 -0 
-7.3329 0.381883 -0.0226884 -8.45805e-06 0.621077 -0.620424 -8.45805e-06 1.14566 1.14565 0.068293 0.0680665 -3.79854e-11 -2.29927e-12 -0 -0 
-7.32921 0.381951 -0.0227417 -8.56862e-06 0.621025 -0.620368 -8.56862e-06 1.14587 1.14585 0.0684543 0.0682264 -8.67961e-11 -5.25176e-12 -0 -0 
-7.32553 0.382018 -0.0227951 -8.68345e-06 0.620972 -0.620311 -8.68345e-06 1.14607 1.14605 0.068616 0.0683866 -1.75743e-10 -1.06295e-11 -0 -0 
-7.32184 0.382086 -0.0228486 -8.80283e-06 0.62092 -0.620255 -8.80283e-06 1.14627 1.14626 0.0687779 0.0685471 -3.18573e-10 -1.92608e-11 -0 -0 
-7.31816 0.382153 -0.0229021 -8.92704e-06 0.620868 -0.620198 -8.92704e-06 1.14648 1.14646 0.0689402 0.0687079 -5.47493e-10 -3.30883e-11 -0 -0 
-7.31447 0.382221 -0.0229558 -9.05639e-06 0.620816 -0.620141 -9.05639e-06 1.14668 1.14666 0.0691027 0.0688689 -1.18262e-09 -7.14448e-11 -0 -0 
-7.31079 0.382289 -0.0230096 -9.19116e-06 0.620764 -0.620084 -9.19116e-06 1.14688 1.14687 0.0692655 0.0690302 -2.77186e-09 -1.67388e-10 -0 -0 
-7.3071 0.382356 -0.0230634 -9.33166e-06 0.620712 -0.620027 -9.33166e-06 1.14709 1.14707 0.0694286 0.0691918 -5.86934e-09 -3.54301e-10 -0 -0 
-7.30342 0.382424 -0.0231174 -9.47818e-06 0.62066 -0.619969 -9.47818e-06 1.14729 1.14727 0.069592 0.0693537 -1.10292e-08 -6.65509e-10 -0 -0 
-7.29973 0.382491 -0.0231714 -9.63103e-06 0.620608 -0.619911 -9.63103e-06 1.14749 1.14747 0.0697557 0.0695159 -1.92597e-08 -1.16168e-09 -0 -0 
-7.29605 0.382559 -0.0232256 -9.79052e-06 0.620556 -0.619853 -9.79052e-06 1.14769 1.14768 0.0699197 0.0696784 -3.87689e-08 -2.33747e-09 -0 -0 
-7.29236 0.382626 -0.0232798 -9.957e-06 0.620504 -0.619795 -9.957e-06 1.1479 1.14788 0.070084 0.0698411 -8.35208e-08 -5.03366e-09 -0 -0 
-7.28868 0.382694 -0.0233341 -1.01308e-05 0.620453 -0.619736 -1.01308e-05 1.1481 1.14808 0.0702485 0.0700041 -1.67641e-07 -1.00994e-08 -0 -0 
-7.28499 0.382761 -0.0233886 -1.03123e-05 0.620401 -0.619677 -1.03123e-05 1.1483 1.14828 0.0704134 0.0701674 -3.05254e-07 -1.83823e-08 -0 -0 
-7.28131 0.382829 -0.0234431 -1.05017e-05 0.62035 -0.619618 -1.05017e-05 1.14851 1.14849 0.0705785 0.070331 -5.18967e-07 -3.12393e-08 -0 -0 
-7.27762 0.382897 -0.0234977 -1.06995e-05 0.620298 -0.619558 -1.06995e-05 1.14871 1.14869 0.070744 0.0704949 -9.68045e-07 -5.8248e-08 -0 -0 
-7.27394 0.382964 -0.0235524 -1.09061e-05 0.620247 -0.619498 -1.09061e-05 1.14891 1.14889 0.0709097 0.0706591 -1.92217e-06 -1.15611e-07 -0 -0 
-7.27025 0.383032 -0.0236072 -1.11217e-05 0.620196 -0.619437 -1.11217e-05 1.14911 1.14909 0.0710757 0.0708235 -3.65418e-06 -2.19694e-07 -0 -0 
-7.26657 0.383099 -0.0236621 -1.13468e-05 0.620145 -0.619377 -1.13468e-05 1.14932 1.1493 0.071242 0.0709882 -6.4369e-06 -3.86836e-07 -0 -0 
-7.26288 0.383166 -0.0237171 -1.15818e-05 0.620094 -0.619315 -1.15818e-05 1.14952 1.1495 0.0714086 0.0711533 -1.06556e-05 -6.401e-07 -0 -0 
-7.2592 0.383234 -0.0237722 -1.1827e-05 0.620043 -0.619254 -1.1827e-05 1.14972 1.1497 0.0715755 0.0713186 -1.85361e-05 -1.11303e-06 -0 -0 
-7.25552 0.383301 -0.0238274 -1.20829e-05 0.619992 -0.619192 -1.20829e-05 1.14992 1.1499 0.0717427 0.0714841 -3.38071e-05 -2.02916e-06 -0 -0 
-7.25183 0.383369 -0.0238826 -1.23499e-05 0.619941 -0.619129 -1.23499e-05 1.15013 1.15011 0.0719102 0.07165 -6.02414e-05 -3.61429e-06 -0 -0 
-7.24815 0.383436 -0.023938 -1.26285e-05 0.61989 -0.619067 -1.26285e-05 1.15033 1.15031 0.072078 0.0718162 -0.000101612 -6.09381e-06 -0 -0 
-7.24446 0.383503 -0.0239934 -1.2919e-05 0.61984 -0.619003 -1.2919e-05 1.15053 1.15051 0.072246 0.0719826 -0.00016272 -9.75446e-06 -0 -0 
-7.24078 0.383571 -0.024049 -1.32221e-05 0.619789 -0.61894 -1.32221e-05 1.15073 1.15071 0.0724144 0.0721494 -0.000265506 -1.59094e-05 -0 -0 
-7.23709 0.383638 -0.0241047 -1.35381e-05 0.619739 -0.618875 -1.35381e-05 1.15093 1.15091 0.072583 0.0723164 -0.000446052 -2.67165e-05 -0 -0 
-7.23341 0.383705 -0.0241604 -1.38677e-05 0.619689 -0.61881 -1.38677e-05 1.15114 1.15112 0.072752 0.0724837 -0.00074086 -4.43553e-05 -0 -0 
-7.22972 0.383773 -0.0242162 -1.42114e-05 0.619639 -0.618745 -1.42114e-05 1.15134 1.15132 0.0729212 0.0726513 -0.00118643 -7.10015e-05 -0 -0 
-7.22604 0.38384 -0.0242722 -1.45696e-05 0.619589 -0.618679 -1.45696e-05 1.15154 1.15152 0.0730907 0.0728191 -0.00182559 -0.000109205 -0 -0 
-7.22235 0.383907 -0.0243282 -1.4943e-05 0.619539 -0.618613 -1.4943e-05 1.15174 1.15172 0.0732606 0.0729873 -0.002808 -0.000167898 -0 -0 
-7.21867 0.383974 -0.0243843 -1.53322e-05 0.619489 -0.618546 -1.53322e-05 1.15194 1.15192 0.0734307 0.0731558 -0.00437241 -0.000261326 -0 -0 
-7.21498 0.384041 -0.0244405 -1.57377e-05 0.619439 -0.618479 -1.57377e-05 1.15215 1.15212 0.0736011 0.0733245 -0.00676031 -0.000403869 -0 -0 
-7.2113 0.384108 -0.0244968 -1.61601e-05 0.61939 -0.61841 -1.61601e-05 1.15235 1.15232 0.0737718 0.0734935 -0.0102132 -0.000609881 -0 -0 
-7.20761 0.384175 -0.0245532 -1.66001e-05 0.61934 -0.618342 -1.66001e-05 1.15255 1.15253 0.0739428 0.0736628 -0.0149975 -0.000895188 -0 -0 
-7.20393 0.384242 -0.0246097 -1.70583e-05 0.619291 -0.618272 -1.70583e-05 1.15275 1.15273 0.0741141 0.0738324 -0.0218107 -0.00130129 -0 -0 
-7.20024 0.384309 -0.0246663 -1.75356e-05 0.619242 -0.618202 -1.75356e-05 1.15295 1.15293 0.0742856 0.0740023 -0.0317131 -0.00189126 -0 -0 
-7.19656 0.384376 -0.024723 -1.80326e-05 0.619193 -0.618132 -1.80326e-05 1.15315 1.15313 0.0744575 0.0741724 -0.0457764 -0.00272874 -0 -0 
-7.19287 0.384443 -0.0247798 -1.85502e-05 0.619144 -0.61806 -1.85502e-05 1.15335 1.15333 0.0746297 0.0743429 -0.0650722 -0.00387725 -0 -0 
-7.18919 0.38451 -0.0248366 -1.90891e-05 0.619095 -0.617988 -1.90891e-05 1.15355 1.15353 0.0748021 0.0745136 -0.0907328 -0.00540379 -0 -0 
-7.1855 0.384576 -0.0248936 -1.96502e-05 0.619046 -0.617915 -1.96502e-05 1.15375 1.15373 0.0749749 0.0746846 -0.124947 -0.00743816 -0 -0 
-7.18182 0.384643 -0.0249507 -2.02344e-05 0.618998 -0.617842 -2.02344e-05 1.15395 1.15393 0.0751479 0.0748559 -0.170803 -0.0101635 -0 -0 
-7.17813 0.38471 -0.0250078 -2.08425e-05 0.618949 -0.617767 -2.08425e-05 1.15415 1.15413 0.0753212 0.0750275 -0.231419 -0.0137641 -0 -0 
-7.17445 0.384776 -0.0250651 -2.14756e-05 0.618901 -0.617692 -2.14756e-05 1.15435 1.15433 0.0754949 0.0751994 -0.309912 -0.0184243 -0 -0 
-7.17076 0.384843 -0.0251224 -2.21344e-05 0.618853 -0.617616 -2.21344e-05 1.15455 1.15453 0.0756688 0.0753716 -0.409473 -0.0243322 -0 -0 
-7.16708 0.384909 -0.0251798 -2.282e-05 0.618805 -0.617539 -2.282e-05 1.15475 1.15473 0.075843 0.075544 -0.534587 -0.0317524 -0 -0 
-7.16339 0.384976 -0.0252373 -2.35335e-05 0.618757 -0.617461 -2.35335e-05 1.15495 1.15493 0.0760175 0.0757168 -0.690858 -0.0410155 -0 -0 
-7.15971 0.385042 -0.0252949 -2.42759e-05 0.618709 -0.617383 -2.42759e-05 1.15515 1.15513 0.0761922 0.0758898 -0.883923 -0.0524535 -0 -0 
-7.15602 0.385108 -0.0253527 -2.50482e-05 0.618662 -0.617303 -2.50482e-05 1.15535 1.15532 0.0763673 0.0760631 -1.11942 -0.0663978 -0 -0 
-7.15234 0.385174 -0.0254104 -2.58517e-05 0.618615 -0.617223 -2.58517e-05 1.15555 1.15552 0.0765427 0.0762367 -1.40298 -0.0831781 -0 -0 
-7.14865 0.38524 -0.0254683 -2.66873e-05 0.618568 -0.617141 -2.66873e-05 1.15575 1.15572 0.0767183 0.0764106 -1.73992 -0.103106 -0 -0 
-7.14497 0.385306 -0.0255263 -2.75564e-05 0.618521 -0.617058 -2.75564e-05 1.15594 1.15592 0.0768943 0.0765847 -2.13532 -0.126479 -0 -0 
-7.14128 0.385372 -0.0255844 -2.84603e-05 0.618474 -0.616975 -2.84603e-05 1.15614 1.15612 0.0770705 0.0767592 -2.59425 -0.15359 -0 -0 
-7.1376 0.385438 -0.0256426 -2.94003e-05 0.618427 -0.61689 -2.94003e-05 1.15634 1.15631 0.077247 0.0769339 -3.12177 -0.184735 -0 -0 
-7.13391 0.385503 -0.0257008 -3.03776e-05 0.618381 -0.616804 -3.03776e-05 1.15654 1.15651 0.0774238 0.0771089 -3.72277 -0.220196 -0 -0 
-7.13023 0.385569 -0.0257591 -3.13937e-05 0.618334 -0.616717 -3.13937e-05 1.15673 1.15671 0.0776009 0.0772842 -4.39843 -0.260037 -0 -0 
-7.12654 0.385634 -0.0258176 -3.245e-05 0.618288 -0.616629 -3.245e-05 1.15693 1.1569 0.0777783 0.0774598 -5.14674 -0.304133 -0 -0 
-7.12286 0.3857 -0.0258761 -3.3548e-05 0.618242 -0.616539 -3.3548e-05 1.15713 1.1571 0.077956 0.0776357 -5.96559 -0.352353 -0 -0 
-7.11917 0.385765 -0.0259347 -3.46891e-05 0.618197 -0.616449 -3.46891e-05 1.15732 1.1573 0.0781339 0.0778119 -6.85285 -0.404565 -0 -0 
-7.11549 0.38583 -0.0259934 -3.58749e-05 0.618151 -0.616357 -3.58749e-05 1.15752 1.15749 0.0783121 0.0779883 -7.8061 -0.46062 -0 -0 
-7.11181 0.385895 -0.0260522 -3.71068e-05 0.618106 -0.616263 -3.71068e-05 1.15771 1.15769 0.0784907 0.078165 -8.81735 -0.52004 -0 -0 
-7.10812 0.38596 -0.0261111 -3.83867e-05 0.618061 -0.616169 -3.83867e-05 1.15791 1.15788 0.0786695 0.078342 -9.87366 -0.582059 -0 -0 
-7.10444 0.386025 -0.0261701 -3.97161e-05 0.618016 -0.616073 -3.97161e-05 1.1581 1.15807 0.0788486 0.0785193 -10.9619 -0.6459 -0 -0 
-7.10075 0.386089 -0.0262291 -4.10968e-05 0.617971 -0.615975 -4.10968e-05 1.1583 1.15827 0.0790279 0.0786969 -12.0691 -0.710788 -0 -0 
-7.09707 0.386154 -0.0262883 -4.25303e-05 0.617927 -0.615876 -4.25303e-05 1.15849 1.15846 0.0792076 0.0788747 -13.1818 -0.775941 -0 -0 
-7.09338 0.386218 -0.0263475 -4.40186e-05 0.617883 -0.615776 -4.40186e-05 1.15868 1.15866 0.0793875 0.0790529 -14.2841 -0.840411 -0 -0 
-7.0897 0.386283 -0.0264068 -4.55633e-05 0.617839 -0.615674 -4.55633e-05 1.15888 1.15885 0.0795677 0.0792313 -15.3571 -0.9031 -0 -0 
-7.08601 0.386347 -0.0264662 -4.71664e-05 0.617795 -0.615571 -4.71664e-05 1.15907 1.15904 0.0797482 0.07941 -16.3822 -0.962908 -0 -0 
-7.08233 0.386411 -0.0265257 -4.88298e-05 0.617752 -0.615466 -4.88298e-05 1.15926 1.15923 0.079929 0.079589 -17.3407 -1.01874 -0 -0 
-7.07864 0.386474 -0.0265853 -5.05552e-05 0.617708 -0.615359 -5.05552e-05 1.15945 1.15942 0.08011 0.0797682 -18.2138 -1.0695 -0 -0 
-7.07496 0.386538 -0.026645 -5.23445e-05 0.617665 -0.615251 -5.23445e-05 1.15964 1.15961 0.0802914 0.0799478 -18.9859 -1.11427 -0 -0 
-7.07127 0.386601 -0.0267047 -5.41999e-05 0.617623 -0.615141 -5.41999e-05 1.15983 1.1598 0.080473 0.0801276 -19.6438 -1.15231 -0 -0 
-7.06759 0.386665 -0.0267645 -5.61232e-05 0.61758 -0.615029 -5.61232e-05 1.16002 1.15999 0.0806548 0.0803077 -20.1744 -1.18284 -0 -0 
-7.0639 0.386728 -0.0268245 -5.81164e-05 0.617538 -0.614916 -5.81164e-05 1.16021 1.16018 0.080837 0.080488 -20.5648 -1.20511 -0 -0 
-7.06022 0.386791 -0.0268845 -6.01814e-05 0.617496 -0.614801 -6.01814e-05 1.1604 1.16037 0.0810194 0.0806687 -20.8021 -1.2184 -0 -0 
-7.05653 0.386853 -0.0269445 -6.23204e-05 0.617455 -0.614684 -6.23204e-05 1.16059 1.16056 0.0812021 0.0808496 -20.8805 -1.22237 -0 -0 
-7.05285 0.386916 -0.0270047 -6.45354e-05 0.617413 -0.614565 -6.45354e-05 1.16078 1.16075 0.0813851 0.0810309 -20.7999 -1.21703 -0 -0 
-7.04916 0.386978 -0.0270649 -6.68283e-05 0.617372 -0.614444 -6.68283e-05 1.16097 1.16093 0.0815683 0.0812124 -20.5607 -1.20241 -0 -0 
-7.04548 0.38704 -0.0271253 -6.92013e-05 0.617332 -0.614322 -6.92013e-05 1.16115 1.16112 0.0817518 0.0813941 -20.1632 -1.17856 -0 -0 
-7.04179 0.387102 -0.0271857 -7.16564e-05 0.617291 -0.614198 -7.16564e-05 1.16134 1.16131 0.0819356 0.0815762 -19.6079 -1.14551 -0 -0 
-7.03811 0.387164 -0.0272462 -7.41956e-05 0.617251 -0.614071 -7.41956e-05 1.16152 1.16149 0.0821196 0.0817585 -18.9015 -1.10366 -0 -0 
-7.03442 0.387225 -0.0273067 -7.68209e-05 0.617211 -0.613943 -7.68209e-05 1.16171 1.16168 0.0823039 0.0819411 -18.0556 -1.05373 -0 -0 
-7.03074 0.387286 -0.0273674 -7.95344e-05 0.617172 -0.613813 -7.95344e-05 1.16189 1.16186 0.0824885 0.082124 -17.0826 -0.996417 -0 -0 
-7.02705 0.387347 -0.0274281 -8.23381e-05 0.617133 -0.613681 -8.23381e-05 1.16208 1.16204 0.0826733 0.0823071 -15.9944 -0.932453 -0 -0 
-7.02337 0.387408 -0.0274889 -8.5234e-05 0.617094 -0.613547 -8.5234e-05 1.16226 1.16222 0.0828584 0.0824906 -14.8033 -0.862556 -0 -0 
-7.01968 0.387469 -0.0275497 -8.82241e-05 0.617055 -0.613411 -8.82241e-05 1.16244 1.16241 0.0830438 0.0826743 -13.5235 -0.787566 -0 -0 
-7.016 0.387529 -0.0276107 -9.13103e-05 0.617017 -0.613273 -9.13103e-05 1.16262 1.16259 0.0832294 0.0828583 -12.1711 -0.708433 -0 -0 
-7.01231 0.387589 -0.0276717 -9.44944e-05 0.616979 -0.613134 -9.44944e-05 1.1628 1.16277 0.0834153 0.0830425 -10.7625 -0.626107 -0 -0 
-7.00863 0.387649 -0.0277328 -9.77784e-05 0.616942 -0.612992 -9.77784e-05 1.16298 1.16295 0.0836014 0.0832271 -9.31378 -0.541539 -0 -0 
-7.00494 0.387708 -0.027794 -0.000101164 0.616905 -0.612848 -0.000101164 1.16316 1.16312 0.0837878 0.0834119 -7.84119 -0.455671 -0 -0 
-7.00126 0.387767 -0.0278552 -0.000104654 0.616868 -0.612702 -0.000104654 1.16334 1.1633 0.0839745 0.0835969 -6.35928 -0.369355 -0 -0 
-6.99757 0.387826 -0.0279165 -0.000108248 0.616832 -0.612554 -0.000108248 1.16352 1.16348 0.0841613 0.0837823 -4.88116 -0.28335 -0 -0 
-6.99389 0.387885 -0.0279779 -0.00011195 0.616796 -0.612405 -0.00011195 1.16369 1.16365 0.0843485 0.0839679 -3.41986 -0.198414 -0 -0 
-6.9902 0.387943 -0.0280393 -0.00011576 0.61676 -0.612253 -0.00011576 1.16387 1.16383 0.0845359 0.0841538 -1.98841 -0.115301 -0 -0 
-6.98652 0.388001 -0.0281009 -0.00011968 0.616725 -0.612099 -0.00011968 1.16404 1.164 0.0847235 0.08434 -0.59972 -0.0347566 -0 -0 
-6.98283 0.388059 -0.0281624 -0.000123712 0.616691 -0.611944 -0.000123712 1.16421 1.16418 0.0849114 0.0845265 0.736525 0.0426616 0 0 
-6.97915 0.388116 -0.0282241 -0.000127857 0.616656 -0.611787 -0.000127857 1.16439 1.16435 0.0850996 0.0847132 2.01366 0.116572 0 0 
-6.97546 0.388173 -0.0282858 -0.000132117 0.616622 -0.611627 -0.000132117 1.16456 1.16452 0.085288 0.0849002 3.22516 0.186603 0 0 
-6.97178 0.38823 -0.0283476 -0.000136493 0.616589 -0.611466 -0.000136493 1.16473 1.16469 0.0854766 0.0850874 4.36448 0.252382 0 0 
-6.9681 0.388287 -0.0284095 -0.000140986 0.616556 -0.611304 -0.000140986 1.1649 1.16486 0.0856655 0.085275 5.42523 0.313546 0 0 
-6.96441 0.388343 -0.0284714 -0.000145597 0.616523 -0.611139 -0.000145597 1.16507 1.16503 0.0858546 0.0854628 6.40392 0.369901 0 0 
-6.96073 0.388399 -0.0285334 -0.000150327 0.616491 -0.610973 -0.000150327 1.16524 1.1652 0.086044 0.0856509 7.29988 0.421416 0 0 
-6.95704 0.388454 -0.0285954 -0.000155178 0.616459 -0.610805 -0.000155178 1.1654 1.16536 0.0862336 0.0858392 8.11259 0.468068 0 0 
-6.95336 0.388509 -0.0286575 -0.00016015 0.616428 -0.610635 -0.00016015 1.16557 1.16553 0.0864235 0.0860279 8.84148 0.509833 0 0 
-6.94967 0.388564 -0.0287197 -0.000165244 0.616397 -0.610464 -0.000165244 1.16573 1.16569 0.0866135 0.0862168 9.4861 0.546692 0 0 
-6.94599 0.388619 -0.0287819 -0.000170461 0.616366 -0.610291 -0.000170461 1.1659 1.16586 0.0868039 0.0864059 10.0477 0.578729 0 0 
-6.9423 0.388673 -0.0288442 -0.000175801 0.616336 -0.610116 -0.000175801 1.16606 1.16602 0.0869944 0.0865954 10.5295 0.606128 0 0 
-6.93862 0.388727 -0.0289065 -0.000181266 0.616307 -0.609941 -0.000181266 1.16622 1.16618 0.0871852 0.0867851 10.9344 0.629075 0 0 
-6.93493 0.38878 -0.028969 -0.000186854 0.616278 -0.609763 -0.000186854 1.16638 1.16634 0.0873763 0.0869751 11.2657 0.647758 0 0 
-6.93125 0.388833 -0.0290314 -0.000192568 0.616249 -0.609585 -0.000192568 1.16654 1.1665 0.0875675 0.0871653 11.5264 0.662364 0 0 
-6.92756 0.388886 -0.0290939 -0.000198407 0.616221 -0.609405 -0.000198407 1.1667 1.16666 0.087759 0.0873559 11.7204 0.673119 0 0 
-6.92388 0.388938 -0.0291565 -0.000204371 0.616193 -0.609224 -0.000204371 1.16686 1.16682 0.0879508 0.0875467 11.852 0.68028 0 0 
-6.92019 0.38899 -0.0292192 -0.000210461 0.616166 -0.609042 -0.000210461 1.16702 1.16697 0.0881427 0.0877377 11.9257 0.684109 0 0 
-6.91651 0.389042 -0.0292818 -0.000216676 0.616139 -0.608858 -0.000216676 1.16717 1.16713 0.0883349 0.0879291 11.946 0.684865 0 0 
-6.91282 0.389093 -0.0293446 -0.000223016 0.616113 -0.608674 -0.000223016 1.16733 1.16728 0.0885274 0.0881207 11.9171 0.682808 0 0 
-6.90914 0.389144 -0.0294074 -0.000229482 0.616087 -0.608489 -0.000229482 1.16748 1.16743 0.08872 0.0883126 11.8435 0.678189 0 0 
-6.90545 0.389195 -0.0294703 -0.000236073 0.616061 -0.608303 -0.000236073 1.16763 1.16759 0.0889129 0.0885047 11.7294 0.671251 0 0 
-6.90177 0.389245 -0.0295332 -0.000242788 0.616037 -0.608116 -0.000242788 1.16778 1.16774 0.0891061 0.0886971 11.5788 0.662238 0 0 
-6.89808 0.389295 -0.0295961 -0.000249628 0.616012 -0.607928 -0.000249628 1.16793 1.16789 0.0892994 0.0888898 11.396 0.651392 0 0 
-6.8944 0.389344 -0.0296591 -0.000256591 0.615988 -0.607739 -0.000256591 1.16808 1.16803 0.089493 0.0890828 11.1852 0.638953 0 0 
-6.89071 0.389393 -0.0297222 -0.000263678 0.615965 -0.60755 -0.000263678 1.16823 1.16818 0.0896868 0.089276 10.9499 0.625136 0 0 
-6.88703 0.389442 -0.0297853 -0.000270887 0.615942 -0.607361 -0.000270887 1.16837 1.16833 0.0898808 0.0894695 10.6935 0.610126 0 0 
-6.88334 0.38949 -0.0298485 -0.000278218 0.615919 -0.607171 -0.000278218 1.16852 1.16847 0.0900751 0.0896633 10.4192 0.594109 0 0 
-6.87966 0.389538 -0.0299117 -0.00028567 0.615897 -0.60698 -0.00028567 1.16866 1.16862 0.0902696 0.0898573 10.13 0.577269 0 0 
-6.87597 0.389586 -0.029975 -0.000293242 0.615876 -0.60679 -0.000293242 1.16881 1.16876 0.0904643 0.0900516 9.82935 0.559789 0 0 
-6.87229 0.389633 -0.0300383 -0.000300934 0.615855 -0.606599 -0.000300934 1.16895 1.1689 0.0906593 0.0902462 9.51973 0.54182 0 0 
-6.8686 0.38968 -0.0301017 -0.000308745 0.615834 -0.606408 -0.000308745 1.16909 1.16904 0.0908545 0.0904411 9.20331 0.523487 0 0 
-6.86492 0.389726 -0.0301651 -0.000316672 0.615814 -0.606216 -0.000316672 1.16923 1.16918 0.0910499 0.0906362 8.88221 0.504908 0 0 
-6.86123 0.389772 -0.0302286 -0.000324716 0.615794 -0.606025 -0.000324716 1.16937 1.16932 0.0912456 0.0908316 8.55852 0.486203 0 0 
-6.85755 0.389818 -0.0302921 -0.000332876 0.615775 -0.605834 -0.000332876 1.16951 1.16946 0.0914414 0.0910273 8.23433 0.467493 0 0 
-6.85386 0.389863 -0.0303557 -0.000341149 0.615756 -0.605643 -0.000341149 1.16964 1.16959 0.0916375 0.0912232 7.91128 0.448869 0 0 
-6.85018 0.389908 -0.0304194 -0.000349536 0.615738 -0.605452 -0.000349536 1.16978 1.16973 0.0918339 0.0914194 7.59058 0.430401 0 0 
-6.84649 0.389953 -0.030483 -0.000358034 0.61572 -0.605262 -0.000358034 1.16991 1.16986 0.0920304 0.0916159 7.2734 0.412154 0 0 
-6.84281 0.389998 -0.0305468 -0.000366643 0.615703 -0.605072 -0.000366643 1.17005 1.17 0.0922273 0.0918126 6.96091 0.394195 0 0 
-6.83912 0.390042 -0.0306106 -0.000375361 0.615686 -0.604882 -0.000375361 1.17018 1.17013 0.0924243 0.0920097 6.65427 0.376589 0 0 
-6.83544 0.390085 -0.0306744 -0.000384187 0.61567 -0.604693 -0.000384187 1.17031 1.17026 0.0926216 0.092207 6.35435 0.359384 0 0 
-6.83175 0.390129 -0.0307383 -0.000393119 0.615654 -0.604504 -0.000393119 1.17044 1.17039 0.0928191 0.0924045 6.06166 0.342609 0 0 
-6.82807 0.390172 -0.0308022 -0.000402157 0.615638 -0.604316 -0.000402157 1.17057 1.17052 0.0930168 0.0926024 5.77671 0.326292 0 0 
-6.82439 0.390214 -0.0308662 -0.000411299 0.615623 -0.604128 -0.000411299 1.1707 1.17065 0.0932148 0.0928005 5.50001 0.310462 0 0 
-6.8207 0.390257 -0.0309303 -0.000420544 0.615609 -0.603942 -0.000420544 1.17083 1.17078 0.093413 0.0929988 5.23207 0.295144 0 0 
-6.81702 0.390299 -0.0309944 -0.00042989 0.615594 -0.603756 -0.00042989 1.17095 1.1709 0.0936115 0.0931975 4.97319 0.280357 0 0 
-6.81333 0.390341 -0.0310585 -0.000439336 0.615581 -0.603571 -0.000439336 1.17108 1.17103 0.0938102 0.0933964 4.72347 0.266104 0 0 
-6.80965 0.390382 -0.0311227 -0.00044888 0.615567 -0.603386 -0.00044888 1.17121 1.17115 0.0940091 0.0935956 4.48299 0.252389 0 0 
-6.80596 0.390423 -0.031187 -0.000458522 0.615554 -0.603203 -0.000458522 1.17133 1.17128 0.0942083 0.0937951 4.25184 0.239217 0 0 
-6.80228 0.390464 -0.0312513 -0.000468259 0.615542 -0.603021 -0.000468259 1.17145 1.1714 0.0944077 0.0939948 4.03011 0.226591 0 0 
-6.79859 0.390505 -0.0313156 -0.000478091 0.615529 -0.60284 -0.000478091 1.17158 1.17152 0.0946074 0.0941949 3.81778 0.214509 0 0 
-6.79491 0.390545 -0.03138 -0.000488017 0.615518 -0.60266 -0.000488017 1.1717 1.17164 0.0948073 0.0943952 3.61469 0.202962 0 0 
-6.79122 0.390585 -0.0314445 -0.000498034 0.615506 -0.602481 -0.000498034 1.17182 1.17176 0.0950074 0.0945957 3.4207 0.19194 0 0 
-6.78754 0.390625 -0.031509 -0.000508142 0.615495 -0.602303 -0.000508142 1.17194 1.17188 0.0952078 0.0947966 3.23566 0.181435 0 0 
-6.78385 0.390664 -0.0315736 -0.00051834 0.615485 -0.602126 -0.00051834 1.17206 1.172 0.0954085 0.0949977 3.05942 0.171436 0 0 
-6.78017 0.390703 -0.0316383 -0.000528625 0.615475 -0.601951 -0.000528625 1.17217 1.17212 0.0956094 0.0951991 2.89178 0.161932 0 0 
-6.77648 0.390742 -0.031703 -0.000538997 0.615465 -0.601777 -0.000538997 1.17229 1.17223 0.0958106 0.0954008 2.73249 0.152908 0 0 
-6.7728 0.390781 -0.0317677 -0.000549456 0.615455 -0.601605 -0.000549456 1.17241 1.17235 0.096012 0.0956028 2.58129 0.144347 0 0 
-6.76911 0.39082 -0.0318325 -0.000559998 0.615446 -0.601433 -0.000559998 1.17253 1.17247 0.0962137 0.095805 2.43792 0.136236 0 0 
-6.76543 0.390858 -0.0318974 -0.000570625 0.615437 -0.601264 -0.000570625 1.17264 1.17258 0.0964156 0.0960075 2.30213 0.128558 0 0 
-6.76174 0.390896 -0.0319623 -0.000581333 0.615429 -0.601095 -0.000581333 1.17276 1.1727 0.0966178 0.0962103 2.17363 0.121298 0 0 
-6.75806 0.390934 -0.0320273 -0.000592123 0.615421 -0.600928 -0.000592123 1.17287 1.17281 0.0968203 0.0964134 2.05215 0.114439 0 0 
-6.75437 0.390972 -0.0320923 -0.000602992 0.615413 -0.600763 -0.000602992 1.17298 1.17292 0.097023 0.0966168 1.93739 0.107964 0 0 
-6.75069 0.391009 -0.0321574 -0.000613941 0.615406 -0.600599 -0.000613941 1.1731 1.17304 0.097226 0.0968205 1.82907 0.101856 0 0 
-6.747 0.391046 -0.0322226 -0.000624968 0.615398 -0.600436 -0.000624968 1.17321 1.17315 0.0974292 0.0970244 1.72691 0.0960988 0 0 
-6.74332 0.391083 -0.0322878 -0.000636073 0.615392 -0.600276 -0.000636073 1.17332 1.17326 0.0976327 0.0972286 1.63061 0.0906757 0 0 
-6.73963 0.39112 -0.0323531 -0.000647253 0.615385 -0.600116 -0.000647253 1.17343 1.17337 0.0978365 0.0974331 1.5399 0.0855708 0 0 
-6.73595 0.391157 -0.0324185 -0.000658509 0.615379 -0.599959 -0.000658509 1.17354 1.17348 0.0980406 0.0976379 1.45452 0.0807686 0 0 
-6.73226 0.391193 -0.0324839 -0.00066984 0.615373 -0.599803 -0.00066984 1.17365 1.17359 0.0982449 0.097843 1.37419 0.0762532 0 0 
-6.72858 0.39123 -0.0325494 -0.000681244 0.615367 -0.599648 -0.000681244 1.17376 1.1737 0.0984496 0.0980484 1.29864 0.072009 0 0 
-6.72489 0.391266 -0.0326149 -0.000692721 0.615362 -0.599495 -0.000692721 1.17387 1.17381 0.0986544 0.0982541 1.22762 0.0680214 0 0 
-6.72121 0.391302 -0.0326805 -0.00070427 0.615357 -0.599344 -0.00070427 1.17398 1.17392 0.0988596 0.0984601 1.16088 0.0642768 0 0 
-6.71752 0.391338 -0.0327462 -0.000715891 0.615352 -0.599195 -0.000715891 1.17409 1.17403 0.0990651 0.0986663 1.09819 0.0607617 0 0 
-6.71384 0.391374 -0.0328119 -0.000727583 0.615347 -0.599047 -0.000727583 1.1742 1.17414 0.0992708 0.0988729 1.03933 0.0574627 0 0 
-6.71015 0.39141 -0.0328778 -0.000739345 0.615343 -0.5989 -0.000739345 1.17431 1.17424 0.0994768 0.0990797 0.984051 0.0543665 0 0 
-6.70647 0.391445 -0.0329436 -0.000751176 0.615339 -0.598756 -0.000751176 1.17441 1.17435 0.0996832 0.0992869 0.932147 0.0514609 0 0 
-6.70278 0.391481 -0.0330096 -0.000763076 0.615335 -0.598613 -0.000763076 1.17452 1.17446 0.0998898 0.0994944 0.883428 0.0487352 0 0 
-6.6991 0.391516 -0.0330756 -0.000775045 0.615332 -0.598472 -0.000775045 1.17463 1.17456 0.100097 0.0997021 0.837707 0.0461786 0 0 
-6.69541 0.391551 -0.0331417 -0.000787082 0.615328 -0.598332 -0.000787082 1.17474 1.17467 0.100304 0.0999102 0.794796 0.0437804 0 0 
-6.69173 0.391587 -0.0332078 -0.000799186 0.615325 -0.598194 -0.000799186 1.17484 1.17478 0.100511 0.100119 0.754507 0.0415299 0 0 
-6.68804 0.391622 -0.0332741 -0.000811356 0.615322 -0.598058 -0.000811356 1.17495 1.17488 0.100719 0.100327 0.716675 0.0394179 0 0 
-6.68436 0.391657 -0.0333403 -0.000823594 0.615319 -0.597924 -0.000823594 1.17505 1.17499 0.100927 0.100536 0.681155 0.0374359 0 0 
-6.68067 0.391692 -0.0334067 -0.000835897 0.615317 -0.597791 -0.000835897 1.17516 1.17509 0.101136 0.100746 0.647805 0.035576 0 0 
-6.67699 0.391727 -0.0334732 -0.000848266 0.615314 -0.59766 -0.000848266 1.17527 1.1752 0.101344 0.100955 0.616483 0.0338301 0 0 
-6.67331 0.391762 -0.0335397 -0.000860701 0.615312 -0.59753 -0.000860701 1.17537 1.1753 0.101553 0.101165 0.587046 0.0321901 0 0 
-6.66962 0.391797 -0.0336063 -0.0008732 0.61531 -0.597403 -0.0008732 1.17548 1.17541 0.101763 0.101375 0.55937 0.0306489 0 0 
-6.66594 0.391831 -0.0336729 -0.000885764 0.615308 -0.597276 -0.000885764 1.17558 1.17551 0.101972 0.101586 0.53335 0.0292007 0 0 
-6.66225 0.391866 -0.0337397 -0.000898393 0.615306 -0.597152 -0.000898393 1.17569 1.17562 0.102182 0.101797 0.508881 0.0278395 0 0 
-6.65857 0.391901 -0.0338065 -0.000911085 0.615305 -0.597029 -0.000911085 1.17579 1.17572 0.102392 0.102008 0.485859 0.0265594 0 0 
-6.65488 0.391936 -0.0338733 -0.000923842 0.615303 -0.596908 -0.000923842 1.1759 1.17583 0.102603 0.102219 0.464182 0.0253546 0 0 
-6.6512 0.39197 -0.0339403 -0.000936662 0.615302 -0.596788 -0.000936662 1.176 1.17593 0.102814 0.102431 0.443757 0.02422 0 0 
-6.64751 0.392005 -0.0340074 -0.000949546 0.615301 -0.59667 -0.000949546 1.17611 1.17604 0.103025 0.102643 0.424512 0.0231513 0 0 
-6.64383 0.39204 -0.0340745 -0.000962493 0.6153 -0.596554 -0.000962493 1.17621 1.17614 0.103237 0.102856 0.40637 0.0221444 0 0 
-6.64014 0.392075 -0.0341417 -0.000975503 0.615299 -0.596439 -0.000975503 1.17632 1.17625 0.103448 0.103069 0.389259 0.0211952 0 0 
-6.63646 0.39211 -0.0342089 -0.000988576 0.615298 -0.596326 -0.000988576 1.17642 1.17635 0.103661 0.103282 0.373105 0.0202994 0 0 
-6.63277 0.392144 -0.0342763 -0.00100171 0.615298 -0.596214 -0.00100171 1.17653 1.17646 0.103873 0.103495 0.357843 0.0194535 0 0 
-6.62909 0.392179 -0.0343437 -0.00101491 0.615297 -0.596104 -0.00101491 1.17664 1.17656 0.104086 0.103709 0.343421 0.0186545 0 0 
-6.6254 0.392214 -0.0344112 -0.00102817 0.615297 -0.595996 -0.00102817 1.17674 1.17667 0.104299 0.103923 0.329787 0.0178994 0 0 
-6.62172 0.392249 -0.0344788 -0.00104149 0.615296 -0.595889 -0.00104149 1.17685 1.17677 0.104513 0.104138 0.316889 0.0171855 0 0 
-6.61803 0.392284 -0.0345465 -0.00105488 0.615296 -0.595784 -0.00105488 1.17695 1.17688 0.104726 0.104352 0.304675 0.0165097 0 0 
-6.61435 0.392319 -0.0346143 -0.00106833 0.615296 -0.59568 -0.00106833 1.17706 1.17699 0.104941 0.104568 0.293101 0.0158695 0 0 
-6.61066 0.392354 -0.0346821 -0.00108184 0.615296 -0.595577 -0.00108184 1.17717 1.17709 0.105155 0.104783 0.28213 0.015263 0 0 
-6.60698 0.392389 -0.03475 -0.00109541 0.615296 -0.595477 -0.00109541 1.17727 1.1772 0.10537 0.104999 0.271725 0.014688 0 0 
-6.60329 0.392424 -0.034818 -0.00110905 0.615296 -0.595377 -0.00110905 1.17738 1.1773 0.105585 0.105215 0.26185 0.0141425 0 0 
-6.59961 0.39246 -0.0348861 -0.00112275 0.615296 -0.59528 -0.00112275 1.17749 1.17741 0.105801 0.105432 0.25247 0.0136246 0 0 
-6.59592 0.392495 -0.0349543 -0.00113651 0.615296 -0.595183 -0.00113651 1.17759 1.17752 0.106017 0.105649 0.243552 0.0131324 0 0 
-6.59224 0.392531 -0.0350226 -0.00115033 0.615296 -0.595088 -0.00115033 1.1777 1.17763 0.106233 0.105866 0.235072 0.0126645 0 0 
-6.58855 0.392566 -0.0350909 -0.00116421 0.615297 -0.594995 -0.00116421 1.17781 1.17773 0.10645 0.106083 0.227003 0.0122196 0 0 
-6.58487 0.392602 -0.0351593 -0.00117816 0.615297 -0.594903 -0.00117816 1.17792 1.17784 0.106666 0.106301 0.219322 0.0117961 0 0 
-6.58118 0.392638 -0.0352278 -0.00119217 0.615297 -0.594812 -0.00119217 1.17803 1.17795 0.106884 0.10652 0.212001 0.0113927 0 0 
-6.5775 0.392674 -0.0352965 -0.00120624 0.615298 -0.594723 -0.00120624 1.17813 1.17806 0.107101 0.106738 0.20502 0.0110082 0 0 
-6.57381 0.392709 -0.0353651 -0.00122037 0.615298 -0.594635 -0.00122037 1.17824 1.17817 0.107319 0.106957 0.19836 0.0106415 0 0 
-6.57013 0.392746 -0.0354339 -0.00123457 0.615299 -0.594549 -0.00123457 1.17835 1.17828 0.107538 0.107177 0.192004 0.0102917 0 0 
-6.56644 0.392782 -0.0355028 -0.00124883 0.615299 -0.594464 -0.00124883 1.17846 1.17838 0.107757 0.107396 0.185933 0.00995772 0 0 
-6.56276 0.392818 -0.0355717 -0.00126315 0.6153 -0.59438 -0.00126315 1.17857 1.17849 0.107976 0.107617 0.18013 0.00963862 0 0 
-6.55907 0.392855 -0.0356408 -0.00127753 0.6153 -0.594298 -0.00127753 1.17869 1.17861 0.108195 0.107837 0.17458 0.00933352 0 0 
-6.55539 0.392891 -0.0357099 -0.00129198 0.615301 -0.594217 -0.00129198 1.1788 1.17872 0.108415 0.108058 0.169269 0.00904171 0 0 
-6.5517 0.392928 -0.0357791 -0.00130649 0.615301 -0.594137 -0.00130649 1.17891 1.17883 0.108635 0.108279 0.164185 0.00876248 0 0 
-6.54802 0.392965 -0.0358484 -0.00132106 0.615302 -0.594058 -0.00132106 1.17902 1.17894 0.108856 0.108501 0.159316 0.00849512 0 0 
-6.54433 0.393002 -0.0359178 -0.00133569 0.615302 -0.593981 -0.00133569 1.17913 1.17905 0.109077 0.108723 0.154648 0.00823894 0 0 
-6.54065 0.39304 -0.0359873 -0.00135039 0.615303 -0.593905 -0.00135039 1.17925 1.17916 0.109298 0.108945 0.15017 0.00799332 0 0 
-6.53696 0.393077 -0.0360569 -0.00136515 0.615303 -0.593831 -0.00136515 1.17936 1.17928 0.10952 0.109168 0.145874 0.00775774 0 0 
-6.53328 0.393115 -0.0361266 -0.00137998 0.615303 -0.593758 -0.00137998 1.17947 1.17939 0.109742 0.109391 0.14175 0.0075317 0 0 
-6.5296 0.393152 -0.0361964 -0.00139487 0.615304 -0.593685 -0.00139487 1.17959 1.17951 0.109965 0.109614 0.137789 0.00731468 0 0 
-6.52591 0.39319 -0.0362662 -0.00140982 0.615304 -0.593615 -0.00140982 1.1797 1.17962 0.110187 0.109838 0.133983 0.00710619 0 0 
-6.52223 0.393228 -0.0363362 -0.00142483 0.615305 -0.593545 -0.00142483 1.17982 1.17974 0.110411 0.110062 0.130322 0.00690578 0 0 
-6.51854 0.393267 -0.0364062 -0.00143991 0.615305 -0.593476 -0.00143991 1.17994 1.17985 0.110634 0.110287 0.1268 0.00671308 0 0 
-6.51486 0.393305 -0.0364764 -0.00145505 0.615305 -0.593409 -0.00145505 1.18005 1.17997 0.110858 0.110512 0.123412 0.00652771 0 0 
-6.51117 0.393344 -0.0365466 -0.00147026 0.615306 -0.593343 -0.00147026 1.18017 1.18009 0.111083 0.110737 0.120149 0.00634931 0 0 
-6.50749 0.393383 -0.0366169 -0.00148553 0.615306 -0.593278 -0.00148553 1.18029 1.1802 0.111308 0.110963 0.117005 0.00617751 0 0 
-6.5038 0.393422 -0.0366873 -0.00150087 0.615306 -0.593214 -0.00150087 1.18041 1.18032 0.111533 0.111189 0.113975 0.00601198 0 0 
-6.50012 0.393461 -0.0367579 -0.00151627 0.615306 -0.593152 -0.00151627 1.18053 1.18044 0.111759 0.111416 0.111054 0.00585245 0 0 
-6.49643 0.393501 -0.0368285 -0.00153173 0.615306 -0.59309 -0.00153173 1.18065 1.18056 0.111985 0.111643 0.108236 0.00569865 0 0 
-6.49275 0.39354 -0.0368992 -0.00154726 0.615306 -0.59303 -0.00154726 1.18077 1.18068 0.112211 0.11187 0.105517 0.0055503 0 0 
-6.48906 0.39358 -0.03697 -0.00156286 0.615306 -0.59297 -0.00156286 1.18089 1.1808 0.112438 0.112098 0.102892 0.00540713 0 0 
-6.48538 0.393621 -0.0370409 -0.00157851 0.615306 -0.592912 -0.00157851 1.18101 1.18093 0.112665 0.112326 0.100356 0.00526891 0 0 
-6.48169 0.393661 -0.0371119 -0.00159424 0.615306 -0.592855 -0.00159424 1.18114 1.18105 0.112893 0.112555 0.0979062 0.00513541 0 0 
-6.47801 0.393702 -0.037183 -0.00161003 0.615306 -0.592799 -0.00161003 1.18126 1.18117 0.113121 0.112784 0.0955383 0.00500645 0 0 
-6.47432 0.393742 -0.0372542 -0.00162588 0.615305 -0.592744 -0.00162588 1.18138 1.18129 0.113349 0.113013 0.0932488 0.00488181 0 0 
-6.47064 0.393783 -0.0373255 -0.00164181 0.615305 -0.59269 -0.00164181 1.18151 1.18142 0.113578 0.113243 0.091034 0.00476129 0 0 
-6.46695 0.393825 -0.0373969 -0.00165779 0.615305 -0.592637 -0.00165779 1.18163 1.18154 0.113807 0.113473 0.0888908 0.00464472 0 0 
-6.46327 0.393866 -0.0374683 -0.00167385 0.615304 -0.592585 -0.00167385 1.18176 1.18167 0.114037 0.113704 0.0868161 0.00453193 0 0 
-6.45958 0.393908 -0.0375399 -0.00168997 0.615304 -0.592534 -0.00168997 1.18189 1.1818 0.114267 0.113935 0.0848073 0.00442277 0 0 
-6.4559 0.39395 -0.0376116 -0.00170615 0.615303 -0.592484 -0.00170615 1.18202 1.18193 0.114497 0.114167 0.0828616 0.00431709 0 0 
-6.45221 0.393992 -0.0376834 -0.00172241 0.615302 -0.592435 -0.00172241 1.18214 1.18205 0.114728 0.114398 0.0809761 0.00421473 0 0 
-6.44853 0.394035 -0.0377553 -0.00173872 0.615301 -0.592387 -0.00173872 1.18227 1.18218 0.11496 0.114631 0.0791484 0.00411555 0 0 
-6.44484 0.394078 -0.0378273 -0.00175511 0.6153 -0.59234 -0.00175511 1.1824 1.18231 0.115191 0.114863 0.0773763 0.00401943 0 0 
-6.44116 0.394121 -0.0378993 -0.00177156 0.615299 -0.592293 -0.00177156 1.18253 1.18244 0.115424 0.115097 0.0756577 0.00392626 0 0 
-6.43747 0.394164 -0.0379715 -0.00178809 0.615298 -0.592248 -0.00178809 1.18267 1.18257 0.115656 0.11533 0.0739904 0.00383592 0 0 
-6.43379 0.394208 -0.0380438 -0.00180467 0.615297 -0.592204 -0.00180467 1.1828 1.18271 0.115889 0.115564 0.0723723 0.00374828 0 0 
-6.4301 0.394252 -0.0381162 -0.00182133 0.615295 -0.592161 -0.00182133 1.18293 1.18284 0.116123 0.115798 0.0708014 0.00366324 0 0 
-6.42642 0.394296 -0.0381887 -0.00183806 0.615294 -0.592118 -0.00183806 1.18307 1.18297 0.116356 0.116033 0.0692761 0.00358071 0 0 
-6.42273 0.39434 -0.0382613 -0.00185485 0.615292 -0.592077 -0.00185485 1.1832 1.18311 0.116591 0.116269 0.0677947 0.00350059 0 0 
-6.41905 0.394385 -0.038334 -0.00187171 0.615291 -0.592036 -0.00187171 1.18334 1.18324 0.116826 0.116504 0.0663555 0.00342279 0 0 
-6.41536 0.39443 -0.0384068 -0.00188864 0.615289 -0.591996 -0.00188864 1.18348 1.18338 0.117061 0.11674 0.0649568 0.00334722 0 0 
-6.41168 0.394475 -0.0384796 -0.00190564 0.615287 -0.591957 -0.00190564 1.18361 1.18352 0.117296 0.116977 0.0635972 0.0032738 0 0 
-6.40799 0.394521 -0.0385526 -0.0019227 0.615285 -0.591919 -0.0019227 1.18375 1.18366 0.117532 0.117214 0.0622753 0.00320245 0 0 
-6.40431 0.394566 -0.0386257 -0.00193984 0.615283 -0.591882 -0.00193984 1.18389 1.1838 0.117769 0.117451 0.0609898 0.00313311 0 0 
-6.40062 0.394612 -0.0386989 -0.00195704 0.615281 -0.591845 -0.00195704 1.18403 1.18394 0.118006 0.117689 0.0597394 0.00306568 0 0 
-6.39694 0.394659 -0.0387722 -0.00197432 0.615278 -0.59181 -0.00197432 1.18417 1.18408 0.118243 0.117927 0.0585228 0.00300012 0 0 
-6.39325 0.394705 -0.0388457 -0.00199166 0.615276 -0.591775 -0.00199166 1.18432 1.18422 0.118481 0.118166 0.0573388 0.00293634 0 0 
-6.38957 0.394752 -0.0389192 -0.00200908 0.615273 -0.591741 -0.00200908 1.18446 1.18436 0.118719 0.118405 0.0561862 0.00287429 0 0 
-6.38589 0.3948 -0.0389928 -0.00202656 0.61527 -0.591708 -0.00202656 1.1846 1.18451 0.118958 0.118645 0.0550642 0.00281392 0 0 
-6.3822 0.394847 -0.0390665 -0.00204412 0.615268 -0.591675 -0.00204412 1.18475 1.18465 0.119197 0.118885 0.0539716 0.00275516 0 0 
-6.37852 0.394895 -0.0391403 -0.00206175 0.615265 -0.591643 -0.00206175 1.18489 1.1848 0.119437 0.119125 0.0529074 0.00269795 0 0 
-6.37483 0.394943 -0.0392143 -0.00207944 0.615262 -0.591613 -0.00207944 1.18504 1.18494 0.119677 0.119366 0.0518706 0.00264225 0 0 
-6.37115 0.394992 -0.0392883 -0.00209721 0.615258 -0.591582 -0.00209721 1.18519 1.18509 0.119917 0.119608 0.0508604 0.00258801 0 0 
-6.36746 0.395041 -0.0393624 -0.00211505 0.615255 -0.591553 -0.00211505 1.18534 1.18524 0.120158 0.11985 0.0498759 0.00253517 0 0 
-6.36378 0.39509 -0.0394367 -0.00213296 0.615251 -0.591524 -0.00213296 1.18549 1.18539 0.120399 0.120092 0.0489163 0.0024837 0 0 
-6.36009 0.395139 -0.039511 -0.00215094 0.615248 -0.591496 -0.00215094 1.18564 1.18554 0.120641 0.120335 0.0479808 0.00243355 0 0 
-6.35641 0.395189 -0.0395855 -0.002169 0.615244 -0.591469 -0.002169 1.18579 1.18569 0.120884 0.120578 0.0470686 0.00238467 0 0 
-6.35272 0.395239 -0.03966 -0.00218712 0.61524 -0.591442 -0.00218712 1.18594 1.18584 0.121126 0.120822 0.0461789 0.00233703 0 0 
-6.34904 0.395289 -0.0397347 -0.00220532 0.615236 -0.591416 -0.00220532 1.1861 1.18599 0.12137 0.121066 0.0453112 0.00229059 0 0 
-6.34535 0.39534 -0.0398095 -0.00222359 0.615232 -0.591391 -0.00222359 1.18625 1.18615 0.121613 0.12131 0.0444647 0.00224531 0 0 
-6.34167 0.395391 -0.0398843 -0.00224194 0.615228 -0.591367 -0.00224194 1.18641 1.1863 0.121857 0.121555 0.0436387 0.00220115 0 0 
-6.33798 0.395442 -0.0399593 -0.00226036 0.615223 -0.591343 -0.00226036 1.18656 1.18646 0.122102 0.121801 0.0428327 0.00215808 0 0 
-6.3343 0.395494 -0.0400344 -0.00227885 0.615218 -0.59132 -0.00227885 1.18672 1.18662 0.122347 0.122047 0.042046 0.00211606 0 0 
-6.33061 0.395546 -0.0401096 -0.00229741 0.615214 -0.591297 -0.00229741 1.18688 1.18678 0.122593 0.122293 0.0412781 0.00207507 0 0 
-6.32693 0.395598 -0.0401849 -0.00231605 0.615209 -0.591275 -0.00231605 1.18704 1.18694 0.122839 0.12254 0.0405284 0.00203508 0 0 
-6.32324 0.395651 -0.0402603 -0.00233476 0.615204 -0.591254 -0.00233476 1.1872 1.1871 0.123085 0.122788 0.0397963 0.00199605 0 0 
-6.31956 0.395704 -0.0403358 -0.00235355 0.615199 -0.591233 -0.00235355 1.18736 1.18726 0.123332 0.123035 0.0390814 0.00195796 0 0 
-6.31587 0.395757 -0.0404115 -0.00237241 0.615193 -0.591213 -0.00237241 1.18752 1.18742 0.12358 0.123284 0.0383832 0.00192077 0 0 
-6.31219 0.395811 -0.0404872 -0.00239134 0.615188 -0.591194 -0.00239134 1.18769 1.18758 0.123827 0.123532 0.0377012 0.00188447 0 0 
-6.3085 0.395865 -0.040563 -0.00241035 0.615182 -0.591175 -0.00241035 1.18785 1.18775 0.124076 0.123782 0.037035 0.00184903 0 0 
-6.30482 0.395919 -0.040639 -0.00242944 0.615176 -0.591157 -0.00242944 1.18802 1.18791 0.124325 0.124031 0.036384 0.00181442 0 0 
-6.30113 0.395974 -0.040715 -0.0024486 0.61517 -0.591139 -0.0024486 1.18818 1.18808 0.124574 0.124282 0.0357479 0.00178061 0 0 
-6.29745 0.396029 -0.0407912 -0.00246783 0.615164 -0.591122 -0.00246783 1.18835 1.18825 0.124824 0.124532 0.0351262 0.0017476 0 0 
-6.29376 0.396084 -0.0408675 -0.00248714 0.615158 -0.591106 -0.00248714 1.18852 1.18841 0.125074 0.124783 0.0345187 0.00171535 0 0 
-6.29008 0.39614 -0.0409439 -0.00250653 0.615152 -0.59109 -0.00250653 1.18869 1.18858 0.125325 0.125035 0.0339248 0.00168384 0 0 
-6.28639 0.396196 -0.0410203 -0.002526 0.615145 -0.591075 -0.002526 1.18886 1.18876 0.125576 0.125287 0.0333442 0.00165306 0 0 
-6.28271 0.396252 -0.0410969 -0.00254554 0.615138 -0.59106 -0.00254554 1.18903 1.18893 0.125828 0.12554 0.0327766 0.00162298 0 0 
-6.27902 0.396309 -0.0411736 -0.00256516 0.615132 -0.591046 -0.00256516 1.18921 1.1891 0.12608 0.125793 0.0322216 0.00159359 0 0 
-6.27534 0.396366 -0.0412505 -0.00258485 0.615125 -0.591032 -0.00258485 1.18938 1.18927 0.126333 0.126046 0.0316788 0.00156486 0 0 
-6.27165 0.396423 -0.0413274 -0.00260462 0.615117 -0.591019 -0.00260462 1.18956 1.18945 0.126586 0.1263 0.0311481 0.00153678 0 0 
-6.26797 0.396481 -0.0414044 -0.00262447 0.61511 -0.591006 -0.00262447 1.18973 1.18962 0.126839 0.126555 0.0306289 0.00150934 0 0 
-6.26428 0.396539 -0.0414815 -0.0026444 0.615103 -0.590994 -0.0026444 1.18991 1.1898 0.127094 0.12681 0.0301211 0.0014825 0 0 
-6.2606 0.396597 -0.0415588 -0.00266441 0.615095 -0.590982 -0.00266441 1.19009 1.18998 0.127348 0.127065 0.0296244 0.00145627 0 0 
-6.25691 0.396656 -0.0416361 -0.00268449 0.615087 -0.590971 -0.00268449 1.19027 1.19016 0.127603 0.127321 0.0291385 0.00143062 0 0 
-6.25323 0.396715 -0.0417136 -0.00270465 0.615079 -0.59096 -0.00270465 1.19045 1.19034 0.127859 0.127578 0.028663 0.00140554 0 0 
-6.24954 0.396775 -0.0417912 -0.0027249 0.615071 -0.59095 -0.0027249 1.19063 1.19052 0.128115 0.127835 0.0281978 0.00138101 0 0 
-6.24586 0.396835 -0.0418689 -0.00274522 0.615063 -0.59094 -0.00274522 1.19081 1.1907 0.128372 0.128092 0.0277426 0.00135702 0 0 
-6.24218 0.396895 -0.0419467 -0.00276562 0.615054 -0.590931 -0.00276562 1.191 1.19089 0.128629 0.12835 0.0272971 0.00133356 0 0 
-6.23849 0.396956 -0.0420246 -0.0027861 0.615046 -0.590922 -0.0027861 1.19118 1.19107 0.128887 0.128609 0.0268611 0.00131061 0 0 
-6.23481 0.397017 -0.0421026 -0.00280666 0.615037 -0.590914 -0.00280666 1.19137 1.19126 0.129145 0.128868 0.0264343 0.00128816 0 0 
-6.23112 0.397078 -0.0421807 -0.0028273 0.615028 -0.590906 -0.0028273 1.19156 1.19145 0.129403 0.129127 0.0260167 0.00126619 0 0 
-6.22744 0.39714 -0.0422589 -0.00284802 0.615019 -0.590899 -0.00284802 1.19175 1.19163 0.129662 0.129387 0.0256078 0.0012447 0 0 
-6.22375 0.397202 -0.0423373 -0.00286882 0.61501 -0.590892 -0.00286882 1.19194 1.19182 0.129922 0.129648 0.0252075 0.00122368 0 0 
-6.22007 0.397264 -0.0424157 -0.0028897 0.615001 -0.590885 -0.0028897 1.19213 1.19201 0.130182 0.129909 0.0248156 0.00120311 0 0 
-6.21638 0.397327 -0.0424943 -0.00291066 0.614991 -0.590879 -0.00291066 1.19232 1.19221 0.130443 0.13017 0.024432 0.00118298 0 0 
-6.2127 0.39739 -0.042573 -0.0029317 0.614981 -0.590873 -0.0029317 1.19251 1.1924 0.130704 0.130432 0.0240564 0.00116328 0 0 
-6.20901 0.397454 -0.0426517 -0.00295283 0.614971 -0.590868 -0.00295283 1.19271 1.19259 0.130966 0.130695 0.0236885 0.001144 0 0 
-6.20533 0.397517 -0.0427306 -0.00297404 0.614961 -0.590863 -0.00297404 1.1929 1.19279 0.131228 0.130958 0.0233284 0.00112513 0 0 
-6.20164 0.397582 -0.0428096 -0.00299533 0.614951 -0.590859 -0.00299533 1.1931 1.19298 0.13149 0.131221 0.0229757 0.00110666 0 0 
-6.19796 0.397646 -0.0428887 -0.0030167 0.614941 -0.590855 -0.0030167 1.1933 1.19318 0.131754 0.131485 0.0226303 0.00108858 0 0 
-6.19427 0.397711 -0.042968 -0.00303816 0.61493 -0.590851 -0.00303816 1.1935 1.19338 0.132017 0.13175 0.022292 0.00107089 0 0 
-6.19059 0.397777 -0.0430473 -0.00305969 0.61492 -0.590848 -0.00305969 1.1937 1.19358 0.132282 0.132015 0.0219607 0.00105356 0 0 
-6.1869 0.397842 -0.0431267 -0.00308132 0.614909 -0.590845 -0.00308132 1.1939 1.19378 0.132546 0.13228 0.0216361 0.00103661 0 0 
-6.18322 0.397908 -0.0432063 -0.00310302 0.614898 -0.590842 -0.00310302 1.1941 1.19398 0.132811 0.132546 0.0213183 0.00102 0 0 
-6.17953 0.397975 -0.0432859 -0.00312481 0.614887 -0.59084 -0.00312481 1.1943 1.19419 0.133077 0.132813 0.021007 0.00100375 0 0 
-6.17585 0.398042 -0.0433657 -0.00314668 0.614875 -0.590838 -0.00314668 1.19451 1.19439 0.133344 0.13308 0.020702 0.000987832 0 0 
-6.17216 0.398109 -0.0434456 -0.00316864 0.614864 -0.590837 -0.00316864 1.19471 1.1946 0.13361 0.133347 0.0204032 0.000972248 0 0 
-6.16848 0.398176 -0.0435256 -0.00319068 0.614852 -0.590836 -0.00319068 1.19492 1.1948 0.133878 0.133615 0.0201105 0.000956988 0 0 
-6.16479 0.398244 -0.0436057 -0.00321281 0.614841 -0.590835 -0.00321281 1.19513 1.19501 0.134145 0.133884 0.0198238 0.000942045 0 0 
-6.16111 0.398313 -0.0436859 -0.00323502 0.614829 -0.590834 -0.00323502 1.19534 1.19522 0.134414 0.134153 0.0195429 0.000927412 0 0 
-6.15742 0.398381 -0.0437662 -0.00325732 0.614816 -0.590834 -0.00325732 1.19555 1.19543 0.134683 0.134423 0.0192677 0.000913081 0 0 
-6.15374 0.398451 -0.0438466 -0.0032797 0.614804 -0.590834 -0.0032797 1.19576 1.19564 0.134952 0.134693 0.018998 0.000899047 0 0 
-6.15005 0.39852 -0.0439272 -0.00330217 0.614792 -0.590835 -0.00330217 1.19597 1.19585 0.135222 0.134964 0.0187338 0.000885301 0 0 
-6.14637 0.39859 -0.0440078 -0.00332473 0.614779 -0.590836 -0.00332473 1.19619 1.19607 0.135493 0.135235 0.018475 0.000871839 0 0 
-6.14268 0.39866 -0.0440886 -0.00334737 0.614766 -0.590837 -0.00334737 1.1964 1.19628 0.135764 0.135507 0.0182213 0.000858653 0 0 
-6.139 0.398731 -0.0441695 -0.0033701 0.614753 -0.590839 -0.0033701 1.19662 1.1965 0.136035 0.135779 0.0179728 0.000845738 0 0 
-6.13531 0.398802 -0.0442505 -0.00339291 0.61474 -0.59084 -0.00339291 1.19684 1.19671 0.136307 0.136052 0.0177293 0.000833087 0 0 
-6.13163 0.398873 -0.0443315 -0.00341582 0.614727 -0.590843 -0.00341582 1.19705 1.19693 0.13658 0.136325 0.0174906 0.000820695 0 0 
-6.12794 0.398945 -0.0444127 -0.00343881 0.614714 -0.590845 -0.00343881 1.19727 1.19715 0.136853 0.136599 0.0172568 0.000808556 0 0 
-6.12426 0.399017 -0.0444941 -0.00346189 0.6147 -0.590848 -0.00346189 1.1975 1.19737 0.137127 0.136874 0.0170277 0.000796665 0 0 
-6.12057 0.399089 -0.0445755 -0.00348505 0.614687 -0.590851 -0.00348505 1.19772 1.1976 0.137401 0.137149 0.0168031 0.000785016 0 0 
-6.11689 0.399162 -0.044657 -0.00350831 0.614673 -0.590854 -0.00350831 1.19794 1.19782 0.137675 0.137424 0.0165831 0.000773604 0 0 
-6.1132 0.399236 -0.0447386 -0.00353165 0.614659 -0.590857 -0.00353165 1.19817 1.19804 0.137951 0.1377 0.0163674 0.000762424 0 0 
-6.10952 0.399309 -0.0448204 -0.00355509 0.614644 -0.590861 -0.00355509 1.19839 1.19827 0.138227 0.137977 0.0161561 0.00075147 0 0 
-6.10583 0.399383 -0.0449023 -0.00357861 0.61463 -0.590865 -0.00357861 1.19862 1.1985 0.138503 0.138254 0.015949 0.000740739 0 0 
-6.10215 0.399458 -0.0449842 -0.00360222 0.614616 -0.59087 -0.00360222 1.19885 1.19872 0.13878 0.138532 0.0157461 0.000730225 0 0 
-6.09847 0.399532 -0.0450663 -0.00362593 0.614601 -0.590874 -0.00362593 1.19908 1.19895 0.139057 0.13881 0.0155472 0.000719924 0 0 
-6.09478 0.399608 -0.0451485 -0.00364972 0.614586 -0.590879 -0.00364972 1.19931 1.19918 0.139335 0.139088 0.0153523 0.000709831 0 0 
-6.0911 0.399683 -0.0452308 -0.0036736 0.614571 -0.590884 -0.0036736 1.19954 1.19941 0.139614 0.139368 0.0151613 0.000699941 0 0 
-6.08741 0.399759 -0.0453132 -0.00369758 0.614556 -0.59089 -0.00369758 1.19977 1.19965 0.139893 0.139648 0.0149741 0.000690251 0 0 
-6.08373 0.399835 -0.0453957 -0.00372164 0.614541 -0.590895 -0.00372164 1.20001 1.19988 0.140172 0.139928 0.0147907 0.000680757 0 0 
-6.08004 0.399912 -0.0454783 -0.0037458 0.614525 -0.590901 -0.0037458 1.20024 1.20012 0.140452 0.140209 0.0146109 0.000671453 0 0 
-6.07636 0.399989 -0.0455611 -0.00377005 0.61451 -0.590907 -0.00377005 1.20048 1.20035 0.140733 0.14049 0.0144347 0.000662336 0 0 
-6.07267 0.400067 -0.0456439 -0.00379439 0.614494 -0.590913 -0.00379439 1.20072 1.20059 0.141014 0.140772 0.0142621 0.000653403 0 0 
-6.06899 0.400145 -0.0457269 -0.00381882 0.614478 -0.59092 -0.00381882 1.20096 1.20083 0.141296 0.141055 0.0140929 0.000644649 0 0 
-6.0653 0.400223 -0.0458099 -0.00384335 0.614462 -0.590927 -0.00384335 1.2012 1.20107 0.141579 0.141338 0.0139271 0.00063607 0 0 
-6.06162 0.400301 -0.0458931 -0.00386797 0.614446 -0.590934 -0.00386797 1.20144 1.20131 0.141862 0.141622 0.0137646 0.000627664 0 0 
-6.05793 0.400381 -0.0459764 -0.00389268 0.61443 -0.590941 -0.00389268 1.20168 1.20155 0.142145 0.141906 0.0136054 0.000619425 0 0 
-6.05425 0.40046 -0.0460598 -0.00391748 0.614413 -0.590948 -0.00391748 1.20193 1.2018 0.142429 0.142191 0.0134493 0.000611352 0 0 
-6.05056 0.40054 -0.0461433 -0.00394238 0.614397 -0.590956 -0.00394238 1.20217 1.20204 0.142714 0.142476 0.0132964 0.000603441 0 0 
-6.04688 0.40062 -0.0462269 -0.00396738 0.61438 -0.590964 -0.00396738 1.20242 1.20229 0.142999 0.142762 0.0131466 0.000595687 0 0 
-6.04319 0.400701 -0.0463106 -0.00399246 0.614363 -0.590972 -0.00399246 1.20266 1.20254 0.143284 0.143048 0.0129997 0.000588088 0 0 
-6.03951 0.400782 -0.0463944 -0.00401765 0.614346 -0.59098 -0.00401765 1.20291 1.20278 0.143571 0.143335 0.0128558 0.000580641 0 0 
-6.03582 0.400863 -0.0464783 -0.00404292 0.614329 -0.590989 -0.00404292 1.20316 1.20303 0.143858 0.143623 0.0127148 0.000573343 0 0 
-6.03214 0.400945 -0.0465624 -0.0040683 0.614311 -0.590997 -0.0040683 1.20342 1.20329 0.144145 0.143911 0.0125767 0.00056619 0 0 
-6.02845 0.401027 -0.0466465 -0.00409376 0.614294 -0.591006 -0.00409376 1.20367 1.20354 0.144433 0.144199 0.0124413 0.000559179 0 0 
-6.02477 0.401109 -0.0467308 -0.00411933 0.614276 -0.591015 -0.00411933 1.20392 1.20379 0.144721 0.144489 0.0123087 0.000552308 0 0 
-6.02108 0.401192 -0.0468151 -0.00414499 0.614258 -0.591024 -0.00414499 1.20418 1.20405 0.14501 0.144778 0.0121787 0.000545574 0 0 
-6.0174 0.401276 -0.0468996 -0.00417075 0.61424 -0.591033 -0.00417075 1.20443 1.2043 0.1453 0.145069 0.0120514 0.000538974 0 0 
-6.01371 0.401359 -0.0469842 -0.0041966 0.614222 -0.591043 -0.0041966 1.20469 1.20456 0.14559 0.14536 0.0119267 0.000532505 0 0 
-6.01003 0.401443 -0.0470688 -0.00422255 0.614204 -0.591053 -0.00422255 1.20495 1.20482 0.145881 0.145651 0.0118044 0.000526165 0 0 
-6.00634 0.401528 -0.0471536 -0.0042486 0.614186 -0.591062 -0.0042486 1.20521 1.20508 0.146172 0.145943 0.0116847 0.000519951 0 0 
-6.00266 0.401613 -0.0472385 -0.00427474 0.614167 -0.591072 -0.00427474 1.20547 1.20534 0.146464 0.146236 0.0115674 0.00051386 0 0 
-5.99897 0.401698 -0.0473235 -0.00430099 0.614148 -0.591083 -0.00430099 1.20573 1.2056 0.146757 0.146529 0.0114525 0.00050789 0 0 
-5.99529 0.401784 -0.0474087 -0.00432733 0.61413 -0.591093 -0.00432733 1.206 1.20586 0.14705 0.146823 0.0113399 0.000502038 0 0 
-5.9916 0.40187 -0.0474939 -0.00435377 0.614111 -0.591103 -0.00435377 1.20626 1.20613 0.147343 0.147117 0.0112296 0.000496302 0 0 
-5.98792 0.401956 -0.0475792 -0.00438031 0.614092 -0.591114 -0.00438031 1.20653 1.20639 0.147638 0.147412 0.0111216 0.00049068 0 0 
-5.98423 0.402043 -0.0476646 -0.00440695 0.614072 -0.591125 -0.00440695 1.2068 1.20666 0.147932 0.147707 0.0110158 0.00048517 0 0 
-5.98055 0.40213 -0.0477502 -0.00443369 0.614053 -0.591136 -0.00443369 1.20706 1.20693 0.148228 0.148003 0.0109121 0.000479768 0 0 
-5.97686 0.402218 -0.0478358 -0.00446053 0.614034 -0.591147 -0.00446053 1.20733 1.2072 0.148524 0.1483 0.0108106 0.000474473 0 0 
-5.97318 0.402306 -0.0479215 -0.00448747 0.614014 -0.591158 -0.00448747 1.20761 1.20747 0.14882 0.148597 0.0107112 0.000469283 0 0 
-5.96949 0.402394 -0.0480074 -0.00451451 0.613994 -0.591169 -0.00451451 1.20788 1.20774 0.149117 0.148895 0.0106139 0.000464196 0 0 
-5.96581 0.402483 -0.0480934 -0.00454165 0.613974 -0.591181 -0.00454165 1.20815 1.20802 0.149415 0.149193 0.0105185 0.000459209 0 0 
-5.96212 0.402572 -0.0481794 -0.00456889 0.613954 -0.591193 -0.00456889 1.20843 1.20829 0.149713 0.149492 0.0104252 0.00045432 0 0 
-5.95844 0.402662 -0.0482656 -0.00459623 0.613934 -0.591204 -0.00459623 1.2087 1.20857 0.150012 0.149792 0.0103338 0.000449528 0 0 
-5.95475 0.402752 -0.0483519 -0.00462368 0.613914 -0.591216 -0.00462368 1.20898 1.20884 0.150311 0.150092 0.0102442 0.00044483 0 0 
-5.95107 0.402842 -0.0484382 -0.00465122 0.613893 -0.591228 -0.00465122 1.20926 1.20912 0.150611 0.150393 0.0101566 0.000440225 0 0 
-5.94739 0.402933 -0.0485247 -0.00467887 0.613873 -0.59124 -0.00467887 1.20954 1.2094 0.150912 0.150694 0.0100708 0.000435711 0 0 
-5.9437 0.403024 -0.0486113 -0.00470662 0.613852 -0.591253 -0.00470662 1.20982 1.20968 0.151213 0.150996 0.00998677 0.000431286 0 0 
-5.94002 0.403116 -0.048698 -0.00473448 0.613831 -0.591265 -0.00473448 1.2101 1.20997 0.151515 0.151298 0.00990453 0.000426947 0 0 
-5.93633 0.403208 -0.0487848 -0.00476244 0.61381 -0.591277 -0.00476244 1.21039 1.21025 0.151817 0.151601 0.00982402 0.000422694 0 0 
-5.93265 0.4033 -0.0488717 -0.0047905 0.613789 -0.59129 -0.0047905 1.21067 1.21053 0.15212 0.151905 0.00974522 0.000418525 0 0 
-5.92896 0.403393 -0.0489587 -0.00481867 0.613768 -0.591303 -0.00481867 1.21096 1.21082 0.152424 0.152209 0.00966809 0.000414437 0 0 
-5.92528 0.403486 -0.0490458 -0.00484694 0.613747 -0.591315 -0.00484694 1.21125 1.21111 0.152728 0.152514 0.0095926 0.00041043 0 0 
-5.92159 0.403579 -0.049133 -0.00487531 0.613725 -0.591328 -0.00487531 1.21153 1.2114 0.153032 0.152819 0.00951872 0.000406501 0 0 
-5.91791 0.403673 -0.0492203 -0.00490379 0.613704 -0.591341 -0.00490379 1.21182 1.21169 0.153338 0.153125 0.00944643 0.000402649 0 0 
-5.91422 0.403768 -0.0493077 -0.00493238 0.613682 -0.591354 -0.00493238 1.21212 1.21198 0.153644 0.153431 0.00937568 0.000398872 0 0 
-5.91054 0.403862 -0.0493953 -0.00496107 0.61366 -0.591367 -0.00496107 1.21241 1.21227 0.15395 0.153739 0.00930646 0.00039517 0 0 
-5.90685 0.403957 -0.0494829 -0.00498987 0.613638 -0.591381 -0.00498987 1.2127 1.21256 0.154257 0.154046 0.00923874 0.000391539 0 0 
-5.90317 0.404053 -0.0495706 -0.00501877 0.613616 -0.591394 -0.00501877 1.213 1.21286 0.154565 0.154355 0.00917249 0.00038798 0 0 
-5.89948 0.404149 -0.0496584 -0.00504778 0.613594 -0.591408 -0.00504778 1.21329 1.21315 0.154873 0.154664 0.00910768 0.00038449 0 0 
-5.8958 0.404245 -0.0497464 -0.0050769 0.613572 -0.591421 -0.0050769 1.21359 1.21345 0.155182 0.154973 0.00904428 0.000381068 0 0 
-5.89211 0.404342 -0.0498344 -0.00510613 0.613549 -0.591435 -0.00510613 1.21389 1.21375 0.155491 0.155283 0.00898227 0.000377712 0 0 
-5.88843 0.404439 -0.0499225 -0.00513546 0.613527 -0.591448 -0.00513546 1.21419 1.21405 0.155802 0.155594 0.00892163 0.000374422 0 0 
-5.88474 0.404536 -0.0500107 -0.0051649 0.613504 -0.591462 -0.0051649 1.21449 1.21435 0.156112 0.155905 0.00886233 0.000371195 0 0 
-5.88106 0.404634 -0.0500991 -0.00519445 0.613481 -0.591476 -0.00519445 1.2148 1.21465 0.156423 0.156217 0.00880434 0.000368031 0 0 
-5.87737 0.404733 -0.0501875 -0.00522411 0.613458 -0.59149 -0.00522411 1.2151 1.21496 0.156735 0.15653 0.00874764 0.000364929 0 0 
-5.87369 0.404831 -0.050276 -0.00525387 0.613435 -0.591504 -0.00525387 1.2154 1.21526 0.157048 0.156843 0.00869221 0.000361886 0 0 
-5.87 0.40493 -0.0503647 -0.00528375 0.613412 -0.591518 -0.00528375 1.21571 1.21557 0.157361 0.157157 0.00863802 0.000358902 0 0 
-5.86632 0.40503 -0.0504534 -0.00531374 0.613389 -0.591532 -0.00531374 1.21602 1.21588 0.157675 0.157471 0.00858506 0.000355975 0 0 
-5.86263 0.40513 -0.0505422 -0.00534383 0.613365 -0.591546 -0.00534383 1.21633 1.21618 0.157989 0.157786 0.00853329 0.000353105 0 0 
-5.85895 0.40523 -0.0506311 -0.00537404 0.613342 -0.591561 -0.00537404 1.21664 1.21649 0.158304 0.158101 0.0084827 0.00035029 0 0 
-5.85526 0.40533 -0.0507202 -0.00540435 0.613318 -0.591575 -0.00540435 1.21695 1.21681 0.158619 0.158418 0.00843326 0.000347529 0 0 
-5.85158 0.405432 -0.0508093 -0.00543478 0.613294 -0.59159 -0.00543478 1.21726 1.21712 0.158936 0.158734 0.00838496 0.000344821 0 0 
-5.84789 0.405533 -0.0508985 -0.00546532 0.613271 -0.591604 -0.00546532 1.21758 1.21743 0.159252 0.159052 0.00833777 0.000342164 0 0 
-5.84421 0.405635 -0.0509878 -0.00549597 0.613247 -0.591619 -0.00549597 1.21789 1.21775 0.15957 0.15937 0.00829168 0.000339559 0 0 
-5.84052 0.405737 -0.0510773 -0.00552673 0.613223 -0.591633 -0.00552673 1.21821 1.21806 0.159888 0.159688 0.00824665 0.000337002 0 0 
-5.83684 0.40584 -0.0511668 -0.00555761 0.613198 -0.591648 -0.00555761 1.21853 1.21838 0.160206 0.160008 0.00820268 0.000334494 0 0 
-5.83315 0.405943 -0.0512564 -0.0055886 0.613174 -0.591662 -0.0055886 1.21885 1.2187 0.160526 0.160327 0.00815975 0.000332034 0 0 
-5.82947 0.406046 -0.0513461 -0.0056197 0.61315 -0.591677 -0.0056197 1.21917 1.21902 0.160845 0.160648 0.00811782 0.00032962 0 0 
-5.82578 0.40615 -0.0514359 -0.00565091 0.613125 -0.591692 -0.00565091 1.21949 1.21934 0.161166 0.160969 0.0080769 0.000327252 0 0 
-5.8221 0.406254 -0.0515258 -0.00568224 0.613101 -0.591707 -0.00568224 1.21981 1.21967 0.161487 0.161291 0.00803695 0.000324928 0 0 
-5.81841 0.406359 -0.0516158 -0.00571368 0.613076 -0.591722 -0.00571368 1.22014 1.21999 0.161809 0.161613 0.00799796 0.000322648 0 0 
-5.81473 0.406464 -0.0517059 -0.00574524 0.613051 -0.591737 -0.00574524 1.22047 1.22032 0.162131 0.161936 0.00795991 0.00032041 0 0 
-5.81104 0.406569 -0.0517961 -0.00577691 0.613026 -0.591752 -0.00577691 1.22079 1.22064 0.162454 0.16226 0.00792279 0.000318214 0 0 
-5.80736 0.406675 -0.0518864 -0.0058087 0.613001 -0.591767 -0.0058087 1.22112 1.22097 0.162778 0.162584 0.00788657 0.000316059 0 0 
-5.80368 0.406782 -0.0519768 -0.0058406 0.612976 -0.591782 -0.0058406 1.22145 1.2213 0.163102 0.162908 0.00785124 0.000313943 0 0 
-5.79999 0.406888 -0.0520673 -0.00587262 0.612951 -0.591797 -0.00587262 1.22178 1.22163 0.163427 0.163234 0.00781679 0.000311867 0 0 
-5.79631 0.406995 -0.0521578 -0.00590475 0.612926 -0.591812 -0.00590475 1.22211 1.22196 0.163752 0.16356 0.00778319 0.000309828 0 0 
-5.79262 0.407103 -0.0522485 -0.005937 0.6129 -0.591827 -0.005937 1.22245 1.2223 0.164078 0.163887 0.00775044 0.000307828 0 0 
-5.78894 0.40721 -0.0523393 -0.00596937 0.612875 -0.591842 -0.00596937 1.22278 1.22263 0.164405 0.164214 0.00771851 0.000305863 0 0 
-5.78525 0.407319 -0.0524301 -0.00600185 0.612849 -0.591858 -0.00600185 1.22312 1.22297 0.164732 0.164542 0.0076874 0.000303934 0 0 
-5.78157 0.407427 -0.0525211 -0.00603445 0.612824 -0.591873 -0.00603445 1.22346 1.22331 0.16506 0.16487 0.00765708 0.00030204 0 0 
-5.77788 0.407536 -0.0526121 -0.00606717 0.612798 -0.591888 -0.00606717 1.2238 1.22365 0.165389 0.1652 0.00762753 0.00030018 0 0 
-5.7742 0.407646 -0.0527032 -0.00610001 0.612772 -0.591903 -0.00610001 1.22414 1.22399 0.165718 0.165529 0.00759876 0.000298354 0 0 
-5.77051 0.407756 -0.0527944 -0.00613297 0.612746 -0.591919 -0.00613297 1.22448 1.22433 0.166048 0.16586 0.00757074 0.00029656 0 0 
-5.76683 0.407866 -0.0528858 -0.00616604 0.61272 -0.591934 -0.00616604 1.22482 1.22467 0.166378 0.166191 0.00754345 0.000294798 0 0 
-5.76314 0.407977 -0.0529772 -0.00619924 0.612694 -0.591949 -0.00619924 1.22517 1.22501 0.166709 0.166523 0.00751689 0.000293067 0 0 
-5.75946 0.408088 -0.0530687 -0.00623255 0.612668 -0.591965 -0.00623255 1.22551 1.22536 0.167041 0.166855 0.00749103 0.000291366 0 0 
-5.75577 0.408199 -0.0531603 -0.00626598 0.612641 -0.59198 -0.00626598 1.22586 1.22571 0.167374 0.167188 0.00746588 0.000289695 0 0 
-5.75209 0.408311 -0.0532519 -0.00629954 0.612615 -0.591996 -0.00629954 1.22621 1.22605 0.167707 0.167522 0.00744141 0.000288053 0 0 
-5.7484 0.408423 -0.0533437 -0.00633321 0.612588 -0.592011 -0.00633321 1.22656 1.2264 0.16804 0.167856 0.0074176 0.000286439 0 0 
-5.74472 0.408536 -0.0534355 -0.00636701 0.612562 -0.592027 -0.00636701 1.22691 1.22675 0.168375 0.168191 0.00739446 0.000284853 0 0 
-5.74103 0.408649 -0.0535275 -0.00640093 0.612535 -0.592042 -0.00640093 1.22726 1.22711 0.16871 0.168526 0.00737196 0.000283294 0 0 
-5.73735 0.408762 -0.0536195 -0.00643497 0.612508 -0.592058 -0.00643497 1.22761 1.22746 0.169045 0.168863 0.00735009 0.000281761 0 0 
-5.73366 0.408876 -0.0537117 -0.00646913 0.612481 -0.592073 -0.00646913 1.22797 1.22781 0.169382 0.169199 0.00732885 0.000280254 0 0 
-5.72998 0.40899 -0.0538039 -0.00650341 0.612454 -0.592089 -0.00650341 1.22832 1.22817 0.169718 0.169537 0.00730821 0.000278773 0 0 
-5.72629 0.409105 -0.0538962 -0.00653782 0.612427 -0.592104 -0.00653782 1.22868 1.22853 0.170056 0.169875 0.00728817 0.000277315 0 0 
-5.72261 0.40922 -0.0539885 -0.00657235 0.6124 -0.59212 -0.00657235 1.22904 1.22889 0.170394 0.170214 0.00726871 0.000275882 0 0 
-5.71892 0.409336 -0.054081 -0.006607 0.612373 -0.592135 -0.006607 1.2294 1.22925 0.170733 0.170553 0.00724983 0.000274472 0 0 
-5.71524 0.409452 -0.0541736 -0.00664178 0.612346 -0.592151 -0.00664178 1.22976 1.22961 0.171073 0.170893 0.00723151 0.000273084 0 0 
-5.71155 0.409568 -0.0542662 -0.00667668 0.612318 -0.592167 -0.00667668 1.23013 1.22997 0.171413 0.171234 0.00721375 0.000271719 0 0 
-5.70787 0.409685 -0.0543589 -0.00671171 0.612291 -0.592182 -0.00671171 1.23049 1.23033 0.171754 0.171575 0.00719652 0.000270376 0 0 
-5.70418 0.409802 -0.0544518 -0.00674686 0.612263 -0.592198 -0.00674686 1.23086 1.2307 0.172095 0.171917 0.00717983 0.000269053 0 0 
-5.7005 0.409919 -0.0545447 -0.00678214 0.612236 -0.592213 -0.00678214 1.23122 1.23107 0.172437 0.17226 0.00716366 0.000267751 0 0 
-5.69681 0.410037 -0.0546376 -0.00681754 0.612208 -0.592229 -0.00681754 1.23159 1.23143 0.17278 0.172603 0.00714799 0.00026647 0 0 
-5.69313 0.410155 -0.0547307 -0.00685307 0.61218 -0.592245 -0.00685307 1.23196 1.2318 0.173123 0.172947 0.00713283 0.000265207 0 0 
-5.68944 0.410274 -0.0548239 -0.00688872 0.612152 -0.59226 -0.00688872 1.23233 1.23217 0.173467 0.173292 0.00711816 0.000263964 0 0 
-5.68576 0.410393 -0.0549171 -0.0069245 0.612125 -0.592276 -0.0069245 1.2327 1.23255 0.173812 0.173637 0.00710396 0.000262739 0 0 
-5.68207 0.410513 -0.0550104 -0.00696041 0.612097 -0.592291 -0.00696041 1.23308 1.23292 0.174157 0.173983 0.00709024 0.000261533 0 0 
-5.67839 0.410633 -0.0551038 -0.00699645 0.612069 -0.592307 -0.00699645 1.23345 1.23329 0.174503 0.17433 0.00707698 0.000260343 0 0 
-5.6747 0.410753 -0.0551973 -0.00703261 0.61204 -0.592322 -0.00703261 1.23383 1.23367 0.17485 0.174677 0.00706418 0.000259171 0 0 
-5.67102 0.410874 -0.0552909 -0.00706891 0.612012 -0.592338 -0.00706891 1.23421 1.23405 0.175198 0.175025 0.00705181 0.000258016 0 0 
-5.66733 0.410995 -0.0553845 -0.00710533 0.611984 -0.592354 -0.00710533 1.23459 1.23443 0.175546 0.175373 0.00703988 0.000256877 0 0 
-5.66365 0.411117 -0.0554782 -0.00714188 0.611956 -0.592369 -0.00714188 1.23497 1.23481 0.175894 0.175723 0.00702838 0.000255753 0 0 
-5.65997 0.411239 -0.055572 -0.00717856 0.611927 -0.592385 -0.00717856 1.23535 1.23519 0.176244 0.176073 0.00701729 0.000254645 0 0 
-5.65628 0.411361 -0.0556659 -0.00721537 0.611899 -0.5924 -0.00721537 1.23573 1.23557 0.176594 0.176423 0.00700661 0.000253552 0 0 
-5.6526 0.411484 -0.0557599 -0.0072523 0.61187 -0.592416 -0.0072523 1.23612 1.23596 0.176944 0.176774 0.00699633 0.000252473 0 0 
-5.64891 0.411607 -0.0558539 -0.00728937 0.611841 -0.592431 -0.00728937 1.2365 1.23634 0.177296 0.177126 0.00698645 0.000251408 0 0 
-5.64523 0.411731 -0.0559481 -0.00732657 0.611813 -0.592447 -0.00732657 1.23689 1.23673 0.177648 0.177479 0.00697694 0.000250356 0 0 
-5.64154 0.411855 -0.0560423 -0.00736391 0.611784 -0.592462 -0.00736391 1.23728 1.23712 0.178001 0.177832 0.00696781 0.000249318 0 0 
-5.63786 0.411979 -0.0561365 -0.00740137 0.611755 -0.592478 -0.00740137 1.23767 1.23751 0.178354 0.178186 0.00695905 0.000248293 0 0 
-5.63417 0.412104 -0.0562309 -0.00743896 0.611726 -0.592493 -0.00743896 1.23806 1.2379 0.178708 0.178541 0.00695065 0.00024728 0 0 
-5.63049 0.412229 -0.0563253 -0.00747669 0.611697 -0.592509 -0.00747669 1.23845 1.23829 0.179063 0.178896 0.00694261 0.00024628 0 0 
-5.6268 0.412355 -0.0564198 -0.00751455 0.611668 -0.592524 -0.00751455 1.23885 1.23869 0.179418 0.179252 0.00693491 0.000245291 0 0 
-5.62312 0.412481 -0.0565144 -0.00755254 0.611639 -0.592539 -0.00755254 1.23924 1.23908 0.179774 0.179608 0.00692754 0.000244313 0 0 
-5.61943 0.412607 -0.0566091 -0.00759067 0.61161 -0.592555 -0.00759067 1.23964 1.23948 0.180131 0.179966 0.00692051 0.000243346 0 0 
-5.61575 0.412734 -0.0567038 -0.00762893 0.611581 -0.59257 -0.00762893 1.24004 1.23988 0.180488 0.180323 0.0069138 0.00024239 0 0 
-5.61206 0.412862 -0.0567986 -0.00766733 0.611552 -0.592586 -0.00766733 1.24044 1.24028 0.180846 0.180682 0.00690741 0.000241445 0 0 
-5.60838 0.412989 -0.0568935 -0.00770585 0.611522 -0.592601 -0.00770585 1.24084 1.24068 0.181205 0.181041 0.00690132 0.000240509 0 0 
-5.60469 0.413117 -0.0569884 -0.00774452 0.611493 -0.592616 -0.00774452 1.24124 1.24108 0.181565 0.181401 0.00689554 0.000239583 0 0 
-5.60101 0.413246 -0.0570835 -0.00778332 0.611463 -0.592631 -0.00778332 1.24165 1.24148 0.181925 0.181762 0.00689006 0.000238666 0 0 
-5.59732 0.413375 -0.0571785 -0.00782225 0.611434 -0.592647 -0.00782225 1.24205 1.24189 0.182286 0.182123 0.00688487 0.000237758 0 0 
-5.59364 0.413504 -0.0572737 -0.00786132 0.611404 -0.592662 -0.00786132 1.24246 1.24229 0.182647 0.182485 0.00687996 0.000236859 0 0 
-5.58995 0.413634 -0.057369 -0.00790053 0.611375 -0.592677 -0.00790053 1.24287 1.2427 0.183009 0.182848 0.00687533 0.000235968 0 0 
-5.58627 0.413764 -0.0574643 -0.00793987 0.611345 -0.592692 -0.00793987 1.24328 1.24311 0.183372 0.183211 0.00687097 0.000235085 0 0 
-5.58258 0.413895 -0.0575596 -0.00797935 0.611315 -0.592708 -0.00797935 1.24369 1.24352 0.183736 0.183576 0.00686687 0.00023421 0 0 
-5.5789 0.414026 -0.0576551 -0.00801897 0.611286 -0.592723 -0.00801897 1.2441 1.24394 0.1841 0.18394 0.00686303 0.000233343 0 0 
-5.57521 0.414158 -0.0577506 -0.00805873 0.611256 -0.592738 -0.00805873 1.24452 1.24435 0.184465 0.184306 0.00685945 0.000232482 0 0 
-5.57153 0.414289 -0.0578462 -0.00809862 0.611226 -0.592753 -0.00809862 1.24493 1.24476 0.184831 0.184672 0.00685611 0.000231629 0 0 
-5.56784 0.414422 -0.0579418 -0.00813865 0.611196 -0.592768 -0.00813865 1.24535 1.24518 0.185197 0.185039 0.00685302 0.000230782 0 0 
-5.56416 0.414554 -0.0580376 -0.00817883 0.611166 -0.592783 -0.00817883 1.24577 1.2456 0.185564 0.185406 0.00685016 0.000229942 0 0 
-5.56047 0.414688 -0.0581333 -0.00821914 0.611136 -0.592798 -0.00821914 1.24619 1.24602 0.185932 0.185774 0.00684753 0.000229107 0 0 
-5.55679 0.414821 -0.0582292 -0.00825959 0.611106 -0.592813 -0.00825959 1.24661 1.24644 0.1863 0.186143 0.00684513 0.000228279 0 0 
-5.5531 0.414955 -0.0583251 -0.00830018 0.611076 -0.592828 -0.00830018 1.24703 1.24686 0.186669 0.186513 0.00684295 0.000227456 0 0 
-5.54942 0.415089 -0.0584211 -0.00834091 0.611046 -0.592843 -0.00834091 1.24746 1.24729 0.187039 0.186883 0.00684098 0.000226639 0 0 
-5.54573 0.415224 -0.0585172 -0.00838178 0.611015 -0.592858 -0.00838178 1.24788 1.24771 0.187409 0.187254 0.00683922 0.000225826 0 0 
-5.54205 0.415359 -0.0586133 -0.0084228 0.610985 -0.592873 -0.0084228 1.24831 1.24814 0.187781 0.187626 0.00683767 0.000225019 0 0 
-5.53836 0.415495 -0.0587094 -0.00846395 0.610955 -0.592887 -0.00846395 1.24874 1.24857 0.188153 0.187998 0.00683631 0.000224216 0 0 
-5.53468 0.415631 -0.0588057 -0.00850525 0.610924 -0.592902 -0.00850525 1.24917 1.249 0.188525 0.188371 0.00683516 0.000223417 0 0 
-5.53099 0.415768 -0.058902 -0.00854669 0.610894 -0.592917 -0.00854669 1.2496 1.24943 0.188898 0.188745 0.00683419 0.000222623 0 0 
-5.52731 0.415905 -0.0589983 -0.00858827 0.610863 -0.592932 -0.00858827 1.25003 1.24986 0.189273 0.18912 0.0068334 0.000221832 0 0 
-5.52362 0.416042 -0.0590948 -0.00863 0.610833 -0.592946 -0.00863 1.25046 1.25029 0.189647 0.189495 0.0068328 0.000221046 0 0 
-5.51994 0.41618 -0.0591912 -0.00867187 0.610802 -0.592961 -0.00867187 1.2509 1.25073 0.190023 0.189871 0.00683237 0.000220263 0 0 
-5.51626 0.416318 -0.0592878 -0.00871388 0.610772 -0.592976 -0.00871388 1.25134 1.25117 0.190399 0.190247 0.00683211 0.000219483 0 0 
-5.51257 0.416456 -0.0593844 -0.00875604 0.610741 -0.59299 -0.00875604 1.25178 1.2516 0.190776 0.190625 0.00683202 0.000218706 0 0 
-5.50889 0.416596 -0.059481 -0.00879834 0.610711 -0.593005 -0.00879834 1.25222 1.25204 0.191153 0.191003 0.00683209 0.000217932 0 0 
-5.5052 0.416735 -0.0595778 -0.00884078 0.61068 -0.593019 -0.00884078 1.25266 1.25249 0.191531 0.191381 0.00683232 0.000217161 0 0 
-5.50152 0.416875 -0.0596745 -0.00888338 0.610649 -0.593034 -0.00888338 1.2531 1.25293 0.19191 0.191761 0.00683271 0.000216392 0 0 
-5.49783 0.417015 -0.0597714 -0.00892611 0.610618 -0.593048 -0.00892611 1.25355 1.25337 0.19229 0.192141 0.00683324 0.000215626 0 0 
-5.49415 0.417156 -0.0598683 -0.008969 0.610588 -0.593063 -0.008969 1.25399 1.25382 0.19267 0.192522 0.00683393 0.000214862 0 0 
-5.49046 0.417297 -0.0599652 -0.00901203 0.610557 -0.593077 -0.00901203 1.25444 1.25427 0.193051 0.192903 0.00683475 0.0002141 0 0 
-5.48678 0.417439 -0.0600622 -0.00905521 0.610526 -0.593091 -0.00905521 1.25489 1.25472 0.193433 0.193286 0.00683571 0.000213339 0 0 
-5.48309 0.417581 -0.0601592 -0.00909853 0.610495 -0.593105 -0.00909853 1.25534 1.25517 0.193816 0.193669 0.00683681 0.000212581 0 0 
-5.47941 0.417723 -0.0602564 -0.009142 0.610464 -0.59312 -0.009142 1.25579 1.25562 0.194199 0.194052 0.00683803 0.000211823 0 0 
-5.47572 0.417866 -0.0603535 -0.00918563 0.610433 -0.593134 -0.00918563 1.25625 1.25607 0.194583 0.194437 0.00683938 0.000211067 0 0 
-5.47204 0.418009 -0.0604507 -0.00922939 0.610402 -0.593148 -0.00922939 1.2567 1.25653 0.194968 0.194822 0.00684086 0.000210312 0 0 
-5.46835 0.418153 -0.060548 -0.00927331 0.610371 -0.593162 -0.00927331 1.25716 1.25698 0.195353 0.195208 0.00684245 0.000209558 0 0 
-5.46467 0.418297 -0.0606453 -0.00931738 0.61034 -0.593176 -0.00931738 1.25762 1.25744 0.195739 0.195594 0.00684417 0.000208805 0 0 
-5.46098 0.418442 -0.0607427 -0.0093616 0.610309 -0.59319 -0.0093616 1.25807 1.2579 0.196126 0.195982 0.00684599 0.000208053 0 0 
-5.4573 0.418587 -0.0608401 -0.00940596 0.610277 -0.593204 -0.00940596 1.25854 1.25836 0.196514 0.19637 0.00684792 0.0002073 0 0 
-5.45361 0.418732 -0.0609375 -0.00945048 0.610246 -0.593218 -0.00945048 1.259 1.25882 0.196902 0.196759 0.00684996 0.000206549 0 0 
-5.44993 0.418878 -0.061035 -0.00949515 0.610215 -0.593232 -0.00949515 1.25946 1.25929 0.197291 0.197148 0.0068521 0.000205797 0 0 
-5.44624 0.419024 -0.0611326 -0.00953997 0.610184 -0.593246 -0.00953997 1.25993 1.25975 0.197681 0.197538 0.00685434 0.000205046 0 0 
-5.44256 0.419171 -0.0612302 -0.00958494 0.610152 -0.59326 -0.00958494 1.2604 1.26022 0.198071 0.197929 0.00685668 0.000204294 0 0 
-5.43887 0.419318 -0.0613278 -0.00963006 0.610121 -0.593274 -0.00963006 1.26086 1.26069 0.198463 0.198321 0.0068591 0.000203542 0 0 
-5.43519 0.419466 -0.0614255 -0.00967533 0.61009 -0.593287 -0.00967533 1.26134 1.26116 0.198855 0.198713 0.00686162 0.00020279 0 0 
-5.4315 0.419614 -0.0615233 -0.00972076 0.610058 -0.593301 -0.00972076 1.26181 1.26163 0.199247 0.199106 0.00686423 0.000202037 0 0 
-5.42782 0.419763 -0.0616211 -0.00976634 0.610027 -0.593315 -0.00976634 1.26228 1.2621 0.199641 0.1995 0.00686692 0.000201284 0 0 
-5.42413 0.419912 -0.0617189 -0.00981207 0.609995 -0.593328 -0.00981207 1.26276 1.26258 0.200035 0.199895 0.00686969 0.00020053 0 0 
-5.42045 0.420061 -0.0618168 -0.00985796 0.609964 -0.593342 -0.00985796 1.26323 1.26305 0.20043 0.20029 0.00687253 0.000199775 0 0 
-5.41676 0.420211 -0.0619147 -0.009904 0.609933 -0.593355 -0.009904 1.26371 1.26353 0.200825 0.200686 0.00687546 0.00019902 0 0 
-5.41308 0.420361 -0.0620126 -0.0099502 0.609901 -0.593369 -0.0099502 1.26419 1.26401 0.201222 0.201083 0.00687845 0.000198263 0 0 
-5.40939 0.420512 -0.0621106 -0.00999655 0.60987 -0.593382 -0.00999655 1.26467 1.26449 0.201619 0.201481 0.00688152 0.000197505 0 0 
-5.40571 0.420663 -0.0622087 -0.0100431 0.609838 -0.593396 -0.0100431 1.26515 1.26497 0.202017 0.201879 0.00688465 0.000196745 0 0 
-5.40202 0.420814 -0.0623067 -0.0100897 0.609806 -0.593409 -0.0100897 1.26564 1.26546 0.202415 0.202278 0.00688785 0.000195984 0 0 
-5.39834 0.420966 -0.0624048 -0.0101365 0.609775 -0.593422 -0.0101365 1.26613 1.26594 0.202815 0.202678 0.0068911 0.000195222 0 0 
-5.39465 0.421119 -0.062503 -0.0101835 0.609743 -0.593435 -0.0101835 1.26661 1.26643 0.203215 0.203078 0.00689442 0.000194458 0 0 
-5.39097 0.421272 -0.0626012 -0.0102306 0.609712 -0.593449 -0.0102306 1.2671 1.26692 0.203615 0.203479 0.0068978 0.000193692 0 0 
-5.38728 0.421425 -0.0626994 -0.0102779 0.60968 -0.593462 -0.0102779 1.26759 1.26741 0.204017 0.203881 0.00690123 0.000192925 0 0 
-5.3836 0.421579 -0.0627976 -0.0103254 0.609648 -0.593475 -0.0103254 1.26809 1.2679 0.204419 0.204284 0.00690471 0.000192155 0 0 
-5.37991 0.421733 -0.0628959 -0.010373 0.609617 -0.593488 -0.010373 1.26858 1.2684 0.204822 0.204688 0.00690824 0.000191384 0 0 
-5.37623 0.421888 -0.0629942 -0.0104207 0.609585 -0.593501 -0.0104207 1.26907 1.26889 0.205226 0.205092 0.00691182 0.00019061 0 0 
-5.37255 0.422043 -0.0630926 -0.0104687 0.609553 -0.593514 -0.0104687 1.26957 1.26939 0.205631 0.205497 0.00691544 0.000189835 0 0 
-5.36886 0.422198 -0.063191 -0.0105167 0.609521 -0.593527 -0.0105167 1.27007 1.26989 0.206036 0.205903 0.00691911 0.000189057 0 0 
-5.36518 0.422354 -0.0632894 -0.010565 0.60949 -0.59354 -0.010565 1.27057 1.27039 0.206442 0.206309 0.00692281 0.000188276 0 0 
-5.36149 0.422511 -0.0633878 -0.0106134 0.609458 -0.593552 -0.0106134 1.27107 1.27089 0.206849 0.206716 0.00692656 0.000187493 0 0 
-5.35781 0.422668 -0.0634863 -0.0106619 0.609426 -0.593565 -0.0106619 1.27158 1.27139 0.207257 0.207124 0.00693034 0.000186708 0 0 
-5.35412 0.422825 -0.0635848 -0.0107107 0.609394 -0.593578 -0.0107107 1.27208 1.2719 0.207665 0.207533 0.00693415 0.00018592 0 0 
-5.35044 0.422983 -0.0636834 -0.0107595 0.609362 -0.593591 -0.0107595 1.27259 1.27241 0.208074 0.207943 0.006938 0.000185129 0 0 
-5.34675 0.423141 -0.0637819 -0.0108086 0.609331 -0.593603 -0.0108086 1.2731 1.27291 0.208484 0.208353 0.00694188 0.000184336 0 0 
-5.34307 0.4233 -0.0638805 -0.0108578 0.609299 -0.593616 -0.0108578 1.27361 1.27342 0.208895 0.208764 0.00694579 0.000183539 0 0 
-5.33938 0.423459 -0.0639791 -0.0109071 0.609267 -0.593628 -0.0109071 1.27412 1.27394 0.209306 0.209176 0.00694972 0.00018274 0 0 
-5.3357 0.423619 -0.0640778 -0.0109567 0.609235 -0.593641 -0.0109567 1.27463 1.27445 0.209718 0.209588 0.00695368 0.000181938 0 0 
-5.33201 0.423779 -0.0641764 -0.0110064 0.609203 -0.593653 -0.0110064 1.27515 1.27496 0.210131 0.210002 0.00695766 0.000181133 0 0 
-5.32833 0.423939 -0.0642751 -0.0110562 0.609171 -0.593665 -0.0110562 1.27567 1.27548 0.210545 0.210416 0.00696166 0.000180324 0 0 
-5.32464 0.4241 -0.0643738 -0.0111062 0.609139 -0.593678 -0.0111062 1.27618 1.276 0.210959 0.210831 0.00696569 0.000179513 0 0 
-5.32096 0.424262 -0.0644725 -0.0111564 0.609107 -0.59369 -0.0111564 1.2767 1.27652 0.211374 0.211246 0.00696972 0.000178698 0 0 
-5.31727 0.424423 -0.0645713 -0.0112068 0.609075 -0.593702 -0.0112068 1.27723 1.27704 0.21179 0.211663 0.00697378 0.00017788 0 0 
-5.31359 0.424586 -0.0646701 -0.0112573 0.609043 -0.593714 -0.0112573 1.27775 1.27756 0.212207 0.21208 0.00697785 0.000177059 0 0 
-5.3099 0.424749 -0.0647688 -0.0113079 0.609011 -0.593726 -0.0113079 1.27828 1.27809 0.212625 0.212498 0.00698193 0.000176234 0 0 
-5.30622 0.424912 -0.0648677 -0.0113588 0.608979 -0.593738 -0.0113588 1.2788 1.27862 0.213043 0.212916 0.00698602 0.000175405 0 0 
-5.30253 0.425076 -0.0649665 -0.0114098 0.608947 -0.59375 -0.0114098 1.27933 1.27914 0.213462 0.213336 0.00699012 0.000174574 0 0 
-5.29885 0.42524 -0.0650653 -0.011461 0.608915 -0.593762 -0.011461 1.27986 1.27967 0.213882 0.213756 0.00699423 0.000173738 0 0 
-5.29516 0.425404 -0.0651642 -0.0115123 0.608884 -0.593774 -0.0115123 1.28039 1.28021 0.214302 0.214177 0.00699834 0.000172899 0 0 
-5.29148 0.425569 -0.065263 -0.0115638 0.608852 -0.593786 -0.0115638 1.28093 1.28074 0.214724 0.214599 0.00700246 0.000172056 0 0 
-5.28779 0.425735 -0.0653619 -0.0116155 0.60882 -0.593798 -0.0116155 1.28146 1.28128 0.215146 0.215022 0.00700659 0.00017121 0 0 
-5.28411 0.425901 -0.0654608 -0.0116673 0.608788 -0.59381 -0.0116673 1.282 1.28181 0.215569 0.215445 0.00701071 0.00017036 0 0 
-5.28042 0.426067 -0.0655597 -0.0117193 0.608755 -0.593821 -0.0117193 1.28254 1.28235 0.215993 0.215869 0.00701483 0.000169506 0 0 
-5.27674 0.426234 -0.0656586 -0.0117715 0.608723 -0.593833 -0.0117715 1.28308 1.28289 0.216417 0.216294 0.00701896 0.000168648 0 0 
-5.27305 0.426402 -0.0657575 -0.0118239 0.608691 -0.593845 -0.0118239 1.28362 1.28343 0.216843 0.21672 0.00702308 0.000167786 0 0 
-5.26937 0.42657 -0.0658565 -0.0118764 0.608659 -0.593856 -0.0118764 1.28417 1.28398 0.217269 0.217146 0.0070272 0.00016692 0 0 
-5.26568 0.426738 -0.0659554 -0.0119291 0.608627 -0.593868 -0.0119291 1.28471 1.28452 0.217696 0.217573 0.00703131 0.000166051 0 0 
-5.262 0.426907 -0.0660544 -0.0119819 0.608595 -0.593879 -0.0119819 1.28526 1.28507 0.218123 0.218002 0.00703542 0.000165177 0 0 
-5.25831 0.427076 -0.0661533 -0.0120349 0.608563 -0.59389 -0.0120349 1.28581 1.28562 0.218552 0.21843 0.00703951 0.000164299 0 0 
-5.25463 0.427246 -0.0662523 -0.0120881 0.608531 -0.593902 -0.0120881 1.28636 1.28617 0.218981 0.21886 0.00704361 0.000163418 0 0 
-5.25094 0.427416 -0.0663512 -0.0121415 0.608499 -0.593913 -0.0121415 1.28691 1.28672 0.219411 0.21929 0.00704769 0.000162532 0 0 
-5.24726 0.427587 -0.0664502 -0.012195 0.608467 -0.593924 -0.012195 1.28747 1.28728 0.219842 0.219722 0.00705175 0.000161641 0 0 
-5.24357 0.427758 -0.0665492 -0.0122488 0.608435 -0.593935 -0.0122488 1.28802 1.28783 0.220274 0.220154 0.00705581 0.000160747 0 0 
-5.23989 0.42793 -0.0666481 -0.0123026 0.608403 -0.593946 -0.0123026 1.28858 1.28839 0.220706 0.220586 0.00705986 0.000159849 0 0 
-5.2362 0.428102 -0.0667471 -0.0123567 0.608371 -0.593958 -0.0123567 1.28914 1.28895 0.221139 0.22102 0.00706389 0.000158946 0 0 
-5.23252 0.428274 -0.0668461 -0.0124109 0.608339 -0.593969 -0.0124109 1.2897 1.28951 0.221573 0.221454 0.0070679 0.000158039 0 0 
-5.22883 0.428447 -0.066945 -0.0124653 0.608307 -0.593979 -0.0124653 1.29027 1.29008 0.222008 0.22189 0.0070719 0.000157128 0 0 
-5.22515 0.428621 -0.067044 -0.0125199 0.608275 -0.59399 -0.0125199 1.29083 1.29064 0.222444 0.222326 0.00707588 0.000156212 0 0 
-5.22147 0.428795 -0.0671429 -0.0125746 0.608243 -0.594001 -0.0125746 1.2914 1.29121 0.22288 0.222762 0.00707984 0.000155292 0 0 
-5.21778 0.428969 -0.0672419 -0.0126296 0.608211 -0.594012 -0.0126296 1.29197 1.29178 0.223317 0.2232 0.00708378 0.000154368 0 0 
-5.2141 0.429144 -0.0673409 -0.0126847 0.608179 -0.594023 -0.0126847 1.29254 1.29235 0.223755 0.223639 0.0070877 0.000153439 0 0 
-5.21041 0.42932 -0.0674398 -0.0127399 0.608147 -0.594033 -0.0127399 1.29311 1.29292 0.224194 0.224078 0.0070916 0.000152506 0 0 
-5.20673 0.429496 -0.0675387 -0.0127954 0.608115 -0.594044 -0.0127954 1.29369 1.2935 0.224634 0.224518 0.00709548 0.000151568 0 0 
-5.20304 0.429672 -0.0676376 -0.012851 0.608083 -0.594055 -0.012851 1.29426 1.29407 0.225074 0.224959 0.00709933 0.000150626 0 0 
-5.19936 0.429849 -0.0677366 -0.0129068 0.608051 -0.594065 -0.0129068 1.29484 1.29465 0.225516 0.2254 0.00710316 0.00014968 0 0 
-5.19567 0.430026 -0.0678355 -0.0129628 0.608019 -0.594076 -0.0129628 1.29542 1.29523 0.225958 0.225843 0.00710697 0.000148729 0 0 
-5.19199 0.430204 -0.0679343 -0.0130189 0.607987 -0.594086 -0.0130189 1.29601 1.29581 0.226401 0.226286 0.00711075 0.000147773 0 0 
-5.1883 0.430382 -0.0680332 -0.0130753 0.607955 -0.594096 -0.0130753 1.29659 1.29639 0.226844 0.22673 0.0071145 0.000146813 0 0 
-5.18462 0.430561 -0.0681321 -0.0131318 0.607923 -0.594107 -0.0131318 1.29717 1.29698 0.227289 0.227175 0.00711822 0.000145848 0 0 
-5.18093 0.430741 -0.0682309 -0.0131885 0.607891 -0.594117 -0.0131885 1.29776 1.29757 0.227734 0.227621 0.00712192 0.000144879 0 0 
-5.17725 0.43092 -0.0683298 -0.0132453 0.607859 -0.594127 -0.0132453 1.29835 1.29816 0.22818 0.228067 0.00712559 0.000143906 0 0 
-5.17356 0.431101 -0.0684286 -0.0133024 0.607827 -0.594137 -0.0133024 1.29894 1.29875 0.228627 0.228514 0.00712923 0.000142927 0 0 
-5.16988 0.431281 -0.0685274 -0.0133596 0.607795 -0.594148 -0.0133596 1.29954 1.29934 0.229075 0.228963 0.00713284 0.000141945 0 0 
-5.16619 0.431463 -0.0686261 -0.013417 0.607763 -0.594158 -0.013417 1.30013 1.29994 0.229524 0.229412 0.00713641 0.000140957 0 0 
-5.16251 0.431644 -0.0687249 -0.0134746 0.607731 -0.594168 -0.0134746 1.30073 1.30053 0.229973 0.229861 0.00713996 0.000139965 0 0 
-5.15882 0.431827 -0.0688236 -0.0135323 0.607699 -0.594177 -0.0135323 1.30133 1.30113 0.230423 0.230312 0.00714347 0.000138968 0 0 
-5.15514 0.432009 -0.0689223 -0.0135902 0.607667 -0.594187 -0.0135902 1.30193 1.30173 0.230874 0.230763 0.00714695 0.000137967 0 0 
-5.15145 0.432193 -0.069021 -0.0136484 0.607635 -0.594197 -0.0136484 1.30253 1.30233 0.231326 0.231216 0.0071504 0.000136961 0 0 
-5.14777 0.432376 -0.0691197 -0.0137067 0.607603 -0.594207 -0.0137067 1.30314 1.30294 0.231779 0.231669 0.00715381 0.000135951 0 0 
-5.14408 0.432561 -0.0692183 -0.0137651 0.607571 -0.594217 -0.0137651 1.30374 1.30354 0.232233 0.232123 0.00715718 0.000134936 0 0 
-5.1404 0.432745 -0.0693169 -0.0138238 0.60754 -0.594226 -0.0138238 1.30435 1.30415 0.232687 0.232577 0.00716052 0.000133916 0 0 
-5.13671 0.43293 -0.0694155 -0.0138827 0.607508 -0.594236 -0.0138827 1.30496 1.30476 0.233142 0.233033 0.00716383 0.000132891 0 0 
-5.13303 0.433116 -0.069514 -0.0139417 0.607476 -0.594246 -0.0139417 1.30557 1.30537 0.233598 0.233489 0.0071671 0.000131862 0 0 
-5.12934 0.433302 -0.0696125 -0.0140009 0.607444 -0.594255 -0.0140009 1.30619 1.30599 0.234055 0.233947 0.00717033 0.000130829 0 0 
-5.12566 0.433489 -0.069711 -0.0140603 0.607412 -0.594265 -0.0140603 1.3068 1.30661 0.234513 0.234405 0.00717352 0.00012979 0 0 
-5.12197 0.433676 -0.0698095 -0.0141199 0.60738 -0.594274 -0.0141199 1.30742 1.30722 0.234972 0.234864 0.00717667 0.000128747 0 0 
-5.11829 0.433864 -0.0699079 -0.0141796 0.607348 -0.594283 -0.0141796 1.30804 1.30784 0.235431 0.235324 0.00717979 0.0001277 0 0 
-5.1146 0.434052 -0.0700063 -0.0142396 0.607317 -0.594293 -0.0142396 1.30866 1.30847 0.235891 0.235784 0.00718286 0.000126647 0 0 
-5.11092 0.434241 -0.0701046 -0.0142997 0.607285 -0.594302 -0.0142997 1.30929 1.30909 0.236353 0.236246 0.0071859 0.00012559 0 0 
-5.10723 0.43443 -0.0702029 -0.01436 0.607253 -0.594311 -0.01436 1.30992 1.30972 0.236814 0.236708 0.0071889 0.000124529 0 0 
-5.10355 0.43462 -0.0703012 -0.0144205 0.607221 -0.59432 -0.0144205 1.31054 1.31034 0.237277 0.237171 0.00719185 0.000123463 0 0 
-5.09986 0.43481 -0.0703994 -0.0144812 0.60719 -0.594329 -0.0144812 1.31117 1.31097 0.237741 0.237635 0.00719476 0.000122392 0 0 
-5.09618 0.435001 -0.0704976 -0.014542 0.607158 -0.594338 -0.014542 1.31181 1.31161 0.238205 0.2381 0.00719764 0.000121316 0 0 
-5.09249 0.435192 -0.0705957 -0.0146031 0.607126 -0.594347 -0.0146031 1.31244 1.31224 0.238671 0.238566 0.00720047 0.000120236 0 0 
-5.08881 0.435384 -0.0706938 -0.0146643 0.607094 -0.594356 -0.0146643 1.31308 1.31288 0.239137 0.239032 0.00720325 0.000119151 0 0 
-5.08512 0.435576 -0.0707919 -0.0147258 0.607063 -0.594365 -0.0147258 1.31372 1.31351 0.239604 0.239499 0.007206 0.000118062 0 0 
-5.08144 0.435769 -0.0708899 -0.0147874 0.607031 -0.594374 -0.0147874 1.31436 1.31415 0.240072 0.239968 0.0072087 0.000116968 0 0 
-5.07776 0.435962 -0.0709878 -0.0148492 0.606999 -0.594383 -0.0148492 1.315 1.3148 0.240541 0.240437 0.00721136 0.000115869 0 0 
-5.07407 0.436156 -0.0710857 -0.0149112 0.606968 -0.594392 -0.0149112 1.31564 1.31544 0.24101 0.240907 0.00721397 0.000114766 0 0 
-5.07039 0.43635 -0.0711836 -0.0149733 0.606936 -0.5944 -0.0149733 1.31629 1.31609 0.241481 0.241378 0.00721654 0.000113658 0 0 
-5.0667 0.436545 -0.0712814 -0.0150357 0.606905 -0.594409 -0.0150357 1.31694 1.31674 0.241952 0.241849 0.00721907 0.000112546 0 0 
-5.06302 0.43674 -0.0713791 -0.0150983 0.606873 -0.594417 -0.0150983 1.31759 1.31739 0.242424 0.242322 0.00722155 0.000111429 0 0 
-5.05933 0.436936 -0.0714768 -0.015161 0.606841 -0.594426 -0.015161 1.31824 1.31804 0.242897 0.242795 0.00722398 0.000110308 0 0 
-5.05565 0.437133 -0.0715744 -0.0152239 0.60681 -0.594434 -0.0152239 1.3189 1.31869 0.243371 0.243269 0.00722637 0.000109181 0 0 
-5.05196 0.437329 -0.071672 -0.015287 0.606778 -0.594443 -0.015287 1.31955 1.31935 0.243846 0.243744 0.00722872 0.000108051 0 0 
-5.04828 0.437527 -0.0717695 -0.0153503 0.606747 -0.594451 -0.0153503 1.32021 1.32001 0.244322 0.24422 0.00723102 0.000106916 0 0 
-5.04459 0.437725 -0.071867 -0.0154138 0.606715 -0.594459 -0.0154138 1.32087 1.32067 0.244798 0.244697 0.00723327 0.000105776 0 0 
-5.04091 0.437923 -0.0719644 -0.0154775 0.606684 -0.594468 -0.0154775 1.32154 1.32133 0.245276 0.245175 0.00723547 0.000104632 0 0 
-5.03722 0.438122 -0.0720617 -0.0155414 0.606652 -0.594476 -0.0155414 1.3222 1.322 0.245754 0.245653 0.00723763 0.000103483 0 0 
-5.03354 0.438322 -0.072159 -0.0156055 0.606621 -0.594484 -0.0156055 1.32287 1.32267 0.246233 0.246133 0.00723974 0.00010233 0 0 
-5.02985 0.438522 -0.0722562 -0.0156697 0.60659 -0.594492 -0.0156697 1.32354 1.32333 0.246713 0.246613 0.00724181 0.000101172 0 0 
-5.02617 0.438722 -0.0723534 -0.0157342 0.606558 -0.5945 -0.0157342 1.32421 1.32401 0.247194 0.247094 0.00724383 0.00010001 0 0 
-5.02248 0.438923 -0.0724504 -0.0157988 0.606527 -0.594508 -0.0157988 1.32489 1.32468 0.247676 0.247576 0.0072458 9.88438e-05 0 0 
-5.0188 0.439125 -0.0725474 -0.0158637 0.606496 -0.594516 -0.0158637 1.32556 1.32536 0.248158 0.248059 0.00724772 9.76729e-05 0 0 
-5.01511 0.439327 -0.0726444 -0.0159287 0.606464 -0.594524 -0.0159287 1.32624 1.32603 0.248642 0.248543 0.00724959 9.64975e-05 0 0 
-5.01143 0.43953 -0.0727412 -0.0159939 0.606433 -0.594532 -0.0159939 1.32692 1.32672 0.249126 0.249028 0.00725142 9.53178e-05 0 0 
-5.00774 0.439733 -0.072838 -0.0160593 0.606402 -0.59454 -0.0160593 1.3276 1.3274 0.249611 0.249514 0.00725319 9.41336e-05 0 0 
-5.00406 0.439937 -0.0729347 -0.0161249 0.60637 -0.594547 -0.0161249 1.32829 1.32808 0.250097 0.25 0.00725492 9.29451e-05 0 0 
-5.00037 0.440141 -0.0730314 -0.0161907 0.606339 -0.594555 -0.0161907 1.32898 1.32877 0.250585 0.250487 0.0072566 9.17522e-05 0 0 
-4.99669 0.440346 -0.0731279 -0.0162567 0.606308 -0.594563 -0.0162567 1.32967 1.32946 0.251072 0.250976 0.00725823 9.0555e-05 0 0 
-4.993 0.440551 -0.0732244 -0.0163229 0.606277 -0.59457 -0.0163229 1.33036 1.33015 0.251561 0.251465 0.00725981 8.93535e-05 0 0 
-4.98932 0.440757 -0.0733208 -0.0163893 0.606246 -0.594578 -0.0163893 1.33105 1.33084 0.252051 0.251955 0.00726135 8.81477e-05 0 0 
-4.98563 0.440963 -0.0734171 -0.0164559 0.606215 -0.594585 -0.0164559 1.33175 1.33154 0.252542 0.252446 0.00726283 8.69375e-05 0 0 
-4.98195 0.44117 -0.0735134 -0.0165226 0.606183 -0.594593 -0.0165226 1.33245 1.33224 0.253033 0.252937 0.00726426 8.57232e-05 0 0 
-4.97826 0.441378 -0.0736095 -0.0165896 0.606152 -0.5946 -0.0165896 1.33315 1.33294 0.253525 0.25343 0.00726565 8.45046e-05 0 0 
-4.97458 0.441586 -0.0737056 -0.0166568 0.606121 -0.594608 -0.0166568 1.33385 1.33364 0.254019 0.253924 0.00726698 8.32817e-05 0 0 
-4.97089 0.441794 -0.0738016 -0.0167241 0.60609 -0.594615 -0.0167241 1.33455 1.33435 0.254513 0.254418 0.00726827 8.20547e-05 0 0 
-4.96721 0.442003 -0.0738975 -0.0167917 0.606059 -0.594622 -0.0167917 1.33526 1.33505 0.255008 0.254914 0.0072695 8.08234e-05 0 0 
-4.96352 0.442213 -0.0739933 -0.0168594 0.606028 -0.594629 -0.0168594 1.33597 1.33576 0.255504 0.25541 0.00727069 7.9588e-05 0 0 
-4.95984 0.442423 -0.074089 -0.0169274 0.605997 -0.594636 -0.0169274 1.33668 1.33647 0.256001 0.255907 0.00727182 7.83484e-05 0 0 
-4.95615 0.442634 -0.0741846 -0.0169955 0.605966 -0.594643 -0.0169955 1.3374 1.33719 0.256499 0.256405 0.00727291 7.71047e-05 0 0 
-4.95247 0.442845 -0.0742801 -0.0170639 0.605935 -0.594651 -0.0170639 1.33811 1.3379 0.256997 0.256904 0.00727395 7.58569e-05 0 0 
-4.94878 0.443057 -0.0743755 -0.0171324 0.605905 -0.594658 -0.0171324 1.33883 1.33862 0.257497 0.257404 0.00727493 7.4605e-05 0 0 
-4.9451 0.443269 -0.0744708 -0.0172011 0.605874 -0.594664 -0.0172011 1.33955 1.33934 0.257997 0.257905 0.00727587 7.33491e-05 0 0 
-4.94141 0.443482 -0.074566 -0.0172701 0.605843 -0.594671 -0.0172701 1.34028 1.34007 0.258499 0.258406 0.00727675 7.20891e-05 0 0 
-4.93773 0.443696 -0.0746612 -0.0173392 0.605812 -0.594678 -0.0173392 1.341 1.34079 0.259001 0.258909 0.00727759 7.0825e-05 0 0 
-4.93405 0.44391 -0.0747562 -0.0174085 0.605781 -0.594685 -0.0174085 1.34173 1.34152 0.259504 0.259413 0.00727837 6.9557e-05 0 0 
-4.93036 0.444124 -0.0748511 -0.017478 0.605751 -0.594692 -0.017478 1.34246 1.34225 0.260008 0.259917 0.00727911 6.8285e-05 0 0 
-4.92668 0.444339 -0.0749459 -0.0175477 0.60572 -0.594698 -0.0175477 1.34319 1.34298 0.260513 0.260422 0.00727979 6.7009e-05 0 0 
-4.92299 0.444555 -0.0750406 -0.0176177 0.605689 -0.594705 -0.0176177 1.34393 1.34372 0.261019 0.260929 0.00728043 6.57291e-05 0 0 
-4.91931 0.444771 -0.0751352 -0.0176878 0.605658 -0.594712 -0.0176878 1.34467 1.34446 0.261526 0.261436 0.00728101 6.44453e-05 0 0 
-4.91562 0.444988 -0.0752297 -0.0177581 0.605628 -0.594718 -0.0177581 1.34541 1.3452 0.262034 0.261944 0.00728155 6.31576e-05 0 0 
-4.91194 0.445205 -0.075324 -0.0178286 0.605597 -0.594725 -0.0178286 1.34615 1.34594 0.262543 0.262453 0.00728203 6.1866e-05 0 0 
-4.90825 0.445423 -0.0754183 -0.0178993 0.605567 -0.594731 -0.0178993 1.34689 1.34668 0.263053 0.262963 0.00728246 6.05706e-05 0 0 
-4.90457 0.445642 -0.0755124 -0.0179703 0.605536 -0.594738 -0.0179703 1.34764 1.34743 0.263563 0.263474 0.00728285 5.92714e-05 0 0 
-4.90088 0.445861 -0.0756064 -0.0180414 0.605506 -0.594744 -0.0180414 1.34839 1.34818 0.264075 0.263986 0.00728318 5.79683e-05 0 0 
-4.8972 0.44608 -0.0757003 -0.0181127 0.605475 -0.59475 -0.0181127 1.34914 1.34893 0.264587 0.264498 0.00728346 5.66615e-05 0 0 
-4.89351 0.4463 -0.0757941 -0.0181842 0.605445 -0.594756 -0.0181842 1.3499 1.34968 0.2651 0.265012 0.00728369 5.5351e-05 0 0 
-4.88983 0.446521 -0.0758878 -0.0182559 0.605414 -0.594763 -0.0182559 1.35066 1.35044 0.265615 0.265526 0.00728388 5.40367e-05 0 0 
-4.88614 0.446742 -0.0759813 -0.0183279 0.605384 -0.594769 -0.0183279 1.35141 1.3512 0.26613 0.266042 0.00728401 5.27188e-05 0 0 
-4.88246 0.446964 -0.0760747 -0.0184 0.605353 -0.594775 -0.0184 1.35218 1.35196 0.266646 0.266558 0.00728409 5.13971e-05 0 0 
-4.87877 0.447186 -0.076168 -0.0184723 0.605323 -0.594781 -0.0184723 1.35294 1.35273 0.267163 0.267076 0.00728412 5.00718e-05 0 0 
-4.87509 0.447409 -0.0762611 -0.0185448 0.605293 -0.594787 -0.0185448 1.35371 1.35349 0.267681 0.267594 0.00728411 4.87429e-05 0 0 
-4.8714 0.447633 -0.0763542 -0.0186175 0.605262 -0.594793 -0.0186175 1.35448 1.35426 0.2682 0.268113 0.00728404 4.74104e-05 0 0 
-4.86772 0.447857 -0.076447 -0.0186905 0.605232 -0.594799 -0.0186905 1.35525 1.35503 0.26872 0.268634 0.00728392 4.60743e-05 0 0 
-4.86403 0.448082 -0.0765398 -0.0187636 0.605202 -0.594805 -0.0187636 1.35602 1.35581 0.269241 0.269155 0.00728376 4.47347e-05 0 0 
-4.86035 0.448307 -0.0766324 -0.0188369 0.605172 -0.594811 -0.0188369 1.3568 1.35659 0.269763 0.269677 0.00728354 4.33916e-05 0 0 
-4.85666 0.448533 -0.0767249 -0.0189105 0.605142 -0.594816 -0.0189105 1.35758 1.35736 0.270286 0.2702 0.00728327 4.20449e-05 0 0 
-4.85298 0.448759 -0.0768172 -0.0189842 0.605112 -0.594822 -0.0189842 1.35836 1.35815 0.270809 0.270724 0.00728296 4.06948e-05 0 0 
-4.84929 0.448986 -0.0769094 -0.0190581 0.605082 -0.594828 -0.0190581 1.35915 1.35893 0.271334 0.271249 0.00728259 3.93413e-05 0 0 
-4.84561 0.449214 -0.0770015 -0.0191323 0.605051 -0.594833 -0.0191323 1.35993 1.35972 0.271859 0.271775 0.00728218 3.79844e-05 0 0 
-4.84192 0.449442 -0.0770934 -0.0192066 0.605021 -0.594839 -0.0192066 1.36072 1.36051 0.272386 0.272301 0.00728172 3.6624e-05 0 0 
-4.83824 0.44967 -0.0771852 -0.0192812 0.604991 -0.594845 -0.0192812 1.36152 1.3613 0.272914 0.272829 0.0072812 3.52603e-05 0 0 
-4.83455 0.4499 -0.0772768 -0.0193559 0.604961 -0.59485 -0.0193559 1.36231 1.36209 0.273442 0.273358 0.00728064 3.38933e-05 0 0 
-4.83087 0.45013 -0.0773683 -0.0194309 0.604932 -0.594856 -0.0194309 1.36311 1.36289 0.273971 0.273888 0.00728003 3.25229e-05 0 0 
-4.82718 0.45036 -0.0774596 -0.019506 0.604902 -0.594861 -0.019506 1.36391 1.36369 0.274502 0.274418 0.00727937 3.11493e-05 0 0 
-4.8235 0.450591 -0.0775508 -0.0195814 0.604872 -0.594866 -0.0195814 1.36471 1.36449 0.275033 0.27495 0.00727866 2.97724e-05 0 0 
-4.81981 0.450823 -0.0776418 -0.019657 0.604842 -0.594872 -0.019657 1.36552 1.3653 0.275565 0.275482 0.00727791 2.83923e-05 0 0 
-4.81613 0.451055 -0.0777326 -0.0197327 0.604812 -0.594877 -0.0197327 1.36632 1.36611 0.276099 0.276016 0.0072771 2.7009e-05 0 0 
-4.81244 0.451287 -0.0778233 -0.0198087 0.604782 -0.594882 -0.0198087 1.36713 1.36692 0.276633 0.27655 0.00727625 2.56226e-05 0 0 
-4.80876 0.451521 -0.0779139 -0.0198849 0.604753 -0.594887 -0.0198849 1.36795 1.36773 0.277168 0.277086 0.00727535 2.4233e-05 0 0 
-4.80507 0.451755 -0.0780042 -0.0199613 0.604723 -0.594892 -0.0199613 1.36876 1.36854 0.277704 0.277622 0.0072744 2.28403e-05 0 0 
-4.80139 0.451989 -0.0780944 -0.0200379 0.604693 -0.594897 -0.0200379 1.36958 1.36936 0.278241 0.27816 0.0072734 2.14445e-05 0 0 
-4.7977 0.452224 -0.0781845 -0.0201147 0.604664 -0.594903 -0.0201147 1.3704 1.37018 0.278779 0.278698 0.00727235 2.00456e-05 0 0 
-4.79402 0.45246 -0.0782743 -0.0201917 0.604634 -0.594908 -0.0201917 1.37123 1.37101 0.279318 0.279237 0.00727126 1.86437e-05 0 0 
-4.79034 0.452696 -0.0783641 -0.0202689 0.604605 -0.594912 -0.0202689 1.37205 1.37183 0.279858 0.279778 0.00727012 1.72388e-05 0 0 
-4.78665 0.452933 -0.0784536 -0.0203463 0.604575 -0.594917 -0.0203463 1.37288 1.37266 0.280399 0.280319 0.00726893 1.5831e-05 0 0 
-4.78297 0.453171 -0.0785429 -0.0204239 0.604546 -0.594922 -0.0204239 1.37372 1.3735 0.280941 0.280861 0.00726769 1.44202e-05 0 0 
-4.77928 0.453409 -0.0786321 -0.0205017 0.604516 -0.594927 -0.0205017 1.37455 1.37433 0.281484 0.281404 0.00726641 1.30065e-05 0 0 
-4.7756 0.453647 -0.0787211 -0.0205797 0.604487 -0.594932 -0.0205797 1.37539 1.37517 0.282028 0.281948 0.00726508 1.15899e-05 0 0 
-4.77191 0.453886 -0.07881 -0.020658 0.604457 -0.594937 -0.020658 1.37623 1.37601 0.282573 0.282494 0.0072637 1.01704e-05 0 0 
-4.76823 0.454126 -0.0788986 -0.0207364 0.604428 -0.594941 -0.0207364 1.37707 1.37685 0.283119 0.28304 0.00726227 8.74815e-06 0 0 
-4.76454 0.454367 -0.0789871 -0.020815 0.604399 -0.594946 -0.020815 1.37792 1.3777 0.283666 0.283587 0.0072608 7.32307e-06 0 0 
-4.76086 0.454608 -0.0790753 -0.0208939 0.60437 -0.594951 -0.0208939 1.37877 1.37854 0.284214 0.284135 0.00725929 5.89522e-06 0 0 
-4.75717 0.454849 -0.0791634 -0.0209729 0.60434 -0.594955 -0.0209729 1.37962 1.3794 0.284763 0.284684 0.00725772 4.46463e-06 0 0 
-4.75349 0.455092 -0.0792513 -0.0210522 0.604311 -0.59496 -0.0210522 1.38047 1.38025 0.285313 0.285234 0.00725611 3.03134e-06 0 0 
-4.7498 0.455334 -0.079339 -0.0211317 0.604282 -0.594964 -0.0211317 1.38133 1.38111 0.285864 0.285786 0.00725446 1.59536e-06 0 0 
-4.74612 0.455578 -0.0794265 -0.0212113 0.604253 -0.594969 -0.0212113 1.38219 1.38197 0.286416 0.286338 0.00725275 1.56725e-07 0 0 
-4.74243 0.455822 -0.0795139 -0.0212912 0.604224 -0.594973 -0.0212912 1.38305 1.38283 0.286968 0.286891 0.00725101 -1.28453e-06 0 0 
-4.73875 0.456067 -0.079601 -0.0213713 0.604195 -0.594977 -0.0213713 1.38392 1.38369 0.287522 0.287445 0.00724921 -2.72837e-06 0 0 
-4.73506 0.456312 -0.0796879 -0.0214516 0.604166 -0.594982 -0.0214516 1.38478 1.38456 0.288077 0.288 0.00724737 -4.17478e-06 0 0 
-4.73138 0.456558 -0.0797746 -0.0215321 0.604137 -0.594986 -0.0215321 1.38566 1.38543 0.288633 0.288556 0.00724549 -5.62372e-06 0 0 
-4.72769 0.456804 -0.0798611 -0.0216128 0.604108 -0.59499 -0.0216128 1.38653 1.38631 0.28919 0.289113 0.00724356 -7.07517e-06 0 0 
-4.72401 0.457051 -0.0799475 -0.0216937 0.604079 -0.594994 -0.0216937 1.38741 1.38718 0.289748 0.289671 0.00724159 -8.52909e-06 0 0 
-4.72032 0.457299 -0.0800336 -0.0217748 0.60405 -0.594998 -0.0217748 1.38829 1.38806 0.290307 0.290231 0.00723957 -9.98545e-06 0 0 
-4.71664 0.457547 -0.0801195 -0.0218561 0.604021 -0.595002 -0.0218561 1.38917 1.38895 0.290867 0.290791 0.00723751 -1.14442e-05 0 0 
-4.71295 0.457796 -0.0802051 -0.0219377 0.603992 -0.595006 -0.0219377 1.39006 1.38983 0.291427 0.291352 0.0072354 -1.29054e-05 0 0 
-4.70927 0.458046 -0.0802906 -0.0220194 0.603964 -0.59501 -0.0220194 1.39094 1.39072 0.291989 0.291914 0.00723325 -1.43689e-05 0 0 
-4.70558 0.458296 -0.0803759 -0.0221013 0.603935 -0.595014 -0.0221013 1.39184 1.39161 0.292552 0.292477 0.00723105 -1.58347e-05 0 0 
-4.7019 0.458546 -0.0804609 -0.0221835 0.603906 -0.595018 -0.0221835 1.39273 1.39251 0.293116 0.293041 0.00722881 -1.73029e-05 0 0 
-4.69821 0.458798 -0.0805457 -0.0222658 0.603878 -0.595022 -0.0222658 1.39363 1.3934 0.293681 0.293607 0.00722653 -1.87733e-05 0 0 
-4.69453 0.45905 -0.0806303 -0.0223484 0.603849 -0.595026 -0.0223484 1.39453 1.3943 0.294247 0.294173 0.0072242 -2.02459e-05 0 0 
-4.69084 0.459302 -0.0807147 -0.0224312 0.603821 -0.59503 -0.0224312 1.39543 1.39521 0.294814 0.29474 0.00722184 -2.17207e-05 0 0 
-4.68716 0.459555 -0.0807988 -0.0225141 0.603792 -0.595034 -0.0225141 1.39634 1.39611 0.295382 0.295308 0.00721942 -2.31977e-05 0 0 
-4.68347 0.459809 -0.0808828 -0.0225973 0.603764 -0.595037 -0.0225973 1.39725 1.39702 0.295951 0.295878 0.00721697 -2.46769e-05 0 0 
-4.67979 0.460064 -0.0809664 -0.0226807 0.603735 -0.595041 -0.0226807 1.39816 1.39793 0.296521 0.296448 0.00721447 -2.61581e-05 0 0 
-4.6761 0.460319 -0.0810499 -0.0227643 0.603707 -0.595045 -0.0227643 1.39908 1.39885 0.297092 0.297019 0.00721193 -2.76414e-05 0 0 
-4.67242 0.460574 -0.0811331 -0.0228481 0.603678 -0.595048 -0.0228481 1.39999 1.39977 0.297665 0.297592 0.00720935 -2.91268e-05 0 0 
-4.66873 0.460831 -0.0812161 -0.0229321 0.60365 -0.595052 -0.0229321 1.40092 1.40069 0.298238 0.298165 0.00720672 -3.06142e-05 0 0 
-4.66505 0.461088 -0.0812988 -0.0230163 0.603622 -0.595055 -0.0230163 1.40184 1.40161 0.298812 0.298739 0.00720405 -3.21036e-05 0 0 
-4.66136 0.461345 -0.0813813 -0.0231007 0.603594 -0.595059 -0.0231007 1.40277 1.40254 0.299387 0.299315 0.00720135 -3.3595e-05 0 0 
-4.65768 0.461603 -0.0814636 -0.0231853 0.603565 -0.595062 -0.0231853 1.4037 1.40347 0.299963 0.299891 0.00719859 -3.50882e-05 0 0 
-4.65399 0.461862 -0.0815456 -0.0232702 0.603537 -0.595066 -0.0232702 1.40463 1.40441 0.300541 0.300469 0.0071958 -3.65834e-05 0 0 
-4.65031 0.462121 -0.0816273 -0.0233552 0.603509 -0.595069 -0.0233552 1.40557 1.40534 0.301119 0.301048 0.00719297 -3.80804e-05 0 0 
-4.64663 0.462381 -0.0817089 -0.0234405 0.603481 -0.595072 -0.0234405 1.40651 1.40628 0.301699 0.301627 0.0071901 -3.95793e-05 0 0 
-4.64294 0.462642 -0.0817901 -0.0235259 0.603453 -0.595075 -0.0235259 1.40746 1.40723 0.302279 0.302208 0.00718718 -4.108e-05 0 0 
-4.63926 0.462903 -0.0818711 -0.0236116 0.603425 -0.595079 -0.0236116 1.4084 1.40817 0.30286 0.30279 0.00718423 -4.25824e-05 0 0 
-4.63557 0.463165 -0.0819519 -0.0236974 0.603397 -0.595082 -0.0236974 1.40935 1.40912 0.303443 0.303372 0.00718123 -4.40866e-05 0 0 
-4.63189 0.463428 -0.0820323 -0.0237835 0.603369 -0.595085 -0.0237835 1.4103 1.41008 0.304027 0.303956 0.0071782 -4.55925e-05 0 0 
-4.6282 0.463691 -0.0821126 -0.0238697 0.603341 -0.595088 -0.0238697 1.41126 1.41103 0.304611 0.304541 0.00717512 -4.71001e-05 0 0 
-4.62452 0.463955 -0.0821925 -0.0239562 0.603313 -0.595091 -0.0239562 1.41222 1.41199 0.305197 0.305127 0.00717201 -4.86093e-05 0 0 
-4.62083 0.464219 -0.0822722 -0.0240429 0.603285 -0.595094 -0.0240429 1.41318 1.41295 0.305784 0.305714 0.00716885 -5.01202e-05 0 0 
-4.61715 0.464484 -0.0823516 -0.0241298 0.603258 -0.595097 -0.0241298 1.41415 1.41392 0.306371 0.306302 0.00716566 -5.16326e-05 0 0 
-4.61346 0.46475 -0.0824308 -0.0242169 0.60323 -0.5951 -0.0242169 1.41512 1.41489 0.30696 0.306891 0.00716242 -5.31466e-05 0 0 
-4.60978 0.465016 -0.0825097 -0.0243042 0.603202 -0.595103 -0.0243042 1.41609 1.41586 0.30755 0.307481 0.00715915 -5.46621e-05 0 0 
-4.60609 0.465283 -0.0825883 -0.0243917 0.603175 -0.595106 -0.0243917 1.41706 1.41683 0.308141 0.308072 0.00715584 -5.61792e-05 0 0 
-4.60241 0.465551 -0.0826666 -0.0244794 0.603147 -0.595109 -0.0244794 1.41804 1.41781 0.308733 0.308665 0.00715249 -5.76976e-05 0 0 
-4.59872 0.465819 -0.0827446 -0.0245673 0.603119 -0.595112 -0.0245673 1.41903 1.41879 0.309326 0.309258 0.0071491 -5.92175e-05 0 0 
-4.59504 0.466088 -0.0828224 -0.0246554 0.603092 -0.595114 -0.0246554 1.42001 1.41978 0.309921 0.309852 0.00714567 -6.07388e-05 0 0 
-4.59135 0.466358 -0.0828999 -0.0247437 0.603064 -0.595117 -0.0247437 1.421 1.42077 0.310516 0.310448 0.00714221 -6.22615e-05 0 0 
-4.58767 0.466628 -0.0829771 -0.0248323 0.603037 -0.59512 -0.0248323 1.42199 1.42176 0.311112 0.311044 0.00713871 -6.37855e-05 0 0 
-4.58398 0.466899 -0.083054 -0.024921 0.60301 -0.595122 -0.024921 1.42299 1.42276 0.31171 0.311642 0.00713517 -6.53109e-05 0 0 
-4.5803 0.46717 -0.0831306 -0.0250099 0.602982 -0.595125 -0.0250099 1.42398 1.42375 0.312308 0.312241 0.00713159 -6.68374e-05 0 0 
-4.57661 0.467442 -0.0832069 -0.0250991 0.602955 -0.595128 -0.0250991 1.42499 1.42476 0.312908 0.312841 0.00712798 -6.83653e-05 0 0 
-4.57293 0.467715 -0.0832829 -0.0251884 0.602928 -0.59513 -0.0251884 1.42599 1.42576 0.313508 0.313441 0.00712433 -6.98943e-05 0 0 
-4.56924 0.467988 -0.0833586 -0.0252779 0.6029 -0.595133 -0.0252779 1.427 1.42677 0.31411 0.314043 0.00712064 -7.14246e-05 0 0 
-4.56556 0.468262 -0.083434 -0.0253677 0.602873 -0.595135 -0.0253677 1.42801 1.42778 0.314713 0.314646 0.00711691 -7.29559e-05 0 0 
-4.56187 0.468537 -0.0835091 -0.0254576 0.602846 -0.595138 -0.0254576 1.42903 1.4288 0.315317 0.31525 0.00711315 -7.44885e-05 0 0 
-4.55819 0.468812 -0.0835839 -0.0255478 0.602819 -0.59514 -0.0255478 1.43005 1.42981 0.315922 0.315856 0.00710936 -7.6022e-05 0 0 
-4.5545 0.469088 -0.0836584 -0.0256381 0.602792 -0.595142 -0.0256381 1.43107 1.43084 0.316528 0.316462 0.00710552 -7.75567e-05 0 0 
-4.55082 0.469365 -0.0837325 -0.0257287 0.602765 -0.595145 -0.0257287 1.4321 1.43186 0.317135 0.317069 0.00710165 -7.90924e-05 0 0 
-4.54713 0.469642 -0.0838064 -0.0258194 0.602738 -0.595147 -0.0258194 1.43312 1.43289 0.317743 0.317678 0.00709775 -8.0629e-05 0 0 
-4.54345 0.46992 -0.0838799 -0.0259104 0.602711 -0.595149 -0.0259104 1.43416 1.43392 0.318353 0.318287 0.00709381 -8.21666e-05 0 0 
-4.53976 0.470198 -0.0839532 -0.0260016 0.602684 -0.595151 -0.0260016 1.43519 1.43496 0.318963 0.318898 0.00708984 -8.37052e-05 0 0 
-4.53608 0.470478 -0.0840261 -0.0260929 0.602657 -0.595154 -0.0260929 1.43623 1.436 0.319575 0.31951 0.00708583 -8.52446e-05 0 0 
-4.53239 0.470757 -0.0840986 -0.0261845 0.60263 -0.595156 -0.0261845 1.43728 1.43704 0.320187 0.320123 0.00708178 -8.6785e-05 0 0 
-4.52871 0.471038 -0.0841709 -0.0262762 0.602604 -0.595158 -0.0262762 1.43832 1.43809 0.320801 0.320737 0.00707771 -8.83261e-05 0 0 
-4.52502 0.471319 -0.0842428 -0.0263682 0.602577 -0.59516 -0.0263682 1.43937 1.43914 0.321416 0.321352 0.00707359 -8.98681e-05 0 0 
-4.52134 0.471601 -0.0843144 -0.0264604 0.60255 -0.595162 -0.0264604 1.44043 1.44019 0.322032 0.321968 0.00706945 -9.14108e-05 0 0 
-4.51765 0.471883 -0.0843856 -0.0265527 0.602524 -0.595164 -0.0265527 1.44149 1.44125 0.322649 0.322585 0.00706527 -9.29543e-05 0 0 
-4.51397 0.472166 -0.0844565 -0.0266453 0.602497 -0.595166 -0.0266453 1.44255 1.44231 0.323267 0.323203 0.00706105 -9.44985e-05 0 0 
-4.51028 0.47245 -0.0845271 -0.0267381 0.60247 -0.595168 -0.0267381 1.44361 1.44338 0.323886 0.323823 0.0070568 -9.60433e-05 0 0 
-4.5066 0.472735 -0.0845973 -0.026831 0.602444 -0.59517 -0.026831 1.44468 1.44444 0.324507 0.324444 0.00705252 -9.75888e-05 0 0 
-4.50291 0.47302 -0.0846672 -0.0269242 0.602417 -0.595172 -0.0269242 1.44575 1.44552 0.325128 0.325065 0.00704821 -9.91349e-05 0 0 
-4.49923 0.473305 -0.0847367 -0.0270175 0.602391 -0.595173 -0.0270175 1.44683 1.44659 0.325751 0.325688 0.00704386 -0.000100682 0 0 
-4.49555 0.473592 -0.0848059 -0.0271111 0.602365 -0.595175 -0.0271111 1.44791 1.44767 0.326375 0.326312 0.00703948 -0.000102229 0 0 
-4.49186 0.473879 -0.0848747 -0.0272048 0.602338 -0.595177 -0.0272048 1.44899 1.44875 0.326999 0.326937 0.00703507 -0.000103777 0 0 
-4.48818 0.474166 -0.0849431 -0.0272988 0.602312 -0.595179 -0.0272988 1.45008 1.44984 0.327625 0.327563 0.00703063 -0.000105325 0 0 
-4.48449 0.474455 -0.0850112 -0.0273929 0.602286 -0.59518 -0.0273929 1.45117 1.45093 0.328253 0.328191 0.00702615 -0.000106874 0 0 
-4.48081 0.474744 -0.085079 -0.0274873 0.602259 -0.595182 -0.0274873 1.45226 1.45202 0.328881 0.328819 0.00702165 -0.000108423 0 0 
-4.47712 0.475033 -0.0851464 -0.0275818 0.602233 -0.595184 -0.0275818 1.45336 1.45312 0.32951 0.329449 0.00701711 -0.000109972 0 0 
-4.47344 0.475324 -0.0852134 -0.0276765 0.602207 -0.595185 -0.0276765 1.45446 1.45422 0.330141 0.330079 0.00701254 -0.000111522 0 0 
-4.46975 0.475615 -0.08528 -0.0277715 0.602181 -0.595187 -0.0277715 1.45556 1.45533 0.330772 0.330711 0.00700793 -0.000113072 0 0 
-4.46607 0.475906 -0.0853463 -0.0278666 0.602155 -0.595188 -0.0278666 1.45667 1.45643 0.331405 0.331344 0.0070033 -0.000114623 0 0 
-4.46238 0.476199 -0.0854121 -0.0279619 0.602129 -0.59519 -0.0279619 1.45778 1.45755 0.332039 0.331978 0.00699864 -0.000116174 0 0 
-4.4587 0.476491 -0.0854777 -0.0280574 0.602103 -0.595191 -0.0280574 1.4589 1.45866 0.332674 0.332614 0.00699394 -0.000117725 0 0 
-4.45501 0.476785 -0.0855428 -0.0281531 0.602077 -0.595193 -0.0281531 1.46002 1.45978 0.333311 0.33325 0.00698922 -0.000119276 0 0 
-4.45133 0.477079 -0.0856075 -0.028249 0.602051 -0.595194 -0.028249 1.46115 1.46091 0.333948 0.333888 0.00698446 -0.000120827 0 0 
-4.44764 0.477374 -0.0856719 -0.0283451 0.602025 -0.595196 -0.0283451 1.46227 1.46203 0.334586 0.334526 0.00697968 -0.000122379 0 0 
-4.44396 0.47767 -0.0857358 -0.0284414 0.602 -0.595197 -0.0284414 1.4634 1.46317 0.335226 0.335166 0.00697486 -0.000123931 0 0 
-4.44027 0.477966 -0.0857994 -0.0285379 0.601974 -0.595198 -0.0285379 1.46454 1.4643 0.335867 0.335807 0.00697002 -0.000125482 0 0 
-4.43659 0.478263 -0.0858626 -0.0286345 0.601948 -0.595199 -0.0286345 1.46568 1.46544 0.336509 0.336449 0.00696515 -0.000127034 0 0 
-4.4329 0.478561 -0.0859254 -0.0287314 0.601922 -0.595201 -0.0287314 1.46682 1.46658 0.337152 0.337093 0.00696024 -0.000128586 0 0 
-4.42922 0.478859 -0.0859877 -0.0288284 0.601897 -0.595202 -0.0288284 1.46797 1.46773 0.337796 0.337737 0.00695531 -0.000130138 0 0 
-4.42553 0.479158 -0.0860497 -0.0289257 0.601871 -0.595203 -0.0289257 1.46912 1.46888 0.338442 0.338383 0.00695035 -0.000131689 0 0 
-4.42185 0.479457 -0.0861113 -0.0290231 0.601846 -0.595204 -0.0290231 1.47028 1.47004 0.339088 0.33903 0.00694536 -0.000133241 0 0 
-4.41816 0.479758 -0.0861724 -0.0291207 0.60182 -0.595205 -0.0291207 1.47144 1.4712 0.339736 0.339678 0.00694034 -0.000134792 0 0 
-4.41448 0.480059 -0.0862332 -0.0292185 0.601795 -0.595206 -0.0292185 1.4726 1.47236 0.340385 0.340327 0.0069353 -0.000136344 0 0 
-4.41079 0.48036 -0.0862935 -0.0293165 0.601769 -0.595207 -0.0293165 1.47377 1.47353 0.341035 0.340977 0.00693022 -0.000137895 0 0 
-4.40711 0.480662 -0.0863534 -0.0294147 0.601744 -0.595208 -0.0294147 1.47494 1.4747 0.341686 0.341628 0.00692512 -0.000139446 0 0 
-4.40342 0.480965 -0.0864129 -0.029513 0.601719 -0.595209 -0.029513 1.47611 1.47587 0.342339 0.342281 0.00691999 -0.000140997 0 0 
-4.39974 0.481269 -0.086472 -0.0296116 0.601693 -0.59521 -0.0296116 1.47729 1.47705 0.342992 0.342935 0.00691484 -0.000142547 0 0 
-4.39605 0.481573 -0.0865306 -0.0297103 0.601668 -0.595211 -0.0297103 1.47847 1.47823 0.343647 0.34359 0.00690965 -0.000144097 0 0 
-4.39237 0.481878 -0.0865888 -0.0298092 0.601643 -0.595212 -0.0298092 1.47966 1.47942 0.344303 0.344246 0.00690444 -0.000145647 0 0 
-4.38868 0.482184 -0.0866466 -0.0299083 0.601618 -0.595213 -0.0299083 1.48085 1.48061 0.34496 0.344903 0.0068992 -0.000147197 0 0 
-4.385 0.48249 -0.0867039 -0.0300076 0.601593 -0.595214 -0.0300076 1.48205 1.48181 0.345619 0.345562 0.00689394 -0.000148746 0 0 
-4.38131 0.482797 -0.0867608 -0.0301071 0.601568 -0.595215 -0.0301071 1.48325 1.48301 0.346278 0.346221 0.00688865 -0.000150294 0 0 
-4.37763 0.483104 -0.0868172 -0.0302067 0.601543 -0.595215 -0.0302067 1.48445 1.48421 0.346939 0.346882 0.00688333 -0.000151842 0 0 
-4.37394 0.483413 -0.0868732 -0.0303065 0.601518 -0.595216 -0.0303065 1.48566 1.48542 0.347601 0.347544 0.00687799 -0.00015339 0 0 
-4.37026 0.483722 -0.0869288 -0.0304066 0.601493 -0.595217 -0.0304066 1.48687 1.48663 0.348264 0.348208 0.00687262 -0.000154937 0 0 
-4.36657 0.484031 -0.0869839 -0.0305067 0.601468 -0.595217 -0.0305067 1.48809 1.48784 0.348928 0.348872 0.00686722 -0.000156484 0 0 
-4.36289 0.484341 -0.0870386 -0.0306071 0.601443 -0.595218 -0.0306071 1.48931 1.48906 0.349593 0.349538 0.0068618 -0.00015803 0 0 
-4.3592 0.484652 -0.0870928 -0.0307077 0.601418 -0.595219 -0.0307077 1.49053 1.49029 0.35026 0.350205 0.00685636 -0.000159575 0 0 
-4.35552 0.484964 -0.0871465 -0.0308084 0.601393 -0.595219 -0.0308084 1.49176 1.49152 0.350928 0.350873 0.00685089 -0.00016112 0 0 
-4.35184 0.485276 -0.0871998 -0.0309093 0.601369 -0.59522 -0.0309093 1.49299 1.49275 0.351597 0.351542 0.00684539 -0.000162664 0 0 
-4.34815 0.485589 -0.0872526 -0.0310104 0.601344 -0.59522 -0.0310104 1.49423 1.49399 0.352267 0.352212 0.00683987 -0.000164207 0 0 
-4.34447 0.485903 -0.0873049 -0.0311117 0.601319 -0.595221 -0.0311117 1.49547 1.49523 0.352939 0.352884 0.00683433 -0.000165749 0 0 
-4.34078 0.486217 -0.0873567 -0.0312131 0.601295 -0.595221 -0.0312131 1.49672 1.49647 0.353611 0.353557 0.00682876 -0.000167291 0 0 
-4.3371 0.486532 -0.0874081 -0.0313147 0.60127 -0.595222 -0.0313147 1.49797 1.49772 0.354285 0.354231 0.00682316 -0.000168832 0 0 
-4.33341 0.486848 -0.087459 -0.0314165 0.601246 -0.595222 -0.0314165 1.49922 1.49898 0.35496 0.354906 0.00681755 -0.000170372 0 0 
-4.32973 0.487164 -0.0875094 -0.0315184 0.601221 -0.595222 -0.0315184 1.50048 1.50023 0.355637 0.355583 0.0068119 -0.000171911 0 0 
-4.32604 0.487481 -0.0875594 -0.0316206 0.601197 -0.595223 -0.0316206 1.50174 1.5015 0.356314 0.35626 0.00680624 -0.000173449 0 0 
-4.32236 0.487798 -0.0876088 -0.0317229 0.601173 -0.595223 -0.0317229 1.50301 1.50276 0.356993 0.356939 0.00680055 -0.000174987 0 0 
-4.31867 0.488117 -0.0876578 -0.0318253 0.601148 -0.595223 -0.0318253 1.50428 1.50404 0.357673 0.357619 0.00679484 -0.000176523 0 0 
-4.31499 0.488436 -0.0877062 -0.031928 0.601124 -0.595224 -0.031928 1.50556 1.50531 0.358354 0.358301 0.0067891 -0.000178058 0 0 
-4.3113 0.488755 -0.0877542 -0.0320308 0.6011 -0.595224 -0.0320308 1.50684 1.50659 0.359036 0.358983 0.00678335 -0.000179592 0 0 
-4.30762 0.489076 -0.0878017 -0.0321338 0.601076 -0.595224 -0.0321338 1.50812 1.50788 0.35972 0.359667 0.00677757 -0.000181126 0 0 
-4.30393 0.489397 -0.0878486 -0.0322369 0.601052 -0.595224 -0.0322369 1.50941 1.50917 0.360405 0.360352 0.00677176 -0.000182658 0 0 
-4.30025 0.489718 -0.0878951 -0.0323402 0.601027 -0.595224 -0.0323402 1.5107 1.51046 0.361091 0.361038 0.00676594 -0.000184189 0 0 
-4.29656 0.49004 -0.087941 -0.0324437 0.601003 -0.595225 -0.0324437 1.512 1.51176 0.361778 0.361726 0.00676009 -0.000185718 0 0 
-4.29288 0.490363 -0.0879864 -0.0325473 0.600979 -0.595225 -0.0325473 1.51331 1.51306 0.362467 0.362415 0.00675422 -0.000187247 0 0 
-4.28919 0.490687 -0.0880313 -0.0326512 0.600955 -0.595225 -0.0326512 1.51461 1.51437 0.363157 0.363105 0.00674833 -0.000188774 0 0 
-4.28551 0.491011 -0.0880757 -0.0327551 0.600931 -0.595225 -0.0327551 1.51592 1.51568 0.363848 0.363796 0.00674241 -0.0001903 0 0 
-4.28182 0.491336 -0.0881196 -0.0328593 0.600908 -0.595225 -0.0328593 1.51724 1.51699 0.36454 0.364488 0.00673648 -0.000191825 0 0 
-4.27814 0.491662 -0.0881629 -0.0329636 0.600884 -0.595225 -0.0329636 1.51856 1.51832 0.365234 0.365182 0.00673052 -0.000193348 0 0 
-4.27445 0.491988 -0.0882057 -0.033068 0.60086 -0.595225 -0.033068 1.51989 1.51964 0.365928 0.365877 0.00672454 -0.00019487 0 0 
-4.27077 0.492315 -0.088248 -0.0331726 0.600836 -0.595225 -0.0331726 1.52122 1.52097 0.366624 0.366573 0.00671855 -0.000196391 0 0 
-4.26708 0.492643 -0.0882897 -0.0332774 0.600812 -0.595225 -0.0332774 1.52255 1.52231 0.367322 0.36727 0.00671253 -0.00019791 0 0 
-4.2634 0.492971 -0.0883309 -0.0333823 0.600789 -0.595224 -0.0333823 1.52389 1.52364 0.36802 0.367969 0.00670649 -0.000199428 0 0 
-4.25971 0.4933 -0.0883715 -0.0334874 0.600765 -0.595224 -0.0334874 1.52524 1.52499 0.36872 0.368669 0.00670042 -0.000200944 0 0 
-4.25603 0.49363 -0.0884116 -0.0335926 0.600742 -0.595224 -0.0335926 1.52658 1.52634 0.369421 0.36937 0.00669434 -0.000202459 0 0 
-4.25234 0.49396 -0.0884512 -0.033698 0.600718 -0.595224 -0.033698 1.52794 1.52769 0.370123 0.370073 0.00668824 -0.000203972 0 0 
-4.24866 0.494291 -0.0884902 -0.0338036 0.600695 -0.595224 -0.0338036 1.5293 1.52905 0.370827 0.370777 0.00668212 -0.000205483 0 0 
-4.24497 0.494623 -0.0885286 -0.0339093 0.600671 -0.595223 -0.0339093 1.53066 1.53041 0.371532 0.371482 0.00667598 -0.000206993 0 0 
-4.24129 0.494955 -0.0885665 -0.0340151 0.600648 -0.595223 -0.0340151 1.53203 1.53178 0.372238 0.372188 0.00666982 -0.000208501 0 0 
-4.2376 0.495288 -0.0886038 -0.0341211 0.600624 -0.595223 -0.0341211 1.5334 1.53315 0.372945 0.372895 0.00666364 -0.000210008 0 0 
-4.23392 0.495622 -0.0886405 -0.0342273 0.600601 -0.595223 -0.0342273 1.53478 1.53453 0.373654 0.373604 0.00665744 -0.000211513 0 0 
-4.23023 0.495956 -0.0886767 -0.0343336 0.600578 -0.595222 -0.0343336 1.53616 1.53591 0.374364 0.374314 0.00665122 -0.000213016 0 0 
-4.22655 0.496291 -0.0887123 -0.03444 0.600555 -0.595222 -0.03444 1.53754 1.53729 0.375075 0.375026 0.00664498 -0.000214517 0 0 
-4.22286 0.496626 -0.0887473 -0.0345466 0.600531 -0.595221 -0.0345466 1.53894 1.53869 0.375787 0.375738 0.00663873 -0.000216016 0 0 
-4.21918 0.496963 -0.0887817 -0.0346534 0.600508 -0.595221 -0.0346534 1.54033 1.54008 0.376501 0.376452 0.00663245 -0.000217514 0 0 
-4.21549 0.4973 -0.0888156 -0.0347602 0.600485 -0.59522 -0.0347602 1.54173 1.54148 0.377216 0.377167 0.00662616 -0.000219009 0 0 
-4.21181 0.497637 -0.0888489 -0.0348673 0.600462 -0.59522 -0.0348673 1.54314 1.54289 0.377933 0.377884 0.00661985 -0.000220503 0 0 
-4.20813 0.497976 -0.0888815 -0.0349744 0.600439 -0.595219 -0.0349744 1.54455 1.5443 0.37865 0.378602 0.00661352 -0.000221995 0 0 
-4.20444 0.498314 -0.0889136 -0.0350817 0.600416 -0.595219 -0.0350817 1.54597 1.54572 0.379369 0.379321 0.00660717 -0.000223485 0 0 
-4.20076 0.498654 -0.0889451 -0.0351892 0.600393 -0.595218 -0.0351892 1.54739 1.54714 0.380089 0.380041 0.0066008 -0.000224972 0 0 
-4.19707 0.498994 -0.088976 -0.0352967 0.60037 -0.595218 -0.0352967 1.54881 1.54856 0.380811 0.380763 0.00659442 -0.000226458 0 0 
-4.19339 0.499335 -0.0890062 -0.0354045 0.600348 -0.595217 -0.0354045 1.55024 1.54999 0.381534 0.381486 0.00658802 -0.000227942 0 0 
-4.1897 0.499677 -0.0890359 -0.0355123 0.600325 -0.595217 -0.0355123 1.55168 1.55143 0.382258 0.38221 0.0065816 -0.000229423 0 0 
-4.18602 0.500019 -0.0890649 -0.0356203 0.600302 -0.595216 -0.0356203 1.55312 1.55287 0.382983 0.382935 0.00657516 -0.000230902 0 0 
-4.18233 0.500362 -0.0890934 -0.0357284 0.600279 -0.595215 -0.0357284 1.55457 1.55432 0.38371 0.383662 0.00656871 -0.00023238 0 0 
-4.17865 0.500705 -0.0891212 -0.0358367 0.600257 -0.595215 -0.0358367 1.55602 1.55577 0.384438 0.38439 0.00656224 -0.000233854 0 0 
-4.17496 0.50105 -0.0891484 -0.035945 0.600234 -0.595214 -0.035945 1.55747 1.55722 0.385167 0.38512 0.00655575 -0.000235327 0 0 
-4.17128 0.501394 -0.089175 -0.0360536 0.600211 -0.595213 -0.0360536 1.55893 1.55868 0.385898 0.385851 0.00654925 -0.000236797 0 0 
-4.16759 0.50174 -0.0892009 -0.0361622 0.600189 -0.595212 -0.0361622 1.5604 1.56015 0.38663 0.386583 0.00654273 -0.000238265 0 0 
-4.16391 0.502086 -0.0892262 -0.0362709 0.600166 -0.595211 -0.0362709 1.56187 1.56162 0.387363 0.387316 0.00653619 -0.000239731 0 0 
-4.16022 0.502433 -0.0892509 -0.0363798 0.600144 -0.595211 -0.0363798 1.56335 1.5631 0.388097 0.388051 0.00652964 -0.000241194 0 0 
-4.15654 0.50278 -0.0892749 -0.0364888 0.600122 -0.59521 -0.0364888 1.56483 1.56458 0.388833 0.388787 0.00652307 -0.000242655 0 0 
-4.15285 0.503128 -0.0892983 -0.036598 0.600099 -0.595209 -0.036598 1.56632 1.56606 0.38957 0.389524 0.00651648 -0.000244114 0 0 
-4.14917 0.503477 -0.089321 -0.0367072 0.600077 -0.595208 -0.0367072 1.56781 1.56756 0.390309 0.390263 0.00650988 -0.000245569 0 0 
-4.14548 0.503826 -0.0893431 -0.0368166 0.600055 -0.595207 -0.0368166 1.56931 1.56905 0.391049 0.391003 0.00650327 -0.000247023 0 0 
-4.1418 0.504176 -0.0893645 -0.0369261 0.600032 -0.595206 -0.0369261 1.57081 1.57056 0.39179 0.391744 0.00649663 -0.000248474 0 0 
-4.13811 0.504527 -0.0893853 -0.0370357 0.60001 -0.595205 -0.0370357 1.57232 1.57206 0.392533 0.392487 0.00648999 -0.000249922 0 0 
-4.13443 0.504878 -0.0894054 -0.0371454 0.599988 -0.595204 -0.0371454 1.57383 1.57358 0.393277 0.393231 0.00648332 -0.000251367 0 0 
-4.13074 0.50523 -0.0894248 -0.0372552 0.599966 -0.595203 -0.0372552 1.57535 1.5751 0.394022 0.393976 0.00647665 -0.00025281 0 0 
-4.12706 0.505583 -0.0894436 -0.0373652 0.599944 -0.595202 -0.0373652 1.57687 1.57662 0.394768 0.394723 0.00646995 -0.000254251 0 0 
-4.12337 0.505936 -0.0894616 -0.0374752 0.599922 -0.595201 -0.0374752 1.5784 1.57815 0.395516 0.395471 0.00646325 -0.000255688 0 0 
-4.11969 0.50629 -0.0894791 -0.0375854 0.5999 -0.5952 -0.0375854 1.57994 1.57968 0.396265 0.39622 0.00645652 -0.000257123 0 0 
-4.116 0.506645 -0.0894958 -0.0376957 0.599878 -0.595199 -0.0376957 1.58148 1.58122 0.397016 0.396971 0.00644979 -0.000258555 0 0 
-4.11232 0.507 -0.0895118 -0.037806 0.599856 -0.595198 -0.037806 1.58302 1.58277 0.397768 0.397723 0.00644304 -0.000259984 0 0 
-4.10863 0.507355 -0.0895272 -0.0379165 0.599834 -0.595197 -0.0379165 1.58457 1.58432 0.398521 0.398477 0.00643627 -0.00026141 0 0 
-4.10495 0.507712 -0.0895419 -0.0380271 0.599813 -0.595195 -0.0380271 1.58613 1.58587 0.399276 0.399231 0.00642949 -0.000262833 0 0 
-4.10126 0.508069 -0.0895558 -0.0381378 0.599791 -0.595194 -0.0381378 1.58769 1.58744 0.400032 0.399988 0.0064227 -0.000264254 0 0 
-4.09758 0.508427 -0.0895691 -0.0382486 0.599769 -0.595193 -0.0382486 1.58926 1.589 0.400789 0.400745 0.00641589 -0.000265671 0 0 
-4.09389 0.508785 -0.0895817 -0.0383595 0.599747 -0.595192 -0.0383595 1.59083 1.59058 0.401548 0.401504 0.00640907 -0.000267086 0 0 
-4.09021 0.509144 -0.0895935 -0.0384704 0.599726 -0.595191 -0.0384704 1.59241 1.59215 0.402308 0.402264 0.00640224 -0.000268497 0 0 
-4.08652 0.509504 -0.0896047 -0.0385815 0.599704 -0.595189 -0.0385815 1.59399 1.59374 0.403069 0.403026 0.00639539 -0.000269905 0 0 
-4.08284 0.509864 -0.0896151 -0.0386927 0.599683 -0.595188 -0.0386927 1.59558 1.59533 0.403832 0.403789 0.00638853 -0.000271311 0 0 
-4.07915 0.510225 -0.0896249 -0.0388039 0.599661 -0.595187 -0.0388039 1.59718 1.59692 0.404596 0.404553 0.00638166 -0.000272713 0 0 
-4.07547 0.510586 -0.0896339 -0.0389153 0.59964 -0.595185 -0.0389153 1.59878 1.59852 0.405362 0.405319 0.00637477 -0.000274112 0 0 
-4.07178 0.510948 -0.0896421 -0.0390267 0.599618 -0.595184 -0.0390267 1.60038 1.60013 0.406129 0.406086 0.00636787 -0.000275508 0 0 
-4.0681 0.511311 -0.0896497 -0.0391382 0.599597 -0.595183 -0.0391382 1.602 1.60174 0.406897 0.406854 0.00636096 -0.0002769 0 0 
-4.06442 0.511674 -0.0896565 -0.0392498 0.599576 -0.595181 -0.0392498 1.60361 1.60336 0.407667 0.407624 0.00635403 -0.000278289 0 0 
-4.06073 0.512038 -0.0896626 -0.0393615 0.599554 -0.59518 -0.0393615 1.60524 1.60498 0.408438 0.408395 0.0063471 -0.000279675 0 0 
-4.05705 0.512403 -0.0896679 -0.0394732 0.599533 -0.595178 -0.0394732 1.60687 1.60661 0.409211 0.409168 0.00634015 -0.000281058 0 0 
-4.05336 0.512768 -0.0896725 -0.0395851 0.599512 -0.595177 -0.0395851 1.6085 1.60824 0.409984 0.409942 0.00633318 -0.000282437 0 0 
-4.04968 0.513134 -0.0896763 -0.039697 0.599491 -0.595175 -0.039697 1.61014 1.60988 0.41076 0.410717 0.00632621 -0.000283813 0 0 
-4.04599 0.5135 -0.0896794 -0.039809 0.59947 -0.595174 -0.039809 1.61179 1.61153 0.411536 0.411494 0.00631922 -0.000285185 0 0 
-4.04231 0.513867 -0.0896817 -0.0399211 0.599449 -0.595172 -0.0399211 1.61344 1.61318 0.412314 0.412272 0.00631222 -0.000286554 0 0 
-4.03862 0.514235 -0.0896833 -0.0400332 0.599428 -0.595171 -0.0400332 1.6151 1.61484 0.413094 0.413052 0.00630522 -0.000287919 0 0 
-4.03494 0.514603 -0.0896841 -0.0401454 0.599407 -0.595169 -0.0401454 1.61676 1.6165 0.413875 0.413833 0.00629819 -0.000289281 0 0 
-4.03125 0.514972 -0.0896841 -0.0402577 0.599386 -0.595168 -0.0402577 1.61843 1.61817 0.414657 0.414615 0.00629116 -0.000290639 0 0 
-4.02757 0.515341 -0.0896834 -0.04037 0.599365 -0.595166 -0.04037 1.62011 1.61985 0.415441 0.415399 0.00628412 -0.000291994 0 0 
-4.02388 0.515711 -0.0896819 -0.0404824 0.599344 -0.595164 -0.0404824 1.62179 1.62153 0.416226 0.416184 0.00627706 -0.000293345 0 0 
-4.0202 0.516082 -0.0896796 -0.0405949 0.599323 -0.595163 -0.0405949 1.62348 1.62322 0.417012 0.416971 0.00626999 -0.000294692 0 0 
-4.01651 0.516453 -0.0896765 -0.0407074 0.599302 -0.595161 -0.0407074 1.62517 1.62491 0.4178 0.417759 0.00626292 -0.000296036 0 0 
-4.01283 0.516825 -0.0896727 -0.04082 0.599282 -0.595159 -0.04082 1.62687 1.62661 0.418589 0.418549 0.00625583 -0.000297375 0 0 
-4.00914 0.517198 -0.089668 -0.0409326 0.599261 -0.595158 -0.0409326 1.62858 1.62832 0.41938 0.419339 0.00624873 -0.000298711 0 0 
-4.00546 0.517571 -0.0896626 -0.0410453 0.59924 -0.595156 -0.0410453 1.63029 1.63003 0.420172 0.420132 0.00624162 -0.000300043 0 0 
-4.00177 0.517944 -0.0896564 -0.041158 0.59922 -0.595154 -0.041158 1.63201 1.63175 0.420966 0.420925 0.0062345 -0.000301372 0 0 
-3.99809 0.518318 -0.0896493 -0.0412708 0.599199 -0.595152 -0.0412708 1.63373 1.63347 0.421761 0.421721 0.00622736 -0.000302696 0 0 
-3.9944 0.518693 -0.0896415 -0.0413837 0.599179 -0.595151 -0.0413837 1.63546 1.6352 0.422557 0.422517 0.00622022 -0.000304017 0 0 
-3.99072 0.519069 -0.0896328 -0.0414965 0.599158 -0.595149 -0.0414965 1.6372 1.63694 0.423355 0.423315 0.00621307 -0.000305333 0 0 
-3.98703 0.519445 -0.0896233 -0.0416095 0.599138 -0.595147 -0.0416095 1.63894 1.63868 0.424155 0.424115 0.00620591 -0.000306646 0 0 
-3.98335 0.519821 -0.0896131 -0.0417224 0.599117 -0.595145 -0.0417224 1.64069 1.64043 0.424955 0.424916 0.00619874 -0.000307954 0 0 
-3.97966 0.520198 -0.0896019 -0.0418354 0.599097 -0.595143 -0.0418354 1.64244 1.64218 0.425758 0.425718 0.00619156 -0.000309258 0 0 
-3.97598 0.520576 -0.08959 -0.0419485 0.599077 -0.595141 -0.0419485 1.6442 1.64394 0.426561 0.426522 0.00618436 -0.000310559 0 0 
-3.97229 0.520954 -0.0895772 -0.0420615 0.599056 -0.595139 -0.0420615 1.64597 1.64571 0.427366 0.427327 0.00617716 -0.000311855 0 0 
-3.96861 0.521333 -0.0895636 -0.0421746 0.599036 -0.595138 -0.0421746 1.64774 1.64748 0.428173 0.428134 0.00616995 -0.000313147 0 0 
-3.96492 0.521712 -0.0895492 -0.0422878 0.599016 -0.595136 -0.0422878 1.64952 1.64926 0.428981 0.428942 0.00616273 -0.000314434 0 0 
-3.96124 0.522092 -0.0895339 -0.0424009 0.598996 -0.595134 -0.0424009 1.65131 1.65105 0.42979 0.429751 0.0061555 -0.000315718 0 0 
-3.95755 0.522473 -0.0895178 -0.0425141 0.598976 -0.595132 -0.0425141 1.6531 1.65284 0.430601 0.430562 0.00614826 -0.000316997 0 0 
-3.95387 0.522854 -0.0895008 -0.0426273 0.598956 -0.59513 -0.0426273 1.6549 1.65464 0.431413 0.431375 0.00614102 -0.000318272 0 0 
-3.95018 0.523236 -0.089483 -0.0427405 0.598936 -0.595128 -0.0427405 1.6567 1.65644 0.432227 0.432189 0.00613376 -0.000319542 0 0 
-3.9465 0.523618 -0.0894643 -0.0428538 0.598916 -0.595126 -0.0428538 1.65852 1.65825 0.433043 0.433004 0.00612649 -0.000320808 0 0 
-3.94281 0.524001 -0.0894448 -0.0429671 0.598896 -0.595124 -0.0429671 1.66033 1.66007 0.433859 0.433821 0.00611922 -0.00032207 0 0 
-3.93913 0.524384 -0.0894244 -0.0430803 0.598876 -0.595122 -0.0430803 1.66216 1.6619 0.434678 0.434639 0.00611194 -0.000323327 0 0 
-3.93544 0.524768 -0.0894031 -0.0431936 0.598856 -0.595119 -0.0431936 1.66399 1.66373 0.435497 0.435459 0.00610465 -0.00032458 0 0 
-3.93176 0.525152 -0.0893809 -0.0433069 0.598836 -0.595117 -0.0433069 1.66583 1.66556 0.436318 0.43628 0.00609735 -0.000325828 0 0 
-3.92807 0.525537 -0.0893579 -0.0434202 0.598816 -0.595115 -0.0434202 1.66767 1.66741 0.437141 0.437103 0.00609004 -0.000327071 0 0 
-3.92439 0.525923 -0.089334 -0.0435335 0.598797 -0.595113 -0.0435335 1.66952 1.66926 0.437965 0.437928 0.00608272 -0.00032831 0 0 
-3.92071 0.526309 -0.0893092 -0.0436468 0.598777 -0.595111 -0.0436468 1.67138 1.67112 0.438791 0.438753 0.0060754 -0.000329545 0 0 
-3.91702 0.526696 -0.0892835 -0.0437601 0.598757 -0.595109 -0.0437601 1.67324 1.67298 0.439618 0.43958 0.00606806 -0.000330774 0 0 
-3.91334 0.527083 -0.0892569 -0.0438734 0.598738 -0.595107 -0.0438734 1.67511 1.67485 0.440447 0.440409 0.00606072 -0.000331999 0 0 
-3.90965 0.52747 -0.0892295 -0.0439867 0.598718 -0.595104 -0.0439867 1.67699 1.67673 0.441277 0.441239 0.00605337 -0.000333219 0 0 
-3.90597 0.527858 -0.0892011 -0.0440999 0.598699 -0.595102 -0.0440999 1.67887 1.67861 0.442108 0.442071 0.00604602 -0.000334435 0 0 
-3.90228 0.528247 -0.0891718 -0.0442132 0.598679 -0.5951 -0.0442132 1.68076 1.6805 0.442941 0.442904 0.00603865 -0.000335645 0 0 
-3.8986 0.528636 -0.0891416 -0.0443265 0.59866 -0.595098 -0.0443265 1.68266 1.6824 0.443776 0.443739 0.00603128 -0.000336851 0 0 
-3.89491 0.529026 -0.0891105 -0.0444397 0.59864 -0.595095 -0.0444397 1.68456 1.6843 0.444612 0.444575 0.0060239 -0.000338052 0 0 
-3.89123 0.529416 -0.0890785 -0.0445529 0.598621 -0.595093 -0.0445529 1.68648 1.68621 0.44545 0.445413 0.00601652 -0.000339248 0 0 
-3.88754 0.529807 -0.0890456 -0.0446661 0.598602 -0.595091 -0.0446661 1.68839 1.68813 0.446289 0.446252 0.00600912 -0.000340438 0 0 
-3.88386 0.530199 -0.0890117 -0.0447792 0.598582 -0.595089 -0.0447792 1.69032 1.69005 0.447129 0.447093 0.00600172 -0.000341624 0 0 
-3.88017 0.53059 -0.0889769 -0.0448924 0.598563 -0.595086 -0.0448924 1.69225 1.69198 0.447971 0.447935 0.00599432 -0.000342805 0 0 
-3.87649 0.530983 -0.0889412 -0.0450055 0.598544 -0.595084 -0.0450055 1.69419 1.69392 0.448815 0.448779 0.0059869 -0.000343981 0 0 
-3.8728 0.531375 -0.0889045 -0.0451186 0.598525 -0.595081 -0.0451186 1.69613 1.69587 0.44966 0.449624 0.00597948 -0.000345151 0 0 
-3.86912 0.531769 -0.0888669 -0.0452316 0.598506 -0.595079 -0.0452316 1.69808 1.69782 0.450507 0.450471 0.00597205 -0.000346317 0 0 
-3.86543 0.532163 -0.0888284 -0.0453446 0.598487 -0.595077 -0.0453446 1.70004 1.69978 0.451355 0.451319 0.00596462 -0.000347477 0 0 
-3.86175 0.532557 -0.0887889 -0.0454575 0.598468 -0.595074 -0.0454575 1.70201 1.70174 0.452205 0.452169 0.00595717 -0.000348632 0 0 
-3.85806 0.532952 -0.0887484 -0.0455704 0.598449 -0.595072 -0.0455704 1.70398 1.70372 0.453056 0.45302 0.00594973 -0.000349782 0 0 
-3.85438 0.533347 -0.088707 -0.0456833 0.59843 -0.595069 -0.0456833 1.70596 1.7057 0.453909 0.453873 0.00594227 -0.000350927 0 0 
-3.85069 0.533743 -0.0886647 -0.0457961 0.598411 -0.595067 -0.0457961 1.70795 1.70768 0.454763 0.454728 0.00593481 -0.000352066 0 0 
-3.84701 0.534139 -0.0886213 -0.0459088 0.598392 -0.595064 -0.0459088 1.70994 1.70968 0.455619 0.455584 0.00592734 -0.0003532 0 0 
-3.84332 0.534535 -0.088577 -0.0460215 0.598373 -0.595062 -0.0460215 1.71195 1.71168 0.456476 0.456441 0.00591987 -0.000354328 0 0 
-3.83964 0.534933 -0.0885318 -0.0461342 0.598354 -0.595059 -0.0461342 1.71395 1.71369 0.457335 0.4573 0.00591239 -0.000355451 0 0 
-3.83595 0.53533 -0.0884855 -0.0462467 0.598336 -0.595057 -0.0462467 1.71597 1.7157 0.458196 0.458161 0.00590491 -0.000356568 0 0 
-3.83227 0.535728 -0.0884383 -0.0463592 0.598317 -0.595054 -0.0463592 1.71799 1.71773 0.459058 0.459023 0.00589742 -0.00035768 0 0 
-3.82858 0.536127 -0.0883901 -0.0464717 0.598298 -0.595052 -0.0464717 1.72002 1.71976 0.459922 0.459887 0.00588992 -0.000358787 0 0 
-3.8249 0.536526 -0.0883409 -0.046584 0.59828 -0.595049 -0.046584 1.72206 1.72179 0.460787 0.460752 0.00588242 -0.000359887 0 0 
-3.82121 0.536925 -0.0882907 -0.0466963 0.598261 -0.595047 -0.0466963 1.72411 1.72384 0.461653 0.461619 0.00587491 -0.000360983 0 0 
-3.81753 0.537325 -0.0882395 -0.0468085 0.598242 -0.595044 -0.0468085 1.72616 1.72589 0.462522 0.462487 0.0058674 -0.000362072 0 0 
-3.81384 0.537726 -0.0881873 -0.0469207 0.598224 -0.595041 -0.0469207 1.72822 1.72795 0.463392 0.463357 0.00585988 -0.000363156 0 0 
-3.81016 0.538126 -0.0881342 -0.0470327 0.598206 -0.595039 -0.0470327 1.73028 1.73002 0.464263 0.464229 0.00585235 -0.000364234 0 0 
-3.80647 0.538528 -0.08808 -0.0471447 0.598187 -0.595036 -0.0471447 1.73236 1.73209 0.465136 0.465102 0.00584482 -0.000365306 0 0 
-3.80279 0.538929 -0.0880248 -0.0472565 0.598169 -0.595033 -0.0472565 1.73444 1.73417 0.466011 0.465977 0.00583729 -0.000366373 0 0 
-3.7991 0.539331 -0.0879685 -0.0473683 0.59815 -0.595031 -0.0473683 1.73653 1.73626 0.466887 0.466853 0.00582975 -0.000367433 0 0 
-3.79542 0.539734 -0.0879113 -0.04748 0.598132 -0.595028 -0.04748 1.73863 1.73836 0.467764 0.467731 0.0058222 -0.000368488 0 0 
-3.79173 0.540137 -0.087853 -0.0475915 0.598114 -0.595025 -0.0475915 1.74073 1.74046 0.468644 0.46861 0.00581466 -0.000369537 0 0 
-3.78805 0.54054 -0.0877937 -0.047703 0.598096 -0.595023 -0.047703 1.74284 1.74257 0.469525 0.469491 0.0058071 -0.00037058 0 0 
-3.78436 0.540944 -0.0877334 -0.0478144 0.598077 -0.59502 -0.0478144 1.74496 1.74469 0.470407 0.470374 0.00579954 -0.000371616 0 0 
-3.78068 0.541348 -0.087672 -0.0479256 0.598059 -0.595017 -0.0479256 1.74709 1.74682 0.471291 0.471258 0.00579198 -0.000372647 0 0 
-3.77699 0.541753 -0.0876096 -0.0480368 0.598041 -0.595014 -0.0480368 1.74922 1.74895 0.472177 0.472144 0.00578441 -0.000373672 0 0 
-3.77331 0.542158 -0.0875462 -0.0481478 0.598023 -0.595012 -0.0481478 1.75137 1.7511 0.473064 0.473031 0.00577684 -0.000374691 0 0 
-3.76963 0.542563 -0.0874817 -0.0482587 0.598005 -0.595009 -0.0482587 1.75352 1.75325 0.473953 0.47392 0.00576926 -0.000375703 0 0 
-3.76594 0.542969 -0.0874161 -0.0483694 0.597987 -0.595006 -0.0483694 1.75567 1.7554 0.474843 0.474811 0.00576168 -0.000376709 0 0 
-3.76226 0.543375 -0.0873495 -0.0484801 0.597969 -0.595003 -0.0484801 1.75784 1.75757 0.475735 0.475703 0.00575409 -0.00037771 0 0 
-3.75857 0.543782 -0.0872819 -0.0485906 0.597951 -0.595 -0.0485906 1.76001 1.75974 0.476629 0.476596 0.0057465 -0.000378703 0 0 
-3.75489 0.544189 -0.0872132 -0.048701 0.597933 -0.594997 -0.048701 1.76219 1.76192 0.477524 0.477492 0.00573891 -0.000379691 0 0 
-3.7512 0.544596 -0.0871434 -0.0488112 0.597916 -0.594995 -0.0488112 1.76438 1.76411 0.478421 0.478389 0.00573131 -0.000380672 0 0 
-3.74752 0.545003 -0.0870725 -0.0489213 0.597898 -0.594992 -0.0489213 1.76658 1.76631 0.47932 0.479287 0.00572371 -0.000381647 0 0 
-3.74383 0.545412 -0.0870006 -0.0490312 0.59788 -0.594989 -0.0490312 1.76878 1.76851 0.48022 0.480188 0.00571611 -0.000382615 0 0 
-3.74015 0.54582 -0.0869276 -0.049141 0.597862 -0.594986 -0.049141 1.771 1.77073 0.481122 0.48109 0.0057085 -0.000383577 0 0 
-3.73646 0.546229 -0.0868535 -0.0492507 0.597845 -0.594983 -0.0492507 1.77322 1.77295 0.482025 0.481993 0.00570088 -0.000384533 0 0 
-3.73278 0.546638 -0.0867783 -0.0493602 0.597827 -0.59498 -0.0493602 1.77544 1.77517 0.48293 0.482898 0.00569327 -0.000385482 0 0 
-3.72909 0.547047 -0.086702 -0.0494695 0.597809 -0.594977 -0.0494695 1.77768 1.77741 0.483837 0.483805 0.00568565 -0.000386424 0 0 
-3.72541 0.547457 -0.0866246 -0.0495787 0.597792 -0.594974 -0.0495787 1.77993 1.77965 0.484745 0.484713 0.00567802 -0.00038736 0 0 
-3.72172 0.547867 -0.0865462 -0.0496877 0.597774 -0.594971 -0.0496877 1.78218 1.78191 0.485655 0.485623 0.0056704 -0.000388289 0 0 
-3.71804 0.548278 -0.0864666 -0.0497965 0.597757 -0.594968 -0.0497965 1.78444 1.78417 0.486566 0.486535 0.00566277 -0.000389212 0 0 
-3.71435 0.548688 -0.0863859 -0.0499051 0.59774 -0.594965 -0.0499051 1.78671 1.78644 0.487479 0.487448 0.00565513 -0.000390128 0 0 
-3.71067 0.549099 -0.0863042 -0.0500136 0.597722 -0.594962 -0.0500136 1.78898 1.78871 0.488394 0.488363 0.0056475 -0.000391037 0 0 
-3.70698 0.549511 -0.0862213 -0.0501219 0.597705 -0.594959 -0.0501219 1.79127 1.791 0.489311 0.48928 0.00563986 -0.000391939 0 0 
-3.7033 0.549923 -0.0861373 -0.05023 0.597687 -0.594956 -0.05023 1.79356 1.79329 0.490229 0.490198 0.00563222 -0.000392835 0 0 
-3.69961 0.550335 -0.0860521 -0.0503379 0.59767 -0.594953 -0.0503379 1.79586 1.79559 0.491149 0.491118 0.00562457 -0.000393724 0 0 
-3.69593 0.550747 -0.0859659 -0.0504456 0.597653 -0.59495 -0.0504456 1.79817 1.7979 0.49207 0.492039 0.00561692 -0.000394605 0 0 
-3.69224 0.55116 -0.0858785 -0.0505531 0.597636 -0.594947 -0.0505531 1.80049 1.80022 0.492993 0.492963 0.00560927 -0.00039548 0 0 
-3.68856 0.551572 -0.08579 -0.0506604 0.597619 -0.594944 -0.0506604 1.80282 1.80255 0.493918 0.493888 0.00560162 -0.000396348 0 0 
-3.68487 0.551986 -0.0857003 -0.0507675 0.597601 -0.594941 -0.0507675 1.80515 1.80488 0.494845 0.494814 0.00559396 -0.000397209 0 0 
-3.68119 0.552399 -0.0856095 -0.0508744 0.597584 -0.594938 -0.0508744 1.8075 1.80723 0.495773 0.495742 0.0055863 -0.000398063 0 0 
-3.6775 0.552813 -0.0855176 -0.0509811 0.597567 -0.594935 -0.0509811 1.80985 1.80958 0.496702 0.496672 0.00557864 -0.00039891 0 0 
-3.67382 0.553227 -0.0854245 -0.0510876 0.59755 -0.594931 -0.0510876 1.81221 1.81194 0.497634 0.497604 0.00557098 -0.00039975 0 0 
-3.67013 0.553641 -0.0853303 -0.0511938 0.597533 -0.594928 -0.0511938 1.81458 1.81431 0.498567 0.498537 0.00556331 -0.000400582 0 0 
-3.66645 0.554056 -0.0852349 -0.0512998 0.597516 -0.594925 -0.0512998 1.81696 1.81668 0.499502 0.499472 0.00555565 -0.000401408 0 0 
-3.66276 0.554471 -0.0851384 -0.0514056 0.597499 -0.594922 -0.0514056 1.81934 1.81907 0.500438 0.500409 0.00554798 -0.000402226 0 0 
-3.65908 0.554886 -0.0850407 -0.0515111 0.597483 -0.594919 -0.0515111 1.82174 1.82146 0.501377 0.501347 0.0055403 -0.000403037 0 0 
-3.65539 0.555301 -0.0849418 -0.0516164 0.597466 -0.594916 -0.0516164 1.82414 1.82387 0.502317 0.502287 0.00553263 -0.000403841 0 0 
-3.65171 0.555716 -0.0848418 -0.0517215 0.597449 -0.594912 -0.0517215 1.82655 1.82628 0.503258 0.503229 0.00552496 -0.000404637 0 0 
-3.64802 0.556132 -0.0847406 -0.0518263 0.597432 -0.594909 -0.0518263 1.82897 1.8287 0.504201 0.504172 0.00551728 -0.000405426 0 0 
-3.64434 0.556548 -0.0846382 -0.0519309 0.597416 -0.594906 -0.0519309 1.8314 1.83113 0.505146 0.505117 0.0055096 -0.000406207 0 0 
-3.64065 0.556964 -0.0845346 -0.0520352 0.597399 -0.594903 -0.0520352 1.83384 1.83357 0.506093 0.506064 0.00550192 -0.000406982 0 0 
-3.63697 0.557381 -0.0844299 -0.0521392 0.597382 -0.594899 -0.0521392 1.83629 1.83601 0.507042 0.507012 0.00549423 -0.000407748 0 0 
-3.63328 0.557797 -0.084324 -0.052243 0.597366 -0.594896 -0.052243 1.83874 1.83847 0.507992 0.507963 0.00548655 -0.000408507 0 0 
-3.6296 0.558214 -0.0842168 -0.0523465 0.597349 -0.594893 -0.0523465 1.84121 1.84093 0.508944 0.508915 0.00547886 -0.000409259 0 0 
-3.62592 0.558631 -0.0841085 -0.0524497 0.597333 -0.59489 -0.0524497 1.84368 1.84341 0.509897 0.509868 0.00547118 -0.000410003 0 0 
-3.62223 0.559048 -0.083999 -0.0525526 0.597316 -0.594886 -0.0525526 1.84616 1.84589 0.510852 0.510824 0.00546349 -0.00041074 0 0 
-3.61855 0.559466 -0.0838883 -0.0526553 0.5973 -0.594883 -0.0526553 1.84866 1.84838 0.511809 0.511781 0.0054558 -0.000411468 0 0 
-3.61486 0.559883 -0.0837764 -0.0527577 0.597283 -0.59488 -0.0527577 1.85116 1.85088 0.512768 0.512739 0.00544811 -0.000412189 0 0 
-3.61118 0.560301 -0.0836633 -0.0528598 0.597267 -0.594876 -0.0528598 1.85367 1.85339 0.513729 0.5137 0.00544042 -0.000412903 0 0 
-3.60749 0.560719 -0.083549 -0.0529616 0.597251 -0.594873 -0.0529616 1.85618 1.85591 0.514691 0.514662 0.00543272 -0.000413608 0 0 
-3.60381 0.561137 -0.0834334 -0.053063 0.597234 -0.59487 -0.053063 1.85871 1.85844 0.515655 0.515626 0.00542503 -0.000414306 0 0 
-3.60012 0.561555 -0.0833166 -0.0531642 0.597218 -0.594866 -0.0531642 1.86125 1.86097 0.51662 0.516592 0.00541734 -0.000414996 0 0 
-3.59644 0.561973 -0.0831987 -0.0532651 0.597202 -0.594863 -0.0532651 1.86379 1.86352 0.517588 0.51756 0.00540964 -0.000415678 0 0 
-3.59275 0.562392 -0.0830795 -0.0533657 0.597186 -0.59486 -0.0533657 1.86635 1.86607 0.518557 0.518529 0.00540194 -0.000416352 0 0 
-3.58907 0.56281 -0.082959 -0.0534659 0.59717 -0.594856 -0.0534659 1.86891 1.86864 0.519528 0.5195 0.00539425 -0.000417019 0 0 
-3.58538 0.563229 -0.0828374 -0.0535658 0.597153 -0.594853 -0.0535658 1.87149 1.87121 0.5205 0.520473 0.00538655 -0.000417677 0 0 
-3.5817 0.563648 -0.0827145 -0.0536654 0.597137 -0.594849 -0.0536654 1.87407 1.87379 0.521475 0.521447 0.00537885 -0.000418327 0 0 
-3.57801 0.564067 -0.0825903 -0.0537646 0.597121 -0.594846 -0.0537646 1.87666 1.87639 0.522451 0.522423 0.00537115 -0.000418969 0 0 
-3.57433 0.564486 -0.0824649 -0.0538635 0.597105 -0.594842 -0.0538635 1.87926 1.87899 0.523429 0.523401 0.00536346 -0.000419603 0 0 
-3.57064 0.564905 -0.0823383 -0.0539621 0.597089 -0.594839 -0.0539621 1.88188 1.8816 0.524409 0.524381 0.00535576 -0.000420229 0 0 
-3.56696 0.565324 -0.0822104 -0.0540603 0.597074 -0.594836 -0.0540603 1.8845 1.88422 0.52539 0.525363 0.00534806 -0.000420847 0 0 
-3.56327 0.565743 -0.0820813 -0.0541582 0.597058 -0.594832 -0.0541582 1.88713 1.88685 0.526373 0.526346 0.00534036 -0.000421457 0 0 
-3.55959 0.566163 -0.081951 -0.0542557 0.597042 -0.594829 -0.0542557 1.88977 1.88949 0.527358 0.527331 0.00533266 -0.000422058 0 0 
-3.5559 0.566582 -0.0818193 -0.0543528 0.597026 -0.594825 -0.0543528 1.89242 1.89214 0.528345 0.528318 0.00532496 -0.000422652 0 0 
-3.55222 0.567001 -0.0816864 -0.0544496 0.59701 -0.594822 -0.0544496 1.89507 1.8948 0.529334 0.529307 0.00531726 -0.000423236 0 0 
-3.54853 0.567421 -0.0815523 -0.054546 0.596994 -0.594818 -0.054546 1.89774 1.89747 0.530324 0.530297 0.00530956 -0.000423813 0 0 
-3.54485 0.567841 -0.0814169 -0.054642 0.596979 -0.594815 -0.054642 1.90042 1.90014 0.531316 0.53129 0.00530186 -0.000424381 0 0 
-3.54116 0.56826 -0.0812802 -0.0547376 0.596963 -0.594811 -0.0547376 1.90311 1.90283 0.53231 0.532284 0.00529416 -0.000424941 0 0 
-3.53748 0.56868 -0.0811422 -0.0548329 0.596947 -0.594807 -0.0548329 1.90581 1.90553 0.533306 0.533279 0.00528646 -0.000425492 0 0 
-3.53379 0.569099 -0.081003 -0.0549277 0.596932 -0.594804 -0.0549277 1.90851 1.90824 0.534304 0.534277 0.00527877 -0.000426035 0 0 
-3.53011 0.569519 -0.0808625 -0.0550222 0.596916 -0.5948 -0.0550222 1.91123 1.91095 0.535303 0.535276 0.00527107 -0.00042657 0 0 
-3.52642 0.569939 -0.0807207 -0.0551162 0.596901 -0.594797 -0.0551162 1.91396 1.91368 0.536304 0.536278 0.00526337 -0.000427096 0 0 
-3.52274 0.570358 -0.0805776 -0.0552099 0.596885 -0.594793 -0.0552099 1.91669 1.91642 0.537307 0.537281 0.00525568 -0.000427613 0 0 
-3.51905 0.570778 -0.0804332 -0.0553031 0.59687 -0.59479 -0.0553031 1.91944 1.91916 0.538312 0.538286 0.00524798 -0.000428122 0 0 
-3.51537 0.571198 -0.0802876 -0.0553959 0.596855 -0.594786 -0.0553959 1.9222 1.92192 0.539318 0.539292 0.00524029 -0.000428622 0 0 
-3.51168 0.571617 -0.0801407 -0.0554883 0.596839 -0.594782 -0.0554883 1.92496 1.92469 0.540327 0.540301 0.00523259 -0.000429113 0 0 
-3.508 0.572037 -0.0799924 -0.0555802 0.596824 -0.594779 -0.0555802 1.92774 1.92746 0.541337 0.541311 0.0052249 -0.000429596 0 0 
-3.50431 0.572457 -0.0798429 -0.0556717 0.596808 -0.594775 -0.0556717 1.93053 1.93025 0.542349 0.542323 0.00521721 -0.00043007 0 0 
-3.50063 0.572876 -0.079692 -0.0557628 0.596793 -0.594772 -0.0557628 1.93332 1.93305 0.543363 0.543337 0.00520952 -0.000430535 0 0 
-3.49694 0.573296 -0.0795399 -0.0558534 0.596778 -0.594768 -0.0558534 1.93613 1.93585 0.544379 0.544353 0.00520183 -0.000430991 0 0 
-3.49326 0.573715 -0.0793864 -0.0559436 0.596763 -0.594764 -0.0559436 1.93895 1.93867 0.545396 0.545371 0.00519414 -0.000431439 0 0 
-3.48957 0.574134 -0.0792317 -0.0560333 0.596748 -0.594761 -0.0560333 1.94178 1.9415 0.546416 0.54639 0.00518645 -0.000431877 0 0 
-3.48589 0.574553 -0.0790756 -0.0561226 0.596733 -0.594757 -0.0561226 1.94461 1.94433 0.547437 0.547411 0.00517877 -0.000432307 0 0 
-3.48221 0.574973 -0.0789182 -0.0562114 0.596717 -0.594753 -0.0562114 1.94746 1.94718 0.54846 0.548434 0.00517108 -0.000432728 0 0 
-3.47852 0.575392 -0.0787595 -0.0562997 0.596702 -0.59475 -0.0562997 1.95032 1.95004 0.549485 0.549459 0.0051634 -0.00043314 0 0 
-3.47484 0.575811 -0.0785995 -0.0563876 0.596687 -0.594746 -0.0563876 1.95319 1.95291 0.550512 0.550486 0.00515572 -0.000433543 0 0 
-3.47115 0.576229 -0.0784382 -0.0564749 0.596672 -0.594742 -0.0564749 1.95607 1.95579 0.55154 0.551515 0.00514804 -0.000433937 0 0 
-3.46747 0.576648 -0.0782755 -0.0565618 0.596657 -0.594738 -0.0565618 1.95896 1.95868 0.552571 0.552546 0.00514036 -0.000434321 0 0 
-3.46378 0.577067 -0.0781115 -0.0566482 0.596643 -0.594735 -0.0566482 1.96186 1.96158 0.553603 0.553578 0.00513269 -0.000434697 0 0 
-3.4601 0.577485 -0.0779462 -0.056734 0.596628 -0.594731 -0.056734 1.96477 1.96449 0.554637 0.554612 0.00512502 -0.000435064 0 0 
-3.45641 0.577904 -0.0777795 -0.0568194 0.596613 -0.594727 -0.0568194 1.96769 1.96741 0.555673 0.555648 0.00511734 -0.000435421 0 0 
-3.45273 0.578322 -0.0776116 -0.0569042 0.596598 -0.594723 -0.0569042 1.97062 1.97034 0.556711 0.556687 0.00510968 -0.000435769 0 0 
-3.44904 0.57874 -0.0774422 -0.0569886 0.596583 -0.59472 -0.0569886 1.97356 1.97328 0.557751 0.557726 0.00510201 -0.000436108 0 0 
-3.44536 0.579157 -0.0772716 -0.0570724 0.596569 -0.594716 -0.0570724 1.97652 1.97624 0.558793 0.558768 0.00509434 -0.000436438 0 0 
-3.44167 0.579575 -0.0770996 -0.0571557 0.596554 -0.594712 -0.0571557 1.97948 1.9792 0.559836 0.559812 0.00508668 -0.000436758 0 0 
-3.43799 0.579993 -0.0769262 -0.0572384 0.596539 -0.594708 -0.0572384 1.98246 1.98217 0.560882 0.560857 0.00507902 -0.000437069 0 0 
-3.4343 0.58041 -0.0767515 -0.0573206 0.596525 -0.594705 -0.0573206 1.98544 1.98516 0.561929 0.561905 0.00507136 -0.000437371 0 0 
-3.43062 0.580827 -0.0765755 -0.0574023 0.59651 -0.594701 -0.0574023 1.98844 1.98816 0.562978 0.562954 0.00506371 -0.000437663 0 0 
-3.42693 0.581244 -0.0763981 -0.0574834 0.596495 -0.594697 -0.0574834 1.99144 1.99116 0.56403 0.564005 0.00505606 -0.000437946 0 0 
-3.42325 0.58166 -0.0762194 -0.0575639 0.596481 -0.594693 -0.0575639 1.99446 1.99418 0.565083 0.565059 0.00504841 -0.00043822 0 0 
-3.41956 0.582077 -0.0760393 -0.0576439 0.596466 -0.594689 -0.0576439 1.99749 1.99721 0.566138 0.566114 0.00504076 -0.000438484 0 0 
-3.41588 0.582493 -0.0758578 -0.0577233 0.596452 -0.594686 -0.0577233 2.00053 2.00025 0.567194 0.567171 0.00503312 -0.000438739 0 0 
-3.41219 0.582908 -0.075675 -0.0578022 0.596438 -0.594682 -0.0578022 2.00358 2.0033 0.568253 0.568229 0.00502548 -0.000438984 0 0 
-3.40851 0.583324 -0.0754909 -0.0578804 0.596423 -0.594678 -0.0578804 2.00665 2.00636 0.569314 0.56929 0.00501784 -0.000439219 0 0 
-3.40482 0.583739 -0.0753054 -0.0579581 0.596409 -0.594674 -0.0579581 2.00972 2.00944 0.570377 0.570353 0.0050102 -0.000439445 0 0 
-3.40114 0.584154 -0.0751185 -0.0580352 0.596395 -0.59467 -0.0580352 2.0128 2.01252 0.571441 0.571418 0.00500257 -0.000439661 0 0 
-3.39745 0.584569 -0.0749302 -0.0581116 0.59638 -0.594666 -0.0581116 2.0159 2.01562 0.572508 0.572484 0.00499495 -0.000439868 0 0 
-3.39377 0.584984 -0.0747406 -0.0581875 0.596366 -0.594662 -0.0581875 2.01901 2.01872 0.573576 0.573553 0.00498732 -0.000440065 0 0 
-3.39008 0.585398 -0.0745496 -0.0582628 0.596352 -0.594659 -0.0582628 2.02212 2.02184 0.574646 0.574623 0.0049797 -0.000440252 0 0 
-3.3864 0.585811 -0.0743573 -0.0583374 0.596338 -0.594655 -0.0583374 2.02525 2.02497 0.575718 0.575695 0.00497208 -0.00044043 0 0 
-3.38271 0.586225 -0.0741635 -0.0584114 0.596324 -0.594651 -0.0584114 2.0284 2.02811 0.576793 0.57677 0.00496447 -0.000440598 0 0 
-3.37903 0.586638 -0.0739684 -0.0584848 0.596309 -0.594647 -0.0584848 2.03155 2.03127 0.577869 0.577846 0.00495686 -0.000440756 0 0 
-3.37534 0.587051 -0.0737719 -0.0585575 0.596295 -0.594643 -0.0585575 2.03471 2.03443 0.578947 0.578924 0.00494925 -0.000440904 0 0 
-3.37166 0.587463 -0.0735741 -0.0586296 0.596281 -0.594639 -0.0586296 2.03789 2.0376 0.580027 0.580004 0.00494165 -0.000441042 0 0 
-3.36797 0.587875 -0.0733749 -0.0587011 0.596267 -0.594635 -0.0587011 2.04107 2.04079 0.581109 0.581086 0.00493405 -0.000441171 0 0 
-3.36429 0.588287 -0.0731743 -0.0587719 0.596253 -0.594631 -0.0587719 2.04427 2.04399 0.582193 0.58217 0.00492646 -0.000441289 0 0 
-3.3606 0.588698 -0.0729723 -0.058842 0.596239 -0.594627 -0.058842 2.04748 2.0472 0.583279 0.583256 0.00491887 -0.000441398 0 0 
-3.35692 0.589109 -0.0727689 -0.0589115 0.596225 -0.594623 -0.0589115 2.05071 2.05042 0.584367 0.584344 0.00491128 -0.000441497 0 0 
-3.35323 0.589519 -0.0725642 -0.0589803 0.596212 -0.594619 -0.0589803 2.05394 2.05366 0.585456 0.585434 0.0049037 -0.000441586 0 0 
-3.34955 0.589929 -0.072358 -0.0590484 0.596198 -0.594615 -0.0590484 2.05719 2.0569 0.586548 0.586526 0.00489613 -0.000441664 0 0 
-3.34586 0.590339 -0.0721505 -0.0591158 0.596184 -0.594611 -0.0591158 2.06044 2.06016 0.587642 0.58762 0.00488855 -0.000441733 0 0 
-3.34218 0.590748 -0.0719416 -0.0591825 0.59617 -0.594607 -0.0591825 2.06371 2.06343 0.588738 0.588715 0.00488099 -0.000441792 0 0 
-3.3385 0.591157 -0.0717313 -0.0592486 0.596156 -0.594603 -0.0592486 2.06699 2.06671 0.589836 0.589813 0.00487342 -0.00044184 0 0 
-3.33481 0.591565 -0.0715196 -0.0593139 0.596143 -0.594599 -0.0593139 2.07029 2.07 0.590935 0.590913 0.00486587 -0.000441879 0 0 
-3.33113 0.591973 -0.0713065 -0.0593785 0.596129 -0.594595 -0.0593785 2.07359 2.07331 0.592037 0.592015 0.00485831 -0.000441907 0 0 
-3.32744 0.59238 -0.0710921 -0.0594424 0.596115 -0.594591 -0.0594424 2.07691 2.07662 0.593141 0.593119 0.00485077 -0.000441926 0 0 
-3.32376 0.592787 -0.0708762 -0.0595056 0.596102 -0.594587 -0.0595056 2.08024 2.07995 0.594246 0.594224 0.00484322 -0.000441934 0 0 
-3.32007 0.593193 -0.070659 -0.059568 0.596088 -0.594583 -0.059568 2.08358 2.08329 0.595354 0.595332 0.00483569 -0.000441932 0 0 
-3.31639 0.593599 -0.0704403 -0.0596297 0.596075 -0.594579 -0.0596297 2.08693 2.08665 0.596464 0.596442 0.00482815 -0.000441919 0 0 
-3.3127 0.594004 -0.0702203 -0.0596906 0.596061 -0.594575 -0.0596906 2.0903 2.09001 0.597575 0.597554 0.00482063 -0.000441897 0 0 
-3.30902 0.594409 -0.0699989 -0.0597508 0.596048 -0.594571 -0.0597508 2.09368 2.09339 0.598689 0.598668 0.00481311 -0.000441864 0 0 
-3.30533 0.594813 -0.0697761 -0.0598103 0.596034 -0.594567 -0.0598103 2.09707 2.09678 0.599805 0.599783 0.00480559 -0.000441821 0 0 
-3.30165 0.595217 -0.0695519 -0.0598689 0.596021 -0.594563 -0.0598689 2.10047 2.10018 0.600923 0.600901 0.00479808 -0.000441768 0 0 
-3.29796 0.59562 -0.0693262 -0.0599268 0.596008 -0.594559 -0.0599268 2.10388 2.1036 0.602042 0.602021 0.00479058 -0.000441704 0 0 
-3.29428 0.596022 -0.0690992 -0.059984 0.595994 -0.594555 -0.059984 2.10731 2.10703 0.603164 0.603143 0.00478308 -0.00044163 0 0 
-3.29059 0.596424 -0.0688708 -0.0600403 0.595981 -0.594551 -0.0600403 2.11075 2.11047 0.604288 0.604267 0.00477559 -0.000441545 0 0 
-3.28691 0.596825 -0.068641 -0.0600958 0.595968 -0.594547 -0.0600958 2.1142 2.11392 0.605414 0.605393 0.0047681 -0.000441451 0 0 
-3.28322 0.597226 -0.0684098 -0.0601506 0.595954 -0.594543 -0.0601506 2.11767 2.11738 0.606542 0.606521 0.00476063 -0.000441345 0 0 
-3.27954 0.597626 -0.0681773 -0.0602045 0.595941 -0.594539 -0.0602045 2.12115 2.12086 0.607672 0.607651 0.00475315 -0.00044123 0 0 
-3.27585 0.598025 -0.0679433 -0.0602576 0.595928 -0.594535 -0.0602576 2.12464 2.12435 0.608804 0.608783 0.00474569 -0.000441103 0 0 
-3.27217 0.598424 -0.0677079 -0.0603099 0.595915 -0.59453 -0.0603099 2.12814 2.12785 0.609938 0.609917 0.00473823 -0.000440967 0 0 
-3.26848 0.598822 -0.0674711 -0.0603614 0.595902 -0.594526 -0.0603614 2.13166 2.13137 0.611074 0.611053 0.00473077 -0.00044082 0 0 
-3.2648 0.599219 -0.0672329 -0.0604121 0.595889 -0.594522 -0.0604121 2.13519 2.1349 0.612212 0.612191 0.00472333 -0.000440662 0 0 
-3.26111 0.599616 -0.0669933 -0.0604619 0.595876 -0.594518 -0.0604619 2.13873 2.13844 0.613352 0.613332 0.00471589 -0.000440494 0 0 
-3.25743 0.600012 -0.0667524 -0.0605108 0.595863 -0.594514 -0.0605108 2.14228 2.142 0.614495 0.614474 0.00470846 -0.000440315 0 0 
-3.25374 0.600407 -0.06651 -0.0605589 0.59585 -0.59451 -0.0605589 2.14585 2.14556 0.615639 0.615618 0.00470103 -0.000440126 0 0 
-3.25006 0.600801 -0.0662662 -0.0606062 0.595837 -0.594506 -0.0606062 2.14943 2.14914 0.616785 0.616765 0.00469361 -0.000439926 0 0 
-3.24637 0.601195 -0.0660211 -0.0606526 0.595824 -0.594501 -0.0606526 2.15302 2.15274 0.617934 0.617913 0.0046862 -0.000439716 0 0 
-3.24269 0.601588 -0.0657745 -0.0606981 0.595811 -0.594497 -0.0606981 2.15663 2.15634 0.619084 0.619064 0.0046788 -0.000439495 0 0 
-3.239 0.60198 -0.0655266 -0.0607427 0.595798 -0.594493 -0.0607427 2.16025 2.15996 0.620237 0.620217 0.00467141 -0.000439263 0 0 
-3.23532 0.602372 -0.0652772 -0.0607864 0.595785 -0.594489 -0.0607864 2.16388 2.1636 0.621392 0.621372 0.00466402 -0.00043902 0 0 
-3.23163 0.602763 -0.0650265 -0.0608293 0.595773 -0.594485 -0.0608293 2.16753 2.16724 0.622549 0.622529 0.00465664 -0.000438767 0 0 
-3.22795 0.603153 -0.0647743 -0.0608712 0.59576 -0.594481 -0.0608712 2.17119 2.1709 0.623708 0.623688 0.00464927 -0.000438504 0 0 
-3.22426 0.603542 -0.0645208 -0.0609122 0.595747 -0.594476 -0.0609122 2.17486 2.17458 0.624869 0.624849 0.00464191 -0.000438229 0 0 
-3.22058 0.60393 -0.0642659 -0.0609524 0.595734 -0.594472 -0.0609524 2.17855 2.17826 0.626032 0.626012 0.00463455 -0.000437944 0 0 
-3.21689 0.604318 -0.0640096 -0.0609915 0.595722 -0.594468 -0.0609915 2.18225 2.18196 0.627197 0.627177 0.0046272 -0.000437648 0 0 
-3.21321 0.604704 -0.0637519 -0.0610298 0.595709 -0.594464 -0.0610298 2.18596 2.18568 0.628364 0.628345 0.00461987 -0.000437342 0 0 
-3.20952 0.60509 -0.0634928 -0.0610671 0.595697 -0.59446 -0.0610671 2.18969 2.1894 0.629534 0.629514 0.00461254 -0.000437024 0 0 
-3.20584 0.605475 -0.0632323 -0.0611035 0.595684 -0.594455 -0.0611035 2.19343 2.19314 0.630705 0.630686 0.00460522 -0.000436696 0 0 
-3.20215 0.605859 -0.0629705 -0.0611389 0.595671 -0.594451 -0.0611389 2.19719 2.1969 0.631879 0.631859 0.00459791 -0.000436357 0 0 
-3.19847 0.606242 -0.0627072 -0.0611734 0.595659 -0.594447 -0.0611734 2.20096 2.20067 0.633055 0.633035 0.0045906 -0.000436007 0 0 
-3.19478 0.606624 -0.0624426 -0.0612069 0.595646 -0.594443 -0.0612069 2.20474 2.20445 0.634233 0.634213 0.00458331 -0.000435647 0 0 
-3.1911 0.607006 -0.0621766 -0.0612394 0.595634 -0.594439 -0.0612394 2.20853 2.20824 0.635413 0.635393 0.00457602 -0.000435275 0 0 
-3.18742 0.607386 -0.0619092 -0.061271 0.595622 -0.594434 -0.061271 2.21234 2.21205 0.636595 0.636576 0.00456875 -0.000434893 0 0 
-3.18373 0.607766 -0.0616405 -0.0613015 0.595609 -0.59443 -0.0613015 2.21617 2.21588 0.63778 0.63776 0.00456149 -0.0004345 0 0 
-3.18005 0.608144 -0.0613703 -0.0613311 0.595597 -0.594426 -0.0613311 2.22 2.21971 0.638966 0.638947 0.00455423 -0.000434096 0 0 
-3.17636 0.608522 -0.0610988 -0.0613596 0.595585 -0.594422 -0.0613596 2.22385 2.22356 0.640155 0.640135 0.00454698 -0.000433681 0 0 
-3.17268 0.608898 -0.0608259 -0.0613872 0.595572 -0.594417 -0.0613872 2.22772 2.22743 0.641345 0.641326 0.00453975 -0.000433255 0 0 
-3.16899 0.609274 -0.0605516 -0.0614137 0.59556 -0.594413 -0.0614137 2.2316 2.23131 0.642538 0.642519 0.00453252 -0.000432819 0 0 
-3.16531 0.609648 -0.060276 -0.0614393 0.595548 -0.594409 -0.0614393 2.23549 2.2352 0.643734 0.643715 0.00452531 -0.000432371 0 0 
-3.16162 0.610022 -0.059999 -0.0614637 0.595536 -0.594405 -0.0614637 2.2394 2.23911 0.644931 0.644912 0.0045181 -0.000431913 0 0 
-3.15794 0.610394 -0.0597206 -0.0614872 0.595524 -0.5944 -0.0614872 2.24332 2.24303 0.64613 0.646111 0.00451091 -0.000431443 0 0 
-3.15425 0.610766 -0.0594409 -0.0615096 0.595511 -0.594396 -0.0615096 2.24726 2.24697 0.647332 0.647313 0.00450373 -0.000430963 0 0 
-3.15057 0.611136 -0.0591598 -0.0615309 0.595499 -0.594392 -0.0615309 2.25121 2.25092 0.648536 0.648517 0.00449655 -0.000430472 0 0 
-3.14688 0.611506 -0.0588773 -0.0615512 0.595487 -0.594387 -0.0615512 2.25518 2.25489 0.649742 0.649723 0.00448939 -0.00042997 0 0 
-3.1432 0.611874 -0.0585935 -0.0615704 0.595475 -0.594383 -0.0615704 2.25916 2.25887 0.65095 0.650931 0.00448224 -0.000429457 0 0 
-3.13951 0.612241 -0.0583083 -0.0615886 0.595463 -0.594379 -0.0615886 2.26315 2.26286 0.65216 0.652142 0.0044751 -0.000428933 0 0 
-3.13583 0.612607 -0.0580218 -0.0616057 0.595451 -0.594374 -0.0616057 2.26716 2.26687 0.653373 0.653354 0.00446798 -0.000428397 0 0 
-3.13214 0.612972 -0.0577339 -0.0616216 0.595439 -0.59437 -0.0616216 2.27119 2.27089 0.654588 0.654569 0.00446086 -0.000427851 0 0 
-3.12846 0.613336 -0.0574447 -0.0616365 0.595427 -0.594366 -0.0616365 2.27522 2.27493 0.655805 0.655786 0.00445376 -0.000427294 0 0 
-3.12477 0.613698 -0.0571542 -0.0616503 0.595415 -0.594361 -0.0616503 2.27928 2.27899 0.657024 0.657005 0.00444667 -0.000426726 0 0 
-3.12109 0.61406 -0.0568623 -0.061663 0.595404 -0.594357 -0.061663 2.28335 2.28305 0.658245 0.658227 0.00443959 -0.000426147 0 0 
-3.1174 0.61442 -0.056569 -0.0616745 0.595392 -0.594353 -0.0616745 2.28743 2.28714 0.659469 0.65945 0.00443252 -0.000425557 0 0 
-3.11372 0.614779 -0.0562745 -0.0616849 0.59538 -0.594348 -0.0616849 2.29153 2.29124 0.660694 0.660676 0.00442546 -0.000424956 0 0 
-3.11003 0.615137 -0.0559786 -0.0616942 0.595368 -0.594344 -0.0616942 2.29564 2.29535 0.661922 0.661904 0.00441842 -0.000424344 0 0 
-3.10635 0.615493 -0.0556813 -0.0617024 0.595356 -0.59434 -0.0617024 2.29977 2.29948 0.663153 0.663135 0.00441139 -0.000423721 0 0 
-3.10266 0.615849 -0.0553828 -0.0617094 0.595345 -0.594335 -0.0617094 2.30391 2.30362 0.664385 0.664367 0.00440438 -0.000423087 0 0 
-3.09898 0.616203 -0.0550829 -0.0617152 0.595333 -0.594331 -0.0617152 2.30807 2.30778 0.66562 0.665602 0.00439737 -0.000422442 0 0 
-3.09529 0.616556 -0.0547817 -0.0617199 0.595321 -0.594327 -0.0617199 2.31224 2.31195 0.666857 0.666839 0.00439038 -0.000421786 0 0 
-3.09161 0.616907 -0.0544792 -0.0617234 0.59531 -0.594322 -0.0617234 2.31643 2.31614 0.668096 0.668078 0.00438341 -0.000421119 0 0 
-3.08792 0.617258 -0.0541754 -0.0617258 0.595298 -0.594318 -0.0617258 2.32064 2.32034 0.669337 0.66932 0.00437645 -0.000420441 0 0 
-3.08424 0.617607 -0.0538702 -0.0617269 0.595287 -0.594314 -0.0617269 2.32486 2.32456 0.670581 0.670563 0.0043695 -0.000419752 0 0 
-3.08055 0.617955 -0.0535638 -0.0617269 0.595275 -0.594309 -0.0617269 2.32909 2.3288 0.671827 0.671809 0.00436256 -0.000419052 0 0 
-3.07687 0.618301 -0.0532561 -0.0617257 0.595264 -0.594305 -0.0617257 2.33334 2.33305 0.673075 0.673058 0.00435564 -0.000418341 0 0 
-3.07318 0.618646 -0.0529471 -0.0617232 0.595252 -0.5943 -0.0617232 2.33761 2.33731 0.674326 0.674308 0.00434874 -0.000417619 0 0 
-3.0695 0.61899 -0.0526367 -0.0617196 0.595241 -0.594296 -0.0617196 2.34189 2.3416 0.675578 0.675561 0.00434185 -0.000416886 0 0 
-3.06581 0.619332 -0.0523251 -0.0617147 0.595229 -0.594292 -0.0617147 2.34619 2.34589 0.676833 0.676816 0.00433497 -0.000416141 0 0 
-3.06213 0.619673 -0.0520123 -0.0617086 0.595218 -0.594287 -0.0617086 2.3505 2.35021 0.678091 0.678073 0.00432811 -0.000415386 0 0 
-3.05844 0.620012 -0.0516981 -0.0617013 0.595207 -0.594283 -0.0617013 2.35483 2.35454 0.67935 0.679333 0.00432126 -0.00041462 0 0 
-3.05476 0.62035 -0.0513827 -0.0616927 0.595195 -0.594278 -0.0616927 2.35917 2.35888 0.680612 0.680595 0.00431443 -0.000413843 0 0 
-3.05107 0.620687 -0.051066 -0.0616828 0.595184 -0.594274 -0.0616828 2.36353 2.36324 0.681876 0.681859 0.00430762 -0.000413054 0 0 
-3.04739 0.621022 -0.050748 -0.0616718 0.595173 -0.59427 -0.0616718 2.36791 2.36762 0.683142 0.683125 0.00430082 -0.000412255 0 0 
-3.04371 0.621356 -0.0504288 -0.0616594 0.595161 -0.594265 -0.0616594 2.3723 2.37201 0.684411 0.684394 0.00429404 -0.000411445 0 0 
-3.04002 0.621688 -0.0501083 -0.0616458 0.59515 -0.594261 -0.0616458 2.37671 2.37642 0.685682 0.685665 0.00428727 -0.000410623 0 0 
-3.03634 0.622019 -0.0497866 -0.0616309 0.595139 -0.594256 -0.0616309 2.38114 2.38084 0.686955 0.686938 0.00428052 -0.000409791 0 0 
-3.03265 0.622348 -0.0494636 -0.0616147 0.595128 -0.594252 -0.0616147 2.38558 2.38528 0.688231 0.688214 0.00427379 -0.000408948 0 0 
-3.02897 0.622676 -0.0491394 -0.0615972 0.595117 -0.594247 -0.0615972 2.39004 2.38974 0.689509 0.689492 0.00426707 -0.000408094 0 0 
-3.02528 0.623002 -0.048814 -0.0615784 0.595106 -0.594243 -0.0615784 2.39451 2.39421 0.690789 0.690772 0.00426037 -0.000407228 0 0 
-3.0216 0.623327 -0.0484873 -0.0615583 0.595095 -0.594238 -0.0615583 2.399 2.3987 0.692072 0.692055 0.00425369 -0.000406352 0 0 
-3.01791 0.62365 -0.0481594 -0.0615369 0.595084 -0.594234 -0.0615369 2.40351 2.40321 0.693356 0.69334 0.00424703 -0.000405465 0 0 
-3.01423 0.623971 -0.0478303 -0.0615142 0.595073 -0.59423 -0.0615142 2.40803 2.40773 0.694644 0.694627 0.00424038 -0.000404567 0 0 
-3.01054 0.624291 -0.0475 -0.0614901 0.595062 -0.594225 -0.0614901 2.41257 2.41227 0.695933 0.695917 0.00423375 -0.000403658 0 0 
-3.00686 0.62461 -0.0471685 -0.0614647 0.595051 -0.594221 -0.0614647 2.41712 2.41683 0.697225 0.697209 0.00422714 -0.000402737 0 0 
-3.00317 0.624926 -0.0468357 -0.061438 0.59504 -0.594216 -0.061438 2.4217 2.4214 0.698519 0.698503 0.00422055 -0.000401806 0 0 
-2.99949 0.625241 -0.0465018 -0.0614099 0.595029 -0.594212 -0.0614099 2.42629 2.42599 0.699816 0.6998 0.00421398 -0.000400864 0 0 
-2.9958 0.625555 -0.0461667 -0.0613804 0.595018 -0.594207 -0.0613804 2.43089 2.4306 0.701115 0.701099 0.00420742 -0.000399911 0 0 
-2.99212 0.625867 -0.0458305 -0.0613496 0.595007 -0.594203 -0.0613496 2.43552 2.43522 0.702416 0.7024 0.00420089 -0.000398948 0 0 
-2.98843 0.626177 -0.045493 -0.0613174 0.594996 -0.594198 -0.0613174 2.44016 2.43986 0.70372 0.703704 0.00419437 -0.000397973 0 0 
-2.98475 0.626485 -0.0451544 -0.0612839 0.594985 -0.594194 -0.0612839 2.44481 2.44452 0.705026 0.70501 0.00418788 -0.000396987 0 0 
-2.98106 0.626792 -0.0448146 -0.0612489 0.594975 -0.594189 -0.0612489 2.44949 2.44919 0.706334 0.706318 0.0041814 -0.000395991 0 0 
-2.97738 0.627097 -0.0444737 -0.0612125 0.594964 -0.594185 -0.0612125 2.45418 2.45388 0.707645 0.707629 0.00417495 -0.000394983 0 0 
-2.97369 0.6274 -0.0441316 -0.0611748 0.594953 -0.59418 -0.0611748 2.45889 2.45859 0.708958 0.708942 0.00416851 -0.000393965 0 0 
-2.97001 0.627701 -0.0437884 -0.0611356 0.594943 -0.594176 -0.0611356 2.46362 2.46332 0.710273 0.710257 0.0041621 -0.000392936 0 0 
-2.96632 0.628001 -0.043444 -0.0610951 0.594932 -0.594171 -0.0610951 2.46836 2.46806 0.711591 0.711575 0.00415571 -0.000391896 0 0 
-2.96264 0.628299 -0.0430986 -0.0610531 0.594921 -0.594167 -0.0610531 2.47312 2.47282 0.712911 0.712896 0.00414933 -0.000390845 0 0 
-2.95895 0.628595 -0.042752 -0.0610096 0.594911 -0.594162 -0.0610096 2.4779 2.4776 0.714234 0.714218 0.00414298 -0.000389783 0 0 
-2.95527 0.628889 -0.0424043 -0.0609648 0.5949 -0.594158 -0.0609648 2.48269 2.4824 0.715559 0.715543 0.00413665 -0.000388711 0 0 
-2.95158 0.629182 -0.0420555 -0.0609184 0.59489 -0.594153 -0.0609184 2.48751 2.48721 0.716887 0.716871 0.00413035 -0.000387627 0 0 
-2.9479 0.629472 -0.0417056 -0.0608707 0.594879 -0.594148 -0.0608707 2.49234 2.49204 0.718216 0.718201 0.00412406 -0.000386533 0 0 
-2.94421 0.629761 -0.0413546 -0.0608215 0.594869 -0.594144 -0.0608215 2.49719 2.49689 0.719549 0.719533 0.0041178 -0.000385428 0 0 
-2.94053 0.630048 -0.0410025 -0.0607708 0.594858 -0.594139 -0.0607708 2.50205 2.50175 0.720883 0.720868 0.00411156 -0.000384313 0 0 
-2.93684 0.630333 -0.0406494 -0.0607186 0.594848 -0.594135 -0.0607186 2.50694 2.50664 0.72222 0.722205 0.00410535 -0.000383186 0 0 
-2.93316 0.630616 -0.0402952 -0.060665 0.594837 -0.59413 -0.060665 2.51184 2.51154 0.72356 0.723545 0.00409916 -0.000382049 0 0 
-2.92947 0.630898 -0.0399399 -0.0606099 0.594827 -0.594126 -0.0606099 2.51676 2.51646 0.724902 0.724887 0.00409299 -0.000380901 0 0 
-2.92579 0.631177 -0.0395836 -0.0605533 0.594816 -0.594121 -0.0605533 2.5217 2.5214 0.726246 0.726231 0.00408685 -0.000379742 0 0 
-2.9221 0.631454 -0.0392263 -0.0604952 0.594806 -0.594117 -0.0604952 2.52665 2.52636 0.727593 0.727578 0.00408073 -0.000378573 0 0 
-2.91842 0.631729 -0.0388679 -0.0604356 0.594796 -0.594112 -0.0604356 2.53163 2.53133 0.728942 0.728927 0.00407463 -0.000377393 0 0 
-2.91473 0.632003 -0.0385085 -0.0603744 0.594786 -0.594107 -0.0603744 2.53662 2.53632 0.730294 0.730279 0.00406856 -0.000376202 0 0 
-2.91105 0.632274 -0.0381481 -0.0603118 0.594775 -0.594103 -0.0603118 2.54163 2.54133 0.731648 0.731633 0.00406252 -0.000375001 0 0 
-2.90736 0.632544 -0.0377867 -0.0602476 0.594765 -0.594098 -0.0602476 2.54666 2.54636 0.733005 0.73299 0.0040565 -0.000373789 0 0 
-2.90368 0.632811 -0.0374243 -0.0601819 0.594755 -0.594094 -0.0601819 2.55171 2.55141 0.734364 0.734349 0.0040505 -0.000372566 0 0 
-2.9 0.633076 -0.0370609 -0.0601147 0.594745 -0.594089 -0.0601147 2.55677 2.55648 0.735725 0.735711 0.00404454 -0.000371333 0 0 
-2.89631 0.63334 -0.0366965 -0.0600459 0.594734 -0.594084 -0.0600459 2.56186 2.56156 0.737089 0.737075 0.0040386 -0.000370089 0 0 
-2.89263 0.633601 -0.0363312 -0.0599756 0.594724 -0.59408 -0.0599756 2.56696 2.56666 0.738456 0.738441 0.00403268 -0.000368835 0 0 
-2.88894 0.63386 -0.0359649 -0.0599037 0.594714 -0.594075 -0.0599037 2.57208 2.57179 0.739825 0.73981 0.0040268 -0.00036757 0 0 
-2.88526 0.634117 -0.0355977 -0.0598302 0.594704 -0.594071 -0.0598302 2.57723 2.57693 0.741196 0.741182 0.00402094 -0.000366294 0 0 
-2.88157 0.634372 -0.0352295 -0.0597552 0.594694 -0.594066 -0.0597552 2.58239 2.58209 0.74257 0.742556 0.00401511 -0.000365008 0 0 
-2.87789 0.634625 -0.0348604 -0.0596786 0.594684 -0.594061 -0.0596786 2.58756 2.58727 0.743947 0.743932 0.00400931 -0.000363712 0 0 
-2.8742 0.634875 -0.0344904 -0.0596005 0.594674 -0.594057 -0.0596005 2.59276 2.59246 0.745326 0.745311 0.00400353 -0.000362405 0 0 
-2.87052 0.635124 -0.0341194 -0.0595207 0.594664 -0.594052 -0.0595207 2.59798 2.59768 0.746707 0.746692 0.00399779 -0.000361087 0 0 
-2.86683 0.63537 -0.0337476 -0.0594393 0.594654 -0.594047 -0.0594393 2.60321 2.60292 0.748091 0.748076 0.00399207 -0.000359759 0 0 
-2.86315 0.635614 -0.0333749 -0.0593564 0.594644 -0.594043 -0.0593564 2.60847 2.60817 0.749477 0.749463 0.00398639 -0.000358421 0 0 
-2.85946 0.635856 -0.0330013 -0.0592718 0.594634 -0.594038 -0.0592718 2.61374 2.61345 0.750866 0.750852 0.00398073 -0.000357072 0 0 
-2.85578 0.636096 -0.0326269 -0.0591856 0.594624 -0.594034 -0.0591856 2.61904 2.61874 0.752258 0.752243 0.0039751 -0.000355713 0 0 
-2.85209 0.636333 -0.0322516 -0.0590978 0.594615 -0.594029 -0.0590978 2.62435 2.62405 0.753652 0.753637 0.00396951 -0.000354343 0 0 
-2.84841 0.636569 -0.0318754 -0.0590084 0.594605 -0.594024 -0.0590084 2.62968 2.62939 0.755048 0.755034 0.00396394 -0.000352963 0 0 
-2.84472 0.636802 -0.0314985 -0.0589173 0.594595 -0.59402 -0.0589173 2.63504 2.63474 0.756447 0.756433 0.00395841 -0.000351572 0 0 
-2.84104 0.637032 -0.0311207 -0.0588246 0.594585 -0.594015 -0.0588246 2.64041 2.64011 0.757849 0.757835 0.00395291 -0.000350172 0 0 
-2.83735 0.637261 -0.0307421 -0.0587303 0.594575 -0.59401 -0.0587303 2.6458 2.6455 0.759253 0.759239 0.00394744 -0.00034876 0 0 
-2.83367 0.637487 -0.0303627 -0.0586343 0.594566 -0.594006 -0.0586343 2.65121 2.65091 0.760659 0.760645 0.00394201 -0.000347339 0 0 
-2.82998 0.637711 -0.0299825 -0.0585366 0.594556 -0.594001 -0.0585366 2.65664 2.65634 0.762069 0.762055 0.00393661 -0.000345907 0 0 
-2.8263 0.637932 -0.0296015 -0.0584373 0.594546 -0.593996 -0.0584373 2.6621 2.6618 0.76348 0.763466 0.00393124 -0.000344465 0 0 
-2.82261 0.638151 -0.0292198 -0.0583364 0.594537 -0.593992 -0.0583364 2.66757 2.66727 0.764895 0.764881 0.0039259 -0.000343013 0 0 
-2.81893 0.638368 -0.0288373 -0.0582337 0.594527 -0.593987 -0.0582337 2.67306 2.67276 0.766312 0.766298 0.0039206 -0.00034155 0 0 
-2.81524 0.638583 -0.0284541 -0.0581294 0.594517 -0.593982 -0.0581294 2.67857 2.67827 0.767731 0.767717 0.00391533 -0.000340078 0 0 
-2.81156 0.638794 -0.0280701 -0.0580234 0.594508 -0.593977 -0.0580234 2.6841 2.6838 0.769153 0.769139 0.0039101 -0.000338595 0 0 
-2.80787 0.639004 -0.0276855 -0.0579157 0.594498 -0.593973 -0.0579157 2.68965 2.68935 0.770578 0.770564 0.00390491 -0.000337101 0 0 
-2.80419 0.639211 -0.0273001 -0.0578064 0.594489 -0.593968 -0.0578064 2.69523 2.69493 0.772005 0.771991 0.00389975 -0.000335598 0 0 
-2.8005 0.639416 -0.0269141 -0.0576953 0.594479 -0.593963 -0.0576953 2.70082 2.70052 0.773435 0.773421 0.00389462 -0.000334085 0 0 
-2.79682 0.639618 -0.0265274 -0.0575825 0.59447 -0.593959 -0.0575825 2.70643 2.70613 0.774867 0.774853 0.00388954 -0.000332561 0 0 
-2.79313 0.639818 -0.02614 -0.057468 0.59446 -0.593954 -0.057468 2.71207 2.71177 0.776302 0.776288 0.00388449 -0.000331027 0 0 
-2.78945 0.640015 -0.025752 -0.0573518 0.594451 -0.593949 -0.0573518 2.71772 2.71742 0.777739 0.777726 0.00387948 -0.000329483 0 0 
-2.78576 0.64021 -0.0253633 -0.0572339 0.594441 -0.593944 -0.0572339 2.7234 2.7231 0.77918 0.779166 0.0038745 -0.000327929 0 0 
-2.78208 0.640403 -0.024974 -0.0571143 0.594432 -0.59394 -0.0571143 2.72909 2.72879 0.780622 0.780609 0.00386957 -0.000326365 0 0 
-2.77839 0.640592 -0.0245841 -0.0569929 0.594422 -0.593935 -0.0569929 2.73481 2.73451 0.782068 0.782054 0.00386467 -0.000324791 0 0 
-2.77471 0.64078 -0.0241936 -0.0568698 0.594413 -0.59393 -0.0568698 2.74055 2.74025 0.783516 0.783503 0.00385982 -0.000323207 0 0 
-2.77102 0.640964 -0.0238025 -0.056745 0.594404 -0.593925 -0.056745 2.74631 2.74601 0.784966 0.784953 0.003855 -0.000321612 0 0 
-2.76734 0.641147 -0.0234109 -0.0566184 0.594394 -0.593921 -0.0566184 2.75209 2.75179 0.78642 0.786406 0.00385022 -0.000320008 0 0 
-2.76365 0.641326 -0.0230187 -0.0564901 0.594385 -0.593916 -0.0564901 2.75789 2.75759 0.787876 0.787862 0.00384549 -0.000318394 0 0 
-2.75997 0.641503 -0.0226259 -0.05636 0.594376 -0.593911 -0.05636 2.76371 2.76341 0.789334 0.789321 0.0038408 -0.000316769 0 0 
-2.75629 0.641677 -0.0222327 -0.0562282 0.594366 -0.593906 -0.0562282 2.76956 2.76926 0.790795 0.790782 0.00383615 -0.000315135 0 0 
-2.7526 0.641849 -0.0218389 -0.0560946 0.594357 -0.593902 -0.0560946 2.77542 2.77512 0.792259 0.792246 0.00383154 -0.000313491 0 0 
-2.74892 0.642018 -0.0214446 -0.0559592 0.594348 -0.593897 -0.0559592 2.78131 2.78101 0.793726 0.793713 0.00382697 -0.000311837 0 0 
-2.74523 0.642185 -0.0210499 -0.0558221 0.594339 -0.593892 -0.0558221 2.78722 2.78692 0.795195 0.795182 0.00382245 -0.000310172 0 0 
-2.74155 0.642349 -0.0206547 -0.0556832 0.59433 -0.593887 -0.0556832 2.79315 2.79285 0.796666 0.796654 0.00381797 -0.000308498 0 0 
-2.73786 0.64251 -0.020259 -0.0555425 0.59432 -0.593882 -0.0555425 2.7991 2.7988 0.798141 0.798128 0.00381354 -0.000306814 0 0 
-2.73418 0.642668 -0.0198629 -0.0554001 0.594311 -0.593878 -0.0554001 2.80508 2.80477 0.799618 0.799605 0.00380915 -0.00030512 0 0 
-2.73049 0.642824 -0.0194663 -0.0552558 0.594302 -0.593873 -0.0552558 2.81107 2.81077 0.801098 0.801085 0.0038048 -0.000303416 0 0 
-2.72681 0.642977 -0.0190694 -0.0551098 0.594293 -0.593868 -0.0551098 2.81709 2.81679 0.80258 0.802568 0.00380051 -0.000301702 0 0 
-2.72312 0.643127 -0.0186721 -0.054962 0.594284 -0.593863 -0.054962 2.82313 2.82283 0.804065 0.804053 0.00379626 -0.000299978 0 0 
-2.71944 0.643275 -0.0182744 -0.0548124 0.594275 -0.593858 -0.0548124 2.82919 2.82889 0.805553 0.805541 0.00379205 -0.000298244 0 0 
-2.71575 0.64342 -0.0178763 -0.054661 0.594266 -0.593854 -0.054661 2.83528 2.83498 0.807044 0.807031 0.0037879 -0.000296501 0 0 
-2.71207 0.643562 -0.0174779 -0.0545078 0.594257 -0.593849 -0.0545078 2.84139 2.84108 0.808537 0.808525 0.00378379 -0.000294747 0 0 
-2.70838 0.643701 -0.0170792 -0.0543528 0.594248 -0.593844 -0.0543528 2.84752 2.84721 0.810033 0.810021 0.00377973 -0.000292984 0 0 
-2.7047 0.643838 -0.0166802 -0.0541959 0.594239 -0.593839 -0.0541959 2.85367 2.85337 0.811532 0.811519 0.00377572 -0.000291211 0 0 
-2.70101 0.643971 -0.0162808 -0.0540373 0.59423 -0.593834 -0.0540373 2.85984 2.85954 0.813033 0.813021 0.00377177 -0.000289428 0 0 
-2.69733 0.644102 -0.0158812 -0.0538768 0.594221 -0.593829 -0.0538768 2.86604 2.86574 0.814537 0.814525 0.00376786 -0.000287634 0 0 
-2.69364 0.64423 -0.0154814 -0.0537146 0.594212 -0.593824 -0.0537146 2.87226 2.87196 0.816044 0.816032 0.003764 -0.000285832 0 0 
-2.68996 0.644356 -0.0150812 -0.0535505 0.594203 -0.59382 -0.0535505 2.8785 2.8782 0.817554 0.817541 0.0037602 -0.000284019 0 0 
-2.68627 0.644478 -0.0146809 -0.0533846 0.594194 -0.593815 -0.0533846 2.88477 2.88447 0.819066 0.819054 0.00375644 -0.000282196 0 0 
-2.68259 0.644597 -0.0142804 -0.0532168 0.594186 -0.59381 -0.0532168 2.89106 2.89075 0.820581 0.820569 0.00375275 -0.000280364 0 0 
-2.6789 0.644714 -0.0138796 -0.0530473 0.594177 -0.593805 -0.0530473 2.89737 2.89707 0.822099 0.822087 0.0037491 -0.000278521 0 0 
-2.67522 0.644828 -0.0134787 -0.0528759 0.594168 -0.5938 -0.0528759 2.90371 2.9034 0.823619 0.823607 0.00374551 -0.000276669 0 0 
-2.67153 0.644938 -0.0130776 -0.0527026 0.594159 -0.593795 -0.0527026 2.91006 2.90976 0.825143 0.825131 0.00374197 -0.000274807 0 0 
-2.66785 0.645046 -0.0126764 -0.0525276 0.59415 -0.59379 -0.0525276 2.91645 2.91614 0.826669 0.826657 0.00373849 -0.000272934 0 0 
-2.66416 0.645151 -0.0122751 -0.0523507 0.594142 -0.593785 -0.0523507 2.92285 2.92255 0.828197 0.828185 0.00373507 -0.000271052 0 0 
-2.66048 0.645253 -0.0118736 -0.0521719 0.594133 -0.59378 -0.0521719 2.92928 2.92898 0.829729 0.829717 0.0037317 -0.00026916 0 0 
-2.65679 0.645352 -0.0114721 -0.0519914 0.594124 -0.593775 -0.0519914 2.93573 2.93543 0.831263 0.831251 0.00372839 -0.000267259 0 0 
-2.65311 0.645448 -0.0110705 -0.0518089 0.594115 -0.593771 -0.0518089 2.94221 2.9419 0.8328 0.832789 0.00372514 -0.000265347 0 0 
-2.64942 0.645541 -0.0106689 -0.0516247 0.594107 -0.593766 -0.0516247 2.94871 2.9484 0.83434 0.834329 0.00372195 -0.000263425 0 0 
-2.64574 0.645632 -0.0102672 -0.0514385 0.594098 -0.593761 -0.0514385 2.95523 2.95493 0.835883 0.835871 0.00371881 -0.000261493 0 0 
-2.64205 0.645719 -0.00986553 -0.0512506 0.594089 -0.593756 -0.0512506 2.96178 2.96148 0.837429 0.837417 0.00371574 -0.000259552 0 0 
-2.63837 0.645803 -0.00946386 -0.0510608 0.594081 -0.593751 -0.0510608 2.96835 2.96805 0.838977 0.838965 0.00371273 -0.0002576 0 0 
-2.63468 0.645884 -0.0090622 -0.0508691 0.594072 -0.593746 -0.0508691 2.97495 2.97464 0.840528 0.840516 0.00370978 -0.000255638 0 0 
-2.631 0.645962 -0.0086606 -0.0506756 0.594064 -0.593741 -0.0506756 2.98157 2.98126 0.842082 0.84207 0.0037069 -0.000253666 0 0 
-2.62731 0.646037 -0.00825906 -0.0504802 0.594055 -0.593736 -0.0504802 2.98821 2.98791 0.843638 0.843627 0.00370407 -0.000251685 0 0 
-2.62363 0.646109 -0.0078576 -0.050283 0.594046 -0.593731 -0.050283 2.99488 2.99458 0.845198 0.845187 0.00370131 -0.000249693 0 0 
-2.61994 0.646178 -0.00745624 -0.0500839 0.594038 -0.593726 -0.0500839 3.00158 3.00127 0.84676 0.846749 0.00369862 -0.000247691 0 0 
-2.61626 0.646244 -0.007055 -0.049883 0.594029 -0.593721 -0.049883 3.00829 3.00799 0.848326 0.848314 0.00369599 -0.000245678 0 0 
-2.61258 0.646306 -0.00665391 -0.0496802 0.594021 -0.593716 -0.0496802 3.01504 3.01473 0.849894 0.849882 0.00369342 -0.000243656 0 0 
-2.60889 0.646366 -0.00625298 -0.0494756 0.594012 -0.593711 -0.0494756 3.0218 3.0215 0.851464 0.851453 0.00369093 -0.000241624 0 0 
-2.60521 0.646423 -0.00585223 -0.0492691 0.594004 -0.593706 -0.0492691 3.0286 3.02829 0.853038 0.853027 0.0036885 -0.000239581 0 0 
-2.60152 0.646476 -0.00545168 -0.0490607 0.593995 -0.593701 -0.0490607 3.03541 3.03511 0.854615 0.854603 0.00368614 -0.000237528 0 0 
-2.59784 0.646526 -0.00505135 -0.0488505 0.593987 -0.593696 -0.0488505 3.04226 3.04195 0.856194 0.856183 0.00368385 -0.000235465 0 0 
-2.59415 0.646573 -0.00465127 -0.0486385 0.593978 -0.593691 -0.0486385 3.04912 3.04882 0.857776 0.857765 0.00368163 -0.000233391 0 0 
-2.59047 0.646617 -0.00425145 -0.0484246 0.59397 -0.593686 -0.0484246 3.05602 3.05571 0.859361 0.85935 0.00367948 -0.000231307 0 0 
-2.58678 0.646658 -0.00385191 -0.0482088 0.593962 -0.593681 -0.0482088 3.06294 3.06263 0.860949 0.860938 0.0036774 -0.000229213 0 0 
-2.5831 0.646696 -0.00345268 -0.0479912 0.593953 -0.593676 -0.0479912 3.06988 3.06957 0.86254 0.862529 0.0036754 -0.000227108 0 0 
-2.57941 0.646731 -0.00305378 -0.0477717 0.593945 -0.59367 -0.0477717 3.07685 3.07654 0.864134 0.864123 0.00367346 -0.000224993 0 0 
-2.57573 0.646762 -0.00265522 -0.0475504 0.593936 -0.593665 -0.0475504 3.08384 3.08354 0.86573 0.865719 0.00367161 -0.000222867 0 0 
-2.57204 0.64679 -0.00225702 -0.0473272 0.593928 -0.59366 -0.0473272 3.09086 3.09056 0.86733 0.867319 0.00366982 -0.00022073 0 0 
-2.56836 0.646815 -0.00185922 -0.0471022 0.59392 -0.593655 -0.0471022 3.09791 3.0976 0.868932 0.868921 0.00366812 -0.000218583 0 0 
-2.56467 0.646837 -0.00146183 -0.0468753 0.593911 -0.59365 -0.0468753 3.10498 3.10468 0.870538 0.870527 0.00366649 -0.000216425 0 0 
-2.56099 0.646855 -0.00106486 -0.0466466 0.593903 -0.593645 -0.0466466 3.11208 3.11177 0.872146 0.872135 0.00366494 -0.000214256 0 0 
-2.5573 0.646871 -0.000668357 -0.046416 0.593895 -0.59364 -0.046416 3.1192 3.1189 0.873757 0.873746 0.00366347 -0.000212077 0 0 
-2.55362 0.646883 -0.000272324 -0.0461836 0.593887 -0.593635 -0.0461836 3.12635 3.12605 0.875371 0.87536 0.00366207 -0.000209887 0 0 
-2.54993 0.646892 0.000123211 -0.0459493 0.593878 -0.59363 -0.0459493 3.13353 3.13322 0.876988 0.876977 0.00366076 -0.000207685 0 0 
-2.54625 0.646897 0.000518227 -0.0457132 0.59387 -0.593624 -0.0457132 3.14073 3.14043 0.878608 0.878597 0.00365953 -0.000205473 0 0 
-2.54256 0.6469 0.000912702 -0.0454753 0.593862 -0.593619 -0.0454753 3.14796 3.14766 0.88023 0.88022 0.00365838 -0.000203249 0 0 
-2.53888 0.646899 0.00130661 -0.0452355 0.593854 -0.593614 -0.0452355 3.15522 3.15491 0.881856 0.881845 0.00365731 -0.000201015 0 0 
-2.53519 0.646895 0.00169994 -0.0449939 0.593845 -0.593609 -0.0449939 3.1625 3.16219 0.883485 0.883474 0.00365633 -0.000198769 0 0 
-2.53151 0.646887 0.00209265 -0.0447505 0.593837 -0.593604 -0.0447505 3.16981 3.1695 0.885116 0.885106 0.00365544 -0.000196512 0 0 
-2.52782 0.646877 0.00248474 -0.0445053 0.593829 -0.593598 -0.0445053 3.17715 3.17684 0.886751 0.88674 0.00365463 -0.000194243 0 0 
-2.52414 0.646863 0.00287617 -0.0442582 0.593821 -0.593593 -0.0442582 3.18451 3.1842 0.888388 0.888378 0.00365391 -0.000191963 0 0 
-2.52045 0.646845 0.00326692 -0.0440093 0.593813 -0.593588 -0.0440093 3.1919 3.19159 0.890029 0.890018 0.00365327 -0.000189672 0 0 
-2.51677 0.646825 0.00365697 -0.0437586 0.593805 -0.593583 -0.0437586 3.19932 3.19901 0.891672 0.891662 0.00365273 -0.000187368 0 0 
-2.51308 0.646801 0.0040463 -0.043506 0.593796 -0.593578 -0.043506 3.20676 3.20646 0.893319 0.893308 0.00365227 -0.000185053 0 0 
-2.5094 0.646774 0.00443489 -0.0432517 0.593788 -0.593572 -0.0432517 3.21424 3.21393 0.894968 0.894958 0.00365191 -0.000182726 0 0 
-2.50571 0.646743 0.0048227 -0.0429956 0.59378 -0.593567 -0.0429956 3.22174 3.22143 0.89662 0.89661 0.00365164 -0.000180387 0 0 
-2.50203 0.646709 0.00520972 -0.0427376 0.593772 -0.593562 -0.0427376 3.22926 3.22895 0.898275 0.898265 0.00365146 -0.000178036 0 0 
-2.49834 0.646672 0.00559592 -0.0424779 0.593764 -0.593556 -0.0424779 3.23682 3.23651 0.899934 0.899924 0.00365138 -0.000175673 0 0 
-2.49466 0.646632 0.00598128 -0.0422163 0.593756 -0.593551 -0.0422163 3.2444 3.24409 0.901595 0.901585 0.00365139 -0.000173298 0 0 
-2.49097 0.646588 0.00636578 -0.041953 0.593748 -0.593546 -0.041953 3.25201 3.2517 0.903259 0.903249 0.0036515 -0.00017091 0 0 
-2.48729 0.646541 0.00674939 -0.0416879 0.59374 -0.593541 -0.0416879 3.25965 3.25934 0.904927 0.904917 0.00365171 -0.000168509 0 0 
-2.4836 0.64649 0.00713209 -0.041421 0.593732 -0.593535 -0.041421 3.26731 3.26701 0.906597 0.906587 0.00365201 -0.000166096 0 0 
-2.47992 0.646436 0.00751385 -0.0411523 0.593724 -0.59353 -0.0411523 3.27501 3.2747 0.90827 0.90826 0.00365242 -0.00016367 0 0 
-2.47623 0.646379 0.00789465 -0.0408819 0.593716 -0.593525 -0.0408819 3.28273 3.28242 0.909947 0.909937 0.00365293 -0.000161232 0 0 
-2.47255 0.646318 0.00827447 -0.0406097 0.593708 -0.593519 -0.0406097 3.29048 3.29017 0.911626 0.911616 0.00365354 -0.00015878 0 0 
-2.46886 0.646255 0.00865328 -0.0403358 0.5937 -0.593514 -0.0403358 3.29826 3.29795 0.913308 0.913298 0.00365425 -0.000156315 0 0 
-2.46518 0.646187 0.00903105 -0.04006 0.593692 -0.593508 -0.04006 3.30607 3.30576 0.914994 0.914984 0.00365507 -0.000153837 0 0 
-2.4615 0.646117 0.00940777 -0.0397826 0.593684 -0.593503 -0.0397826 3.31391 3.3136 0.916682 0.916672 0.00365599 -0.000151345 0 0 
-2.45781 0.646043 0.0097834 -0.0395034 0.593676 -0.593498 -0.0395034 3.32177 3.32147 0.918374 0.918364 0.00365702 -0.00014884 0 0 
-2.45413 0.645965 0.0101579 -0.0392225 0.593668 -0.593492 -0.0392225 3.32967 3.32936 0.920068 0.920059 0.00365816 -0.000146321 0 0 
-2.45044 0.645884 0.0105313 -0.0389398 0.59366 -0.593487 -0.0389398 3.33759 3.33728 0.921766 0.921756 0.00365941 -0.000143788 0 0 
-2.44676 0.6458 0.0109035 -0.0386555 0.593652 -0.593481 -0.0386555 3.34555 3.34524 0.923467 0.923457 0.00366076 -0.000141241 0 0 
-2.44307 0.645713 0.0112746 -0.0383694 0.593644 -0.593476 -0.0383694 3.35353 3.35322 0.92517 0.925161 0.00366223 -0.000138679 0 0 
-2.43939 0.645622 0.0116444 -0.0380816 0.593636 -0.59347 -0.0380816 3.36154 3.36123 0.926877 0.926867 0.00366382 -0.000136103 0 0 
-2.4357 0.645528 0.0120131 -0.0377921 0.593628 -0.593465 -0.0377921 3.36958 3.36927 0.928587 0.928577 0.00366552 -0.000133513 0 0 
-2.43202 0.64543 0.0123804 -0.0375009 0.59362 -0.593459 -0.0375009 3.37765 3.37734 0.9303 0.93029 0.00366733 -0.000130908 0 0 
-2.42833 0.645329 0.0127465 -0.0372081 0.593612 -0.593454 -0.0372081 3.38575 3.38544 0.932016 0.932007 0.00366926 -0.000128288 0 0 
-2.42465 0.645225 0.0131112 -0.0369135 0.593604 -0.593448 -0.0369135 3.39388 3.39357 0.933735 0.933726 0.00367131 -0.000125652 0 0 
-2.42096 0.645117 0.0134747 -0.0366173 0.593596 -0.593443 -0.0366173 3.40204 3.40173 0.935457 0.935448 0.00367348 -0.000123002 0 0 
-2.41728 0.645006 0.0138367 -0.0363195 0.593588 -0.593437 -0.0363195 3.41023 3.40992 0.937183 0.937173 0.00367577 -0.000120336 0 0 
-2.41359 0.644891 0.0141974 -0.03602 0.59358 -0.593432 -0.03602 3.41845 3.41814 0.938911 0.938902 0.00367819 -0.000117654 0 0 
-2.40991 0.644773 0.0145567 -0.0357188 0.593572 -0.593426 -0.0357188 3.4267 3.42639 0.940643 0.940633 0.00368072 -0.000114956 0 0 
-2.40622 0.644652 0.0149145 -0.035416 0.593564 -0.593421 -0.035416 3.43498 3.43467 0.942378 0.942368 0.00368339 -0.000112242 0 0 
-2.40254 0.644527 0.0152709 -0.0351116 0.593556 -0.593415 -0.0351116 3.44329 3.44298 0.944115 0.944106 0.00368618 -0.000109511 0 0 
-2.39885 0.644399 0.0156257 -0.0348056 0.593549 -0.593409 -0.0348056 3.45163 3.45132 0.945856 0.945847 0.00368909 -0.000106764 0 0 
-2.39517 0.644267 0.0159791 -0.034498 0.593541 -0.593404 -0.034498 3.46 3.45969 0.9476 0.947591 0.00369214 -0.000104 0 0 
-2.39148 0.644133 0.0163309 -0.0341888 0.593533 -0.593398 -0.0341888 3.46841 3.4681 0.949348 0.949338 0.00369532 -0.000101219 0 0 
-2.3878 0.643994 0.0166811 -0.033878 0.593525 -0.593392 -0.033878 3.47684 3.47653 0.951098 0.951089 0.00369863 -9.842e-05 0 0 
-2.38411 0.643853 0.0170298 -0.0335656 0.593517 -0.593387 -0.0335656 3.4853 3.48499 0.952851 0.952842 0.00370207 -9.56039e-05 0 0 
-2.38043 0.643708 0.0173768 -0.0332517 0.593509 -0.593381 -0.0332517 3.4938 3.49349 0.954608 0.954599 0.00370565 -9.27699e-05 0 0 
-2.37674 0.64356 0.0177222 -0.0329362 0.593501 -0.593375 -0.0329362 3.50233 3.50202 0.956368 0.956359 0.00370937 -8.99178e-05 0 0 
-2.37306 0.643408 0.0180659 -0.0326191 0.593493 -0.593369 -0.0326191 3.51089 3.51057 0.958131 0.958122 0.00371323 -8.70474e-05 0 0 
-2.36937 0.643253 0.0184079 -0.0323006 0.593486 -0.593364 -0.0323006 3.51947 3.51916 0.959897 0.959888 0.00371722 -8.41582e-05 0 0 
-2.36569 0.643095 0.0187482 -0.0319805 0.593478 -0.593358 -0.0319805 3.5281 3.52778 0.961666 0.961657 0.00372136 -8.12502e-05 0 0 
-2.362 0.642933 0.0190868 -0.0316589 0.59347 -0.593352 -0.0316589 3.53675 3.53644 0.963439 0.96343 0.00372564 -7.83229e-05 0 0 
-2.35832 0.642768 0.0194235 -0.0313358 0.593462 -0.593346 -0.0313358 3.54543 3.54512 0.965215 0.965206 0.00373007 -7.53761e-05 0 0 
-2.35463 0.642599 0.0197585 -0.0310113 0.593454 -0.59334 -0.0310113 3.55415 3.55384 0.966993 0.966985 0.00373464 -7.24095e-05 0 0 
-2.35095 0.642428 0.0200916 -0.0306852 0.593446 -0.593335 -0.0306852 3.5629 3.56259 0.968776 0.968767 0.00373936 -6.94228e-05 0 0 
-2.34726 0.642252 0.0204228 -0.0303578 0.593438 -0.593329 -0.0303578 3.57168 3.57137 0.970561 0.970552 0.00374423 -6.64157e-05 0 0 
-2.34358 0.642074 0.0207522 -0.0300288 0.593431 -0.593323 -0.0300288 3.58049 3.58018 0.972349 0.97234 0.00374926 -6.33878e-05 0 0 
-2.33989 0.641892 0.0210796 -0.0296984 0.593423 -0.593317 -0.0296984 3.58934 3.58903 0.974141 0.974132 0.00375443 -6.03389e-05 0 0 
-2.33621 0.641707 0.0214052 -0.0293667 0.593415 -0.593311 -0.0293667 3.59821 3.5979 0.975936 0.975927 0.00375976 -5.72686e-05 0 0 
-2.33252 0.641519 0.0217287 -0.0290335 0.593407 -0.593305 -0.0290335 3.60713 3.60681 0.977734 0.977725 0.00376525 -5.41766e-05 0 0 
-2.32884 0.641327 0.0220503 -0.0286989 0.593399 -0.593299 -0.0286989 3.61607 3.61576 0.979535 0.979527 0.0037709 -5.10625e-05 0 0 
-2.32515 0.641132 0.0223698 -0.0283629 0.593391 -0.593293 -0.0283629 3.62504 3.62473 0.98134 0.981331 0.0037767 -4.79259e-05 0 0 
-2.32147 0.640934 0.0226873 -0.0280256 0.593383 -0.593287 -0.0280256 3.63405 3.63374 0.983148 0.983139 0.00378267 -4.47666e-05 0 0 
-2.31779 0.640733 0.0230027 -0.0276869 0.593375 -0.593281 -0.0276869 3.6431 3.64278 0.984959 0.98495 0.0037888 -4.15841e-05 0 0 
-2.3141 0.640528 0.023316 -0.0273469 0.593368 -0.593275 -0.0273469 3.65217 3.65186 0.986773 0.986765 0.0037951 -3.83782e-05 0 0 
-2.31042 0.64032 0.0236272 -0.0270055 0.59336 -0.593269 -0.0270055 3.66128 3.66097 0.988591 0.988582 0.00380157 -3.51483e-05 0 0 
-2.30673 0.640109 0.0239362 -0.0266629 0.593352 -0.593263 -0.0266629 3.67042 3.67011 0.990412 0.990403 0.0038082 -3.18941e-05 0 0 
-2.30305 0.639894 0.0242431 -0.026319 0.593344 -0.593257 -0.026319 3.6796 3.67928 0.992236 0.992227 0.00381501 -2.86153e-05 0 0 
-2.29936 0.639676 0.0245477 -0.0259737 0.593336 -0.593251 -0.0259737 3.68881 3.68849 0.994063 0.994055 0.00382199 -2.53114e-05 0 0 
-2.29568 0.639455 0.0248501 -0.0256273 0.593328 -0.593245 -0.0256273 3.69805 3.69774 0.995894 0.995885 0.00382914 -2.1982e-05 0 0 
-2.29199 0.639231 0.0251502 -0.0252796 0.59332 -0.593238 -0.0252796 3.70733 3.70701 0.997728 0.997719 0.00383647 -1.86267e-05 0 0 
-2.28831 0.639004 0.0254481 -0.0249306 0.593312 -0.593232 -0.0249306 3.71664 3.71632 0.999565 0.999556 0.00384399 -1.52451e-05 0 0 
-2.28462 0.638773 0.0257436 -0.0245805 0.593304 -0.593226 -0.0245805 3.72598 3.72567 1.00141 1.0014 0.00385168 -1.18366e-05 0 0 
-2.28094 0.63854 0.0260368 -0.0242292 0.593296 -0.59322 -0.0242292 3.73536 3.73505 1.00325 1.00324 0.00385955 -8.40104e-06 0 0 
-2.27725 0.638303 0.0263276 -0.0238766 0.593289 -0.593214 -0.0238766 3.74478 3.74446 1.0051 1.00509 0.00386761 -4.93777e-06 0 0 
-2.27357 0.638063 0.0266161 -0.023523 0.593281 -0.593207 -0.023523 3.75423 3.75391 1.00695 1.00694 0.00387586 -1.4464e-06 0 0 
-2.26988 0.637819 0.0269021 -0.0231681 0.593273 -0.593201 -0.0231681 3.76371 3.7634 1.0088 1.00879 0.0038843 2.07356e-06 0 0 
-2.2662 0.637573 0.0271856 -0.0228122 0.593265 -0.593195 -0.0228122 3.77323 3.77291 1.01066 1.01065 0.00389292 5.62256e-06 0 0 
-2.26251 0.637324 0.0274667 -0.0224552 0.593257 -0.593188 -0.0224552 3.78278 3.78247 1.01252 1.01251 0.00390175 9.2011e-06 0 0 
-2.25883 0.637071 0.0277452 -0.022097 0.593249 -0.593182 -0.022097 3.79237 3.79205 1.01438 1.01437 0.00391076 1.28097e-05 0 0 
-2.25514 0.636815 0.0280213 -0.0217378 0.593241 -0.593176 -0.0217378 3.80199 3.80168 1.01625 1.01624 0.00391998 1.64487e-05 0 0 
-2.25146 0.636557 0.0282948 -0.0213776 0.593233 -0.593169 -0.0213776 3.81165 3.81134 1.01812 1.01811 0.00392939 2.01189e-05 0 0 
-2.24777 0.636295 0.0285657 -0.0210163 0.593225 -0.593163 -0.0210163 3.82134 3.82103 1.01999 1.01998 0.00393901 2.38205e-05 0 0 
-2.24409 0.63603 0.0288339 -0.020654 0.593217 -0.593156 -0.020654 3.83107 3.83076 1.02187 1.02186 0.00394883 2.75542e-05 0 0 
-2.2404 0.635762 0.0290996 -0.0202907 0.593209 -0.59315 -0.0202907 3.84084 3.84053 1.02375 1.02374 0.00395886 3.13206e-05 0 0 
-2.23672 0.635491 0.0293626 -0.0199265 0.593201 -0.593143 -0.0199265 3.85064 3.85033 1.02563 1.02563 0.0039691 3.512e-05 0 0 
-2.23303 0.635217 0.0296229 -0.0195613 0.593193 -0.593137 -0.0195613 3.86048 3.86016 1.02752 1.02751 0.00397955 3.89532e-05 0 0 
-2.22935 0.63494 0.0298805 -0.0191951 0.593185 -0.59313 -0.0191951 3.87035 3.87004 1.02941 1.0294 0.00399021 4.28207e-05 0 0 
-2.22566 0.634661 0.0301353 -0.0188281 0.593177 -0.593123 -0.0188281 3.88026 3.87995 1.0313 1.0313 0.00400109 4.67229e-05 0 0 
-2.22198 0.634378 0.0303874 -0.0184601 0.593169 -0.593117 -0.0184601 3.89021 3.88989 1.0332 1.03319 0.00401219 5.06606e-05 0 0 
-2.21829 0.634092 0.0306367 -0.0180913 0.593161 -0.59311 -0.0180913 3.90019 3.89988 1.0351 1.03509 0.0040235 5.46343e-05 0 0 
-2.21461 0.633803 0.0308831 -0.0177216 0.593152 -0.593103 -0.0177216 3.91021 3.90989 1.03701 1.037 0.00403505 5.86445e-05 0 0 
-2.21092 0.633512 0.0311267 -0.0173511 0.593144 -0.593097 -0.0173511 3.92026 3.91995 1.03891 1.03891 0.00404681 6.2692e-05 0 0 
-2.20724 0.633217 0.0313675 -0.0169798 0.593136 -0.59309 -0.0169798 3.93036 3.93004 1.04082 1.04082 0.00405881 6.67772e-05 0 0 
-2.20355 0.63292 0.0316053 -0.0166078 0.593128 -0.593083 -0.0166078 3.94049 3.94017 1.04274 1.04273 0.00407104 7.0901e-05 0 0 
-2.19987 0.63262 0.0318402 -0.0162349 0.59312 -0.593076 -0.0162349 3.95065 3.95034 1.04466 1.04465 0.0040835 7.50638e-05 0 0 
-2.19618 0.632317 0.0320722 -0.0158613 0.593112 -0.593069 -0.0158613 3.96086 3.96054 1.04658 1.04657 0.00409619 7.92663e-05 0 0 
-2.1925 0.632011 0.0323012 -0.015487 0.593104 -0.593063 -0.015487 3.9711 3.97079 1.0485 1.04849 0.00410913 8.35092e-05 0 0 
-2.18881 0.631703 0.0325272 -0.0151121 0.593095 -0.593056 -0.0151121 3.98138 3.98106 1.05043 1.05042 0.0041223 8.77931e-05 0 0 
-2.18513 0.631392 0.0327502 -0.0147364 0.593087 -0.593049 -0.0147364 3.9917 3.99138 1.05236 1.05235 0.00413572 9.21188e-05 0 0 
-2.18144 0.631077 0.0329701 -0.0143601 0.593079 -0.593042 -0.0143601 4.00205 4.00174 1.0543 1.05429 0.00414939 9.64868e-05 0 0 
-2.17776 0.630761 0.033187 -0.0139832 0.593071 -0.593035 -0.0139832 4.01244 4.01213 1.05623 1.05623 0.0041633 0.000100898 0 0 
-2.17408 0.630441 0.0334007 -0.0136056 0.593062 -0.593028 -0.0136056 4.02287 4.02256 1.05818 1.05817 0.00417747 0.000105353 0 0 
-2.17039 0.630119 0.0336113 -0.0132276 0.593054 -0.593021 -0.0132276 4.03334 4.03303 1.06012 1.06011 0.00419189 0.000109852 0 0 
-2.16671 0.629794 0.0338188 -0.0128489 0.593046 -0.593013 -0.0128489 4.04385 4.04354 1.06207 1.06206 0.00420657 0.000114397 0 0 
-2.16302 0.629467 0.0340231 -0.0124697 0.593037 -0.593006 -0.0124697 4.0544 4.05408 1.06402 1.06401 0.00422151 0.000118988 0 0 
-2.15934 0.629137 0.0342242 -0.0120901 0.593029 -0.592999 -0.0120901 4.06498 4.06467 1.06598 1.06597 0.00423671 0.000123625 0 0 
-2.15565 0.628804 0.0344221 -0.0117099 0.593021 -0.592992 -0.0117099 4.07561 4.07529 1.06794 1.06793 0.00425218 0.00012831 0 0 
-2.15197 0.628469 0.0346168 -0.0113293 0.593012 -0.592985 -0.0113293 4.08627 4.08595 1.0699 1.06989 0.00426792 0.000133043 0 0 
-2.14828 0.628132 0.0348081 -0.0109483 0.593004 -0.592977 -0.0109483 4.09697 4.09666 1.07186 1.07186 0.00428393 0.000137825 0 0 
-2.1446 0.627792 0.0349962 -0.0105669 0.592995 -0.59297 -0.0105669 4.10771 4.1074 1.07383 1.07383 0.00430022 0.000142657 0 0 
-2.14091 0.627449 0.035181 -0.0101851 0.592987 -0.592963 -0.0101851 4.11849 4.11818 1.07581 1.0758 0.00431678 0.00014754 0 0 
-2.13723 0.627104 0.0353624 -0.00980301 0.592978 -0.592955 -0.00980301 4.12931 4.129 1.07778 1.07777 0.00433363 0.000152474 0 0 
-2.13354 0.626756 0.0355405 -0.00942057 0.59297 -0.592948 -0.00942057 4.14017 4.13986 1.07976 1.07975 0.00435075 0.00015746 0 0 
-2.12986 0.626406 0.0357152 -0.00903784 0.592961 -0.59294 -0.00903784 4.15107 4.15075 1.08174 1.08174 0.00436817 0.000162499 0 0 
-2.12617 0.626054 0.0358864 -0.00865485 0.592953 -0.592933 -0.00865485 4.16201 4.16169 1.08373 1.08372 0.00438588 0.000167592 0 0 
-2.12249 0.625699 0.0360543 -0.00827162 0.592944 -0.592925 -0.00827162 4.17299 4.17267 1.08572 1.08571 0.00440388 0.00017274 0 0 
-2.1188 0.625342 0.0362187 -0.00788819 0.592936 -0.592918 -0.00788819 4.18401 4.18369 1.08772 1.08771 0.00442217 0.000177943 0 0 
-2.11512 0.624983 0.0363796 -0.00750458 0.592927 -0.59291 -0.00750458 4.19507 4.19475 1.08971 1.08971 0.00444077 0.000183203 0 0 
-2.11143 0.624622 0.036537 -0.00712081 0.592918 -0.592902 -0.00712081 4.20617 4.20585 1.09171 1.09171 0.00445967 0.00018852 0 0 
-2.10775 0.624258 0.0366909 -0.00673693 0.59291 -0.592895 -0.00673693 4.21731 4.21699 1.09372 1.09371 0.00447888 0.000193896 0 0 
-2.10406 0.623892 0.0368413 -0.00635295 0.592901 -0.592887 -0.00635295 4.22849 4.22818 1.09573 1.09572 0.0044984 0.00019933 0 0 
-2.10038 0.623524 0.0369881 -0.00596891 0.592892 -0.592879 -0.00596891 4.23972 4.2394 1.09774 1.09773 0.00451823 0.000204825 0 0 
-2.09669 0.623154 0.0371313 -0.00558483 0.592883 -0.592871 -0.00558483 4.25098 4.25066 1.09975 1.09975 0.00453838 0.000210381 0 0 
-2.09301 0.622781 0.0372709 -0.00520074 0.592875 -0.592863 -0.00520074 4.26228 4.26197 1.10177 1.10176 0.00455884 0.000215998 0 0 
-2.08932 0.622407 0.0374069 -0.00481668 0.592866 -0.592855 -0.00481668 4.27363 4.27331 1.10379 1.10379 0.00457964 0.000221679 0 0 
-2.08564 0.62203 0.0375392 -0.00443268 0.592857 -0.592847 -0.00443268 4.28502 4.2847 1.10582 1.10581 0.00460076 0.000227423 0 0 
-2.08195 0.621652 0.0376679 -0.00404876 0.592848 -0.592839 -0.00404876 4.29645 4.29613 1.10785 1.10784 0.00462221 0.000233232 0 0 
-2.07827 0.621271 0.0377929 -0.00366495 0.592839 -0.592831 -0.00366495 4.30792 4.3076 1.10988 1.10987 0.00464399 0.000239107 0 0 
-2.07458 0.620889 0.0379142 -0.00328129 0.59283 -0.592823 -0.00328129 4.31944 4.31912 1.11192 1.11191 0.00466611 0.000245048 0 0 
-2.0709 0.620505 0.0380318 -0.0028978 0.592821 -0.592815 -0.0028978 4.33099 4.33067 1.11396 1.11395 0.00468858 0.000251057 0 0 
-2.06721 0.620118 0.0381456 -0.00251452 0.592812 -0.592807 -0.00251452 4.34259 4.34227 1.116 1.11599 0.00471139 0.000257135 0 0 
-2.06353 0.61973 0.0382556 -0.00213148 0.592803 -0.592798 -0.00213148 4.35423 4.35391 1.11805 1.11804 0.00473455 0.000263283 0 0 
-2.05984 0.61934 0.0383619 -0.00174871 0.592794 -0.59279 -0.00174871 4.36591 4.3656 1.1201 1.12009 0.00475806 0.000269501 0 0 
-2.05616 0.618949 0.0384644 -0.00136624 0.592784 -0.592782 -0.00136624 4.37764 4.37732 1.12215 1.12215 0.00478193 0.000275792 0 0 
-2.05247 0.618555 0.0385631 -0.000984109 0.592775 -0.592773 -0.000984109 4.38941 4.38909 1.12421 1.12421 0.00480616 0.000282155 0 0 
-2.04879 0.61816 0.0386579 -0.000602341 0.592766 -0.592765 -0.000602341 4.40122 4.4009 1.12627 1.12627 0.00483076 0.000288592 0 0 
-2.0451 0.617764 0.0387489 -0.00022097 0.592757 -0.592756 -0.00022097 4.41308 4.41276 1.12834 1.12833 0.00485573 0.000295104 0 0 
-2.04142 0.617365 0.038836 0.00015997 0.592747 -0.592748 0.00015997 4.42498 4.42466 1.13041 1.1304 0.00488106 0.000301693 0 0 
-2.03773 0.616965 0.0389192 0.000540447 0.592738 -0.592739 0.000540447 4.43692 4.4366 1.13248 1.13247 0.00490678 0.000308358 0 0 
-2.03405 0.616563 0.0389986 0.000920427 0.592729 -0.59273 0.000920427 4.4489 4.44859 1.13456 1.13455 0.00493287 0.000315102 0 0 
-2.03037 0.61616 0.039074 0.00129988 0.592719 -0.592722 0.00129988 4.46093 4.46062 1.13664 1.13663 0.00495936 0.000321925 0 0 
-2.02668 0.615756 0.0391455 0.00167876 0.59271 -0.592713 0.00167876 4.47301 4.47269 1.13872 1.13871 0.00498623 0.000328829 0 0 
-2.023 0.61535 0.039213 0.00205705 0.5927 -0.592704 0.00205705 4.48513 4.48481 1.14081 1.1408 0.00501349 0.000335815 0 0 
-2.01931 0.614942 0.0392766 0.00243471 0.592691 -0.592695 0.00243471 4.49729 4.49697 1.1429 1.14289 0.00504115 0.000342883 0 0 
-2.01563 0.614534 0.0393361 0.0028117 0.592681 -0.592686 0.0028117 4.5095 4.50918 1.14499 1.14498 0.00506922 0.000350035 0 0 
-2.01194 0.614123 0.0393917 0.003188 0.592671 -0.592677 0.003188 4.52175 4.52143 1.14709 1.14708 0.00509769 0.000357272 0 0 
-2.00826 0.613712 0.0394433 0.00356356 0.592662 -0.592668 0.00356356 4.53404 4.53373 1.14919 1.14918 0.00512657 0.000364596 0 0 
-2.00457 0.613299 0.0394909 0.00393835 0.592652 -0.592659 0.00393835 4.54638 4.54607 1.1513 1.15129 0.00515586 0.000372007 0 0 
-2.00089 0.612885 0.0395344 0.00431235 0.592642 -0.59265 0.00431235 4.55877 4.55845 1.1534 1.1534 0.00518558 0.000379507 0 0 
-1.9972 0.61247 0.0395739 0.0046855 0.592632 -0.59264 0.0046855 4.5712 4.57088 1.15552 1.15551 0.00521572 0.000387096 0 0 
-1.99352 0.612054 0.0396093 0.00505778 0.592622 -0.592631 0.00505778 4.58368 4.58336 1.15763 1.15763 0.00524629 0.000394777 0 0 
-1.98983 0.611637 0.0396407 0.00542915 0.592612 -0.592622 0.00542915 4.5962 4.59588 1.15975 1.15975 0.0052773 0.00040255 0 0 
-1.98615 0.611219 0.0396679 0.00579958 0.592602 -0.592612 0.00579958 4.60877 4.60845 1.16188 1.16187 0.00530874 0.000410417 0 0 
-1.98246 0.610799 0.0396911 0.00616903 0.592592 -0.592603 0.00616903 4.62139 4.62107 1.164 1.164 0.00534062 0.000418378 0 0 
-1.97878 0.610379 0.0397102 0.00653746 0.592582 -0.592593 0.00653746 4.63405 4.63373 1.16614 1.16613 0.00537295 0.000426435 0 0 
-1.97509 0.609958 0.0397251 0.00690484 0.592572 -0.592584 0.00690484 4.64675 4.64643 1.16827 1.16826 0.00540574 0.00043459 0 0 
-1.97141 0.609536 0.039736 0.00727114 0.592562 -0.592574 0.00727114 4.65951 4.65919 1.17041 1.1704 0.00543898 0.000442843 0 0 
-1.96772 0.609113 0.0397426 0.00763631 0.592551 -0.592564 0.00763631 4.67231 4.67199 1.17255 1.17254 0.00547269 0.000451196 0 0 
-1.96404 0.608689 0.0397452 0.00800033 0.592541 -0.592554 0.00800033 4.68515 4.68483 1.1747 1.17469 0.00550686 0.00045965 0 0 
-1.96035 0.608265 0.0397436 0.00836314 0.59253 -0.592544 0.00836314 4.69805 4.69773 1.17685 1.17684 0.00554151 0.000468206 0 0 
-1.95667 0.60784 0.0397378 0.00872472 0.59252 -0.592534 0.00872472 4.71099 4.71067 1.179 1.17899 0.00557663 0.000476866 0 0 
-1.95298 0.607414 0.0397278 0.00908504 0.592509 -0.592524 0.00908504 4.72397 4.72365 1.18116 1.18115 0.00561224 0.000485631 0 0 
-1.9493 0.606988 0.0397137 0.00944404 0.592499 -0.592514 0.00944404 4.73701 4.73669 1.18332 1.18331 0.00564833 0.000494502 0 0 
-1.94561 0.606561 0.0396954 0.00980171 0.592488 -0.592504 0.00980171 4.75009 4.74977 1.18548 1.18548 0.00568492 0.000503481 0 0 
-1.94193 0.606134 0.0396728 0.010158 0.592477 -0.592494 0.010158 4.76322 4.7629 1.18765 1.18764 0.00572201 0.000512569 0 0 
-1.93824 0.605706 0.0396461 0.0105128 0.592467 -0.592483 0.0105128 4.7764 4.77608 1.18982 1.18982 0.0057596 0.000521767 0 0 
-1.93456 0.605278 0.0396152 0.0108663 0.592456 -0.592473 0.0108663 4.78963 4.78931 1.192 1.19199 0.0057977 0.000531076 0 0 
-1.93087 0.604849 0.0395801 0.0112182 0.592445 -0.592463 0.0112182 4.8029 4.80258 1.19418 1.19417 0.00583631 0.000540499 0 0 
-1.92719 0.60442 0.0395407 0.0115685 0.592434 -0.592452 0.0115685 4.81623 4.81591 1.19636 1.19635 0.00587544 0.000550036 0 0 
-1.9235 0.603991 0.0394971 0.0119174 0.592423 -0.592441 0.0119174 4.8296 4.82928 1.19855 1.19854 0.0059151 0.000559688 0 0 
-1.91982 0.603562 0.0394494 0.0122646 0.592412 -0.592431 0.0122646 4.84302 4.8427 1.20074 1.20073 0.0059553 0.000569457 0 0 
-1.91613 0.603132 0.0393973 0.0126101 0.592401 -0.59242 0.0126101 4.85649 4.85617 1.20293 1.20293 0.00599603 0.000579345 0 0 
-1.91245 0.602703 0.0393411 0.012954 0.592389 -0.592409 0.012954 4.87001 4.86969 1.20513 1.20512 0.0060373 0.000589353 0 0 
-1.90876 0.602273 0.0392806 0.0132961 0.592378 -0.592398 0.0132961 4.88357 4.88325 1.20733 1.20733 0.00607912 0.000599481 0 0 
-1.90508 0.601843 0.0392159 0.0136365 0.592367 -0.592387 0.0136365 4.89719 4.89687 1.20954 1.20953 0.0061215 0.000609732 0 0 
-1.90139 0.601413 0.0391469 0.0139751 0.592355 -0.592376 0.0139751 4.91086 4.91054 1.21175 1.21174 0.00616443 0.000620107 0 0 
-1.89771 0.600984 0.0390737 0.0143119 0.592344 -0.592365 0.0143119 4.92457 4.92425 1.21396 1.21395 0.00620794 0.000630607 0 0 
-1.89402 0.600554 0.0389963 0.0146468 0.592332 -0.592353 0.0146468 4.93834 4.93802 1.21618 1.21617 0.00625202 0.000641234 0 0 
-1.89034 0.600125 0.0389146 0.0149797 0.59232 -0.592342 0.0149797 4.95216 4.95184 1.2184 1.21839 0.00629667 0.000651989 0 0 
-1.88666 0.599696 0.0388287 0.0153108 0.592308 -0.59233 0.0153108 4.96603 4.9657 1.22062 1.22062 0.00634191 0.000662874 0 0 
-1.88297 0.599267 0.0387385 0.0156398 0.592297 -0.592319 0.0156398 4.97994 4.97962 1.22285 1.22285 0.00638775 0.000673889 0 0 
-1.87929 0.598839 0.0386441 0.0159668 0.592285 -0.592307 0.0159668 4.99391 4.99359 1.22508 1.22508 0.00643418 0.000685036 0 0 
-1.8756 0.59841 0.0385455 0.0162917 0.592273 -0.592295 0.0162917 5.00793 5.00761 1.22732 1.22731 0.00648121 0.000696318 0 0 
-1.87192 0.597983 0.0384427 0.0166145 0.59226 -0.592284 0.0166145 5.022 5.02168 1.22956 1.22955 0.00652886 0.000707734 0 0 
-1.86823 0.597556 0.0383356 0.0169352 0.592248 -0.592272 0.0169352 5.03612 5.0358 1.2318 1.2318 0.00657712 0.000719287 0 0 
-1.86455 0.597129 0.0382243 0.0172537 0.592236 -0.59226 0.0172537 5.0503 5.04997 1.23405 1.23404 0.006626 0.000730977 0 0 
-1.86086 0.596703 0.0381088 0.01757 0.592224 -0.592248 0.01757 5.06452 5.0642 1.2363 1.2363 0.00667552 0.000742807 0 0 
-1.85718 0.596278 0.0379891 0.017884 0.592211 -0.592235 0.017884 5.0788 5.07848 1.23856 1.23855 0.00672567 0.000754778 0 0 
-1.85349 0.595853 0.0378652 0.0181957 0.592199 -0.592223 0.0181957 5.09312 5.0928 1.24082 1.24081 0.00677647 0.000766891 0 0 
-1.84981 0.595429 0.0377371 0.018505 0.592186 -0.592211 0.018505 5.1075 5.10718 1.24308 1.24307 0.00682792 0.000779148 0 0 
-1.84612 0.595006 0.0376047 0.018812 0.592173 -0.592198 0.018812 5.12194 5.12162 1.24534 1.24534 0.00688003 0.000791549 0 0 
-1.84244 0.594584 0.0374682 0.0191166 0.59216 -0.592186 0.0191166 5.13642 5.1361 1.24761 1.24761 0.0069328 0.000804097 0 0 
-1.83875 0.594163 0.0373276 0.0194187 0.592148 -0.592173 0.0194187 5.15096 5.15064 1.24989 1.24988 0.00698624 0.000816793 0 0 
-1.83507 0.593742 0.0371827 0.0197183 0.592135 -0.59216 0.0197183 5.16555 5.16523 1.25217 1.25216 0.00704036 0.000829637 0 0 
-1.83138 0.593323 0.0370337 0.0200154 0.592121 -0.592147 0.0200154 5.18019 5.17987 1.25445 1.25444 0.00709517 0.000842633 0 0 
-1.8277 0.592905 0.0368806 0.0203099 0.592108 -0.592134 0.0203099 5.19489 5.19457 1.25673 1.25673 0.00715067 0.00085578 0 0 
-1.82401 0.592488 0.0367233 0.0206018 0.592095 -0.592121 0.0206018 5.20964 5.20932 1.25902 1.25902 0.00720687 0.000869081 0 0 
-1.82033 0.592072 0.0365619 0.0208911 0.592082 -0.592108 0.0208911 5.22444 5.22412 1.26132 1.26131 0.00726378 0.000882536 0 0 
-1.81664 0.591657 0.0363963 0.0211776 0.592068 -0.592094 0.0211776 5.2393 5.23898 1.26361 1.26361 0.00732141 0.000896148 0 0 
-1.81296 0.591244 0.0362267 0.0214614 0.592054 -0.592081 0.0214614 5.25421 5.25389 1.26592 1.26591 0.00737976 0.000909917 0 0 
-1.80927 0.590832 0.036053 0.0217425 0.592041 -0.592067 0.0217425 5.26918 5.26886 1.26822 1.26822 0.00743884 0.000923846 0 0 
-1.80559 0.590421 0.0358752 0.0220208 0.592027 -0.592054 0.0220208 5.2842 5.28388 1.27053 1.27052 0.00749866 0.000937934 0 0 
-1.8019 0.590012 0.0356933 0.0222962 0.592013 -0.59204 0.0222962 5.29927 5.29895 1.27284 1.27284 0.00755923 0.000952184 0 0 
-1.79822 0.589605 0.0355074 0.0225687 0.591999 -0.592026 0.0225687 5.3144 5.31408 1.27516 1.27515 0.00762055 0.000966598 0 0 
-1.79453 0.589199 0.0353175 0.0228384 0.591985 -0.592012 0.0228384 5.32959 5.32926 1.27748 1.27747 0.00768263 0.000981175 0 0 
-1.79085 0.588794 0.0351235 0.023105 0.59197 -0.591998 0.023105 5.34483 5.3445 1.2798 1.2798 0.00774549 0.000995918 0 0 
-1.78716 0.588392 0.0349256 0.0233687 0.591956 -0.591984 0.0233687 5.36012 5.3598 1.28213 1.28213 0.00780912 0.00101083 0 0 
-1.78348 0.587991 0.0347236 0.0236293 0.591942 -0.591969 0.0236293 5.37547 5.37515 1.28446 1.28446 0.00787354 0.00102591 0 0 
-1.77979 0.587592 0.0345178 0.0238869 0.591927 -0.591955 0.0238869 5.39087 5.39055 1.2868 1.28679 0.00793876 0.00104116 0 0 
-1.77611 0.587195 0.0343079 0.0241414 0.591912 -0.59194 0.0241414 5.40634 5.40601 1.28914 1.28913 0.00800478 0.00105657 0 0 
-1.77242 0.586799 0.0340942 0.0243927 0.591897 -0.591925 0.0243927 5.42185 5.42153 1.29148 1.29148 0.00807161 0.00107217 0 0 
-1.76874 0.586406 0.0338765 0.0246409 0.591883 -0.59191 0.0246409 5.43743 5.4371 1.29383 1.29382 0.00813926 0.00108793 0 0 
-1.76505 0.586015 0.033655 0.0248858 0.591867 -0.591895 0.0248858 5.45306 5.45273 1.29618 1.29618 0.00820774 0.00110387 0 0 
-1.76137 0.585626 0.0334296 0.0251274 0.591852 -0.59188 0.0251274 5.46874 5.46842 1.29854 1.29853 0.00827706 0.00111999 0 0 
-1.75768 0.585239 0.0332004 0.0253658 0.591837 -0.591865 0.0253658 5.48449 5.48416 1.30089 1.30089 0.00834723 0.00113628 0 0 
-1.754 0.584854 0.0329673 0.0256009 0.591821 -0.59185 0.0256009 5.50029 5.49996 1.30326 1.30325 0.00841826 0.00115275 0 0 
-1.75031 0.584471 0.0327305 0.0258326 0.591806 -0.591834 0.0258326 5.51614 5.51582 1.30562 1.30562 0.00849014 0.0011694 0 0 
-1.74663 0.584091 0.0324899 0.0260609 0.59179 -0.591818 0.0260609 5.53206 5.53174 1.30799 1.30799 0.00856291 0.00118623 0 0 
-1.74294 0.583713 0.0322456 0.0262857 0.591774 -0.591803 0.0262857 5.54803 5.54771 1.31037 1.31036 0.00863655 0.00120325 0 0 
-1.73926 0.583338 0.0319975 0.0265071 0.591758 -0.591787 0.0265071 5.56406 5.56374 1.31275 1.31274 0.00871109 0.00122045 0 0 
-1.73558 0.582965 0.0317458 0.026725 0.591742 -0.591771 0.026725 5.58015 5.57983 1.31513 1.31512 0.00878653 0.00123783 0 0 
-1.73189 0.582594 0.0314904 0.0269393 0.591726 -0.591754 0.0269393 5.59629 5.59597 1.31752 1.31751 0.00886289 0.00125539 0 0 
-1.72821 0.582227 0.0312314 0.0271501 0.59171 -0.591738 0.0271501 5.6125 5.61218 1.31991 1.3199 0.00894016 0.00127315 0 0 
-1.72452 0.581861 0.0309688 0.0273572 0.591693 -0.591721 0.0273572 5.62876 5.62844 1.3223 1.32229 0.00901836 0.00129109 0 0 
-1.72084 0.581499 0.0307026 0.0275608 0.591676 -0.591705 0.0275608 5.64508 5.64476 1.3247 1.32469 0.00909751 0.00130922 0 0 
-1.71715 0.581139 0.0304328 0.0277606 0.591659 -0.591688 0.0277606 5.66146 5.66114 1.3271 1.32709 0.0091776 0.00132754 0 0 
-1.71347 0.580783 0.0301596 0.0279567 0.591643 -0.591671 0.0279567 5.6779 5.67758 1.3295 1.3295 0.00925866 0.00134605 0 0 
-1.70978 0.580429 0.0298828 0.0281491 0.591625 -0.591654 0.0281491 5.6944 5.69408 1.33191 1.33191 0.00934069 0.00136475 0 0 
-1.7061 0.580078 0.0296027 0.0283377 0.591608 -0.591637 0.0283377 5.71096 5.71064 1.33433 1.33432 0.00942369 0.00138365 0 0 
-1.70241 0.57973 0.0293191 0.0285225 0.591591 -0.591619 0.0285225 5.72758 5.72726 1.33675 1.33674 0.00950769 0.00140273 0 0 
-1.69873 0.579385 0.0290321 0.0287034 0.591573 -0.591601 0.0287034 5.74426 5.74393 1.33917 1.33916 0.00959269 0.00142202 0 0 
-1.69504 0.579043 0.0287418 0.0288805 0.591555 -0.591584 0.0288805 5.761 5.76067 1.34159 1.34159 0.0096787 0.00144149 0 0 
-1.69136 0.578704 0.0284481 0.0290537 0.591538 -0.591566 0.0290537 5.77779 5.77747 1.34402 1.34402 0.00976573 0.00146117 0 0 
-1.68767 0.578369 0.0281512 0.0292229 0.59152 -0.591548 0.0292229 5.79465 5.79433 1.34645 1.34645 0.00985379 0.00148104 0 0 
-1.68399 0.578036 0.0278511 0.0293881 0.591501 -0.591529 0.0293881 5.81157 5.81125 1.34889 1.34889 0.0099429 0.00150111 0 0 
-1.6803 0.577708 0.0275477 0.0295494 0.591483 -0.591511 0.0295494 5.82855 5.82823 1.35133 1.35133 0.0100331 0.00152138 0 0 
-1.67662 0.577382 0.0272412 0.0297066 0.591464 -0.591492 0.0297066 5.8456 5.84527 1.35378 1.35377 0.0101243 0.00154184 0 0 
-1.67293 0.57706 0.0269316 0.0298598 0.591446 -0.591474 0.0298598 5.8627 5.86238 1.35622 1.35622 0.0102166 0.00156251 0 0 
-1.66925 0.576741 0.0266189 0.0300088 0.591427 -0.591455 0.0300088 5.87986 5.87954 1.35868 1.35867 0.01031 0.00158338 0 0 
-1.66556 0.576426 0.0263031 0.0301538 0.591408 -0.591436 0.0301538 5.89709 5.89677 1.36113 1.36113 0.0104045 0.00160445 0 0 
-1.66188 0.576115 0.0259844 0.0302946 0.591389 -0.591416 0.0302946 5.91438 5.91405 1.36359 1.36359 0.0105001 0.00162572 0 0 
-1.65819 0.575807 0.0256627 0.0304312 0.591369 -0.591397 0.0304312 5.93173 5.93141 1.36606 1.36605 0.0105968 0.00164719 0 0 
-1.65451 0.575503 0.025338 0.0305636 0.59135 -0.591377 0.0305636 5.94914 5.94882 1.36852 1.36852 0.0106947 0.00166887 0 0 
-1.65082 0.575203 0.0250105 0.0306918 0.59133 -0.591357 0.0306918 5.96662 5.96629 1.371 1.37099 0.0107937 0.00169075 0 0 
-1.64714 0.574906 0.0246802 0.0308158 0.59131 -0.591337 0.0308158 5.98416 5.98383 1.37347 1.37347 0.0108938 0.00171284 0 0 
-1.64345 0.574614 0.0243471 0.0309354 0.59129 -0.591317 0.0309354 6.00176 6.00143 1.37595 1.37595 0.0109951 0.00173513 0 0 
-1.63977 0.574325 0.0240112 0.0310507 0.59127 -0.591297 0.0310507 6.01942 6.0191 1.37843 1.37843 0.0110977 0.00175762 0 0 
-1.63608 0.57404 0.0236726 0.0311617 0.591249 -0.591276 0.0311617 6.03715 6.03682 1.38092 1.38092 0.0112014 0.00178032 0 0 
-1.6324 0.573759 0.0233314 0.0312684 0.591228 -0.591255 0.0312684 6.05494 6.05462 1.38341 1.38341 0.0113063 0.00180322 0 0 
-1.62871 0.573483 0.0229876 0.0313706 0.591208 -0.591234 0.0313706 6.0728 6.07247 1.38591 1.3859 0.0114124 0.00182633 0 0 
-1.62503 0.57321 0.0226413 0.0314685 0.591187 -0.591213 0.0314685 6.09071 6.09039 1.38841 1.3884 0.0115198 0.00184965 0 0 
-1.62134 0.572941 0.0222924 0.0315619 0.591165 -0.591192 0.0315619 6.1087 6.10837 1.39091 1.3909 0.0116284 0.00187317 0 0 
-1.61766 0.572677 0.0219411 0.0316509 0.591144 -0.59117 0.0316509 6.12675 6.12642 1.39342 1.39341 0.0117382 0.0018969 0 0 
-1.61397 0.572417 0.0215874 0.0317353 0.591122 -0.591149 0.0317353 6.14486 6.14453 1.39593 1.39592 0.0118493 0.00192083 0 0 
-1.61029 0.572162 0.0212314 0.0318153 0.5911 -0.591127 0.0318153 6.16304 6.16271 1.39844 1.39844 0.0119617 0.00194497 0 0 
-1.6066 0.57191 0.020873 0.0318908 0.591078 -0.591104 0.0318908 6.18128 6.18095 1.40096 1.40095 0.0120755 0.00196932 0 0 
-1.60292 0.571663 0.0205124 0.0319617 0.591056 -0.591082 0.0319617 6.19958 6.19926 1.40348 1.40348 0.0121905 0.00199387 0 0 
-1.59923 0.571421 0.0201496 0.032028 0.591033 -0.591059 0.032028 6.21796 6.21763 1.40601 1.406 0.0123068 0.00201863 0 0 
-1.59555 0.571183 0.0197847 0.0320898 0.591011 -0.591037 0.0320898 6.2364 6.23607 1.40854 1.40853 0.0124245 0.00204359 0 0 
-1.59187 0.57095 0.0194177 0.032147 0.590988 -0.591013 0.032147 6.2549 6.25458 1.41107 1.41107 0.0125435 0.00206876 0 0 
-1.58818 0.570721 0.0190486 0.0321995 0.590965 -0.59099 0.0321995 6.27347 6.27315 1.41361 1.4136 0.0126639 0.00209413 0 0 
-1.5845 0.570497 0.0186776 0.0322474 0.590941 -0.590967 0.0322474 6.29211 6.29178 1.41615 1.41615 0.0127856 0.00211971 0 0 
-1.58081 0.570277 0.0183047 0.0322907 0.590918 -0.590943 0.0322907 6.31081 6.31049 1.4187 1.41869 0.0129088 0.00214549 0 0 
-1.57713 0.570063 0.0179299 0.0323293 0.590894 -0.590919 0.0323293 6.32958 6.32926 1.42124 1.42124 0.0130333 0.00217148 0 0 
-1.57344 0.569853 0.0175533 0.0323632 0.59087 -0.590895 0.0323632 6.34842 6.34809 1.4238 1.42379 0.0131593 0.00219767 0 0 
-1.56976 0.569647 0.017175 0.0323924 0.590846 -0.59087 0.0323924 6.36732 6.367 1.42635 1.42635 0.0132867 0.00222406 0 0 
-1.56607 0.569447 0.016795 0.0324169 0.590821 -0.590846 0.0324169 6.38629 6.38597 1.42891 1.42891 0.0134156 0.00225066 0 0 
-1.56239 0.569252 0.0164134 0.0324367 0.590796 -0.590821 0.0324367 6.40533 6.40501 1.43148 1.43148 0.0135459 0.00227745 0 0 
-1.5587 0.569061 0.0160302 0.0324517 0.590771 -0.590796 0.0324517 6.42444 6.42411 1.43405 1.43404 0.0136777 0.00230445 0 0 
-1.55502 0.568876 0.0156455 0.0324619 0.590746 -0.59077 0.0324619 6.44361 6.44329 1.43662 1.43662 0.013811 0.00233165 0 0 
-1.55133 0.568695 0.0152594 0.0324674 0.590721 -0.590745 0.0324674 6.46286 6.46253 1.4392 1.43919 0.0139458 0.00235904 0 0 
-1.54765 0.56852 0.0148719 0.0324682 0.590695 -0.590719 0.0324682 6.48217 6.48184 1.44178 1.44177 0.0140822 0.00238663 0 0 
-1.54396 0.568349 0.014483 0.0324641 0.590669 -0.590692 0.0324641 6.50155 6.50122 1.44436 1.44435 0.01422 0.00241442 0 0 
-1.54028 0.568184 0.014093 0.0324552 0.590643 -0.590666 0.0324552 6.521 6.52067 1.44695 1.44694 0.0143594 0.00244241 0 0 
-1.53659 0.568024 0.0137017 0.0324416 0.590616 -0.590639 0.0324416 6.54051 6.54019 1.44954 1.44953 0.0145004 0.00247059 0 0 
-1.53291 0.567869 0.0133094 0.0324231 0.59059 -0.590612 0.0324231 6.5601 6.55977 1.45213 1.45213 0.014643 0.00249896 0 0 
-1.52922 0.56772 0.012916 0.0323998 0.590563 -0.590585 0.0323998 6.57976 6.57943 1.45473 1.45473 0.0147872 0.00252752 0 0 
-1.52554 0.567575 0.0125216 0.0323717 0.590535 -0.590558 0.0323717 6.59948 6.59916 1.45733 1.45733 0.014933 0.00255628 0 0 
-1.52185 0.567436 0.0121263 0.0323388 0.590508 -0.59053 0.0323388 6.61928 6.61895 1.45994 1.45994 0.0150804 0.00258522 0 0 
-1.51817 0.567303 0.0117301 0.032301 0.59048 -0.590502 0.032301 6.63915 6.63882 1.46255 1.46255 0.0152295 0.00261435 0 0 
-1.51448 0.567175 0.0113332 0.0322584 0.590452 -0.590474 0.0322584 6.65908 6.65876 1.46516 1.46516 0.0153803 0.00264367 0 0 
-1.5108 0.567052 0.0109355 0.0322109 0.590423 -0.590445 0.0322109 6.67909 6.67876 1.46778 1.46778 0.0155327 0.00267317 0 0 
-1.50711 0.566934 0.0105372 0.0321586 0.590395 -0.590416 0.0321586 6.69917 6.69884 1.4704 1.4704 0.0156869 0.00270285 0 0 
-1.50343 0.566822 0.0101383 0.0321014 0.590366 -0.590387 0.0321014 6.71932 6.71899 1.47303 1.47302 0.0158428 0.00273271 0 0 
-1.49974 0.566716 0.00973889 0.0320394 0.590337 -0.590358 0.0320394 6.73954 6.73921 1.47566 1.47565 0.0160004 0.00276276 0 0 
-1.49606 0.566615 0.00933906 0.0319726 0.590307 -0.590328 0.0319726 6.75983 6.7595 1.47829 1.47829 0.0161597 0.00279297 0 0 
-1.49237 0.566519 0.00893887 0.0319009 0.590277 -0.590298 0.0319009 6.78019 6.77986 1.48093 1.48092 0.0163208 0.00282337 0 0 
-1.48869 0.56643 0.00853838 0.0318244 0.590247 -0.590268 0.0318244 6.80063 6.8003 1.48357 1.48356 0.0164837 0.00285393 0 0 
-1.485 0.566345 0.00813767 0.031743 0.590217 -0.590237 0.031743 6.82113 6.82081 1.48621 1.48621 0.0166485 0.00288466 0 0 
-1.48132 0.566267 0.00773682 0.0316568 0.590186 -0.590206 0.0316568 6.84171 6.84139 1.48886 1.48885 0.016815 0.00291557 0 0 
-1.47763 0.566194 0.00733589 0.0315657 0.590155 -0.590175 0.0315657 6.86236 6.86204 1.49151 1.4915 0.0169834 0.00294663 0 0 
-1.47395 0.566127 0.00693496 0.0314699 0.590124 -0.590143 0.0314699 6.88309 6.88276 1.49416 1.49416 0.0171536 0.00297786 0 0 
-1.47026 0.566065 0.0065341 0.0313692 0.590092 -0.590112 0.0313692 6.90389 6.90356 1.49682 1.49682 0.0173258 0.00300925 0 0 
-1.46658 0.566009 0.00613338 0.0312637 0.59006 -0.590079 0.0312637 6.92476 6.92443 1.49948 1.49948 0.0174998 0.0030408 0 0 
-1.46289 0.565959 0.00573289 0.0311534 0.590028 -0.590047 0.0311534 6.9457 6.94537 1.50215 1.50215 0.0176757 0.0030725 0 0 
-1.45921 0.565915 0.0053327 0.0310383 0.589995 -0.590014 0.0310383 6.96672 6.96639 1.50482 1.50482 0.0178536 0.00310435 0 0 
-1.45552 0.565876 0.00493287 0.0309184 0.589962 -0.589981 0.0309184 6.98781 6.98748 1.50749 1.50749 0.0180335 0.00313635 0 0 
-1.45184 0.565843 0.0045335 0.0307938 0.589929 -0.589947 0.0307938 7.00897 7.00865 1.51017 1.51017 0.0182153 0.0031685 0 0 
-1.44816 0.565816 0.00413465 0.0306644 0.589895 -0.589914 0.0306644 7.03021 7.02989 1.51285 1.51285 0.0183991 0.00320079 0 0 
-1.44447 0.565795 0.0037364 0.0305302 0.589861 -0.589879 0.0305302 7.05153 7.0512 1.51553 1.51553 0.0185849 0.00323321 0 0 
-1.44079 0.56578 0.00333883 0.0303913 0.589827 -0.589845 0.0303913 7.07292 7.07259 1.51822 1.51822 0.0187727 0.00326578 0 0 
-1.4371 0.56577 0.00294202 0.0302477 0.589792 -0.58981 0.0302477 7.09438 7.09405 1.52091 1.52091 0.0189627 0.00329847 0 0 
-1.43342 0.565767 0.00254604 0.0300994 0.589757 -0.589775 0.0300994 7.11592 7.11559 1.52361 1.5236 0.0191546 0.0033313 0 0 
-1.42973 0.565769 0.00215097 0.0299464 0.589722 -0.589739 0.0299464 7.13753 7.1372 1.52631 1.5263 0.0193487 0.00336425 0 0 
-1.42605 0.565777 0.00175689 0.0297888 0.589686 -0.589703 0.0297888 7.15922 7.15889 1.52901 1.529 0.0195449 0.00339732 0 0 
-1.42236 0.565791 0.00136388 0.0296265 0.58965 -0.589667 0.0296265 7.18098 7.18066 1.53171 1.53171 0.0197432 0.0034305 0 0 
-1.41868 0.565811 0.000972015 0.0294595 0.589614 -0.58963 0.0294595 7.20283 7.2025 1.53442 1.53442 0.0199437 0.00346381 0 0 
-1.41499 0.565837 0.000581376 0.029288 0.589577 -0.589593 0.029288 7.22474 7.22441 1.53714 1.53713 0.0201463 0.00349722 0 0 
-1.41131 0.565869 0.000192043 0.0291119 0.58954 -0.589556 0.0291119 7.24674 7.24641 1.53985 1.53985 0.0203512 0.00353074 0 0 
-1.40762 0.565906 -0.000195905 0.0289312 0.589502 -0.589518 0.0289312 7.26881 7.26848 1.54257 1.54257 0.0205583 0.00356435 0 0 
-1.40394 0.56595 -0.000582389 0.028746 0.589464 -0.58948 0.028746 7.29095 7.29062 1.5453 1.54529 0.0207676 0.00359807 0 0 
-1.40025 0.565999 -0.000967329 0.0285562 0.589426 -0.589441 0.0285562 7.31318 7.31285 1.54802 1.54802 0.0209791 0.00363188 0 0 
-1.39657 0.566055 -0.00135065 0.028362 0.589387 -0.589402 0.028362 7.33548 7.33515 1.55075 1.55075 0.021193 0.00366578 0 0 
-1.39288 0.566116 -0.00173226 0.0281633 0.589348 -0.589363 0.0281633 7.35786 7.35753 1.55349 1.55348 0.0214092 0.00369976 0 0 
-1.3892 0.566183 -0.00211208 0.0279602 0.589309 -0.589323 0.0279602 7.38031 7.37998 1.55622 1.55622 0.0216277 0.00373381 0 0 
-1.38551 0.566256 -0.00249005 0.0277527 0.589269 -0.589283 0.0277527 7.40284 7.40252 1.55896 1.55896 0.0218485 0.00376795 0 0 
-1.38183 0.566335 -0.00286606 0.0275409 0.589228 -0.589243 0.0275409 7.42546 7.42513 1.56171 1.5617 0.0220717 0.00380215 0 0 
-1.37814 0.56642 -0.00324006 0.0273247 0.589188 -0.589202 0.0273247 7.44815 7.44782 1.56446 1.56445 0.0222974 0.00383642 0 0 
-1.37446 0.566511 -0.00361194 0.0271041 0.589146 -0.58916 0.0271041 7.47092 7.47059 1.56721 1.5672 0.0225254 0.00387074 0 0 
-1.37077 0.566607 -0.00398164 0.0268793 0.589105 -0.589118 0.0268793 7.49376 7.49343 1.56996 1.56996 0.0227559 0.00390512 0 0 
-1.36709 0.56671 -0.00434907 0.0266503 0.589063 -0.589076 0.0266503 7.51669 7.51636 1.57272 1.57271 0.0229888 0.00393955 0 0 
-1.3634 0.566818 -0.00471416 0.0264171 0.58902 -0.589034 0.0264171 7.53969 7.53937 1.57548 1.57548 0.0232242 0.00397402 0 0 
-1.35972 0.566932 -0.00507681 0.0261797 0.588977 -0.58899 0.0261797 7.56278 7.56245 1.57824 1.57824 0.0234622 0.00400852 0 0 
-1.35603 0.567052 -0.00543695 0.0259382 0.588934 -0.588947 0.0259382 7.58594 7.58562 1.58101 1.58101 0.0237027 0.00404306 0 0 
-1.35235 0.567178 -0.00579451 0.0256926 0.58889 -0.588903 0.0256926 7.60919 7.60886 1.58378 1.58378 0.0239457 0.00407763 0 0 
-1.34866 0.56731 -0.0061494 0.0254429 0.588846 -0.588858 0.0254429 7.63251 7.63218 1.58656 1.58655 0.0241914 0.00411222 0 0 
-1.34498 0.567447 -0.00650153 0.0251892 0.588801 -0.588814 0.0251892 7.65592 7.65559 1.58933 1.58933 0.0244396 0.00414682 0 0 
-1.34129 0.56759 -0.00685083 0.0249316 0.588756 -0.588768 0.0249316 7.6794 7.67907 1.59212 1.59211 0.0246905 0.00418143 0 0 
-1.33761 0.567739 -0.00719723 0.0246701 0.588711 -0.588722 0.0246701 7.70297 7.70264 1.5949 1.5949 0.024944 0.00421604 0 0 
-1.33392 0.567894 -0.00754063 0.0244046 0.588664 -0.588676 0.0244046 7.72661 7.72628 1.59769 1.59768 0.0252002 0.00425065 0 0 
-1.33024 0.568054 -0.00788096 0.0241354 0.588618 -0.588629 0.0241354 7.75034 7.75001 1.60048 1.60047 0.0254592 0.00428524 0 0 
-1.32655 0.56822 -0.00821814 0.0238624 0.588571 -0.588582 0.0238624 7.77415 7.77382 1.60327 1.60327 0.0257208 0.00431982 0 0 
-1.32287 0.568391 -0.0085521 0.0235856 0.588523 -0.588534 0.0235856 7.79804 7.79771 1.60607 1.60606 0.0259853 0.00435438 0 0 
-1.31918 0.568569 -0.00888274 0.0233051 0.588475 -0.588486 0.0233051 7.82201 7.82168 1.60887 1.60886 0.0262525 0.00438891 0 0 
-1.3155 0.568751 -0.00921 0.023021 0.588427 -0.588437 0.023021 7.84606 7.84573 1.61167 1.61167 0.0265225 0.0044234 0 0 
-1.31181 0.56894 -0.00953379 0.0227333 0.588378 -0.588388 0.0227333 7.8702 7.86987 1.61448 1.61447 0.0267954 0.00445785 0 0 
-1.30813 0.569134 -0.00985403 0.0224421 0.588328 -0.588338 0.0224421 7.89441 7.89408 1.61729 1.61728 0.0270711 0.00449225 0 0 
-1.30445 0.569333 -0.0101707 0.0221474 0.588278 -0.588288 0.0221474 7.91871 7.91838 1.6201 1.6201 0.0273497 0.00452659 0 0 
-1.30076 0.569538 -0.0104836 0.0218492 0.588228 -0.588238 0.0218492 7.9431 7.94277 1.62292 1.62291 0.0276313 0.00456087 0 0 
-1.29708 0.569748 -0.0107927 0.0215477 0.588177 -0.588186 0.0215477 7.96756 7.96723 1.62573 1.62573 0.0279158 0.00459507 0 0 
-1.29339 0.569964 -0.011098 0.0212429 0.588125 -0.588134 0.0212429 7.99211 7.99178 1.62856 1.62855 0.0282032 0.0046292 0 0 
-1.28971 0.570185 -0.0113994 0.0209348 0.588073 -0.588082 0.0209348 8.01674 8.01641 1.63138 1.63138 0.0284937 0.00466324 0 0 
-1.28602 0.570411 -0.0116967 0.0206235 0.58802 -0.588029 0.0206235 8.04146 8.04113 1.63421 1.6342 0.0287872 0.00469719 0 0 
-1.28234 0.570643 -0.01199 0.020309 0.587967 -0.587976 0.020309 8.06626 8.06593 1.63704 1.63704 0.0290837 0.00473104 0 0 
-1.27865 0.57088 -0.0122791 0.0199915 0.587913 -0.587922 0.0199915 8.09114 8.09081 1.63987 1.63987 0.0293834 0.00476478 0 0 
-1.27497 0.571122 -0.012564 0.019671 0.587859 -0.587867 0.019671 8.11611 8.11578 1.64271 1.64271 0.0296861 0.0047984 0 0 
-1.27128 0.571369 -0.0128446 0.0193475 0.587804 -0.587812 0.0193475 8.14116 8.14083 1.64555 1.64555 0.029992 0.0048319 0 0 
-1.2676 0.571621 -0.0131208 0.019021 0.587749 -0.587757 0.019021 8.16629 8.16596 1.64839 1.64839 0.030301 0.00486526 0 0 
-1.26391 0.571879 -0.0133926 0.0186918 0.587693 -0.5877 0.0186918 8.19151 8.19118 1.65124 1.65123 0.0306133 0.00489849 0 0 
-1.26023 0.572141 -0.0136598 0.0183598 0.587636 -0.587644 0.0183598 8.21682 8.21649 1.65408 1.65408 0.0309287 0.00493157 0 0 
-1.25654 0.572408 -0.0139224 0.0180251 0.587579 -0.587586 0.0180251 8.24221 8.24188 1.65693 1.65693 0.0312475 0.00496449 0 0 
-1.25286 0.57268 -0.0141804 0.0176878 0.587521 -0.587528 0.0176878 8.26768 8.26735 1.65979 1.65978 0.0315695 0.00499725 0 0 
-1.24917 0.572957 -0.0144336 0.0173479 0.587463 -0.58747 0.0173479 8.29324 8.29291 1.66264 1.66264 0.0318948 0.00502984 0 0 
-1.24549 0.573239 -0.014682 0.0170055 0.587404 -0.587411 0.0170055 8.31889 8.31856 1.6655 1.6655 0.0322235 0.00506224 0 0 
-1.2418 0.573526 -0.0149256 0.0166607 0.587344 -0.587351 0.0166607 8.34462 8.34429 1.66837 1.66836 0.0325555 0.00509446 0 0 
-1.23812 0.573817 -0.0151642 0.0163135 0.587284 -0.587291 0.0163135 8.37044 8.37011 1.67123 1.67123 0.0328909 0.00512648 0 0 
-1.23443 0.574113 -0.0153977 0.015964 0.587223 -0.58723 0.015964 8.39634 8.39601 1.6741 1.67409 0.0332298 0.00515829 0 0 
-1.23075 0.574413 -0.0156263 0.0156124 0.587162 -0.587168 0.0156124 8.42233 8.422 1.67697 1.67696 0.0335721 0.00518989 0 0 
-1.22706 0.574718 -0.0158496 0.0152586 0.5871 -0.587106 0.0152586 8.44841 8.44808 1.67984 1.67984 0.033918 0.00522126 0 0 
-1.22338 0.575027 -0.0160678 0.0149027 0.587037 -0.587043 0.0149027 8.47457 8.47424 1.68271 1.68271 0.0342673 0.00525241 0 0 
-1.21969 0.575341 -0.0162806 0.0145449 0.586974 -0.586979 0.0145449 8.50082 8.50049 1.68559 1.68559 0.0346202 0.00528331 0 0 
-1.21601 0.575659 -0.0164882 0.0141852 0.58691 -0.586915 0.0141852 8.52716 8.52683 1.68847 1.68847 0.0349767 0.00531396 0 0 
-1.21232 0.575981 -0.0166903 0.0138236 0.586845 -0.58685 0.0138236 8.55359 8.55326 1.69135 1.69135 0.0353369 0.00534436 0 0 
-1.20864 0.576307 -0.016887 0.0134603 0.58678 -0.586785 0.0134603 8.5801 8.57977 1.69424 1.69424 0.0357006 0.00537448 0 0 
-1.20495 0.576638 -0.0170782 0.0130953 0.586714 -0.586718 0.0130953 8.6067 8.60637 1.69713 1.69712 0.0360681 0.00540434 0 0 
-1.20127 0.576972 -0.0172637 0.0127287 0.586647 -0.586652 0.0127287 8.63339 8.63306 1.70002 1.70001 0.0364392 0.0054339 0 0 
-1.19758 0.577311 -0.0174437 0.0123606 0.58658 -0.586584 0.0123606 8.66016 8.65983 1.70291 1.70291 0.0368141 0.00546317 0 0 
-1.1939 0.577653 -0.0176179 0.0119911 0.586511 -0.586516 0.0119911 8.68703 8.6867 1.7058 1.7058 0.0371928 0.00549214 0 0 
-1.19021 0.577999 -0.0177864 0.0116202 0.586443 -0.586447 0.0116202 8.71398 8.71365 1.7087 1.7087 0.0375753 0.0055208 0 0 
-1.18653 0.578349 -0.0179491 0.0112481 0.586373 -0.586377 0.0112481 8.74102 8.74069 1.7116 1.7116 0.0379616 0.00554913 0 0 
-1.18284 0.578702 -0.0181059 0.0108748 0.586303 -0.586307 0.0108748 8.76815 8.76782 1.7145 1.7145 0.0383518 0.00557713 0 0 
-1.17916 0.579059 -0.0182567 0.0105004 0.586232 -0.586236 0.0105004 8.79537 8.79504 1.7174 1.7174 0.038746 0.0056048 0 0 
-1.17547 0.57942 -0.0184017 0.010125 0.58616 -0.586164 0.010125 8.82267 8.82234 1.72031 1.72031 0.039144 0.00563211 0 0 
-1.17179 0.579784 -0.0185406 0.00974862 0.586088 -0.586091 0.00974862 8.85007 8.84974 1.72322 1.72321 0.0395461 0.00565907 0 0 
-1.1681 0.580151 -0.0186734 0.00937146 0.586015 -0.586018 0.00937146 8.87756 8.87722 1.72613 1.72612 0.0399521 0.00568566 0 0 
-1.16442 0.580522 -0.0188001 0.00899356 0.585941 -0.585944 0.00899356 8.90513 8.9048 1.72904 1.72904 0.0403622 0.00571187 0 0 
-1.16074 0.580895 -0.0189206 0.00861499 0.585866 -0.585869 0.00861499 8.9328 8.93246 1.73195 1.73195 0.0407763 0.00573769 0 0 
-1.15705 0.581272 -0.0190349 0.00823586 0.585791 -0.585794 0.00823586 8.96055 8.96022 1.73487 1.73487 0.0411946 0.00576312 0 0 
-1.15337 0.581652 -0.019143 0.00785625 0.585715 -0.585717 0.00785625 8.98839 8.98806 1.73779 1.73778 0.041617 0.00578815 0 0 
-1.14968 0.582035 -0.0192447 0.00747625 0.585638 -0.58564 0.00747625 9.01633 9.016 1.74071 1.7407 0.0420436 0.00581276 0 0 
-1.146 0.58242 -0.0193401 0.00709596 0.58556 -0.585562 0.00709596 9.04435 9.04402 1.74363 1.74363 0.0424744 0.00583695 0 0 
-1.14231 0.582809 -0.0194292 0.00671545 0.585481 -0.585483 0.00671545 9.07247 9.07214 1.74655 1.74655 0.0429095 0.00586071 0 0 
-1.13863 0.583199 -0.0195118 0.00633484 0.585402 -0.585404 0.00633484 9.10067 9.10034 1.74948 1.74948 0.0433488 0.00588402 0 0 
-1.13494 0.583593 -0.0195879 0.0059542 0.585322 -0.585324 0.0059542 9.12897 9.12864 1.75241 1.7524 0.0437925 0.00590689 0 0 
-1.13126 0.583989 -0.0196575 0.00557363 0.585241 -0.585242 0.00557363 9.15736 9.15703 1.75534 1.75533 0.0442405 0.00592929 0 0 
-1.12757 0.584387 -0.0197206 0.00519323 0.585159 -0.58516 0.00519323 9.18584 9.18551 1.75827 1.75826 0.0446928 0.00595123 0 0 
-1.12389 0.584788 -0.0197771 0.00481309 0.585076 -0.585078 0.00481309 9.21441 9.21407 1.7612 1.7612 0.0451496 0.00597269 0 0 
-1.1202 0.58519 -0.019827 0.0044333 0.584993 -0.584994 0.0044333 9.24307 9.24274 1.76413 1.76413 0.0456109 0.00599366 0 0 
-1.11652 0.585595 -0.0198703 0.00405396 0.584908 -0.584909 0.00405396 9.27182 9.27149 1.76707 1.76707 0.0460767 0.00601413 0 0 
-1.11283 0.586002 -0.0199069 0.00367517 0.584823 -0.584824 0.00367517 9.30066 9.30033 1.77001 1.77 0.046547 0.0060341 0 0 
-1.10915 0.58641 -0.0199368 0.00329701 0.584737 -0.584738 0.00329701 9.3296 9.32927 1.77295 1.77294 0.0470218 0.00605356 0 0 
-1.10546 0.586821 -0.01996 0.00291959 0.58465 -0.584651 0.00291959 9.35863 9.35829 1.77589 1.77588 0.0475013 0.00607249 0 0 
-1.10178 0.587233 -0.0199765 0.002543 0.584562 -0.584563 0.002543 9.38775 9.38741 1.77883 1.77883 0.0479854 0.0060909 0 0 
-1.09809 0.587646 -0.0199862 0.00216733 0.584473 -0.584474 0.00216733 9.41696 9.41662 1.78177 1.78177 0.0484741 0.00610876 0 0 
-1.09441 0.588062 -0.019989 0.00179269 0.584383 -0.584384 0.00179269 9.44626 9.44593 1.78472 1.78471 0.0489676 0.00612607 0 0 
-1.09072 0.588478 -0.0199851 0.00141918 0.584293 -0.584293 0.00141918 9.47566 9.47532 1.78766 1.78766 0.0494658 0.00614283 0 0 
-1.08704 0.588896 -0.0199744 0.00104688 0.584201 -0.584201 0.00104688 9.50514 9.50481 1.79061 1.79061 0.0499688 0.00615902 0 0 
-1.08335 0.589315 -0.0199568 0.000675895 0.584109 -0.584109 0.000675895 9.53473 9.53439 1.79356 1.79355 0.0504766 0.00617463 0 0 
-1.07967 0.589735 -0.0199323 0.000306327 0.584015 -0.584015 0.000306327 9.5644 9.56407 1.79651 1.7965 0.0509893 0.00618967 0 0 
-1.07598 0.590156 -0.0199009 -6.17302e-05 0.583921 -0.583921 -6.17302e-05 9.59416 9.59383 1.79946 1.79945 0.0515069 0.00620411 0 0 
-1.0723 0.590577 -0.0198627 -0.000428178 0.583826 -0.583825 -0.000428178 9.62402 9.62369 1.80241 1.80241 0.0520294 0.00621795 0 0 
-1.06861 0.591 -0.0198176 -0.000792918 0.583729 -0.583729 -0.000792918 9.65398 9.65364 1.80536 1.80536 0.0525569 0.00623119 0 0 
-1.06493 0.591423 -0.0197655 -0.00115585 0.583632 -0.583632 -0.00115585 9.68402 9.68369 1.80831 1.80831 0.0530894 0.00624381 0 0 
-1.06124 0.591847 -0.0197066 -0.00151689 0.583534 -0.583533 -0.00151689 9.71416 9.71383 1.81127 1.81127 0.0536269 0.00625581 0 0 
-1.05756 0.592271 -0.0196407 -0.00187592 0.583435 -0.583434 -0.00187592 9.74439 9.74406 1.81422 1.81422 0.0541695 0.00626718 0 0 
-1.05387 0.592695 -0.0195679 -0.00223285 0.583334 -0.583334 -0.00223285 9.77472 9.77438 1.81718 1.81718 0.0547172 0.00627791 0 0 
-1.05019 0.59312 -0.0194881 -0.00258758 0.583233 -0.583232 -0.00258758 9.80514 9.8048 1.82014 1.82014 0.0552701 0.00628799 0 0 
-1.0465 0.593545 -0.0194014 -0.00294002 0.583131 -0.58313 -0.00294002 9.83565 9.83532 1.8231 1.82309 0.0558281 0.00629743 0 0 
-1.04282 0.593969 -0.0193078 -0.00329007 0.583027 -0.583026 -0.00329007 9.86625 9.86592 1.82605 1.82605 0.0563914 0.0063062 0 0 
-1.03913 0.594394 -0.0192073 -0.00363763 0.582923 -0.582922 -0.00363763 9.89695 9.89662 1.82901 1.82901 0.05696 0.00631431 0 0 
-1.03545 0.594818 -0.0190999 -0.0039826 0.582818 -0.582817 -0.0039826 9.92775 9.92742 1.83197 1.83197 0.0575338 0.00632174 0 0 
-1.03176 0.595242 -0.0189855 -0.00432489 0.582711 -0.58271 -0.00432489 9.95864 9.9583 1.83493 1.83493 0.058113 0.00632849 0 0 
-1.02808 0.595665 -0.0188643 -0.0046644 0.582604 -0.582602 -0.0046644 9.98962 9.98928 1.83789 1.83789 0.0586976 0.00633456 0 0 
-1.02439 0.596088 -0.0187361 -0.00500103 0.582495 -0.582494 -0.00500103 10.0207 10.0204 1.84085 1.84085 0.0592876 0.00633994 0 0 
-1.02071 0.596511 -0.0186011 -0.00533469 0.582385 -0.582384 -0.00533469 10.0519 10.0515 1.84382 1.84381 0.0598831 0.00634461 0 0 
-1.01702 0.596932 -0.0184592 -0.00566527 0.582274 -0.582273 -0.00566527 10.0831 10.0828 1.84678 1.84677 0.0604841 0.00634858 0 0 
-1.01334 0.597353 -0.0183105 -0.0059927 0.582162 -0.582161 -0.0059927 10.1145 10.1142 1.84974 1.84974 0.0610906 0.00635184 0 0 
-1.00966 0.597772 -0.0181549 -0.00631686 0.582049 -0.582048 -0.00631686 10.1459 10.1456 1.8527 1.8527 0.0617026 0.00635439 0 0 
-1.00597 0.59819 -0.0179925 -0.00663767 0.581935 -0.581933 -0.00663767 10.1775 10.1772 1.85566 1.85566 0.0623203 0.00635621 0 0 
-1.00229 0.598607 -0.0178234 -0.00695502 0.58182 -0.581818 -0.00695502 10.2091 10.2088 1.85862 1.85862 0.0629436 0.00635731 0 0 
-0.998601 0.599023 -0.0176474 -0.00726884 0.581703 -0.581701 -0.00726884 10.2409 10.2405 1.86159 1.86158 0.0635726 0.00635767 0 0 
-0.994916 0.599437 -0.0174647 -0.00757902 0.581585 -0.581584 -0.00757902 10.2727 10.2724 1.86455 1.86455 0.0642074 0.0063573 0 0 
-0.991231 0.59985 -0.0172754 -0.00788548 0.581467 -0.581465 -0.00788548 10.3046 10.3043 1.86751 1.86751 0.0648479 0.00635618 0 0 
-0.987546 0.600261 -0.0170793 -0.00818811 0.581347 -0.581345 -0.00818811 10.3366 10.3363 1.87047 1.87047 0.0654942 0.00635432 0 0 
-0.983861 0.60067 -0.0168765 -0.00848683 0.581225 -0.581223 -0.00848683 10.3688 10.3684 1.87343 1.87343 0.0661463 0.00635171 0 0 
-0.980176 0.601077 -0.0166672 -0.00878155 0.581103 -0.581101 -0.00878155 10.401 10.4006 1.87639 1.87639 0.0668043 0.00634835 0 0 
-0.976491 0.601483 -0.0164513 -0.00907218 0.580979 -0.580977 -0.00907218 10.4333 10.4329 1.87936 1.87935 0.0674682 0.00634423 0 0 
-0.972807 0.601886 -0.0162288 -0.00935863 0.580854 -0.580852 -0.00935863 10.4657 10.4653 1.88232 1.88231 0.0681381 0.00633935 0 0 
-0.969122 0.602287 -0.0159998 -0.0096408 0.580728 -0.580726 -0.0096408 10.4982 10.4978 1.88528 1.88527 0.0688139 0.00633371 0 0 
-0.965437 0.602685 -0.0157643 -0.00991862 0.580601 -0.580599 -0.00991862 10.5307 10.5304 1.88823 1.88823 0.0694958 0.00632729 0 0 
-0.961752 0.603081 -0.0155224 -0.010192 0.580472 -0.58047 -0.010192 10.5634 10.5631 1.89119 1.89119 0.0701838 0.00632011 0 0 
-0.958067 0.603474 -0.0152742 -0.0104608 0.580342 -0.58034 -0.0104608 10.5962 10.5959 1.89415 1.89415 0.0708778 0.00631216 0 0 
-0.954382 0.603865 -0.0150195 -0.0107251 0.580211 -0.580209 -0.0107251 10.6291 10.6287 1.89711 1.89711 0.071578 0.00630343 0 0 
-0.950697 0.604253 -0.0147586 -0.0109846 0.580079 -0.580076 -0.0109846 10.662 10.6617 1.90006 1.90006 0.0722844 0.00629393 0 0 
-0.947012 0.604638 -0.0144915 -0.0112394 0.579945 -0.579942 -0.0112394 10.6951 10.6948 1.90302 1.90302 0.0729969 0.00628365 0 0 
-0.943328 0.60502 -0.0142182 -0.0114893 0.57981 -0.579807 -0.0114893 10.7283 10.7279 1.90597 1.90597 0.0737158 0.00627259 0 0 
-0.939643 0.605399 -0.0139387 -0.0117342 0.579673 -0.579671 -0.0117342 10.7615 10.7612 1.90893 1.90893 0.0744409 0.00626075 0 0 
-0.935958 0.605774 -0.0136532 -0.0119741 0.579535 -0.579533 -0.0119741 10.7949 10.7945 1.91188 1.91188 0.0751723 0.00624813 0 0 
-0.932273 0.606146 -0.0133616 -0.0122089 0.579396 -0.579394 -0.0122089 10.8283 10.828 1.91483 1.91483 0.0759101 0.00623473 0 0 
-0.928588 0.606515 -0.013064 -0.0124386 0.579256 -0.579253 -0.0124386 10.8618 10.8615 1.91778 1.91778 0.0766543 0.00622055 0 0 
-0.924903 0.606881 -0.0127606 -0.0126629 0.579114 -0.579111 -0.0126629 10.8955 10.8951 1.92073 1.92073 0.077405 0.00620558 0 0 
-0.921218 0.607242 -0.0124513 -0.012882 0.57897 -0.578968 -0.012882 10.9292 10.9289 1.92368 1.92367 0.0781621 0.00618984 0 0 
-0.917533 0.6076 -0.0121363 -0.0130956 0.578826 -0.578823 -0.0130956 10.963 10.9627 1.92662 1.92662 0.0789257 0.00617331 0 0 
-0.913849 0.607954 -0.0118155 -0.0133038 0.57868 -0.578677 -0.0133038 10.9969 10.9966 1.92957 1.92956 0.0796958 0.006156 0 0 
-0.910164 0.608304 -0.0114891 -0.0135063 0.578532 -0.578529 -0.0135063 11.031 11.0306 1.93251 1.93251 0.0804725 0.00613792 0 0 
-0.906479 0.60865 -0.0111571 -0.0137033 0.578383 -0.57838 -0.0137033 11.0651 11.0647 1.93545 1.93545 0.0812559 0.00611906 0 0 
-0.902794 0.608992 -0.0108196 -0.0138946 0.578233 -0.57823 -0.0138946 11.0993 11.0989 1.93839 1.93839 0.0820459 0.00609942 0 0 
-0.899109 0.609329 -0.0104766 -0.0140801 0.578081 -0.578078 -0.0140801 11.1335 11.1332 1.94132 1.94132 0.0828425 0.00607901 0 0 
-0.895424 0.609663 -0.0101283 -0.0142598 0.577927 -0.577925 -0.0142598 11.1679 11.1676 1.94426 1.94426 0.0836459 0.00605783 0 0 
-0.891739 0.609991 -0.00977477 -0.0144336 0.577773 -0.57777 -0.0144336 11.2024 11.2021 1.94719 1.94719 0.0844561 0.00603589 0 0 
-0.888054 0.610316 -0.00941599 -0.0146015 0.577616 -0.577613 -0.0146015 11.237 11.2367 1.95012 1.95012 0.085273 0.00601318 0 0 
-0.88437 0.610635 -0.00905209 -0.0147633 0.577458 -0.577456 -0.0147633 11.2717 11.2713 1.95305 1.95305 0.0860968 0.0059897 0 0 
-0.880685 0.61095 -0.00868314 -0.0149191 0.577299 -0.577296 -0.0149191 11.3064 11.3061 1.95598 1.95598 0.0869274 0.00596547 0 0 
-0.877 0.61126 -0.00830922 -0.0150687 0.577138 -0.577135 -0.0150687 11.3413 11.341 1.9589 1.9589 0.0877649 0.00594049 0 0 
-0.873315 0.611565 -0.00793043 -0.0152122 0.576976 -0.576973 -0.0152122 11.3762 11.3759 1.96182 1.96182 0.0886093 0.00591476 0 0 
-0.86963 0.611866 -0.00754685 -0.0153494 0.576812 -0.576809 -0.0153494 11.4113 11.411 1.96474 1.96474 0.0894606 0.00588829 0 0 
-0.865945 0.612161 -0.00715856 -0.0154803 0.576646 -0.576643 -0.0154803 11.4464 11.4461 1.96766 1.96766 0.090319 0.00586107 0 0 
-0.86226 0.612451 -0.00676565 -0.0156048 0.576479 -0.576476 -0.0156048 11.4817 11.4813 1.97057 1.97057 0.0911843 0.00583312 0 0 
-0.858575 0.612735 -0.00636821 -0.015723 0.57631 -0.576307 -0.015723 11.517 11.5167 1.97348 1.97348 0.0920568 0.00580445 0 0 
-0.854891 0.613015 -0.00596634 -0.0158347 0.57614 -0.576137 -0.0158347 11.5524 11.5521 1.97639 1.97639 0.0929363 0.00577505 0 0 
-0.851206 0.613289 -0.00556012 -0.0159399 0.575968 -0.575965 -0.0159399 11.5879 11.5876 1.9793 1.97929 0.0938229 0.00574494 0 0 
-0.847521 0.613557 -0.00514964 -0.0160385 0.575794 -0.575791 -0.0160385 11.6235 11.6232 1.9822 1.9822 0.0947166 0.00571412 0 0 
-0.843836 0.61382 -0.00473501 -0.0161306 0.575619 -0.575616 -0.0161306 11.6592 11.6589 1.9851 1.9851 0.0956176 0.00568259 0 0 
-0.840151 0.614077 -0.00431632 -0.016216 0.575442 -0.575439 -0.016216 11.695 11.6947 1.98799 1.98799 0.0965257 0.00565038 0 0 
-0.836466 0.614329 -0.00389367 -0.0162948 0.575263 -0.57526 -0.0162948 11.7309 11.7306 1.99089 1.99088 0.0974411 0.00561747 0 0 
-0.832781 0.614575 -0.00346716 -0.0163669 0.575082 -0.57508 -0.0163669 11.7669 11.7666 1.99377 1.99377 0.0983637 0.00558388 0 0 
-0.829096 0.614815 -0.00303688 -0.0164322 0.5749 -0.574898 -0.0164322 11.803 11.8026 1.99666 1.99666 0.0992936 0.00554963 0 0 
-0.825412 0.615049 -0.00260295 -0.0164907 0.574717 -0.574714 -0.0164907 11.8391 11.8388 1.99954 1.99954 0.100231 0.00551471 0 0 
-0.821727 0.615277 -0.00216545 -0.0165425 0.574531 -0.574528 -0.0165425 11.8754 11.875 2.00242 2.00242 0.101175 0.00547914 0 0 
-0.818042 0.615499 -0.00172449 -0.0165874 0.574344 -0.574341 -0.0165874 11.9117 11.9114 2.00529 2.00529 0.102127 0.00544292 0 0 
-0.814357 0.615715 -0.00128019 -0.0166255 0.574155 -0.574152 -0.0166255 11.9482 11.9478 2.00816 2.00816 0.103087 0.00540607 0 0 
-0.810672 0.615924 -0.000832641 -0.0166566 0.573964 -0.573961 -0.0166566 11.9847 11.9844 2.01103 2.01103 0.104053 0.0053686 0 0 
-0.806987 0.616128 -0.000381952 -0.0166809 0.573771 -0.573768 -0.0166809 12.0213 12.021 2.01389 2.01389 0.105028 0.00533051 0 0 
-0.803302 0.616325 7.17689e-05 -0.0166982 0.573577 -0.573574 -0.0166982 12.058 12.0577 2.01675 2.01675 0.106009 0.00529181 0 0 
-0.799617 0.616516 0.000528411 -0.0167085 0.573381 -0.573378 -0.0167085 12.0948 12.0945 2.0196 2.0196 0.106999 0.00525252 0 0 
-0.795933 0.6167 0.000987867 -0.0167119 0.573183 -0.57318 -0.0167119 12.1317 12.1314 2.02245 2.02245 0.107995 0.00521265 0 0 
-0.792248 0.616878 0.00145003 -0.0167083 0.572983 -0.57298 -0.0167083 12.1687 12.1684 2.0253 2.0253 0.108999 0.0051722 0 0 
-0.788563 0.617049 0.00191478 -0.0166977 0.572781 -0.572778 -0.0166977 12.2058 12.2054 2.02814 2.02814 0.110011 0.0051312 0 0 
-0.784878 0.617214 0.00238201 -0.0166801 0.572577 -0.572575 -0.0166801 12.2429 12.2426 2.03098 2.03097 0.111031 0.00508965 0 0 
-0.781193 0.617373 0.00285161 -0.0166554 0.572372 -0.572369 -0.0166554 12.2802 12.2799 2.03381 2.0338 0.112058 0.00504756 0 0 
-0.777508 0.617524 0.00332346 -0.0166237 0.572164 -0.572162 -0.0166237 12.3175 12.3172 2.03663 2.03663 0.113092 0.00500494 0 0 
-0.773823 0.617669 0.00379746 -0.016585 0.571955 -0.571952 -0.016585 12.355 12.3546 2.03945 2.03945 0.114135 0.00496182 0 0 
-0.770138 0.617807 0.00427348 -0.0165393 0.571744 -0.571741 -0.0165393 12.3925 12.3922 2.04227 2.04227 0.115185 0.0049182 0 0 
-0.766454 0.617939 0.00475142 -0.0164865 0.571531 -0.571528 -0.0164865 12.4301 12.4298 2.04508 2.04508 0.116242 0.00487409 0 0 
-0.762769 0.618064 0.00523115 -0.0164266 0.571315 -0.571313 -0.0164266 12.4678 12.4675 2.04789 2.04788 0.117308 0.00482951 0 0 
-0.759084 0.618182 0.00571256 -0.0163598 0.571098 -0.571096 -0.0163598 12.5056 12.5053 2.05069 2.05068 0.118381 0.00478447 0 0 
-0.755399 0.618293 0.00619554 -0.0162859 0.570879 -0.570877 -0.0162859 12.5435 12.5431 2.05348 2.05348 0.119462 0.00473898 0 0 
-0.751714 0.618397 0.00667996 -0.016205 0.570658 -0.570656 -0.016205 12.5814 12.5811 2.05627 2.05627 0.12055 0.00469307 0 0 
-0.748029 0.618494 0.00716572 -0.016117 0.570435 -0.570432 -0.016117 12.6195 12.6192 2.05905 2.05905 0.121647 0.00464674 0 0 
-0.744344 0.618585 0.00765269 -0.0160221 0.57021 -0.570207 -0.0160221 12.6576 12.6573 2.06183 2.06183 0.122751 0.00460001 0 0 
-0.740659 0.618668 0.00814076 -0.0159202 0.569983 -0.56998 -0.0159202 12.6959 12.6955 2.0646 2.0646 0.123863 0.00455289 0 0 
-0.736975 0.618745 0.0086298 -0.0158113 0.569753 -0.569751 -0.0158113 12.7342 12.7338 2.06736 2.06736 0.124983 0.0045054 0 0 
-0.73329 0.618814 0.00911971 -0.0156955 0.569522 -0.56952 -0.0156955 12.7726 12.7722 2.07012 2.07012 0.12611 0.00445755 0 0 
-0.729605 0.618877 0.00961036 -0.0155727 0.569289 -0.569286 -0.0155727 12.8111 12.8107 2.07288 2.07287 0.127246 0.00440936 0 0 
-0.72592 0.618932 0.0101016 -0.015443 0.569053 -0.569051 -0.015443 12.8496 12.8493 2.07562 2.07562 0.128389 0.00436084 0 0 
-0.722235 0.618981 0.0105934 -0.0153065 0.568815 -0.568813 -0.0153065 12.8883 12.8879 2.07836 2.07836 0.12954 0.00431201 0 0 
-0.71855 0.619022 0.0110856 -0.0151631 0.568576 -0.568574 -0.0151631 12.927 12.9267 2.0811 2.08109 0.130699 0.00426289 0 0 
-0.714865 0.619057 0.0115781 -0.0150129 0.568334 -0.568332 -0.0150129 12.9658 12.9655 2.08382 2.08382 0.131866 0.00421349 0 0 
-0.711181 0.619084 0.0120707 -0.0148559 0.56809 -0.568088 -0.0148559 13.0047 13.0044 2.08654 2.08654 0.13304 0.00416382 0 0 
-0.707496 0.619105 0.0125633 -0.0146921 0.567843 -0.567841 -0.0146921 13.0437 13.0434 2.08925 2.08925 0.134223 0.00411391 0 0 
-0.703811 0.619118 0.0130559 -0.0145216 0.567595 -0.567593 -0.0145216 13.0828 13.0825 2.09196 2.09196 0.135414 0.00406376 0 0 
-0.700126 0.619125 0.0135482 -0.0143445 0.567344 -0.567343 -0.0143445 13.122 13.1216 2.09466 2.09465 0.136612 0.0040134 0 0 
-0.696441 0.619125 0.0140403 -0.0141607 0.567092 -0.56709 -0.0141607 13.1612 13.1609 2.09735 2.09734 0.137818 0.00396285 0 0 
-0.692756 0.619117 0.0145319 -0.0139703 0.566837 -0.566835 -0.0139703 13.2005 13.2002 2.10003 2.10003 0.139032 0.00391211 0 0 
-0.689071 0.619103 0.015023 -0.0137733 0.566579 -0.566577 -0.0137733 13.2399 13.2396 2.10271 2.1027 0.140254 0.0038612 0 0 
-0.685386 0.619081 0.0155134 -0.0135699 0.56632 -0.566318 -0.0135699 13.2794 13.2791 2.10537 2.10537 0.141484 0.00381015 0 0 
-0.681702 0.619053 0.0160031 -0.01336 0.566058 -0.566056 -0.01336 13.319 13.3187 2.10803 2.10803 0.142722 0.00375897 0 0 
-0.678017 0.619018 0.0164919 -0.0131436 0.565794 -0.565792 -0.0131436 13.3586 13.3583 2.11068 2.11068 0.143968 0.00370767 0 0 
-0.674332 0.618976 0.0169796 -0.012921 0.565527 -0.565526 -0.012921 13.3984 13.398 2.11333 2.11333 0.145221 0.00365627 0 0 
-0.670647 0.618927 0.0174663 -0.012692 0.565259 -0.565257 -0.012692 13.4382 13.4378 2.11596 2.11596 0.146483 0.0036048 0 0 
-0.666962 0.618871 0.0179517 -0.0124568 0.564988 -0.564986 -0.0124568 13.4781 13.4777 2.11859 2.11859 0.147752 0.00355325 0 0 
-0.663277 0.618808 0.0184359 -0.0122154 0.564714 -0.564713 -0.0122154 13.518 13.5177 2.12121 2.12121 0.149029 0.00350166 0 0 
-0.659592 0.618739 0.0189185 -0.0119679 0.564438 -0.564437 -0.0119679 13.5581 13.5577 2.12382 2.12382 0.150315 0.00345004 0 0 
-0.655907 0.618663 0.0193996 -0.0117144 0.56416 -0.564159 -0.0117144 13.5982 13.5979 2.12642 2.12642 0.151607 0.00339841 0 0 
-0.652223 0.61858 0.0198791 -0.0114548 0.56388 -0.563878 -0.0114548 13.6384 13.6381 2.12901 2.12901 0.152908 0.00334678 0 0 
-0.648538 0.618491 0.0203568 -0.0111894 0.563597 -0.563595 -0.0111894 13.6787 13.6783 2.1316 2.1316 0.154217 0.00329517 0 0 
-0.644853 0.618395 0.0208326 -0.0109181 0.563311 -0.56331 -0.0109181 13.719 13.7187 2.13417 2.13417 0.155533 0.00324359 0 0 
-0.641168 0.618292 0.0213064 -0.010641 0.563024 -0.563022 -0.010641 13.7595 13.7591 2.13674 2.13674 0.156857 0.00319207 0 0 
-0.637483 0.618183 0.0217782 -0.0103582 0.562733 -0.562732 -0.0103582 13.8 13.7996 2.13929 2.13929 0.158189 0.00314062 0 0 
-0.633798 0.618068 0.0222477 -0.0100697 0.562441 -0.562439 -0.0100697 13.8405 13.8402 2.14184 2.14184 0.159529 0.00308925 0 0 
-0.630113 0.617946 0.022715 -0.00977574 0.562145 -0.562144 -0.00977574 13.8812 13.8809 2.14438 2.14438 0.160877 0.00303799 0 0 
-0.626428 0.617817 0.0231799 -0.00947626 0.561848 -0.561847 -0.00947626 13.9219 13.9216 2.1469 2.1469 0.162232 0.00298685 0 0 
-0.622744 0.617683 0.0236423 -0.00917139 0.561548 -0.561546 -0.00917139 13.9627 13.9624 2.14942 2.14942 0.163595 0.00293584 0 0 
-0.619059 0.617542 0.0241021 -0.0088612 0.561245 -0.561244 -0.0088612 14.0036 14.0033 2.15193 2.15193 0.164965 0.00288498 0 0 
-0.615374 0.617395 0.0245593 -0.00854577 0.56094 -0.560939 -0.00854577 14.0445 14.0442 2.15443 2.15442 0.166344 0.00283429 0 0 
-0.611689 0.617241 0.0250136 -0.0082252 0.560632 -0.560631 -0.0082252 14.0856 14.0852 2.15691 2.15691 0.16773 0.00278378 0 0 
-0.608004 0.617082 0.0254651 -0.00789956 0.560322 -0.560321 -0.00789956 14.1266 14.1263 2.15939 2.15939 0.169123 0.00273347 0 0 
-0.604319 0.616917 0.0259137 -0.00756895 0.560009 -0.560008 -0.00756895 14.1678 14.1675 2.16185 2.16185 0.170524 0.00268338 0 0 
-0.600634 0.616746 0.0263592 -0.00723345 0.559693 -0.559692 -0.00723345 14.209 14.2087 2.16431 2.16431 0.171933 0.00263351 0 0 
-0.596949 0.616568 0.0268016 -0.00689316 0.559375 -0.559374 -0.00689316 14.2503 14.25 2.16675 2.16675 0.173349 0.00258389 0 0 
-0.593265 0.616386 0.0272407 -0.00654817 0.559054 -0.559054 -0.00654817 14.2917 14.2914 2.16919 2.16919 0.174773 0.00253453 0 0 
-0.58958 0.616197 0.0276765 -0.00619857 0.558731 -0.55873 -0.00619857 14.3331 14.3328 2.17161 2.17161 0.176204 0.00248544 0 0 
-0.585895 0.616003 0.028109 -0.00584446 0.558405 -0.558404 -0.00584446 14.3746 14.3743 2.17402 2.17402 0.177643 0.00243663 0 0 
-0.58221 0.615803 0.028538 -0.00548594 0.558076 -0.558076 -0.00548594 14.4162 14.4159 2.17642 2.17642 0.179089 0.00238813 0 0 
-0.578525 0.615598 0.0289634 -0.00512309 0.557745 -0.557744 -0.00512309 14.4578 14.4575 2.17881 2.17881 0.180542 0.00233995 0 0 
-0.57484 0.615387 0.0293852 -0.00475603 0.557411 -0.557411 -0.00475603 14.4995 14.4992 2.18118 2.18118 0.182003 0.0022921 0 0 
-0.571155 0.615171 0.0298033 -0.00438486 0.557074 -0.557074 -0.00438486 14.5413 14.541 2.18355 2.18355 0.183471 0.00224459 0 0 
-0.56747 0.61495 0.0302176 -0.00400966 0.556735 -0.556734 -0.00400966 14.5831 14.5828 2.1859 2.1859 0.184946 0.00219743 0 0 
-0.563786 0.614724 0.030628 -0.00363056 0.556393 -0.556392 -0.00363056 14.625 14.6247 2.18824 2.18824 0.186428 0.00215065 0 0 
-0.560101 0.614492 0.0310346 -0.00324764 0.556048 -0.556048 -0.00324764 14.667 14.6666 2.19057 2.19057 0.187918 0.00210424 0 0 
-0.556416 0.614256 0.0314371 -0.00286103 0.5557 -0.5557 -0.00286103 14.709 14.7087 2.19289 2.19289 0.189415 0.00205823 0 0 
-0.552731 0.614015 0.0318356 -0.00247081 0.55535 -0.55535 -0.00247081 14.7511 14.7507 2.19519 2.19519 0.190919 0.00201263 0 0 
-0.549046 0.613769 0.03223 -0.0020771 0.554997 -0.554997 -0.0020771 14.7932 14.7929 2.19748 2.19748 0.192429 0.00196744 0 0 
-0.545361 0.613518 0.0326201 -0.00168001 0.554641 -0.554641 -0.00168001 14.8354 14.8351 2.19976 2.19976 0.193947 0.00192269 0 0 
-0.541676 0.613263 0.0330061 -0.00127964 0.554282 -0.554282 -0.00127964 14.8777 14.8773 2.20203 2.20202 0.195472 0.00187837 0 0 
-0.537991 0.613003 0.0333877 -0.000876111 0.55392 -0.55392 -0.000876111 14.92 14.9197 2.20428 2.20428 0.197003 0.00183451 0 0 
-0.534307 0.612739 0.033765 -0.000469524 0.553556 -0.553556 -0.000469524 14.9624 14.962 2.20652 2.20652 0.198542 0.0017911 0 0 
-0.530622 0.612471 0.0341379 -5.9991e-05 0.553189 -0.553189 -5.9991e-05 15.0048 15.0045 2.20874 2.20874 0.200087 0.00174817 0 0 
-0.526937 0.612198 0.0345063 0.000352375 0.552819 -0.552819 0.000352375 15.0473 15.047 2.21096 2.21095 0.201639 0.00170572 0 0 
-0.523252 0.611921 0.0348703 0.000767462 0.552446 -0.552446 0.000767462 15.0899 15.0895 2.21316 2.21315 0.203197 0.00166375 0 0 
-0.519567 0.611641 0.0352296 0.00118516 0.55207 -0.55207 0.00118516 15.1325 15.1321 2.21534 2.21534 0.204762 0.00162229 0 0 
-0.515882 0.611356 0.0355844 0.00160535 0.551691 -0.551691 0.00160535 15.1751 15.1748 2.21751 2.21751 0.206333 0.00158133 0 0 
-0.512197 0.611068 0.0359345 0.00202792 0.55131 -0.55131 0.00202792 15.2178 15.2175 2.21967 2.21967 0.207911 0.00154089 0 0 
-0.508512 0.610776 0.03628 0.00245276 0.550925 -0.550925 0.00245276 15.2606 15.2603 2.22181 2.22181 0.209496 0.00150098 0 0 
-0.504828 0.610481 0.0366207 0.00287975 0.550538 -0.550538 0.00287975 15.3034 15.3031 2.22394 2.22394 0.211086 0.00146159 0 0 
-0.501143 0.610182 0.0369567 0.00330878 0.550147 -0.550147 0.00330878 15.3463 15.3459 2.22606 2.22605 0.212683 0.00142275 0 0 
-0.497458 0.609879 0.0372879 0.00373974 0.549754 -0.549754 0.00373974 15.3892 15.3889 2.22816 2.22815 0.214287 0.00138444 0 0 
-0.493773 0.609574 0.0376143 0.0041725 0.549358 -0.549358 0.0041725 15.4322 15.4318 2.23024 2.23024 0.215896 0.00134669 0 0 
-0.490088 0.609265 0.0379358 0.00460695 0.548958 -0.548959 0.00460695 15.4752 15.4748 2.23231 2.23231 0.217511 0.0013095 0 0 
-0.486403 0.608953 0.0382525 0.00504299 0.548556 -0.548556 0.00504299 15.5182 15.5179 2.23437 2.23437 0.219132 0.00127287 0 0 
-0.482718 0.608639 0.0385643 0.00548048 0.548151 -0.548151 0.00548048 15.5614 15.561 2.23641 2.23641 0.220759 0.0012368 0 0 
-0.479034 0.608322 0.0388711 0.00591932 0.547742 -0.547743 0.00591932 15.6045 15.6042 2.23843 2.23843 0.222392 0.00120131 0 0 
-0.475349 0.608002 0.0391731 0.0063594 0.547331 -0.547332 0.0063594 15.6477 15.6474 2.24044 2.24044 0.224031 0.0011664 0 0 
-0.471664 0.607679 0.0394701 0.00680059 0.546917 -0.546917 0.00680059 15.691 15.6906 2.24244 2.24244 0.225675 0.00113206 0 0 
-0.467979 0.607354 0.0397621 0.00724278 0.5465 -0.5465 0.00724278 15.7343 15.7339 2.24442 2.24441 0.227325 0.00109831 0 0 
-0.464294 0.607027 0.0400492 0.00768585 0.546079 -0.54608 0.00768585 15.7776 15.7773 2.24638 2.24638 0.228981 0.00106515 0 0 
-0.460609 0.606697 0.0403313 0.0081297 0.545656 -0.545656 0.0081297 15.821 15.8206 2.24832 2.24832 0.230641 0.00103257 0 0 
-0.456924 0.606365 0.0406084 0.0085742 0.545229 -0.54523 0.0085742 15.8644 15.8641 2.25025 2.25025 0.232307 0.00100059 0 0 
-0.453239 0.606032 0.0408805 0.00901924 0.5448 -0.5448 0.00901924 15.9079 15.9075 2.25217 2.25217 0.233979 0.000969205 0 0 
-0.449555 0.605696 0.0411476 0.00946472 0.544367 -0.544368 0.00946472 15.9514 15.951 2.25407 2.25407 0.235655 0.000938413 0 0 
-0.44587 0.605359 0.0414097 0.00991051 0.543931 -0.543932 0.00991051 15.9949 15.9946 2.25595 2.25595 0.237337 0.000908217 0 0 
-0.442185 0.60502 0.0416669 0.0103565 0.543492 -0.543493 0.0103565 16.0385 16.0381 2.25781 2.25781 0.239023 0.000878619 0 0 
-0.4385 0.60468 0.0419191 0.0108026 0.543051 -0.543051 0.0108026 16.0821 16.0817 2.25966 2.25966 0.240715 0.000849618 0 0 
-0.434815 0.604338 0.0421662 0.0112486 0.542605 -0.542606 0.0112486 16.1257 16.1254 2.26149 2.26149 0.242411 0.000821215 0 0 
-0.43113 0.603995 0.0424085 0.0116946 0.542157 -0.542158 0.0116946 16.1694 16.1691 2.26331 2.26331 0.244111 0.000793409 0 0 
-0.427445 0.603651 0.0426458 0.0121403 0.541706 -0.541707 0.0121403 16.2131 16.2128 2.2651 2.2651 0.245817 0.0007662 0 0 
-0.42376 0.603305 0.0428781 0.0125856 0.541251 -0.541252 0.0125856 16.2569 16.2566 2.26688 2.26688 0.247527 0.000739586 0 0 
-0.420076 0.602959 0.0431056 0.0130305 0.540794 -0.540795 0.0130305 16.3007 16.3003 2.26864 2.26864 0.249241 0.000713566 0 0 
-0.416391 0.602612 0.0433281 0.0134748 0.540333 -0.540334 0.0134748 16.3445 16.3442 2.27039 2.27039 0.250959 0.000688137 0 0 
-0.412706 0.602264 0.0435458 0.0139184 0.539869 -0.53987 0.0139184 16.3883 16.388 2.27212 2.27211 0.252682 0.000663298 0 0 
-0.409021 0.601915 0.0437586 0.0143613 0.539402 -0.539403 0.0143613 16.4322 16.4319 2.27382 2.27382 0.254408 0.000639047 0 0 
-0.405336 0.601567 0.0439666 0.0148033 0.538932 -0.538933 0.0148033 16.4761 16.4758 2.27552 2.27551 0.256139 0.000615379 0 0 
-0.401651 0.601217 0.0441697 0.0152442 0.538458 -0.538459 0.0152442 16.5201 16.5197 2.27719 2.27719 0.257873 0.000592293 0 0 
-0.397966 0.600867 0.0443682 0.0156841 0.537981 -0.537982 0.0156841 16.564 16.5637 2.27884 2.27884 0.259612 0.000569784 0 0 
-0.394281 0.600518 0.0445619 0.0161228 0.537501 -0.537503 0.0161228 16.608 16.6077 2.28048 2.28048 0.261353 0.000547848 0 0 
-0.390597 0.600168 0.0447509 0.0165602 0.537018 -0.537019 0.0165602 16.652 16.6517 2.2821 2.28209 0.263099 0.000526481 0 0 
-0.386912 0.599818 0.0449352 0.0169962 0.536532 -0.536533 0.0169962 16.6961 16.6957 2.28369 2.28369 0.264847 0.000505679 0 0 
-0.383227 0.599468 0.0451149 0.0174307 0.536042 -0.536043 0.0174307 16.7401 16.7398 2.28527 2.28527 0.266599 0.000485437 0 0 
-0.379542 0.599119 0.0452901 0.0178637 0.535549 -0.535551 0.0178637 16.7842 16.7839 2.28683 2.28683 0.268355 0.000465749 0 0 
-0.375857 0.59877 0.0454607 0.0182949 0.535053 -0.535055 0.0182949 16.8283 16.828 2.28838 2.28838 0.270113 0.000446611 0 0 
-0.372172 0.598421 0.0456268 0.0187244 0.534554 -0.534555 0.0187244 16.8724 16.8721 2.2899 2.2899 0.271874 0.000428016 0 0 
-0.368487 0.598073 0.0457885 0.019152 0.534052 -0.534053 0.019152 16.9166 16.9162 2.2914 2.2914 0.273638 0.000409959 0 0 
-0.364802 0.597726 0.0459458 0.0195776 0.533546 -0.533547 0.0195776 16.9607 16.9604 2.29289 2.29289 0.275404 0.000392433 0 0 
-0.361118 0.597379 0.0460987 0.0200011 0.533037 -0.533038 0.0200011 17.0049 17.0045 2.29435 2.29435 0.277174 0.000375433 0 0 
-0.357433 0.597033 0.0462474 0.0204226 0.532524 -0.532526 0.0204226 17.0491 17.0487 2.2958 2.2958 0.278945 0.00035895 0 0 
-0.353748 0.596689 0.0463918 0.0208418 0.532009 -0.53201 0.0208418 17.0933 17.0929 2.29722 2.29722 0.280719 0.00034298 0 0 
-0.350063 0.596345 0.046532 0.0212586 0.53149 -0.531491 0.0212586 17.1375 17.1372 2.29863 2.29863 0.282495 0.000327513 0 0 
-0.346378 0.596003 0.0466681 0.0216731 0.530968 -0.530969 0.0216731 17.1817 17.1814 2.30001 2.30001 0.284273 0.000312544 0 0 
-0.342693 0.595661 0.0468002 0.0220851 0.530442 -0.530444 0.0220851 17.226 17.2256 2.30138 2.30137 0.286054 0.000298064 0 0 
-0.339008 0.595322 0.0469283 0.0224945 0.529914 -0.529915 0.0224945 17.2702 17.2699 2.30272 2.30272 0.287835 0.000284066 0 0 
-0.335323 0.594983 0.0470524 0.0229013 0.529382 -0.529383 0.0229013 17.3145 17.3142 2.30404 2.30404 0.289619 0.000270542 0 0 
-0.331639 0.594646 0.0471727 0.0233054 0.528847 -0.528848 0.0233054 17.3588 17.3584 2.30535 2.30535 0.291404 0.000257483 0 0 
-0.327954 0.594311 0.0472892 0.0237067 0.528308 -0.528309 0.0237067 17.4031 17.4027 2.30663 2.30663 0.293191 0.000244883 0 0 
-0.324269 0.593978 0.047402 0.0241051 0.527766 -0.527768 0.0241051 17.4474 17.447 2.30789 2.30789 0.294979 0.000232731 0 0 
-0.320584 0.593646 0.047511 0.0245005 0.527221 -0.527223 0.0245005 17.4916 17.4913 2.30913 2.30913 0.296768 0.000221021 0 0 
-0.316899 0.593316 0.0476165 0.024893 0.526673 -0.526674 0.024893 17.5359 17.5356 2.31035 2.31035 0.298557 0.000209743 0 0 
-0.313214 0.592988 0.0477185 0.0252824 0.526121 -0.526122 0.0252824 17.5803 17.5799 2.31155 2.31155 0.300348 0.000198888 0 0 
-0.309529 0.592662 0.0478171 0.0256686 0.525566 -0.525567 0.0256686 17.6246 17.6242 2.31273 2.31273 0.30214 0.000188449 0 0 
-0.305844 0.592339 0.0479122 0.0260516 0.525007 -0.525009 0.0260516 17.6689 17.6685 2.31389 2.31389 0.303932 0.000178415 0 0 
-0.30216 0.592017 0.0480041 0.0264314 0.524446 -0.524447 0.0264314 17.7132 17.7128 2.31502 2.31502 0.305725 0.000168778 0 0 
-0.298475 0.591698 0.0480928 0.0268078 0.523881 -0.523883 0.0268078 17.7575 17.7571 2.31614 2.31614 0.307518 0.000159529 0 0 
-0.29479 0.591381 0.0481783 0.0271808 0.523313 -0.523314 0.0271808 17.8018 17.8015 2.31723 2.31723 0.309311 0.000150659 0 0 
-0.291105 0.591067 0.0482608 0.0275503 0.522741 -0.522743 0.0275503 17.8461 17.8458 2.3183 2.3183 0.311104 0.000142158 0 0 
-0.28742 0.590755 0.0483403 0.0279164 0.522166 -0.522168 0.0279164 17.8904 17.8901 2.31935 2.31935 0.312897 0.000134018 0 0 
-0.283735 0.590446 0.048417 0.0282789 0.521588 -0.52159 0.0282789 17.9347 17.9344 2.32037 2.32037 0.31469 0.000126229 0 0 
-0.28005 0.590139 0.0484908 0.0286377 0.521007 -0.521008 0.0286377 17.979 17.9786 2.32138 2.32138 0.316482 0.000118782 0 0 
-0.276365 0.589835 0.0485619 0.0289929 0.520422 -0.520424 0.0289929 18.0233 18.0229 2.32236 2.32236 0.318274 0.000111668 0 0 
-0.272681 0.589534 0.0486303 0.0293444 0.519834 -0.519836 0.0293444 18.0675 18.0672 2.32332 2.32332 0.320065 0.000104878 0 0 
-0.268996 0.589236 0.0486962 0.0296922 0.519243 -0.519244 0.0296922 18.1118 18.1115 2.32426 2.32426 0.321856 9.84022e-05 0 0 
-0.265311 0.58894 0.0487597 0.0300361 0.518648 -0.51865 0.0300361 18.1561 18.1557 2.32517 2.32517 0.323645 9.22316e-05 0 0 
-0.261626 0.588648 0.0488208 0.0303762 0.51805 -0.518052 0.0303762 18.2003 18.2 2.32606 2.32606 0.325433 8.63569e-05 0 0 
-0.257941 0.588358 0.0488795 0.0307124 0.517449 -0.51745 0.0307124 18.2445 18.2442 2.32693 2.32693 0.32722 8.07693e-05 0 0 
-0.254256 0.588072 0.0489361 0.0310447 0.516844 -0.516846 0.0310447 18.2888 18.2884 2.32778 2.32778 0.329006 7.54595e-05 0 0 
-0.250571 0.587788 0.0489906 0.0313731 0.516236 -0.516238 0.0313731 18.333 18.3326 2.32861 2.3286 0.33079 7.04187e-05 0 0 
-0.246886 0.587508 0.049043 0.0316974 0.515625 -0.515627 0.0316974 18.3772 18.3768 2.32941 2.32941 0.332572 6.56379e-05 0 0 
-0.243202 0.587231 0.0490936 0.0320178 0.515011 -0.515013 0.0320178 18.4213 18.421 2.33018 2.33018 0.334353 6.11082e-05 0 0 
-0.239517 0.586957 0.0491423 0.0323341 0.514393 -0.514395 0.0323341 18.4655 18.4652 2.33094 2.33094 0.336132 5.68209e-05 0 0 
-0.235832 0.586687 0.0491892 0.0326463 0.513772 -0.513774 0.0326463 18.5096 18.5093 2.33167 2.33167 0.337908 5.27673e-05 0 0 
-0.232147 0.58642 0.0492345 0.0329544 0.513148 -0.51315 0.0329544 18.5538 18.5534 2.33238 2.33238 0.339682 4.89388e-05 0 0 
-0.228462 0.586156 0.0492782 0.0332584 0.512521 -0.512522 0.0332584 18.5979 18.5975 2.33307 2.33306 0.341454 4.53271e-05 0 0 
-0.224777 0.585895 0.0493205 0.0335582 0.51189 -0.511892 0.0335582 18.6419 18.6416 2.33373 2.33373 0.343223 4.19236e-05 0 0 
-0.221092 0.585639 0.0493614 0.0338539 0.511256 -0.511258 0.0338539 18.686 18.6856 2.33437 2.33436 0.344989 3.87203e-05 0 0 
-0.217408 0.585385 0.049401 0.0341453 0.510619 -0.51062 0.0341453 18.73 18.7297 2.33498 2.33498 0.346753 3.5709e-05 0 0 
-0.213723 0.585135 0.0494394 0.0344326 0.509978 -0.50998 0.0344326 18.774 18.7737 2.33557 2.33557 0.348513 3.28818e-05 0 0 
-0.210038 0.584889 0.0494767 0.0347157 0.509334 -0.509336 0.0347157 18.818 18.8177 2.33614 2.33614 0.35027 3.02309e-05 0 0 
-0.206353 0.584646 0.049513 0.0349945 0.508687 -0.508689 0.0349945 18.862 18.8616 2.33668 2.33668 0.352024 2.77485e-05 0 0 
-0.202668 0.584406 0.0495484 0.0352691 0.508037 -0.508039 0.0352691 18.9059 18.9055 2.3372 2.3372 0.353775 2.54272e-05 0 0 
-0.198983 0.584171 0.0495829 0.0355394 0.507384 -0.507386 0.0355394 18.9498 18.9494 2.3377 2.33769 0.355521 2.32596e-05 0 0 
-0.195298 0.583939 0.0496168 0.0358055 0.506727 -0.506729 0.0358055 18.9936 18.9933 2.33817 2.33817 0.357264 2.12384e-05 0 0 
-0.191613 0.58371 0.04965 0.0360673 0.506067 -0.506069 0.0360673 19.0375 19.0371 2.33861 2.33861 0.359003 1.93568e-05 0 0 
-0.187929 0.583486 0.0496827 0.0363249 0.505404 -0.505406 0.0363249 19.0813 19.0809 2.33904 2.33904 0.360738 1.76077e-05 0 0 
-0.184244 0.583265 0.0497149 0.0365782 0.504738 -0.50474 0.0365782 19.125 19.1247 2.33944 2.33944 0.362469 1.59846e-05 0 0 
-0.180559 0.583047 0.0497468 0.0368272 0.504069 -0.50407 0.0368272 19.1688 19.1684 2.33981 2.33981 0.364196 1.44809e-05 0 0 
-0.176874 0.582833 0.0497784 0.037072 0.503396 -0.503398 0.037072 19.2125 19.2121 2.34016 2.34016 0.365917 1.30902e-05 0 0 
-0.173189 0.582624 0.0498098 0.0373126 0.50272 -0.502722 0.0373126 19.2561 19.2558 2.34049 2.34049 0.367635 1.18064e-05 0 0 
-0.169504 0.582417 0.0498411 0.0375489 0.502041 -0.502043 0.0375489 19.2998 19.2994 2.34079 2.34079 0.369347 1.06235e-05 0 0 
-0.165819 0.582215 0.0498725 0.0377809 0.501359 -0.501361 0.0377809 19.3433 19.343 2.34107 2.34106 0.371054 9.53572e-06 0 0 
-0.162134 0.582016 0.049904 0.0380087 0.500674 -0.500676 0.0380087 19.3869 19.3866 2.34132 2.34132 0.372757 8.53751e-06 0 0 
-0.15845 0.581821 0.0499356 0.0382323 0.499986 -0.499987 0.0382323 19.4304 19.4301 2.34155 2.34154 0.374454 7.62343e-06 0 0 
-0.154765 0.58163 0.0499675 0.0384517 0.499294 -0.499296 0.0384517 19.4739 19.4735 2.34175 2.34175 0.376145 6.78825e-06 0 0 
-0.15108 0.581442 0.0499998 0.0386669 0.4986 -0.498601 0.0386669 19.5173 19.5169 2.34193 2.34193 0.377832 6.02695e-06 0 0 
-0.147395 0.581258 0.0500326 0.038878 0.497902 -0.497904 0.038878 19.5607 19.5603 2.34208 2.34208 0.379512 5.33468e-06 0 0 
-0.14371 0.581078 0.0500658 0.0390848 0.497201 -0.497203 0.0390848 19.604 19.6037 2.34221 2.34221 0.381187 4.7068e-06 0 0 
-0.140025 0.580901 0.0500997 0.0392876 0.496497 -0.496499 0.0392876 19.6473 19.647 2.34231 2.34231 0.382856 4.13884e-06 0 0 
-0.13634 0.580728 0.0501344 0.0394862 0.495791 -0.495792 0.0394862 19.6905 19.6902 2.34239 2.34239 0.384519 3.62652e-06 0 0 
-0.132655 0.580559 0.0501698 0.0396808 0.495081 -0.495082 0.0396808 19.7337 19.7334 2.34244 2.34244 0.386175 3.16577e-06 0 0 
-0.128971 0.580394 0.0502061 0.0398712 0.494368 -0.494369 0.0398712 19.7769 19.7765 2.34247 2.34247 0.387824 2.75267e-06 0 0 
-0.125286 0.580232 0.0502433 0.0400577 0.493651 -0.493653 0.0400577 19.82 19.8196 2.34248 2.34248 0.389467 2.38353e-06 0 0 
-0.121601 0.580074 0.0502817 0.0402401 0.492932 -0.492934 0.0402401 19.863 19.8627 2.34246 2.34246 0.391102 2.0548e-06 0 0 
-0.117916 0.579919 0.0503211 0.0404185 0.49221 -0.492212 0.0404185 19.906 19.9057 2.34241 2.34241 0.392732 1.76315e-06 0 0 
-0.114231 0.579768 0.0503617 0.040593 0.491485 -0.491487 0.040593 19.9489 19.9486 2.34234 2.34234 0.394355 1.5054e-06 0 0 
-0.110546 0.579621 0.0504037 0.0407635 0.490757 -0.490759 0.0407635 19.9918 19.9915 2.34224 2.34224 0.395972 1.27856e-06 0 0 
-0.106861 0.579477 0.050447 0.0409302 0.490026 -0.490028 0.0409302 20.0347 20.0343 2.34212 2.34212 0.397584 1.07979e-06 0 0 
-0.103176 0.579337 0.0504917 0.041093 0.489292 -0.489294 0.041093 20.0774 20.0771 2.34197 2.34197 0.399188 9.06445e-07 0 0 
-0.0994916 0.5792 0.050538 0.041252 0.488555 -0.488557 0.041252 20.1202 20.1198 2.3418 2.3418 0.400784 7.56021e-07 0 0 
-0.0958067 0.579067 0.0505858 0.0414071 0.487815 -0.487817 0.0414071 20.1628 20.1625 2.3416 2.3416 0.40237 6.26192e-07 0 0 
-0.0921218 0.578937 0.0506353 0.0415586 0.487073 -0.487074 0.0415586 20.2054 20.2051 2.34138 2.34138 0.403943 5.14785e-07 0 0 
-0.088437 0.578811 0.0506866 0.0417063 0.486327 -0.486329 0.0417063 20.248 20.2476 2.34113 2.34113 0.405505 4.19786e-07 0 0 
-0.0847521 0.578688 0.0507397 0.0418503 0.485578 -0.48558 0.0418503 20.2905 20.2901 2.34086 2.34086 0.407057 3.39328e-07 0 0 
-0.0810672 0.578568 0.0507947 0.0419908 0.484827 -0.484828 0.0419908 20.3329 20.3326 2.34056 2.34056 0.408604 2.71689e-07 0 0 
-0.0773823 0.578451 0.0508516 0.0421276 0.484073 -0.484074 0.0421276 20.3753 20.3749 2.34024 2.34024 0.410151 2.15281e-07 0 0 
-0.0736975 0.578338 0.0509105 0.0422609 0.483315 -0.483317 0.0422609 20.4176 20.4172 2.33989 2.33989 0.411702 1.68651e-07 0 0 
-0.0700126 0.578228 0.0509715 0.0423907 0.482556 -0.482557 0.0423907 20.4598 20.4594 2.33952 2.33951 0.413258 1.30471e-07 0 0 
-0.0663277 0.578122 0.0510347 0.0425171 0.481793 -0.481794 0.0425171 20.502 20.5016 2.33912 2.33911 0.414809 9.95378e-08 0 0 
-0.0626428 0.578018 0.0511001 0.04264 0.481027 -0.481029 0.04264 20.5441 20.5437 2.33869 2.33869 0.416343 7.47659e-08 0 0 
-0.058958 0.577918 0.0511678 0.0427596 0.480259 -0.48026 0.0427596 20.5861 20.5858 2.33824 2.33824 0.417846 5.51868e-08 0 0 
-0.0552731 0.57782 0.0512379 0.0428758 0.479488 -0.479489 0.0428758 20.6281 20.6277 2.33776 2.33776 0.419306 3.99391e-08 0 0 
-0.0515882 0.577726 0.0513104 0.0429887 0.478714 -0.478715 0.0429887 20.67 20.6696 2.33726 2.33726 0.420718 2.82628e-08 0 0 
-0.0479034 0.577635 0.0513854 0.0430983 0.477937 -0.477939 0.0430983 20.7118 20.7115 2.33674 2.33673 0.422107 1.94929e-08 0 0 
-0.0442185 0.577547 0.0514629 0.0432049 0.477158 -0.477159 0.0432049 20.7536 20.7532 2.33618 2.33618 0.423506 1.30508e-08 0 0 
-0.0405336 0.577461 0.0515429 0.0433084 0.476376 -0.476377 0.0433084 20.7953 20.7949 2.33561 2.33561 0.424946 8.43886e-09 0 0 
-0.0368487 0.577378 0.0516253 0.043409 0.475591 -0.475593 0.043409 20.8369 20.8365 2.33501 2.335 0.426461 5.23555e-09 0 0 
-0.0331639 0.577298 0.0517102 0.0435067 0.474804 -0.474806 0.0435067 20.8784 20.8781 2.33438 2.33438 0.428066 3.08946e-09 0 0 
-0.029479 0.577221 0.0517979 0.0436015 0.474015 -0.474016 0.0436015 20.9199 20.9196 2.33373 2.33373 0.429709 1.71334e-09 0 0 
-0.0257941 0.577146 0.0518886 0.0436932 0.473222 -0.473224 0.0436932 20.9613 20.961 2.33306 2.33305 0.431325 8.78116e-10 0 0 
-0.0221092 0.577075 0.0519825 0.0437817 0.472427 -0.472429 0.0437817 21.0026 21.0023 2.33235 2.33235 0.432845 4.05852e-10 0 0 
-0.0184244 0.577006 0.0520799 0.0438669 0.471629 -0.47163 0.0438669 21.0439 21.0435 2.33161 2.33161 0.434204 1.62864e-10 0 0 
-0.0147395 0.576941 0.052181 0.0439489 0.470827 -0.470829 0.0439489 21.085 21.0846 2.33085 2.33085 0.435354 5.32607e-11 0 0 
-0.0110546 0.576878 0.0522851 0.0440281 0.470023 -0.470025 0.0440281 21.126 21.1257 2.33006 2.33006 0.43632 1.26079e-11 0 0 
-0.00736975 0.576817 0.0523914 0.0441053 0.469217 -0.469219 0.0441053 21.167 21.1667 2.32925 2.32925 0.43715 1.65561e-12 0 0 
-0.00368487 0.576757 0.0524993 0.0441811 0.46841 -0.468411 0.0441811 21.208 21.2076 2.32842 2.32842 0.437889 5.15787e-14 0 0 
0 0.576698 0.0526079 0.0442563 0.467602 -0.467603 0.0442563 21.2489 21.2486 2.32759 2.32759 0.438581 0 0 0 
