-18.4207 0.333333 -6.69817e-05 -5.76164e-16 0.666667 -0.666667 -5.76164e-16 1 1 0.000200945 0.000200945 0 -0 0 -0 
-18.417 0.333333 -6.72299e-05 -5.82513e-16 0.666667 -0.666667 -5.82513e-16 1 1 0.00020169 0.00020169 0 -0 0 -0 
-18.4133 0.333333 -6.74783e-05 -5.88887e-16 0.666667 -0.666667 -5.88887e-16 1 1 0.000202435 0.000202435 0 -0 0 -0 
-18.4096 0.333333 -6.77271e-05 -5.9531e-16 0.666667 -0.666667 -5.9531e-16 1 1 0.000203181 0.000203181 0 -0 0 -0 
-18.4059 0.333333 -6.79767e-05 -6.01808e-16 0.666667 -0.666667 -6.01808e-16 1 1 0.00020393 0.00020393 0 -0 0 -0 
-18.4023 0.333334 -6.82272e-05 -6.08404e-16 0.666666 -0.666666 -6.08404e-16 1 1 0.000204682 0.000204682 0 -0 0 -0 
-18.3986 0.333334 -6.84789e-05 -6.15118e-16 0.666666 -0.666666 -6.15118e-16 1 1 0.000205437 0.000205437 0 -0 0 -0 
-18.3949 0.333334 -6.87316e-05 -6.21945e-16 0.666666 -0.666666 -6.21945e-16 1 1 0.000206195 0.000206195 0 -0 0 -0 
-18.3912 0.333334 -6.89854e-05 -6.28871e-16 0.666666 -0.666666 -6.28871e-16 1 1 0.000206956 0.000206956 0 -0 0 -0 
-18.3875 0.333334 -6.92402e-05 -6.35887e-16 0.666666 -0.666666 -6.35887e-16 1 1 0.000207721 0.000207721 0 -0 0 -0 
-18.3838 0.333334 -6.94959e-05 -6.42979e-16 0.666666 -0.666666 -6.42979e-16 1 1 0.000208488 0.000208488 0 -0 0 -0 
-18.3801 0.333334 -6.97525e-05 -6.50139e-16 0.666666 -0.666666 -6.50139e-16 1 1 0.000209258 0.000209258 0 -0 0 -0 
-18.3765 0.333334 -7.00101e-05 -6.57369e-16 0.666666 -0.666666 -6.57369e-16 1 1 0.00021003 0.00021003 0 -0 0 -0 
-18.3728 0.333334 -7.02685e-05 -6.64673e-16 0.666666 -0.666666 -6.64673e-16 1 1 0.000210805 0.000210805 0 -0 0 -0 
-18.3691 0.333334 -7.05279e-05 -6.72055e-16 0.666666 -0.666666 -6.72055e-16 1 1 0.000211584 0.000211584 0 -0 0 -0 
-18.3654 0.333334 -7.07882e-05 -6.79519e-16 0.666666 -0.666666 -6.79519e-16 1 1 0.000212365 0.000212365 0 -0 0 -0 
-18.3617 0.333334 -7.10495e-05 -6.87069e-16 0.666666 -0.666666 -6.87069e-16 1 1 0.000213149 0.000213149 0 -0 0 -0 
-18.358 0.333334 -7.13118e-05 -6.94706e-16 0.666666 -0.666666 -6.94706e-16 1 1 0.000213935 0.000213935 0 -0 0 -0 
-18.3544 0.333334 -7.15751e-05 -7.02429e-16 0.666666 -0.666666 -7.02429e-16 1 1 0.000214725 0.000214725 0 -0 0 -0 
-18.3507 0.333334 -7.18393e-05 -7.10239e-16 0.666666 -0.666666 -7.10239e-16 1 1 0.000215518 0.000215518 0 -0 0 -0 
-18.347 0.333334 -7.21045e-05 -7.18135e-16 0.666666 -0.666666 -7.18135e-16 1 1 0.000216314 0.000216314 0 -0 0 -0 
-18.3433 0.333334 -7.23707e-05 -7.26119e-16 0.666666 -0.666666 -7.26119e-16 1 1 0.000217112 0.000217112 0 -0 0 -0 
-18.3396 0.333334 -7.26379e-05 -7.34191e-16 0.666666 -0.666666 -7.34191e-16 1 1 0.000217914 0.000217914 0 -0 0 -0 
-18.3359 0.333334 -7.2906e-05 -7.42352e-16 0.666666 -0.666666 -7.42352e-16 1 1 0.000218718 0.000218718 0 -0 0 -0 
-18.3322 0.333334 -7.31752e-05 -7.50603e-16 0.666666 -0.666666 -7.50603e-16 1 1 0.000219525 0.000219525 0 -0 0 -0 
-18.3286 0.333334 -7.34453e-05 -7.58946e-16 0.666666 -0.666666 -7.58946e-16 1 1 0.000220336 0.000220336 0 -0 0 -0 
-18.3249 0.333334 -7.37164e-05 -7.67383e-16 0.666666 -0.666666 -7.67383e-16 1 1 0.000221149 0.000221149 0 -0 0 -0 
-18.3212 0.333334 -7.39886e-05 -7.75913e-16 0.666666 -0.666666 -7.75913e-16 1 1 0.000221966 0.000221966 0 -0 0 -0 
-18.3175 0.333334 -7.42617e-05 -7.84538e-16 0.666666 -0.666666 -7.84538e-16 1 1 0.000222785 0.000222785 0 -0 0 -0 
-18.3138 0.333334 -7.45358e-05 -7.93259e-16 0.666666 -0.666666 -7.93259e-16 1 1 0.000223608 0.000223608 0 -0 0 -0 
-18.3101 0.333334 -7.4811e-05 -8.02077e-16 0.666666 -0.666666 -8.02077e-16 1 1 0.000224433 0.000224433 0 -0 0 -0 
-18.3064 0.333334 -7.50872e-05 -8.10993e-16 0.666666 -0.666666 -8.10993e-16 1 1 0.000225262 0.000225262 0 -0 0 -0 
-18.3028 0.333334 -7.53644e-05 -8.20007e-16 0.666666 -0.666666 -8.20007e-16 1 1 0.000226093 0.000226093 0 -0 0 -0 
-18.2991 0.333334 -7.56426e-05 -8.29123e-16 0.666666 -0.666666 -8.29123e-16 1 1 0.000226928 0.000226928 0 -0 0 -0 
-18.2954 0.333334 -7.59218e-05 -8.38339e-16 0.666666 -0.666666 -8.38339e-16 1 1 0.000227766 0.000227766 0 -0 0 -0 
-18.2917 0.333334 -7.62021e-05 -8.47658e-16 0.666666 -0.666666 -8.47658e-16 1 1 0.000228606 0.000228606 0 -0 0 -0 
-18.288 0.333334 -7.64834e-05 -8.5708e-16 0.666666 -0.666666 -8.5708e-16 1 1 0.00022945 0.00022945 0 -0 0 -0 
-18.2843 0.333335 -7.67658e-05 -8.66608e-16 0.666666 -0.666665 -8.66608e-16 1 1 0.000230297 0.000230297 0 -0 0 -0 
-18.2807 0.333335 -7.70492e-05 -8.76241e-16 0.666665 -0.666665 -8.76241e-16 1 1 0.000231147 0.000231147 0 -0 0 -0 
-18.277 0.333335 -7.73336e-05 -8.85981e-16 0.666665 -0.666665 -8.85981e-16 1 1 0.000232001 0.000232001 0 -0 0 -0 
-18.2733 0.333335 -7.76191e-05 -8.95829e-16 0.666665 -0.666665 -8.95829e-16 1 1 0.000232857 0.000232857 0 -0 0 -0 
-18.2696 0.333335 -7.79056e-05 -9.05787e-16 0.666665 -0.666665 -9.05787e-16 1 1 0.000233717 0.000233717 0 -0 0 -0 
-18.2659 0.333335 -7.81932e-05 -9.15856e-16 0.666665 -0.666665 -9.15856e-16 1 1 0.00023458 0.00023458 0 -0 0 -0 
-18.2622 0.333335 -7.84819e-05 -9.26037e-16 0.666665 -0.666665 -9.26037e-16 1 1 0.000235446 0.000235446 0 -0 0 -0 
-18.2585 0.333335 -7.87716e-05 -9.3633e-16 0.666665 -0.666665 -9.3633e-16 1 1 0.000236315 0.000236315 0 -0 0 -0 
-18.2549 0.333335 -7.90624e-05 -9.46739e-16 0.666665 -0.666665 -9.46739e-16 1 1 0.000237187 0.000237187 0 -0 0 -0 
-18.2512 0.333335 -7.93543e-05 -9.57262e-16 0.666665 -0.666665 -9.57262e-16 1 1 0.000238063 0.000238063 0 -0 0 -0 
-18.2475 0.333335 -7.96472e-05 -9.67903e-16 0.666665 -0.666665 -9.67903e-16 1 1 0.000238942 0.000238942 0 -0 0 -0 
-18.2438 0.333335 -7.99413e-05 -9.78662e-16 0.666665 -0.666665 -9.78662e-16 1 1 0.000239824 0.000239824 0 -0 0 -0 
-18.2401 0.333335 -8.02364e-05 -9.89541e-16 0.666665 -0.666665 -9.89541e-16 1 1 0.000240709 0.000240709 0 -0 0 -0 
-18.2364 0.333335 -8.05326e-05 -1.00054e-15 0.666665 -0.666665 -1.00054e-15 1 1 0.000241598 0.000241598 0 -0 0 -0 
-18.2328 0.333335 -8.08299e-05 -1.01166e-15 0.666665 -0.666665 -1.01166e-15 1 1 0.00024249 0.00024249 0 -0 0 -0 
-18.2291 0.333335 -8.11283e-05 -1.02291e-15 0.666665 -0.666665 -1.02291e-15 1 1 0.000243385 0.000243385 0 -0 0 -0 
-18.2254 0.333335 -8.14277e-05 -1.03428e-15 0.666665 -0.666665 -1.03428e-15 1 1 0.000244283 0.000244283 0 -0 0 -0 
-18.2217 0.333335 -8.17283e-05 -1.04578e-15 0.666665 -0.666665 -1.04578e-15 1 1 0.000245185 0.000245185 0 -0 0 -0 
-18.218 0.333335 -8.20301e-05 -1.0574e-15 0.666665 -0.666665 -1.0574e-15 1 1 0.00024609 0.00024609 0 -0 0 -0 
-18.2143 0.333335 -8.23329e-05 -1.06915e-15 0.666665 -0.666665 -1.06915e-15 1.00001 1.00001 0.000246999 0.000246999 0 -0 0 -0 
-18.2106 0.333335 -8.26368e-05 -1.08104e-15 0.666665 -0.666665 -1.08104e-15 1.00001 1.00001 0.00024791 0.00024791 0 -0 0 -0 
-18.207 0.333335 -8.29419e-05 -1.09306e-15 0.666665 -0.666665 -1.09306e-15 1.00001 1.00001 0.000248826 0.000248826 0 -0 0 -0 
-18.2033 0.333335 -8.32481e-05 -1.10521e-15 0.666665 -0.666665 -1.10521e-15 1.00001 1.00001 0.000249744 0.000249744 0 -0 0 -0 
-18.1996 0.333335 -8.35554e-05 -1.11749e-15 0.666665 -0.666665 -1.11749e-15 1.00001 1.00001 0.000250666 0.000250666 0 -0 0 -0 
-18.1959 0.333335 -8.38638e-05 -1.12991e-15 0.666665 -0.666665 -1.12991e-15 1.00001 1.00001 0.000251592 0.000251592 0 -0 0 -0 
-18.1922 0.333335 -8.41734e-05 -1.14247e-15 0.666665 -0.666665 -1.14247e-15 1.00001 1.00001 0.00025252 0.00025252 0 -0 0 -0 
-18.1885 0.333335 -8.44842e-05 -1.15517e-15 0.666665 -0.666665 -1.15517e-15 1.00001 1.00001 0.000253453 0.000253453 0 -0 0 -0 
-18.1848 0.333335 -8.47961e-05 -1.16801e-15 0.666665 -0.666665 -1.16801e-15 1.00001 1.00001 0.000254388 0.000254388 0 -0 0 -0 
-18.1812 0.333335 -8.51091e-05 -1.181e-15 0.666665 -0.666665 -1.181e-15 1.00001 1.00001 0.000255327 0.000255327 0 -0 0 -0 
-18.1775 0.333335 -8.54233e-05 -1.19412e-15 0.666665 -0.666665 -1.19412e-15 1.00001 1.00001 0.00025627 0.00025627 0 -0 0 -0 
-18.1738 0.333335 -8.57386e-05 -1.2074e-15 0.666665 -0.666665 -1.2074e-15 1.00001 1.00001 0.000257216 0.000257216 0 -0 0 -0 
-18.1701 0.333335 -8.60551e-05 -1.22082e-15 0.666665 -0.666665 -1.22082e-15 1.00001 1.00001 0.000258165 0.000258165 0 -0 0 -0 
-18.1664 0.333335 -8.63728e-05 -1.23439e-15 0.666665 -0.666665 -1.23439e-15 1.00001 1.00001 0.000259118 0.000259118 0 -0 0 -0 
-18.1627 0.333335 -8.66917e-05 -1.24811e-15 0.666665 -0.666665 -1.24811e-15 1.00001 1.00001 0.000260075 0.000260075 0 -0 0 -0 
-18.1591 0.333335 -8.70117e-05 -1.26199e-15 0.666665 -0.666665 -1.26199e-15 1.00001 1.00001 0.000261035 0.000261035 0 -0 0 -0 
-18.1554 0.333335 -8.73329e-05 -1.27601e-15 0.666665 -0.666665 -1.27601e-15 1.00001 1.00001 0.000261999 0.000261999 0 -0 0 -0 
-18.1517 0.333335 -8.76553e-05 -1.2902e-15 0.666665 -0.666665 -1.2902e-15 1.00001 1.00001 0.000262966 0.000262966 0 -0 0 -0 
-18.148 0.333335 -8.79789e-05 -1.30454e-15 0.666665 -0.666665 -1.30454e-15 1.00001 1.00001 0.000263937 0.000263937 0 -0 0 -0 
-18.1443 0.333335 -8.83037e-05 -1.31904e-15 0.666665 -0.666665 -1.31904e-15 1.00001 1.00001 0.000264911 0.000264911 0 -0 0 -0 
-18.1406 0.333336 -8.86297e-05 -1.3337e-15 0.666665 -0.666664 -1.3337e-15 1.00001 1.00001 0.000265889 0.000265889 0 -0 0 -0 
-18.1369 0.333336 -8.89569e-05 -1.34853e-15 0.666664 -0.666664 -1.34853e-15 1.00001 1.00001 0.000266871 0.000266871 0 -0 0 -0 
-18.1333 0.333336 -8.92853e-05 -1.36352e-15 0.666664 -0.666664 -1.36352e-15 1.00001 1.00001 0.000267856 0.000267856 0 -0 0 -0 
-18.1296 0.333336 -8.96149e-05 -1.37867e-15 0.666664 -0.666664 -1.37867e-15 1.00001 1.00001 0.000268845 0.000268845 0 -0 0 -0 
-18.1259 0.333336 -8.99457e-05 -1.394e-15 0.666664 -0.666664 -1.394e-15 1.00001 1.00001 0.000269837 0.000269837 0 -0 0 -0 
-18.1222 0.333336 -9.02777e-05 -1.4095e-15 0.666664 -0.666664 -1.4095e-15 1.00001 1.00001 0.000270833 0.000270833 0 -0 0 -0 
-18.1185 0.333336 -9.0611e-05 -1.42516e-15 0.666664 -0.666664 -1.42516e-15 1.00001 1.00001 0.000271833 0.000271833 0 -0 0 -0 
-18.1148 0.333336 -9.09455e-05 -1.44101e-15 0.666664 -0.666664 -1.44101e-15 1.00001 1.00001 0.000272836 0.000272836 0 -0 0 -0 
-18.1112 0.333336 -9.12812e-05 -1.45702e-15 0.666664 -0.666664 -1.45702e-15 1.00001 1.00001 0.000273844 0.000273844 0 -0 0 -0 
-18.1075 0.333336 -9.16182e-05 -1.47322e-15 0.666664 -0.666664 -1.47322e-15 1.00001 1.00001 0.000274855 0.000274855 0 -0 0 -0 
-18.1038 0.333336 -9.19564e-05 -1.4896e-15 0.666664 -0.666664 -1.4896e-15 1.00001 1.00001 0.000275869 0.000275869 0 -0 0 -0 
-18.1001 0.333336 -9.22959e-05 -1.50615e-15 0.666664 -0.666664 -1.50615e-15 1.00001 1.00001 0.000276888 0.000276888 0 -0 0 -0 
-18.0964 0.333336 -9.26366e-05 -1.5229e-15 0.666664 -0.666664 -1.5229e-15 1.00001 1.00001 0.00027791 0.00027791 0 -0 0 -0 
-18.0927 0.333336 -9.29786e-05 -1.53982e-15 0.666664 -0.666664 -1.53982e-15 1.00001 1.00001 0.000278936 0.000278936 0 -0 0 -0 
-18.089 0.333336 -9.33218e-05 -1.55694e-15 0.666664 -0.666664 -1.55694e-15 1.00001 1.00001 0.000279965 0.000279965 0 -0 0 -0 
-18.0854 0.333336 -9.36663e-05 -1.57425e-15 0.666664 -0.666664 -1.57425e-15 1.00001 1.00001 0.000280999 0.000280999 0 -0 0 -0 
-18.0817 0.333336 -9.40121e-05 -1.59175e-15 0.666664 -0.666664 -1.59175e-15 1.00001 1.00001 0.000282036 0.000282036 0 -0 0 -0 
-18.078 0.333336 -9.43592e-05 -1.60944e-15 0.666664 -0.666664 -1.60944e-15 1.00001 1.00001 0.000283077 0.000283077 0 -0 0 -0 
-18.0743 0.333336 -9.47075e-05 -1.62733e-15 0.666664 -0.666664 -1.62733e-15 1.00001 1.00001 0.000284122 0.000284122 0 -0 0 -0 
-18.0706 0.333336 -9.50571e-05 -1.64542e-15 0.666664 -0.666664 -1.64542e-15 1.00001 1.00001 0.000285171 0.000285171 0 -0 0 -0 
-18.0669 0.333336 -9.5408e-05 -1.66371e-15 0.666664 -0.666664 -1.66371e-15 1.00001 1.00001 0.000286224 0.000286224 0 -0 0 -0 
-18.0632 0.333336 -9.57602e-05 -1.6822e-15 0.666664 -0.666664 -1.6822e-15 1.00001 1.00001 0.000287281 0.000287281 0 -0 0 -0 
-18.0596 0.333336 -9.61137e-05 -1.7009e-15 0.666664 -0.666664 -1.7009e-15 1.00001 1.00001 0.000288341 0.000288341 0 -0 0 -0 
-18.0559 0.333336 -9.64685e-05 -1.71981e-15 0.666664 -0.666664 -1.71981e-15 1.00001 1.00001 0.000289406 0.000289406 0 -0 0 -0 
-18.0522 0.333336 -9.68247e-05 -1.73893e-15 0.666664 -0.666664 -1.73893e-15 1.00001 1.00001 0.000290474 0.000290474 0 -0 0 -0 
-18.0485 0.333336 -9.71821e-05 -1.75826e-15 0.666664 -0.666664 -1.75826e-15 1.00001 1.00001 0.000291546 0.000291546 0 -0 0 -0 
-18.0448 0.333336 -9.75409e-05 -1.7778e-15 0.666664 -0.666664 -1.7778e-15 1.00001 1.00001 0.000292623 0.000292623 0 -0 0 -0 
-18.0411 0.333336 -9.79009e-05 -1.79756e-15 0.666664 -0.666664 -1.79756e-15 1.00001 1.00001 0.000293703 0.000293703 0 -0 0 -0 
-18.0375 0.333336 -9.82623e-05 -1.81754e-15 0.666664 -0.666664 -1.81754e-15 1.00001 1.00001 0.000294787 0.000294787 0 -0 0 -0 
-18.0338 0.333336 -9.86251e-05 -1.83775e-15 0.666664 -0.666664 -1.83775e-15 1.00001 1.00001 0.000295875 0.000295875 0 -0 0 -0 
-18.0301 0.333336 -9.89892e-05 -1.85818e-15 0.666664 -0.666664 -1.85818e-15 1.00001 1.00001 0.000296968 0.000296968 0 -0 0 -0 
-18.0264 0.333336 -9.93546e-05 -1.87883e-15 0.666664 -0.666664 -1.87883e-15 1.00001 1.00001 0.000298064 0.000298064 0 -0 0 -0 
-18.0227 0.333336 -9.97214e-05 -1.89972e-15 0.666664 -0.666664 -1.89972e-15 1.00001 1.00001 0.000299164 0.000299164 0 -0 0 -0 
-18.019 0.333336 -0.00010009 -1.92083e-15 0.666664 -0.666664 -1.92083e-15 1.00001 1.00001 0.000300269 0.000300269 0 -0 0 -0 
-18.0153 0.333336 -0.000100459 -1.94218e-15 0.666664 -0.666664 -1.94218e-15 1.00001 1.00001 0.000301377 0.000301377 0 -0 0 -0 
-18.0117 0.333336 -0.00010083 -1.96377e-15 0.666664 -0.666664 -1.96377e-15 1.00001 1.00001 0.00030249 0.00030249 0 -0 0 -0 
-18.008 0.333336 -0.000101202 -1.9856e-15 0.666664 -0.666664 -1.9856e-15 1.00001 1.00001 0.000303606 0.000303606 0 -0 0 -0 
-18.0043 0.333336 -0.000101576 -2.00767e-15 0.666664 -0.666664 -2.00767e-15 1.00001 1.00001 0.000304727 0.000304727 0 -0 0 -0 
-18.0006 0.333336 -0.000101951 -2.02999e-15 0.666664 -0.666664 -2.02999e-15 1.00001 1.00001 0.000305852 0.000305852 0 -0 0 -0 
-17.9969 0.333336 -0.000102327 -2.05256e-15 0.666664 -0.666664 -2.05256e-15 1.00001 1.00001 0.000306981 0.000306981 0 -0 0 -0 
-17.9932 0.333336 -0.000102705 -2.07537e-15 0.666664 -0.666664 -2.07537e-15 1.00001 1.00001 0.000308114 0.000308114 0 -0 0 -0 
-17.9896 0.333336 -0.000103084 -2.09844e-15 0.666664 -0.666664 -2.09844e-15 1.00001 1.00001 0.000309252 0.000309252 0 -0 0 -0 
-17.9859 0.333336 -0.000103464 -2.12177e-15 0.666664 -0.666664 -2.12177e-15 1.00001 1.00001 0.000310393 0.000310393 0 -0 0 -0 
-17.9822 0.333336 -0.000103846 -2.14535e-15 0.666664 -0.666664 -2.14535e-15 1.00001 1.00001 0.000311539 0.000311539 0 -0 0 -0 
-17.9785 0.333336 -0.00010423 -2.1692e-15 0.666664 -0.666664 -2.1692e-15 1.00001 1.00001 0.000312689 0.000312689 0 -0 0 -0 
-17.9748 0.333336 -0.000104614 -2.19331e-15 0.666664 -0.666664 -2.19331e-15 1.00001 1.00001 0.000313843 0.000313843 0 -0 0 -0 
-17.9711 0.333337 -0.000105001 -2.21769e-15 0.666664 -0.666663 -2.21769e-15 1.00001 1.00001 0.000315002 0.000315002 0 -0 0 -0 
-17.9674 0.333337 -0.000105388 -2.24234e-15 0.666663 -0.666663 -2.24234e-15 1.00001 1.00001 0.000316165 0.000316165 0 -0 0 -0 
-17.9638 0.333337 -0.000105777 -2.26727e-15 0.666663 -0.666663 -2.26727e-15 1.00001 1.00001 0.000317332 0.000317332 0 -0 0 -0 
-17.9601 0.333337 -0.000106168 -2.29247e-15 0.666663 -0.666663 -2.29247e-15 1.00001 1.00001 0.000318504 0.000318503 0 -0 0 -0 
-17.9564 0.333337 -0.00010656 -2.31796e-15 0.666663 -0.666663 -2.31796e-15 1.00001 1.00001 0.000319679 0.000319679 0 -0 0 -0 
-17.9527 0.333337 -0.000106953 -2.34372e-15 0.666663 -0.666663 -2.34372e-15 1.00001 1.00001 0.000320859 0.000320859 0 -0 0 -0 
-17.949 0.333337 -0.000107348 -2.36977e-15 0.666663 -0.666663 -2.36977e-15 1.00001 1.00001 0.000322044 0.000322044 0 -0 0 -0 
-17.9453 0.333337 -0.000107744 -2.39612e-15 0.666663 -0.666663 -2.39612e-15 1.00001 1.00001 0.000323233 0.000323233 0 -0 0 -0 
-17.9416 0.333337 -0.000108142 -2.42275e-15 0.666663 -0.666663 -2.42275e-15 1.00001 1.00001 0.000324426 0.000324426 0 -0 0 -0 
-17.938 0.333337 -0.000108541 -2.44968e-15 0.666663 -0.666663 -2.44968e-15 1.00001 1.00001 0.000325624 0.000325624 0 -0 0 -0 
-17.9343 0.333337 -0.000108942 -2.47691e-15 0.666663 -0.666663 -2.47691e-15 1.00001 1.00001 0.000326826 0.000326826 0 -0 0 -0 
-17.9306 0.333337 -0.000109344 -2.50444e-15 0.666663 -0.666663 -2.50444e-15 1.00001 1.00001 0.000328032 0.000328032 0 -0 0 -0 
-17.9269 0.333337 -0.000109748 -2.53228e-15 0.666663 -0.666663 -2.53228e-15 1.00001 1.00001 0.000329243 0.000329243 0 -0 0 -0 
-17.9232 0.333337 -0.000110153 -2.56043e-15 0.666663 -0.666663 -2.56043e-15 1.00001 1.00001 0.000330459 0.000330458 0 -0 0 -0 
-17.9195 0.333337 -0.000110559 -2.58889e-15 0.666663 -0.666663 -2.58889e-15 1.00001 1.00001 0.000331678 0.000331678 0 -0 0 -0 
-17.9159 0.333337 -0.000110968 -2.61767e-15 0.666663 -0.666663 -2.61767e-15 1.00001 1.00001 0.000332903 0.000332903 0 -0 0 -0 
-17.9122 0.333337 -0.000111377 -2.64677e-15 0.666663 -0.666663 -2.64677e-15 1.00001 1.00001 0.000334132 0.000334132 0 -0 0 -0 
-17.9085 0.333337 -0.000111788 -2.67619e-15 0.666663 -0.666663 -2.67619e-15 1.00001 1.00001 0.000335365 0.000335365 0 -0 0 -0 
-17.9048 0.333337 -0.000112201 -2.70594e-15 0.666663 -0.666663 -2.70594e-15 1.00001 1.00001 0.000336603 0.000336603 0 -0 0 -0 
-17.9011 0.333337 -0.000112615 -2.73602e-15 0.666663 -0.666663 -2.73602e-15 1.00001 1.00001 0.000337846 0.000337846 0 -0 0 -0 
-17.8974 0.333337 -0.000113031 -2.76643e-15 0.666663 -0.666663 -2.76643e-15 1.00001 1.00001 0.000339093 0.000339093 0 -0 0 -0 
-17.8937 0.333337 -0.000113448 -2.79718e-15 0.666663 -0.666663 -2.79718e-15 1.00001 1.00001 0.000340345 0.000340345 0 -0 0 -0 
-17.8901 0.333337 -0.000113867 -2.82827e-15 0.666663 -0.666663 -2.82827e-15 1.00001 1.00001 0.000341601 0.000341601 0 -0 0 -0 
-17.8864 0.333337 -0.000114287 -2.85971e-15 0.666663 -0.666663 -2.85971e-15 1.00001 1.00001 0.000342862 0.000342862 0 -0 0 -0 
-17.8827 0.333337 -0.000114709 -2.8915e-15 0.666663 -0.666663 -2.8915e-15 1.00001 1.00001 0.000344128 0.000344128 0 -0 0 -0 
-17.879 0.333337 -0.000115133 -2.92364e-15 0.666663 -0.666663 -2.92364e-15 1.00001 1.00001 0.000345398 0.000345398 0 -0 0 -0 
-17.8753 0.333337 -0.000115558 -2.95614e-15 0.666663 -0.666663 -2.95614e-15 1.00001 1.00001 0.000346673 0.000346673 0 -0 0 -0 
-17.8716 0.333337 -0.000115984 -2.989e-15 0.666663 -0.666663 -2.989e-15 1.00001 1.00001 0.000347953 0.000347953 0 -0 0 -0 
-17.8679 0.333337 -0.000116413 -3.02223e-15 0.666663 -0.666663 -3.02223e-15 1.00001 1.00001 0.000349238 0.000349238 0 -0 0 -0 
-17.8643 0.333337 -0.000116842 -3.05582e-15 0.666663 -0.666663 -3.05582e-15 1.00001 1.00001 0.000350527 0.000350527 0 -0 0 -0 
-17.8606 0.333337 -0.000117274 -3.08979e-15 0.666663 -0.666663 -3.08979e-15 1.00001 1.00001 0.000351821 0.000351821 0 -0 0 -0 
-17.8569 0.333337 -0.000117707 -3.12413e-15 0.666663 -0.666663 -3.12413e-15 1.00001 1.00001 0.00035312 0.00035312 0 -0 0 -0 
-17.8532 0.333337 -0.000118141 -3.15886e-15 0.666663 -0.666663 -3.15886e-15 1.00001 1.00001 0.000354423 0.000354423 0 -0 0 -0 
-17.8495 0.333337 -0.000118577 -3.19397e-15 0.666663 -0.666663 -3.19397e-15 1.00001 1.00001 0.000355731 0.000355731 0 -0 0 -0 
-17.8458 0.333337 -0.000119015 -3.22948e-15 0.666663 -0.666663 -3.22948e-15 1.00001 1.00001 0.000357045 0.000357045 0 -0 0 -0 
-17.8422 0.333337 -0.000119454 -3.26538e-15 0.666663 -0.666663 -3.26538e-15 1.00001 1.00001 0.000358363 0.000358363 0 -0 0 -0 
-17.8385 0.333337 -0.000119895 -3.30167e-15 0.666663 -0.666663 -3.30167e-15 1.00001 1.00001 0.000359686 0.000359686 0 -0 0 -0 
-17.8348 0.333337 -0.000120338 -3.33837e-15 0.666663 -0.666663 -3.33837e-15 1.00001 1.00001 0.000361013 0.000361013 0 -0 0 -0 
-17.8311 0.333337 -0.000120782 -3.37548e-15 0.666663 -0.666663 -3.37548e-15 1.00001 1.00001 0.000362346 0.000362346 0 -0 0 -0 
-17.8274 0.333337 -0.000121228 -3.413e-15 0.666663 -0.666663 -3.413e-15 1.00001 1.00001 0.000363684 0.000363684 0 -0 0 -0 
-17.8237 0.333337 -0.000121675 -3.45094e-15 0.666663 -0.666663 -3.45094e-15 1.00001 1.00001 0.000365026 0.000365026 0 -0 0 -0 
-17.82 0.333337 -0.000122125 -3.4893e-15 0.666663 -0.666663 -3.4893e-15 1.00001 1.00001 0.000366374 0.000366374 0 -0 0 -0 
-17.8164 0.333337 -0.000122575 -3.52809e-15 0.666663 -0.666663 -3.52809e-15 1.00001 1.00001 0.000367726 0.000367726 0 -0 0 -0 
-17.8127 0.333337 -0.000123028 -3.56731e-15 0.666663 -0.666663 -3.56731e-15 1.00001 1.00001 0.000369084 0.000369084 0 -0 0 -0 
-17.809 0.333337 -0.000123482 -3.60696e-15 0.666663 -0.666663 -3.60696e-15 1.00001 1.00001 0.000370446 0.000370446 0 -0 0 -0 
-17.8053 0.333337 -0.000123938 -3.64705e-15 0.666663 -0.666663 -3.64705e-15 1.00001 1.00001 0.000371814 0.000371814 0 -0 0 -0 
-17.8016 0.333337 -0.000124395 -3.68759e-15 0.666663 -0.666663 -3.68759e-15 1.00001 1.00001 0.000373186 0.000373186 0 -0 0 -0 
-17.7979 0.333338 -0.000124855 -3.72859e-15 0.666663 -0.666663 -3.72859e-15 1.00001 1.00001 0.000374564 0.000374564 0 -0 0 -0 
-17.7943 0.333338 -0.000125316 -3.77003e-15 0.666663 -0.666662 -3.77003e-15 1.00001 1.00001 0.000375947 0.000375947 0 -0 0 -0 
-17.7906 0.333338 -0.000125778 -3.81194e-15 0.666662 -0.666662 -3.81194e-15 1.00001 1.00001 0.000377334 0.000377334 0 -0 0 -0 
-17.7869 0.333338 -0.000126242 -3.85431e-15 0.666662 -0.666662 -3.85431e-15 1.00001 1.00001 0.000378727 0.000378727 0 -0 0 -0 
-17.7832 0.333338 -0.000126708 -3.89715e-15 0.666662 -0.666662 -3.89715e-15 1.00001 1.00001 0.000380126 0.000380125 0 -0 0 -0 
-17.7795 0.333338 -0.000127176 -3.94047e-15 0.666662 -0.666662 -3.94047e-15 1.00001 1.00001 0.000381529 0.000381529 0 -0 0 -0 
-17.7758 0.333338 -0.000127646 -3.98428e-15 0.666662 -0.666662 -3.98428e-15 1.00001 1.00001 0.000382937 0.000382937 0 -0 0 -0 
-17.7721 0.333338 -0.000128117 -4.02856e-15 0.666662 -0.666662 -4.02856e-15 1.00001 1.00001 0.000384351 0.000384351 0 -0 0 -0 
-17.7685 0.333338 -0.00012859 -4.07335e-15 0.666662 -0.666662 -4.07335e-15 1.00001 1.00001 0.00038577 0.00038577 0 -0 0 -0 
-17.7648 0.333338 -0.000129065 -4.11862e-15 0.666662 -0.666662 -4.11862e-15 1.00001 1.00001 0.000387194 0.000387194 0 -0 0 -0 
-17.7611 0.333338 -0.000129541 -4.16441e-15 0.666662 -0.666662 -4.16441e-15 1.00001 1.00001 0.000388623 0.000388623 0 -0 0 -0 
-17.7574 0.333338 -0.000130019 -4.2107e-15 0.666662 -0.666662 -4.2107e-15 1.00001 1.00001 0.000390058 0.000390058 0 -0 0 -0 
-17.7537 0.333338 -0.000130499 -4.2575e-15 0.666662 -0.666662 -4.2575e-15 1.00001 1.00001 0.000391498 0.000391498 0 -0 0 -0 
-17.75 0.333338 -0.000130981 -4.30483e-15 0.666662 -0.666662 -4.30483e-15 1.00001 1.00001 0.000392943 0.000392943 0 -0 0 -0 
-17.7463 0.333338 -0.000131464 -4.35268e-15 0.666662 -0.666662 -4.35268e-15 1.00001 1.00001 0.000394393 0.000394393 0 -0 0 -0 
-17.7427 0.333338 -0.00013195 -4.40106e-15 0.666662 -0.666662 -4.40106e-15 1.00001 1.00001 0.000395849 0.000395849 0 -0 0 -0 
-17.739 0.333338 -0.000132437 -4.44998e-15 0.666662 -0.666662 -4.44998e-15 1.00001 1.00001 0.000397311 0.000397311 0 -0 0 -0 
-17.7353 0.333338 -0.000132926 -4.49945e-15 0.666662 -0.666662 -4.49945e-15 1.00001 1.00001 0.000398777 0.000398777 0 -0 0 -0 
-17.7316 0.333338 -0.000133416 -4.54946e-15 0.666662 -0.666662 -4.54946e-15 1.00001 1.00001 0.000400249 0.000400249 0 -0 0 -0 
-17.7279 0.333338 -0.000133909 -4.60003e-15 0.666662 -0.666662 -4.60003e-15 1.00001 1.00001 0.000401727 0.000401727 0 -0 0 -0 
-17.7242 0.333338 -0.000134403 -4.65117e-15 0.666662 -0.666662 -4.65117e-15 1.00001 1.00001 0.00040321 0.00040321 0 -0 0 -0 
-17.7206 0.333338 -0.000134899 -4.70287e-15 0.666662 -0.666662 -4.70287e-15 1.00001 1.00001 0.000404698 0.000404698 0 -0 0 -0 
-17.7169 0.333338 -0.000135397 -4.75515e-15 0.666662 -0.666662 -4.75515e-15 1.00001 1.00001 0.000406192 0.000406192 0 -0 0 -0 
-17.7132 0.333338 -0.000135897 -4.808e-15 0.666662 -0.666662 -4.808e-15 1.00001 1.00001 0.000407692 0.000407692 0 -0 0 -0 
-17.7095 0.333338 -0.000136399 -4.86145e-15 0.666662 -0.666662 -4.86145e-15 1.00001 1.00001 0.000409197 0.000409197 0 -0 0 -0 
-17.7058 0.333338 -0.000136902 -4.91549e-15 0.666662 -0.666662 -4.91549e-15 1.00001 1.00001 0.000410707 0.000410707 0 -0 0 -0 
-17.7021 0.333338 -0.000137408 -4.97013e-15 0.666662 -0.666662 -4.97013e-15 1.00001 1.00001 0.000412223 0.000412223 0 -0 0 -0 
-17.6984 0.333338 -0.000137915 -5.02537e-15 0.666662 -0.666662 -5.02537e-15 1.00001 1.00001 0.000413745 0.000413745 0 -0 0 -0 
-17.6948 0.333338 -0.000138424 -5.08123e-15 0.666662 -0.666662 -5.08123e-15 1.00001 1.00001 0.000415272 0.000415272 0 -0 0 -0 
-17.6911 0.333338 -0.000138935 -5.13772e-15 0.666662 -0.666662 -5.13772e-15 1.00001 1.00001 0.000416805 0.000416805 0 -0 0 -0 
-17.6874 0.333338 -0.000139448 -5.19483e-15 0.666662 -0.666662 -5.19483e-15 1.00001 1.00001 0.000418344 0.000418344 0 -0 0 -0 
-17.6837 0.333338 -0.000139963 -5.25257e-15 0.666662 -0.666662 -5.25257e-15 1.00001 1.00001 0.000419888 0.000419888 0 -0 0 -0 
-17.68 0.333338 -0.000140479 -5.31096e-15 0.666662 -0.666662 -5.31096e-15 1.00001 1.00001 0.000421438 0.000421438 0 -0 0 -0 
-17.6763 0.333338 -0.000140998 -5.36999e-15 0.666662 -0.666662 -5.36999e-15 1.00001 1.00001 0.000422994 0.000422994 0 -0 0 -0 
-17.6727 0.333338 -0.000141519 -5.42968e-15 0.666662 -0.666662 -5.42968e-15 1.00001 1.00001 0.000424556 0.000424556 0 -0 0 -0 
-17.669 0.333338 -0.000142041 -5.49004e-15 0.666662 -0.666662 -5.49004e-15 1.00001 1.00001 0.000426123 0.000426123 0 -0 0 -0 
-17.6653 0.333338 -0.000142565 -5.55106e-15 0.666662 -0.666662 -5.55106e-15 1.00001 1.00001 0.000427696 0.000427696 0 -0 0 -0 
-17.6616 0.333338 -0.000143092 -5.61277e-15 0.666662 -0.666662 -5.61277e-15 1.00001 1.00001 0.000429275 0.000429275 0 -0 0 -0 
-17.6579 0.333338 -0.00014362 -5.67516e-15 0.666662 -0.666662 -5.67516e-15 1.00002 1.00002 0.00043086 0.000430859 0 -0 0 -0 
-17.6542 0.333338 -0.00014415 -5.73824e-15 0.666662 -0.666662 -5.73824e-15 1.00002 1.00002 0.00043245 0.00043245 0 -0 0 -0 
-17.6505 0.333338 -0.000144682 -5.80203e-15 0.666662 -0.666662 -5.80203e-15 1.00002 1.00002 0.000434046 0.000434046 0 -0 0 -0 
-17.6469 0.333338 -0.000145216 -5.86652e-15 0.666662 -0.666662 -5.86652e-15 1.00002 1.00002 0.000435649 0.000435649 0 -0 0 -0 
-17.6432 0.333338 -0.000145752 -5.93173e-15 0.666662 -0.666662 -5.93173e-15 1.00002 1.00002 0.000437257 0.000437257 0 -0 0 -0 
-17.6395 0.333338 -0.00014629 -5.99767e-15 0.666662 -0.666662 -5.99767e-15 1.00002 1.00002 0.000438871 0.000438871 0 -0 0 -0 
-17.6358 0.333338 -0.00014683 -6.06434e-15 0.666662 -0.666662 -6.06434e-15 1.00002 1.00002 0.000440491 0.000440491 0 -0 0 -0 
-17.6321 0.333339 -0.000147372 -6.13175e-15 0.666662 -0.666662 -6.13175e-15 1.00002 1.00002 0.000442117 0.000442117 0 -0 0 -0 
-17.6284 0.333339 -0.000147916 -6.19991e-15 0.666662 -0.666662 -6.19991e-15 1.00002 1.00002 0.000443749 0.000443749 0 -0 0 -0 
-17.6247 0.333339 -0.000148462 -6.26882e-15 0.666662 -0.666661 -6.26882e-15 1.00002 1.00002 0.000445387 0.000445387 0 -0 0 -0 
-17.6211 0.333339 -0.00014901 -6.33851e-15 0.666662 -0.666661 -6.33851e-15 1.00002 1.00002 0.000447032 0.000447031 0 -0 0 -0 
-17.6174 0.333339 -0.000149561 -6.40896e-15 0.666661 -0.666661 -6.40896e-15 1.00002 1.00002 0.000448682 0.000448682 0 -0 0 -0 
-17.6137 0.333339 -0.000150113 -6.4802e-15 0.666661 -0.666661 -6.4802e-15 1.00002 1.00002 0.000450338 0.000450338 0 -0 0 -0 
-17.61 0.333339 -0.000150667 -6.55224e-15 0.666661 -0.666661 -6.55224e-15 1.00002 1.00002 0.000452 0.000452 0 -0 0 -0 
-17.6063 0.333339 -0.000151223 -6.62507e-15 0.666661 -0.666661 -6.62507e-15 1.00002 1.00002 0.000453669 0.000453669 0 -0 0 -0 
-17.6026 0.333339 -0.000151781 -6.69871e-15 0.666661 -0.666661 -6.69871e-15 1.00002 1.00002 0.000455344 0.000455344 0 -0 0 -0 
-17.599 0.333339 -0.000152342 -6.77317e-15 0.666661 -0.666661 -6.77317e-15 1.00002 1.00002 0.000457025 0.000457025 0 -0 0 -0 
-17.5953 0.333339 -0.000152904 -6.84846e-15 0.666661 -0.666661 -6.84846e-15 1.00002 1.00002 0.000458712 0.000458712 0 -0 0 -0 
-17.5916 0.333339 -0.000153468 -6.92459e-15 0.666661 -0.666661 -6.92459e-15 1.00002 1.00002 0.000460405 0.000460405 0 -0 0 -0 
-17.5879 0.333339 -0.000154035 -7.00156e-15 0.666661 -0.666661 -7.00156e-15 1.00002 1.00002 0.000462105 0.000462105 0 -0 0 -0 
-17.5842 0.333339 -0.000154603 -7.07939e-15 0.666661 -0.666661 -7.07939e-15 1.00002 1.00002 0.000463811 0.00046381 0 -0 0 -0 
-17.5805 0.333339 -0.000155174 -7.15808e-15 0.666661 -0.666661 -7.15808e-15 1.00002 1.00002 0.000465523 0.000465523 0 -0 0 -0 
-17.5768 0.333339 -0.000155747 -7.23765e-15 0.666661 -0.666661 -7.23765e-15 1.00002 1.00002 0.000467241 0.000467241 0 -0 0 -0 
-17.5732 0.333339 -0.000156322 -7.3181e-15 0.666661 -0.666661 -7.3181e-15 1.00002 1.00002 0.000468966 0.000468966 0 -0 0 -0 
-17.5695 0.333339 -0.000156899 -7.39945e-15 0.666661 -0.666661 -7.39945e-15 1.00002 1.00002 0.000470697 0.000470697 0 -0 0 -0 
-17.5658 0.333339 -0.000157478 -7.4817e-15 0.666661 -0.666661 -7.4817e-15 1.00002 1.00002 0.000472435 0.000472435 0 -0 0 -0 
-17.5621 0.333339 -0.00015806 -7.56486e-15 0.666661 -0.666661 -7.56486e-15 1.00002 1.00002 0.000474179 0.000474179 0 -0 0 -0 
-17.5584 0.333339 -0.000158643 -7.64895e-15 0.666661 -0.666661 -7.64895e-15 1.00002 1.00002 0.000475929 0.000475929 0 -0 0 -0 
-17.5547 0.333339 -0.000159229 -7.73398e-15 0.666661 -0.666661 -7.73398e-15 1.00002 1.00002 0.000477686 0.000477686 0 -0 0 -0 
-17.5511 0.333339 -0.000159816 -7.81995e-15 0.666661 -0.666661 -7.81995e-15 1.00002 1.00002 0.000479449 0.000479449 0 -0 0 -0 
-17.5474 0.333339 -0.000160406 -7.90687e-15 0.666661 -0.666661 -7.90687e-15 1.00002 1.00002 0.000481219 0.000481219 0 -0 0 -0 
-17.5437 0.333339 -0.000160999 -7.99476e-15 0.666661 -0.666661 -7.99476e-15 1.00002 1.00002 0.000482996 0.000482996 0 -0 0 -0 
-17.54 0.333339 -0.000161593 -8.08363e-15 0.666661 -0.666661 -8.08363e-15 1.00002 1.00002 0.000484779 0.000484779 0 -0 0 -0 
-17.5363 0.333339 -0.000162189 -8.17348e-15 0.666661 -0.666661 -8.17348e-15 1.00002 1.00002 0.000486568 0.000486568 0 -0 0 -0 
-17.5326 0.333339 -0.000162788 -8.26434e-15 0.666661 -0.666661 -8.26434e-15 1.00002 1.00002 0.000488364 0.000488364 0 -0 0 -0 
-17.5289 0.333339 -0.000163389 -8.3562e-15 0.666661 -0.666661 -8.3562e-15 1.00002 1.00002 0.000490167 0.000490167 0 -0 0 -0 
-17.5253 0.333339 -0.000163992 -8.44909e-15 0.666661 -0.666661 -8.44909e-15 1.00002 1.00002 0.000491977 0.000491977 0 -0 0 -0 
-17.5216 0.333339 -0.000164598 -8.54301e-15 0.666661 -0.666661 -8.54301e-15 1.00002 1.00002 0.000493793 0.000493793 0 -0 0 -0 
-17.5179 0.333339 -0.000165205 -8.63797e-15 0.666661 -0.666661 -8.63797e-15 1.00002 1.00002 0.000495616 0.000495615 0 -0 0 -0 
-17.5142 0.333339 -0.000165815 -8.73399e-15 0.666661 -0.666661 -8.73399e-15 1.00002 1.00002 0.000497445 0.000497445 0 -0 0 -0 
-17.5105 0.333339 -0.000166427 -8.83107e-15 0.666661 -0.666661 -8.83107e-15 1.00002 1.00002 0.000499281 0.000499281 0 -0 0 -0 
-17.5068 0.333339 -0.000167041 -8.92923e-15 0.666661 -0.666661 -8.92923e-15 1.00002 1.00002 0.000501124 0.000501124 0 -0 0 -0 
-17.5031 0.333339 -0.000167658 -9.02849e-15 0.666661 -0.666661 -9.02849e-15 1.00002 1.00002 0.000502974 0.000502974 0 -0 0 -0 
-17.4995 0.333339 -0.000168277 -9.12885e-15 0.666661 -0.666661 -9.12885e-15 1.00002 1.00002 0.000504831 0.000504831 0 -0 0 -0 
-17.4958 0.333339 -0.000168898 -9.23032e-15 0.666661 -0.666661 -9.23032e-15 1.00002 1.00002 0.000506695 0.000506695 0 -0 0 -0 
-17.4921 0.333339 -0.000169522 -9.33292e-15 0.666661 -0.666661 -9.33292e-15 1.00002 1.00002 0.000508565 0.000508565 0 -0 0 -0 
-17.4884 0.333339 -0.000170147 -9.43667e-15 0.666661 -0.666661 -9.43667e-15 1.00002 1.00002 0.000510442 0.000510442 0 -0 0 -0 
-17.4847 0.333339 -0.000170776 -9.54156e-15 0.666661 -0.666661 -9.54156e-15 1.00002 1.00002 0.000512327 0.000512327 0 -0 0 -0 
-17.481 0.333339 -0.000171406 -9.64762e-15 0.666661 -0.666661 -9.64762e-15 1.00002 1.00002 0.000514218 0.000514218 0 -0 0 -0 
-17.4774 0.33334 -0.000172039 -9.75486e-15 0.666661 -0.666661 -9.75486e-15 1.00002 1.00002 0.000516116 0.000516116 0 -0 0 -0 
-17.4737 0.33334 -0.000172674 -9.8633e-15 0.666661 -0.666661 -9.8633e-15 1.00002 1.00002 0.000518021 0.000518021 0 -0 0 -0 
-17.47 0.33334 -0.000173311 -9.97293e-15 0.666661 -0.66666 -9.97293e-15 1.00002 1.00002 0.000519934 0.000519934 0 -0 0 -0 
-17.4663 0.33334 -0.000173951 -1.00838e-14 0.666661 -0.66666 -1.00838e-14 1.00002 1.00002 0.000521853 0.000521853 0 -0 0 -0 
-17.4626 0.33334 -0.000174593 -1.01959e-14 0.66666 -0.66666 -1.01959e-14 1.00002 1.00002 0.000523779 0.000523779 0 -0 0 -0 
-17.4589 0.33334 -0.000175238 -1.03092e-14 0.66666 -0.66666 -1.03092e-14 1.00002 1.00002 0.000525713 0.000525713 0 -0 0 -0 
-17.4552 0.33334 -0.000175884 -1.04238e-14 0.66666 -0.66666 -1.04238e-14 1.00002 1.00002 0.000527654 0.000527653 0 -0 0 -0 
-17.4516 0.33334 -0.000176534 -1.05397e-14 0.66666 -0.66666 -1.05397e-14 1.00002 1.00002 0.000529601 0.000529601 0 -0 0 -0 
-17.4479 0.33334 -0.000177185 -1.06568e-14 0.66666 -0.66666 -1.06568e-14 1.00002 1.00002 0.000531556 0.000531556 0 -0 0 -0 
-17.4442 0.33334 -0.00017784 -1.07753e-14 0.66666 -0.66666 -1.07753e-14 1.00002 1.00002 0.000533519 0.000533519 0 -0 0 -0 
-17.4405 0.33334 -0.000178496 -1.08951e-14 0.66666 -0.66666 -1.08951e-14 1.00002 1.00002 0.000535488 0.000535488 0 -0 0 -0 
-17.4368 0.33334 -0.000179155 -1.10162e-14 0.66666 -0.66666 -1.10162e-14 1.00002 1.00002 0.000537465 0.000537465 0 -0 0 -0 
-17.4331 0.33334 -0.000179816 -1.11386e-14 0.66666 -0.66666 -1.11386e-14 1.00002 1.00002 0.000539449 0.000539449 0 -0 0 -0 
-17.4294 0.33334 -0.00018048 -1.12624e-14 0.66666 -0.66666 -1.12624e-14 1.00002 1.00002 0.00054144 0.00054144 0 -0 0 -0 
-17.4258 0.33334 -0.000181146 -1.13876e-14 0.66666 -0.66666 -1.13876e-14 1.00002 1.00002 0.000543439 0.000543439 0 -0 0 -0 
-17.4221 0.33334 -0.000181815 -1.15142e-14 0.66666 -0.66666 -1.15142e-14 1.00002 1.00002 0.000545445 0.000545445 0 -0 0 -0 
-17.4184 0.33334 -0.000182486 -1.16422e-14 0.66666 -0.66666 -1.16422e-14 1.00002 1.00002 0.000547458 0.000547458 0 -0 0 -0 
-17.4147 0.33334 -0.00018316 -1.17716e-14 0.66666 -0.66666 -1.17716e-14 1.00002 1.00002 0.000549479 0.000549479 0 -0 0 -0 
-17.411 0.33334 -0.000183836 -1.19025e-14 0.66666 -0.66666 -1.19025e-14 1.00002 1.00002 0.000551508 0.000551508 0 -0 0 -0 
-17.4073 0.33334 -0.000184515 -1.20348e-14 0.66666 -0.66666 -1.20348e-14 1.00002 1.00002 0.000553544 0.000553544 0 -0 0 -0 
-17.4037 0.33334 -0.000185196 -1.21685e-14 0.66666 -0.66666 -1.21685e-14 1.00002 1.00002 0.000555587 0.000555587 0 -0 0 -0 
-17.4 0.33334 -0.000185879 -1.23038e-14 0.66666 -0.66666 -1.23038e-14 1.00002 1.00002 0.000557638 0.000557638 0 -0 0 -0 
-17.3963 0.33334 -0.000186565 -1.24406e-14 0.66666 -0.66666 -1.24406e-14 1.00002 1.00002 0.000559696 0.000559696 0 -0 0 -0 
-17.3926 0.33334 -0.000187254 -1.25789e-14 0.66666 -0.66666 -1.25789e-14 1.00002 1.00002 0.000561763 0.000561762 4.94066e-324 -0 0 -0 
-17.3889 0.33334 -0.000187945 -1.27187e-14 0.66666 -0.66666 -1.27187e-14 1.00002 1.00002 0.000563836 0.000563836 0 -0 0 -0 
-17.3852 0.33334 -0.000188639 -1.28601e-14 0.66666 -0.66666 -1.28601e-14 1.00002 1.00002 0.000565918 0.000565918 0 -0 0 -0 
-17.3815 0.33334 -0.000189336 -1.3003e-14 0.66666 -0.66666 -1.3003e-14 1.00002 1.00002 0.000568007 0.000568007 0 -0 0 -0 
-17.3779 0.33334 -0.000190034 -1.31475e-14 0.66666 -0.66666 -1.31475e-14 1.00002 1.00002 0.000570103 0.000570103 -4.94066e-324 0 -0 0 
-17.3742 0.33334 -0.000190736 -1.32937e-14 0.66666 -0.66666 -1.32937e-14 1.00002 1.00002 0.000572208 0.000572208 -9.88131e-324 0 -0 0 
-17.3705 0.33334 -0.00019144 -1.34415e-14 0.66666 -0.66666 -1.34415e-14 1.00002 1.00002 0.00057432 0.00057432 -4.94066e-324 0 -0 0 
-17.3668 0.33334 -0.000192147 -1.35909e-14 0.66666 -0.66666 -1.35909e-14 1.00002 1.00002 0.00057644 0.00057644 0 -0 0 -0 
-17.3631 0.33334 -0.000192856 -1.37419e-14 0.66666 -0.66666 -1.37419e-14 1.00002 1.00002 0.000578568 0.000578568 1.4822e-323 -0 0 -0 
-17.3594 0.33334 -0.000193568 -1.38947e-14 0.66666 -0.66666 -1.38947e-14 1.00002 1.00002 0.000580704 0.000580704 2.47033e-323 -0 0 -0 
-17.3558 0.33334 -0.000194282 -1.40491e-14 0.66666 -0.66666 -1.40491e-14 1.00002 1.00002 0.000582848 0.000582847 1.4822e-323 -0 0 -0 
-17.3521 0.33334 -0.000195 -1.42053e-14 0.66666 -0.66666 -1.42053e-14 1.00002 1.00002 0.000584999 0.000584999 4.94066e-324 -0 0 -0 
-17.3484 0.33334 -0.000195719 -1.43632e-14 0.66666 -0.66666 -1.43632e-14 1.00002 1.00002 0.000587159 0.000587158 -1.97626e-323 0 -0 0 
-17.3447 0.33334 -0.000196442 -1.45229e-14 0.66666 -0.66666 -1.45229e-14 1.00002 1.00002 0.000589326 0.000589326 -4.44659e-323 0 -0 0 
-17.341 0.333341 -0.000197167 -1.46843e-14 0.66666 -0.66666 -1.46843e-14 1.00002 1.00002 0.000591502 0.000591501 -6.42285e-323 0 -0 0 
-17.3373 0.333341 -0.000197895 -1.48475e-14 0.66666 -0.66666 -1.48475e-14 1.00002 1.00002 0.000593685 0.000593685 -5.92879e-323 0 -0 0 
-17.3336 0.333341 -0.000198625 -1.50126e-14 0.66666 -0.66666 -1.50126e-14 1.00002 1.00002 0.000595877 0.000595876 -1.4822e-323 0 -0 0 
-17.33 0.333341 -0.000199359 -1.51794e-14 0.66666 -0.666659 -1.51794e-14 1.00002 1.00002 0.000598076 0.000598076 7.90505e-323 -0 0 -0 
-17.3263 0.333341 -0.000200095 -1.53482e-14 0.66666 -0.666659 -1.53482e-14 1.00002 1.00002 0.000600284 0.000600284 1.67982e-322 -0 0 -0 
-17.3226 0.333341 -0.000200833 -1.55188e-14 0.666659 -0.666659 -1.55188e-14 1.00002 1.00002 0.0006025 0.0006025 2.37152e-322 -0 0 -0 
-17.3189 0.333341 -0.000201575 -1.56913e-14 0.666659 -0.666659 -1.56913e-14 1.00002 1.00002 0.000604724 0.000604724 2.17389e-322 -0 0 -0 
-17.3152 0.333341 -0.000202319 -1.58657e-14 0.666659 -0.666659 -1.58657e-14 1.00002 1.00002 0.000606956 0.000606956 5.43472e-323 -0 0 -0 
-17.3115 0.333341 -0.000203066 -1.60421e-14 0.666659 -0.666659 -1.60421e-14 1.00002 1.00002 0.000609197 0.000609197 -2.66795e-322 0 -0 0 
-17.3078 0.333341 -0.000203815 -1.62204e-14 0.666659 -0.666659 -1.62204e-14 1.00002 1.00002 0.000611446 0.000611445 -6.37345e-322 0 -0 0 
-17.3042 0.333341 -0.000204568 -1.64007e-14 0.666659 -0.666659 -1.64007e-14 1.00002 1.00002 0.000613703 0.000613703 -8.69556e-322 0 -0 0 
-17.3005 0.333341 -0.000205323 -1.6583e-14 0.666659 -0.666659 -1.6583e-14 1.00002 1.00002 0.000615968 0.000615968 -8.00386e-322 0 -0 0 
-17.2968 0.333341 -0.000206081 -1.67673e-14 0.666659 -0.666659 -1.67673e-14 1.00002 1.00002 0.000618242 0.000618242 -2.37152e-322 0 -0 0 
-17.2931 0.333341 -0.000206841 -1.69537e-14 0.666659 -0.666659 -1.69537e-14 1.00002 1.00002 0.000620524 0.000620524 9.48606e-322 -0 0 -0 
-17.2894 0.333341 -0.000207605 -1.71421e-14 0.666659 -0.666659 -1.71421e-14 1.00002 1.00002 0.000622815 0.000622815 2.35175e-321 -0 0 -0 
-17.2857 0.333341 -0.000208371 -1.73327e-14 0.666659 -0.666659 -1.73327e-14 1.00002 1.00002 0.000625114 0.000625114 3.27566e-321 -0 0 -0 
-17.2821 0.333341 -0.00020914 -1.75254e-14 0.666659 -0.666659 -1.75254e-14 1.00002 1.00002 0.000627421 0.000627421 3.00886e-321 -0 0 -0 
-17.2784 0.333341 -0.000209912 -1.77202e-14 0.666659 -0.666659 -1.77202e-14 1.00002 1.00002 0.000629738 0.000629737 8.94259e-322 -0 0 -0 
-17.2747 0.333341 -0.000210687 -1.79171e-14 0.666659 -0.666659 -1.79171e-14 1.00002 1.00002 0.000632062 0.000632062 -3.55727e-321 0 -0 0 
-17.271 0.333341 -0.000211465 -1.81163e-14 0.666659 -0.666659 -1.81163e-14 1.00002 1.00002 0.000634395 0.000634395 -8.75978e-321 4.94066e-324 -0 0 
-17.2673 0.333341 -0.000212246 -1.83177e-14 0.666659 -0.666659 -1.83177e-14 1.00002 1.00002 0.000636737 0.000636737 -1.21935e-320 4.94066e-324 -0 0 
-17.2636 0.333341 -0.000213029 -1.85213e-14 0.666659 -0.666659 -1.85213e-14 1.00002 1.00002 0.000639088 0.000639087 -1.12548e-320 4.94066e-324 -0 0 
-17.2599 0.333341 -0.000213816 -1.87272e-14 0.666659 -0.666659 -1.87272e-14 1.00002 1.00002 0.000641447 0.000641447 -3.38435e-321 0 -0 0 
-17.2563 0.333341 -0.000214605 -1.89353e-14 0.666659 -0.666659 -1.89353e-14 1.00002 1.00002 0.000643815 0.000643814 1.3152e-320 -4.94066e-324 0 -0 
-17.2526 0.333341 -0.000215397 -1.91458e-14 0.666659 -0.666659 -1.91458e-14 1.00002 1.00002 0.000646191 0.000646191 3.26281e-320 -1.4822e-323 0 -0 
-17.2489 0.333341 -0.000216192 -1.93586e-14 0.666659 -0.666659 -1.93586e-14 1.00002 1.00002 0.000648577 0.000648576 4.54837e-320 -1.97626e-323 0 -4.94066e-324 
-17.2452 0.333341 -0.00021699 -1.95738e-14 0.666659 -0.666659 -1.95738e-14 1.00002 1.00002 0.000650971 0.000650971 4.20845e-320 -1.97626e-323 0 -4.94066e-324 
-17.2415 0.333341 -0.000217791 -1.97914e-14 0.666659 -0.666659 -1.97914e-14 1.00002 1.00002 0.000653374 0.000653374 1.2821e-320 -4.94066e-324 0 -0 
-17.2378 0.333341 -0.000218595 -2.00114e-14 0.666659 -0.666659 -2.00114e-14 1.00002 1.00002 0.000655786 0.000655785 -4.87939e-320 1.97626e-323 -0 4.94066e-324 
-17.2342 0.333341 -0.000219402 -2.02338e-14 0.666659 -0.666659 -2.02338e-14 1.00002 1.00002 0.000658206 0.000658206 -1.2154e-319 4.94066e-323 -4.94066e-324 9.88131e-324 
-17.2305 0.333341 -0.000220212 -2.04587e-14 0.666659 -0.666659 -2.04587e-14 1.00002 1.00002 0.000660636 0.000660636 -1.69657e-319 6.91692e-323 -4.94066e-324 1.4822e-323 
-17.2268 0.333341 -0.000221025 -2.06862e-14 0.666659 -0.666659 -2.06862e-14 1.00002 1.00002 0.000663075 0.000663075 -1.57291e-319 6.42285e-323 -4.94066e-324 9.88131e-324 
-17.2231 0.333341 -0.000221841 -2.09161e-14 0.666659 -0.666659 -2.09161e-14 1.00002 1.00002 0.000665522 0.000665522 -4.85419e-320 1.97626e-323 -0 4.94066e-324 
-17.2194 0.333342 -0.00022266 -2.11486e-14 0.666659 -0.666659 -2.11486e-14 1.00002 1.00002 0.000667979 0.000667979 1.80996e-319 -7.41098e-323 4.94066e-324 -1.4822e-323 
-17.2157 0.333342 -0.000223482 -2.13837e-14 0.666659 -0.666659 -2.13837e-14 1.00002 1.00002 0.000670445 0.000670445 4.52569e-319 -1.87745e-322 1.97626e-323 -3.45846e-323 
-17.212 0.333342 -0.000224307 -2.16214e-14 0.666659 -0.666659 -2.16214e-14 1.00002 1.00002 0.00067292 0.00067292 6.32804e-319 -2.61855e-322 2.47033e-323 -4.94066e-323 
-17.2084 0.333342 -0.000225135 -2.18617e-14 0.666659 -0.666659 -2.18617e-14 1.00002 1.00002 0.000675404 0.000675404 5.878e-319 -2.42092e-322 2.47033e-323 -4.44659e-323 
-17.2047 0.333342 -0.000225966 -2.21047e-14 0.666659 -0.666658 -2.21047e-14 1.00002 1.00002 0.000677897 0.000677897 1.83659e-319 -7.41098e-323 9.88131e-324 -1.4822e-323 
-17.201 0.333342 -0.0002268 -2.23504e-14 0.666659 -0.666658 -2.23504e-14 1.00003 1.00003 0.000680399 0.000680399 -6.71415e-319 2.76677e-322 -2.47033e-323 4.94066e-323 
-17.1973 0.333342 -0.000227637 -2.25989e-14 0.666658 -0.666658 -2.25989e-14 1.00003 1.00003 0.000682911 0.000682911 -1.68532e-318 6.96633e-322 -6.91692e-323 1.28457e-322 
-17.1936 0.333342 -0.000228477 -2.28501e-14 0.666658 -0.666658 -2.28501e-14 1.00003 1.00003 0.000685432 0.000685432 -2.36031e-318 9.73309e-322 -9.38725e-323 1.77864e-322 
-17.1899 0.333342 -0.000229321 -2.31041e-14 0.666658 -0.666658 -2.31041e-14 1.00003 1.00003 0.000687962 0.000687962 -2.19669e-318 9.09081e-322 -8.89318e-323 1.67982e-322 
-17.1862 0.333342 -0.000230167 -2.33609e-14 0.666658 -0.666658 -2.33609e-14 1.00003 1.00003 0.000690502 0.000690501 -6.94834e-319 2.86558e-322 -2.96439e-323 5.43472e-323 
-17.1826 0.333342 -0.000231017 -2.36205e-14 0.666658 -0.666658 -2.36205e-14 1.00003 1.00003 0.000693051 0.00069305 2.49058e-318 -1.02766e-321 9.88131e-323 -1.87745e-322 
-17.1789 0.333342 -0.00023187 -2.38831e-14 0.666658 -0.666658 -2.38831e-14 1.00003 1.00003 0.000695609 0.000695609 6.27582e-318 -2.5889e-321 2.51973e-322 -4.74303e-322 
-17.1752 0.333342 -0.000232725 -2.41486e-14 0.666658 -0.666658 -2.41486e-14 1.00003 1.00003 0.000698177 0.000698176 8.80371e-318 -3.63138e-321 3.55727e-322 -6.66989e-322 
-17.1715 0.333342 -0.000233585 -2.4417e-14 0.666658 -0.666658 -2.4417e-14 1.00003 1.00003 0.000700754 0.000700754 8.20938e-318 -3.38929e-321 3.31024e-322 -6.17582e-322 
-17.1678 0.333342 -0.000234447 -2.46884e-14 0.666658 -0.666658 -2.46884e-14 1.00003 1.00003 0.000703341 0.00070334 2.62804e-318 -1.08694e-321 1.08694e-322 -1.97626e-322 
-17.1641 0.333342 -0.000235312 -2.49628e-14 0.666658 -0.666658 -2.49628e-14 1.00003 1.00003 0.000705937 0.000705937 -9.2383e-318 3.81419e-321 -3.7549e-322 6.96633e-322 
-17.1605 0.333342 -0.000236181 -2.52403e-14 0.666658 -0.666658 -2.52403e-14 1.00003 1.00003 0.000708543 0.000708543 -2.33699e-317 9.64416e-321 -9.48606e-322 1.76381e-321 
-17.1568 0.333342 -0.000237053 -2.55209e-14 0.666658 -0.666658 -2.55209e-14 1.00003 1.00003 0.000711158 0.000711158 -3.28367e-317 1.35522e-320 -1.32904e-321 2.48021e-321 
-17.1531 0.333342 -0.000237928 -2.58046e-14 0.666658 -0.666658 -2.58046e-14 1.00003 1.00003 0.000713784 0.000713783 -3.06792e-317 1.26629e-320 -1.24505e-321 2.31717e-321 
-17.1494 0.333342 -0.000238806 -2.60914e-14 0.666658 -0.666658 -2.60914e-14 1.00003 1.00003 0.000716418 0.000716418 -9.93775e-318 4.10074e-321 -4.05134e-322 7.5098e-322 
-17.1457 0.333342 -0.000239688 -2.63814e-14 0.666658 -0.666658 -2.63814e-14 1.00003 1.00003 0.000719063 0.000719063 3.42665e-317 -1.41402e-320 1.38832e-321 -2.5889e-321 
-17.142 0.333342 -0.000240572 -2.66747e-14 0.666658 -0.666658 -2.66747e-14 1.00003 1.00003 0.000721717 0.000721717 8.70237e-317 -3.59136e-320 3.52763e-321 -6.57601e-321 
-17.1383 0.333342 -0.00024146 -2.69712e-14 0.666658 -0.666658 -2.69712e-14 1.00003 1.00003 0.000724381 0.000724381 1.22476e-316 -5.05479e-320 4.96536e-321 -9.25385e-321 
-17.1347 0.333342 -0.000242352 -2.7271e-14 0.666658 -0.666658 -2.7271e-14 1.00003 1.00003 0.000727055 0.000727055 1.14649e-316 -4.73167e-320 4.64916e-321 -8.66591e-321 
-17.131 0.333342 -0.000243246 -2.75741e-14 0.666658 -0.666658 -2.75741e-14 1.00003 1.00003 0.000729739 0.000729739 3.75709e-317 -1.55038e-320 1.52666e-321 -2.84088e-321 
-17.1273 0.333342 -0.000244144 -2.78806e-14 0.666658 -0.666658 -2.78806e-14 1.00003 1.00003 0.000732433 0.000732433 -1.27096e-316 5.245e-320 -5.15805e-321 9.60464e-321 
-17.1236 0.333342 -0.000245045 -2.81905e-14 0.666658 -0.666658 -2.81905e-14 1.00003 1.00003 0.000735137 0.000735136 -3.24053e-316 1.33729e-319 -1.3152e-320 2.44958e-320 
-17.1199 0.333342 -0.00024595 -2.85039e-14 0.666658 -0.666658 -2.85039e-14 1.00003 1.00003 0.00073785 0.00073785 -4.56814e-316 1.88516e-319 -1.85423e-320 3.45302e-320 
-17.1162 0.333342 -0.000246858 -2.88207e-14 0.666658 -0.666658 -2.88207e-14 1.00003 1.00003 0.000740574 0.000740574 -4.28445e-316 1.76806e-319 -1.73911e-320 3.23909e-320 
-17.1126 0.333343 -0.000247769 -2.91411e-14 0.666658 -0.666658 -2.91411e-14 1.00003 1.00003 0.000743308 0.000743308 -1.42012e-316 5.86061e-320 -5.76575e-321 1.0736e-320 
-17.1089 0.333343 -0.000248684 -2.9465e-14 0.666658 -0.666658 -2.9465e-14 1.00003 1.00003 0.000746052 0.000746051 4.71392e-316 -1.94528e-319 1.91401e-320 -3.56419e-320 
-17.1052 0.333343 -0.000249602 -2.97925e-14 0.666658 -0.666658 -2.97925e-14 1.00003 1.00003 0.000748806 0.000748805 1.20667e-315 -4.97944e-319 4.90064e-320 -9.1244e-320 
-17.1015 0.333343 -0.000250523 -3.01237e-14 0.666658 -0.666658 -3.01237e-14 1.00003 1.00003 0.00075157 0.000751569 1.70383e-315 -7.0309e-319 6.92038e-320 -1.28847e-319 
-17.0978 0.333343 -0.000251448 -3.04585e-14 0.666658 -0.666658 -3.04585e-14 1.00003 1.00003 0.000754344 0.000754344 1.60108e-315 -6.60684e-319 6.50437e-320 -1.21086e-319 
-17.0941 0.333343 -0.000252376 -3.07971e-14 0.666658 -0.666657 -3.07971e-14 1.00003 1.00003 0.000757129 0.000757128 5.36677e-316 -2.21455e-319 2.18031e-320 -4.05924e-320 
-17.0904 0.333343 -0.000253308 -3.11394e-14 0.666658 -0.666657 -3.11394e-14 1.00003 1.00003 0.000759923 0.000759923 -1.7483e-315 7.21415e-319 -7.10417e-320 1.32237e-319 
-17.0868 0.333343 -0.000254243 -3.14856e-14 0.666657 -0.666657 -3.14856e-14 1.00003 1.00003 0.000762729 0.000762728 -4.49325e-315 1.85408e-318 -1.82612e-319 3.39888e-319 
-17.0831 0.333343 -0.000255181 -3.18355e-14 0.666657 -0.666657 -3.18355e-14 1.00003 1.00003 0.000765544 0.000765544 -6.3549e-315 2.62222e-318 -2.58307e-319 4.80746e-319 
-17.0794 0.333343 -0.000256123 -3.21894e-14 0.666657 -0.666657 -3.21894e-14 1.00003 1.00003 0.00076837 0.00076837 -5.98311e-315 2.46878e-318 -2.43233e-319 4.52653e-319 
-17.0757 0.333343 -0.000257069 -3.25472e-14 0.666657 -0.666657 -3.25472e-14 1.00003 1.00003 0.000771206 0.000771206 -2.02776e-315 8.36695e-319 -8.24447e-320 1.53422e-319 
-17.072 0.333343 -0.000258018 -3.2909e-14 0.666657 -0.666657 -3.2909e-14 1.00003 1.00003 0.000774053 0.000774053 6.48385e-315 -2.67534e-318 2.63668e-319 -4.90612e-319 
-17.0683 0.333343 -0.00025897 -3.32748e-14 0.666657 -0.666657 -3.32748e-14 1.00003 1.00003 0.00077691 0.00077691 1.67312e-314 -6.90349e-318 6.80477e-319 -1.2661e-318 
-17.0646 0.333343 -0.000259926 -3.36447e-14 0.666657 -0.666657 -3.36447e-14 1.00003 1.00003 0.000779778 0.000779778 2.37022e-314 -9.77969e-318 9.64135e-319 -1.79375e-318 
-17.061 0.333343 -0.000260885 -3.40187e-14 0.666657 -0.666657 -3.40187e-14 1.00003 1.00003 0.000782657 0.000782656 2.23581e-314 -9.22499e-318 9.09595e-319 -1.69216e-318 
-17.0573 0.333343 -0.000261848 -3.43968e-14 0.666657 -0.666657 -3.43968e-14 1.00003 1.00003 0.000785546 0.000785545 7.66016e-315 -3.16055e-318 3.11686e-319 -5.79796e-319 
-17.0536 0.333343 -0.000262815 -3.47791e-14 0.666657 -0.666657 -3.47791e-14 1.00003 1.00003 0.000788446 0.000788445 -2.40456e-314 9.92101e-318 -9.78541e-319 1.82016e-318 
-17.0499 0.333343 -0.000263785 -3.51657e-14 0.666657 -0.666657 -3.51657e-14 1.00003 1.00003 0.000791356 0.000791356 -6.23005e-314 2.57044e-317 -2.53571e-318 4.71627e-318 
-17.0462 0.333343 -0.000264759 -3.55566e-14 0.666657 -0.666657 -3.55566e-14 1.00003 1.00003 0.000794277 0.000794277 -8.84031e-314 3.64735e-317 -3.59867e-318 6.69281e-318 
-17.0425 0.333343 -0.000265736 -3.59519e-14 0.666657 -0.666657 -3.59519e-14 1.00003 1.00003 0.000797209 0.000797209 -8.35486e-314 3.44702e-317 -3.40157e-318 6.32577e-318 
-17.0389 0.333343 -0.000266717 -3.63515e-14 0.666657 -0.666657 -3.63515e-14 1.00003 1.00003 0.000800152 0.000800152 -2.89321e-314 1.19365e-317 -1.17811e-318 2.19073e-318 
-17.0352 0.333343 -0.000267702 -3.67556e-14 0.666657 -0.666657 -3.67556e-14 1.00003 1.00003 0.000803106 0.000803105 8.91709e-314 -3.67889e-317 3.63157e-318 -6.75252e-318 
-17.0315 0.333343 -0.00026869 -3.71641e-14 0.666657 -0.666657 -3.71641e-14 1.00003 1.00003 0.00080607 0.00080607 2.31981e-313 -9.57063e-317 9.44909e-318 -1.75683e-317 
-17.0278 0.333343 -0.000269682 -3.75772e-14 0.666657 -0.666657 -3.75772e-14 1.00003 1.00003 0.000809046 0.000809045 3.29719e-313 -1.36027e-316 1.34322e-317 -2.49721e-317 
-17.0241 0.333343 -0.000270677 -3.79949e-14 0.666657 -0.666657 -3.79949e-14 1.00003 1.00003 0.000812032 0.000812032 3.12204e-313 -1.288e-316 1.27207e-317 -2.36475e-317 
-17.0204 0.333343 -0.000271676 -3.84173e-14 0.666657 -0.666657 -3.84173e-14 1.00003 1.00003 0.00081503 0.000815029 1.09255e-313 -4.50729e-317 4.45228e-318 -8.27608e-318 
-17.0167 0.333343 -0.000272679 -3.88443e-14 0.666657 -0.666657 -3.88443e-14 1.00003 1.00003 0.000818038 0.000818038 -3.3067e-313 1.36415e-316 -1.34772e-317 2.50502e-317 
-17.0131 0.333344 -0.000273686 -3.92761e-14 0.666657 -0.666657 -3.92761e-14 1.00003 1.00003 0.000821058 0.000821057 -8.6379e-313 3.56345e-316 -3.52113e-317 6.54425e-317 
-17.0094 0.333344 -0.000274696 -3.97126e-14 0.666657 -0.666657 -3.97126e-14 1.00003 1.00003 0.000824089 0.000824088 -1.22975e-312 5.07309e-316 -5.0137e-317 9.31758e-317 
-17.0057 0.333344 -0.00027571 -4.01541e-14 0.666657 -0.666657 -4.01541e-14 1.00003 1.00003 0.000827131 0.00082713 -1.16663e-312 4.81263e-316 -4.75709e-317 8.84004e-317 
-17.002 0.333344 -0.000276728 -4.06004e-14 0.666657 -0.666657 -4.06004e-14 1.00003 1.00003 0.000830184 0.000830183 -4.12507e-313 1.70168e-316 -1.68232e-317 3.126e-317 
-16.9983 0.333344 -0.000277749 -4.10517e-14 0.666657 -0.666657 -4.10517e-14 1.00003 1.00003 0.000833248 0.000833248 1.22617e-312 -5.05813e-316 5.00146e-317 -9.29273e-317 
-16.9946 0.333344 -0.000278775 -4.1508e-14 0.666657 -0.666657 -4.1508e-14 1.00003 1.00003 0.000836324 0.000836324 3.21633e-312 -1.32677e-315 1.31213e-316 -2.43775e-316 
-16.9909 0.333344 -0.000279804 -4.19694e-14 0.666657 -0.666656 -4.19694e-14 1.00003 1.00003 0.000839411 0.000839411 4.58656e-312 -1.89198e-315 1.87142e-316 -3.47657e-316 
-16.9873 0.333344 -0.000280836 -4.24359e-14 0.666657 -0.666656 -4.24359e-14 1.00003 1.00003 0.00084251 0.000842509 4.35934e-312 -1.79823e-315 1.77899e-316 -3.30462e-316 
-16.9836 0.333344 -0.000281873 -4.29076e-14 0.666656 -0.666656 -4.29076e-14 1.00003 1.00003 0.00084562 0.000845619 1.55721e-312 -6.42338e-316 6.35578e-317 -1.18055e-316 
-16.9799 0.333344 -0.000282914 -4.33846e-14 0.666656 -0.666656 -4.33846e-14 1.00003 1.00003 0.000848741 0.000848741 -4.54663e-312 1.87543e-315 -1.85602e-316 3.44717e-316 
-16.9762 0.333344 -0.000283958 -4.38668e-14 0.666656 -0.666656 -4.38668e-14 1.00003 1.00003 0.000851874 0.000851874 -1.1976e-311 4.93989e-315 -4.8896e-316 9.08071e-316 
-16.9725 0.333344 -0.000285006 -4.43544e-14 0.666656 -0.666656 -4.43544e-14 1.00003 1.00003 0.000855019 0.000855018 -1.71062e-311 7.05595e-315 -6.98534e-316 1.29718e-315 
-16.9688 0.333344 -0.000286058 -4.48474e-14 0.666656 -0.666656 -4.48474e-14 1.00003 1.00003 0.000858175 0.000858174 -1.62894e-311 6.71894e-315 -6.65287e-316 1.23534e-315 
-16.9652 0.333344 -0.000287114 -4.5346e-14 0.666656 -0.666656 -4.5346e-14 1.00003 1.00003 0.000861343 0.000861342 -5.87744e-312 2.42425e-315 -2.40084e-316 4.45767e-316 
-16.9615 0.333344 -0.000288174 -4.585e-14 0.666656 -0.666656 -4.585e-14 1.00003 1.00003 0.000864522 0.000864522 1.68583e-311 -6.95339e-315 6.88745e-316 -1.2787e-315 
-16.9578 0.333344 -0.000289238 -4.63597e-14 0.666656 -0.666656 -4.63597e-14 1.00003 1.00003 0.000867713 0.000867713 4.45919e-311 -1.83922e-314 1.8221e-315 -3.38259e-315 
-16.9541 0.333344 -0.000290305 -4.6875e-14 0.666656 -0.666656 -4.6875e-14 1.00003 1.00003 0.000870916 0.000870916 6.37999e-311 -2.63143e-314 2.6074e-315 -4.84005e-315 
-16.9504 0.333344 -0.000291377 -4.7396e-14 0.666656 -0.666656 -4.7396e-14 1.00003 1.00003 0.000874131 0.000874131 6.08674e-311 -2.51045e-314 2.48797e-315 -4.61798e-315 
-16.9467 0.333344 -0.000292453 -4.79228e-14 0.666656 -0.666656 -4.79228e-14 1.00003 1.00003 0.000877358 0.000877358 2.218e-311 -9.14791e-315 9.06761e-316 -1.68293e-315 
-16.943 0.333344 -0.000293532 -4.84555e-14 0.666656 -0.666656 -4.84555e-14 1.00003 1.00003 0.000880597 0.000880596 -6.25058e-311 2.57795e-314 -2.55579e-315 4.7431e-315 
-16.9394 0.333344 -0.000294616 -4.89941e-14 0.666656 -0.666656 -4.89941e-14 1.00003 1.00003 0.000883847 0.000883847 -1.66034e-310 6.84774e-314 -6.79008e-315 1.26002e-314 
-16.9357 0.333344 -0.000295703 -4.95387e-14 0.666656 -0.666656 -4.95387e-14 1.00003 1.00003 0.00088711 0.000887109 -2.37948e-310 9.81354e-314 -9.73267e-315 1.80593e-314 
-16.932 0.333344 -0.000296795 -5.00894e-14 0.666656 -0.666656 -5.00894e-14 1.00003 1.00003 0.000890384 0.000890384 -2.27436e-310 9.37988e-314 -9.30428e-315 1.7263e-314 
-16.9283 0.333344 -0.00029789 -5.06462e-14 0.666656 -0.666656 -5.06462e-14 1.00003 1.00003 0.000893671 0.000893671 -8.36884e-311 3.45141e-314 -3.42422e-315 6.35271e-315 
-16.9246 0.333345 -0.00029899 -5.12091e-14 0.666656 -0.666656 -5.12091e-14 1.00003 1.00003 0.00089697 0.000896969 2.31745e-310 -9.55732e-314 9.48375e-315 -1.75931e-314 
-16.9209 0.333345 -0.000300093 -5.17784e-14 0.666656 -0.666656 -5.17784e-14 1.00003 1.00003 0.000900281 0.00090028 6.18211e-310 -2.54951e-313 2.53034e-314 -4.69361e-314 
-16.9173 0.333345 -0.000301201 -5.23539e-14 0.666656 -0.666656 -5.23539e-14 1.00003 1.00003 0.000903604 0.000903604 8.87447e-310 -3.65979e-313 3.63295e-314 -6.73832e-314 
-16.9136 0.333345 -0.000302313 -5.29358e-14 0.666656 -0.666656 -5.29358e-14 1.00003 1.00003 0.00090694 0.000906939 8.49826e-310 -3.5046e-313 3.47954e-314 -6.45324e-314 
-16.9099 0.333345 -0.000303429 -5.35243e-14 0.666656 -0.666656 -5.35243e-14 1.00003 1.00003 0.000910287 0.000910287 3.1572e-310 -1.30198e-313 1.29291e-314 -2.39767e-314 
-16.9062 0.333345 -0.000304549 -5.41192e-14 0.666656 -0.666656 -5.41192e-14 1.00003 1.00003 0.000913648 0.000913647 -8.5918e-310 3.54307e-313 -3.51905e-314 6.52544e-314 
-16.9025 0.333345 -0.000305673 -5.47208e-14 0.666656 -0.666656 -5.47208e-14 1.00003 1.00003 0.00091702 0.00091702 -2.30182e-309 9.49207e-313 -9.42947e-314 1.74838e-313 
-16.8988 0.333345 -0.000306801 -5.5329e-14 0.666656 -0.666655 -5.5329e-14 1.00003 1.00003 0.000920405 0.000920404 -3.30978e-309 1.36485e-312 -1.3561e-313 2.51422e-313 
-16.8951 0.333345 -0.000307934 -5.5944e-14 0.666656 -0.666655 -5.5944e-14 1.00003 1.00003 0.000923803 0.000923802 -3.17538e-309 1.3094e-312 -1.30126e-313 2.41234e-313 
-16.8915 0.333345 -0.000309071 -5.65659e-14 0.666655 -0.666655 -5.65659e-14 1.00003 1.00003 0.000927213 0.000927212 -1.1909e-309 4.91074e-313 -4.88111e-314 9.0481e-314 
-16.8878 0.333345 -0.000310212 -5.71947e-14 0.666655 -0.666655 -5.71947e-14 1.00003 1.00003 0.000930635 0.000930635 3.18523e-309 -1.31343e-312 1.30575e-313 -2.42027e-313 
-16.8841 0.333345 -0.000311357 -5.78304e-14 0.666655 -0.666655 -5.78304e-14 1.00004 1.00004 0.00093407 0.00093407 8.57042e-309 -3.53396e-312 3.51397e-313 -6.51274e-313 
-16.8804 0.333345 -0.000312506 -5.84732e-14 0.666655 -0.666655 -5.84732e-14 1.00004 1.00004 0.000937518 0.000937518 1.2344e-308 -5.08988e-312 5.06206e-313 -9.38116e-313 
-16.8767 0.333345 -0.000313659 -5.91232e-14 0.666655 -0.666655 -5.91232e-14 1.00004 1.00004 0.000940979 0.000940978 1.18647e-308 -4.89219e-312 4.86638e-313 -9.01775e-313 
-16.873 0.333345 -0.000314817 -5.97804e-14 0.666655 -0.666655 -5.97804e-14 1.00004 1.00004 0.000944452 0.000944452 4.49142e-309 -1.85193e-312 1.84251e-313 -3.41402e-313 
-16.8693 0.333345 -0.000315979 -6.04449e-14 0.666655 -0.666655 -6.04449e-14 1.00004 1.00004 0.000947939 0.000947938 -1.18081e-308 4.86872e-312 -4.8449e-313 8.97642e-313 
-16.8657 0.333345 -0.000317146 -6.11167e-14 0.666655 -0.666655 -6.11167e-14 1.00004 1.00004 0.000951438 0.000951437 -3.19102e-308 1.3157e-311 -1.30952e-312 2.42601e-312 
-16.862 0.333345 -0.000318316 -6.17961e-14 0.666655 -0.666655 -6.17961e-14 1.00004 1.00004 0.00095495 0.000954949 -4.6037e-308 1.89814e-311 -1.88959e-312 3.50034e-312 
-16.8583 0.333345 -0.000319491 -6.2483e-14 0.666655 -0.666655 -6.2483e-14 1.00004 1.00004 0.000958475 0.000958474 -4.43315e-308 1.8278e-311 -1.81991e-312 3.37099e-312 
-16.8546 0.333345 -0.000320671 -6.31775e-14 0.666655 -0.666655 -6.31775e-14 1.00004 1.00004 0.000962013 0.000962012 -1.69368e-308 6.98297e-312 -6.95421e-313 1.288e-312 
-16.8509 0.333345 -0.000321854 -6.38798e-14 0.666655 -0.666655 -6.38798e-14 1.00004 1.00004 0.000965564 0.000965563 4.37727e-308 -1.8047e-311 1.79763e-312 -3.32912e-312 
-16.8472 0.333346 -0.000323042 -6.45898e-14 0.666655 -0.666655 -6.45898e-14 1.00004 1.00004 0.000969128 0.000969127 1.1881e-307 -4.89834e-311 4.88009e-312 -9.03692e-312 
-16.8436 0.333346 -0.000324235 -6.53078e-14 0.666655 -0.666655 -6.53078e-14 1.00004 1.00004 0.000972705 0.000972705 1.71694e-307 -7.07858e-311 7.0536e-312 -1.30607e-311 
-16.8399 0.333346 -0.000325432 -6.60337e-14 0.666655 -0.666655 -6.60337e-14 1.00004 1.00004 0.000976296 0.000976295 1.6564e-307 -6.82885e-311 6.8061e-312 -1.26013e-311 
-16.8362 0.333346 -0.000326633 -6.67677e-14 0.666655 -0.666655 -6.67677e-14 1.00004 1.00004 0.0009799 0.000979899 6.38583e-308 -2.63266e-311 2.62441e-312 -4.85858e-312 
-16.8325 0.333346 -0.000327839 -6.75099e-14 0.666655 -0.666655 -6.75099e-14 1.00004 1.00004 0.000983517 0.000983516 -1.62259e-307 6.68927e-311 -6.66965e-312 1.23465e-311 
-16.8288 0.333346 -0.000329049 -6.82603e-14 0.666655 -0.666655 -6.82603e-14 1.00004 1.00004 0.000987147 0.000987147 -4.42357e-307 1.82363e-310 -1.81864e-311 3.36627e-311 
-16.8251 0.333346 -0.000330263 -6.9019e-14 0.666655 -0.666655 -6.9019e-14 1.00004 1.00004 0.000990791 0.00099079 -6.40329e-307 2.63974e-310 -2.63305e-311 4.87328e-311 
-16.8214 0.333346 -0.000331483 -6.97862e-14 0.666655 -0.666655 -6.97862e-14 1.00004 1.00004 0.000994448 0.000994448 -6.18886e-307 2.5513e-310 -2.54535e-311 4.71055e-311 
-16.8178 0.333346 -0.000332706 -7.05619e-14 0.666655 -0.666654 -7.05619e-14 1.00004 1.00004 0.000998119 0.000998118 -2.40738e-307 9.92404e-311 -9.90291e-312 1.83251e-311 
-16.8141 0.333346 -0.000333934 -7.13463e-14 0.666655 -0.666654 -7.13463e-14 1.00004 1.00004 0.0010018 0.0010018 6.01444e-307 -2.47932e-310 2.47455e-311 -4.57869e-311 
-16.8104 0.333346 -0.000335167 -7.21393e-14 0.666654 -0.666654 -7.21393e-14 1.00004 1.00004 0.0010055 0.0010055 1.64698e-306 -6.78922e-310 6.77752e-311 -1.25394e-310 
-16.8067 0.333346 -0.000336404 -7.29412e-14 0.666654 -0.666654 -7.29412e-14 1.00004 1.00004 0.00100921 0.00100921 2.38807e-306 -9.84401e-310 9.82907e-311 -1.81836e-310 
-16.803 0.333346 -0.000337646 -7.3752e-14 0.666654 -0.666654 -7.3752e-14 1.00004 1.00004 0.00101294 0.00101294 2.31235e-306 -9.53172e-310 9.5192e-311 -1.76087e-310 
-16.7993 0.333346 -0.000338892 -7.45718e-14 0.666654 -0.666654 -7.45718e-14 1.00004 1.00004 0.00101668 0.00101668 9.0743e-307 -3.74045e-310 3.73631e-311 -6.91083e-311 
-16.7957 0.333346 -0.000340143 -7.54007e-14 0.666654 -0.666654 -7.54007e-14 1.00004 1.00004 0.00102043 0.00102043 -2.22928e-306 9.18902e-310 -9.18075e-311 1.69795e-310 
-16.792 0.333346 -0.000341399 -7.62388e-14 0.666654 -0.666654 -7.62388e-14 1.00004 1.00004 0.0010242 0.0010242 -6.13198e-306 2.52754e-309 -2.52579e-310 4.67095e-310 
-16.7883 0.333346 -0.000342659 -7.70862e-14 0.666654 -0.666654 -7.70862e-14 1.00004 1.00004 0.00102798 0.00102798 -8.90614e-306 3.67097e-309 -3.66919e-310 6.7848e-310 
-16.7846 0.333346 -0.000343924 -7.79431e-14 0.666654 -0.666654 -7.79431e-14 1.00004 1.00004 0.00103177 0.00103177 -8.63955e-306 3.56103e-309 -3.56005e-310 6.58238e-310 
-16.7809 0.333346 -0.000345193 -7.88095e-14 0.666654 -0.666654 -7.88095e-14 1.00004 1.00004 0.00103558 0.00103558 -3.42e-306 1.40962e-309 -1.40953e-310 2.60592e-310 
-16.7772 0.333346 -0.000346467 -7.96855e-14 0.666654 -0.666654 -7.96855e-14 1.00004 1.00004 0.0010394 0.0010394 8.26259e-306 -3.40554e-309 3.40604e-310 -6.29645e-310 
-16.7735 0.333346 -0.000347746 -8.05712e-14 0.666654 -0.666654 -8.05712e-14 1.00004 1.00004 0.00104324 0.00104324 2.28302e-305 -9.40964e-309 9.41299e-310 -1.73994e-309 
-16.7699 0.333347 -0.00034903 -8.14668e-14 0.666654 -0.666654 -8.14668e-14 1.00004 1.00004 0.00104709 0.00104709 3.32146e-305 -1.36894e-308 1.36972e-309 -2.53161e-309 
-16.7662 0.333347 -0.000350318 -8.23723e-14 0.666654 -0.666654 -8.23723e-14 1.00004 1.00004 0.00105096 0.00105095 3.22793e-305 -1.33037e-308 1.33141e-309 -2.46058e-309 
-16.7625 0.333347 -0.000351611 -8.3288e-14 0.666654 -0.666654 -8.3288e-14 1.00004 1.00004 0.00105484 0.00105483 1.28879e-305 -5.3116e-309 5.31689e-310 -9.82519e-310 
-16.7588 0.333347 -0.000352909 -8.42137e-14 0.666654 -0.666654 -8.42137e-14 1.00004 1.00004 0.00105873 0.00105873 -3.06231e-305 1.26207e-308 -1.2636e-309 2.33481e-309 
-16.7551 0.333347 -0.000354212 -8.51498e-14 0.666654 -0.666654 -8.51498e-14 1.00004 1.00004 0.00106264 0.00106264 -8.49991e-305 3.50302e-308 -3.50802e-309 6.4813e-309 
-16.7514 0.333347 -0.000355519 -8.60963e-14 0.666654 -0.666654 -8.60963e-14 1.00004 1.00004 0.00106656 0.00106656 -1.2387e-304 5.1049e-308 -5.11328e-309 9.44623e-309 
-16.7477 0.333347 -0.000356832 -8.70533e-14 0.666654 -0.666654 -8.70533e-14 1.00004 1.00004 0.0010705 0.0010705 -1.20602e-304 4.97013e-308 -4.97937e-309 9.19796e-309 
-16.7441 0.333347 -0.000358149 -8.8021e-14 0.666654 -0.666654 -8.8021e-14 1.00004 1.00004 0.00107445 0.00107445 -4.85609e-305 2.00121e-308 -2.00537e-309 3.70399e-309 
-16.7404 0.333347 -0.000359471 -8.89994e-14 0.666654 -0.666653 -8.89994e-14 1.00004 1.00004 0.00107841 0.00107841 1.13492e-304 -4.67696e-308 4.6877e-309 -8.65752e-309 
-16.7367 0.333347 -0.000360798 -8.99886e-14 0.666654 -0.666653 -8.99886e-14 1.00004 1.00004 0.00108239 0.00108239 3.16457e-304 -1.30409e-307 1.30737e-308 -2.4143e-308 
-16.733 0.333347 -0.00036213 -9.09889e-14 0.666653 -0.666653 -9.09889e-14 1.00004 1.00004 0.00108639 0.00108639 4.61955e-304 -1.90364e-307 1.90885e-308 -3.52469e-308 
-16.7293 0.333347 -0.000363466 -9.20003e-14 0.666653 -0.666653 -9.20003e-14 1.00004 1.00004 0.0010904 0.0010904 4.50586e-304 -1.85676e-307 1.86225e-308 -3.43831e-308 
-16.7256 0.333347 -0.000364808 -9.30229e-14 0.666653 -0.666653 -9.30229e-14 1.00004 1.00004 0.00109442 0.00109442 1.82952e-304 -7.5389e-308 7.56286e-309 -1.39621e-308 
-16.722 0.333347 -0.000366155 -9.40569e-14 0.666653 -0.666653 -9.40569e-14 1.00004 1.00004 0.00109846 0.00109846 -4.2059e-304 1.7331e-307 -1.73899e-308 3.21011e-308 
-16.7183 0.333347 -0.000367506 -9.51024e-14 0.666653 -0.666653 -9.51024e-14 1.00004 1.00004 0.00110252 0.00110252 -1.17818e-303 4.85478e-307 -4.87237e-308 8.99332e-308 
-16.7146 0.333347 -0.000368863 -9.61595e-14 0.666653 -0.666653 -9.61595e-14 1.00004 1.00004 0.00110659 0.00110659 -1.72278e-303 7.09873e-307 -7.12605e-308 1.31518e-307 
-16.7109 0.333347 -0.000370224 -9.72284e-14 0.666653 -0.666653 -9.72284e-14 1.00004 1.00004 0.00111067 0.00111067 -1.68344e-303 6.93648e-307 -6.96474e-308 1.28528e-307 
-16.7072 0.333347 -0.000371591 -9.83091e-14 0.666653 -0.666653 -9.83091e-14 1.00004 1.00004 0.00111477 0.00111477 -6.89184e-304 2.83968e-307 -2.85189e-308 5.2624e-308 
-16.7035 0.333348 -0.000372962 -9.94019e-14 0.666653 -0.666653 -9.94019e-14 1.00004 1.00004 0.00111889 0.00111889 1.5586e-303 -6.4219e-307 6.45097e-308 -1.19023e-307 
-16.6998 0.333348 -0.000374339 -1.00507e-13 0.666653 -0.666653 -1.00507e-13 1.00004 1.00004 0.00112302 0.00112302 4.38638e-303 -1.80728e-306 1.81587e-307 -3.35004e-307 
-16.6962 0.333348 -0.000375721 -1.01624e-13 0.666653 -0.666653 -1.01624e-13 1.00004 1.00004 0.00112716 0.00112716 6.4248e-303 -2.64711e-306 2.6603e-307 -4.9074e-307 
-16.6925 0.333348 -0.000377108 -1.02754e-13 0.666653 -0.666653 -1.02754e-13 1.00004 1.00004 0.00113132 0.00113132 6.28945e-303 -2.5913e-306 2.60481e-307 -4.80454e-307 
-16.6888 0.333348 -0.0003785 -1.03896e-13 0.666653 -0.666653 -1.03896e-13 1.00004 1.00004 0.0011355 0.0011355 2.59587e-303 -1.0695e-306 1.07532e-307 -1.98322e-307 
-16.6851 0.333348 -0.000379897 -1.05051e-13 0.666653 -0.666653 -1.05051e-13 1.00004 1.00004 0.00113969 0.00113969 -5.77555e-303 2.37949e-306 -2.39299e-307 4.41295e-307 
-16.6814 0.333348 -0.000381299 -1.06218e-13 0.666653 -0.666653 -1.06218e-13 1.00004 1.00004 0.0011439 0.0011439 -1.63304e-302 6.72788e-306 -6.76761e-307 1.2479e-306 
-16.6777 0.333348 -0.000382707 -1.07399e-13 0.666653 -0.666653 -1.07399e-13 1.00004 1.00004 0.00114812 0.00114812 -2.396e-302 9.871e-306 -9.93159e-307 1.83113e-306 
-16.6741 0.333348 -0.000384119 -1.08593e-13 0.666653 -0.666653 -1.08593e-13 1.00004 1.00004 0.00115236 0.00115236 -2.34976e-302 9.68034e-306 -9.74203e-307 1.79599e-306 
-16.6704 0.333348 -0.000385537 -1.098e-13 0.666653 -0.666653 -1.098e-13 1.00004 1.00004 0.00115661 0.00115661 -9.77644e-303 4.02755e-306 -4.05416e-307 7.47328e-307 
-16.6667 0.333348 -0.00038696 -1.1102e-13 0.666653 -0.666652 -1.1102e-13 1.00004 1.00004 0.00116088 0.00116088 2.14009e-302 -8.81625e-306 8.87657e-307 -1.63611e-306 
-16.663 0.333348 -0.000388388 -1.12254e-13 0.666653 -0.666652 -1.12254e-13 1.00004 1.00004 0.00116517 0.00116517 6.07969e-302 -2.50453e-305 2.52226e-306 -4.64847e-306 
-16.6593 0.333348 -0.000389822 -1.13502e-13 0.666652 -0.666652 -1.13502e-13 1.00004 1.00004 0.00116947 0.00116947 8.93531e-302 -3.68084e-305 3.70776e-306 -6.83264e-306 
-16.6556 0.333348 -0.000391261 -1.14764e-13 0.666652 -0.666652 -1.14764e-13 1.00004 1.00004 0.00117378 0.00117378 8.77869e-302 -3.61625e-305 3.64357e-306 -6.71364e-306 
-16.6519 0.333348 -0.000392705 -1.16039e-13 0.666652 -0.666652 -1.16039e-13 1.00004 1.00004 0.00117812 0.00117812 3.68155e-302 -1.51653e-305 1.52835e-306 -2.81584e-306 
-16.6483 0.333348 -0.000394155 -1.17329e-13 0.666652 -0.666652 -1.17329e-13 1.00005 1.00005 0.00118247 0.00118246 -7.92958e-302 3.26636e-305 -3.29259e-306 6.06566e-306 
-16.6446 0.333348 -0.00039561 -1.18633e-13 0.666652 -0.666652 -1.18633e-13 1.00005 1.00005 0.00118683 0.00118683 -2.26341e-301 9.32328e-305 -9.40042e-306 1.73158e-305 
-16.6409 0.333348 -0.00039707 -1.19952e-13 0.666652 -0.666652 -1.19952e-13 1.00005 1.00005 0.00119121 0.00119121 -3.3322e-301 1.37255e-304 -1.38424e-305 2.54953e-305 
-16.6372 0.333349 -0.000398536 -1.21285e-13 0.666652 -0.666652 -1.21285e-13 1.00005 1.00005 0.00119561 0.00119561 -3.27968e-301 1.35089e-304 -1.36273e-305 2.50964e-305 
-16.6335 0.333349 -0.000400007 -1.22633e-13 0.666652 -0.666652 -1.22633e-13 1.00005 1.00005 0.00120002 0.00120002 -1.38622e-301 5.70971e-305 -5.7611e-306 1.06087e-305 
-16.6298 0.333349 -0.000401483 -1.23997e-13 0.666652 -0.666652 -1.23997e-13 1.00005 1.00005 0.00120445 0.00120445 2.93798e-301 -1.2101e-304 1.22129e-305 -2.24869e-305 
-16.6261 0.333349 -0.000402965 -1.25375e-13 0.666652 -0.666652 -1.25375e-13 1.00005 1.00005 0.0012089 0.0012089 8.42638e-301 -3.47062e-304 3.50356e-305 -6.4502e-305 
-16.6225 0.333349 -0.000404453 -1.26768e-13 0.666652 -0.666652 -1.26768e-13 1.00005 1.00005 0.00121336 0.00121336 1.24265e-300 -5.11808e-304 5.16792e-305 -9.51333e-305 
-16.6188 0.333349 -0.000405945 -1.28178e-13 0.666652 -0.666652 -1.28178e-13 1.00005 1.00005 0.00121784 0.00121784 1.22526e-300 -5.04637e-304 5.09676e-305 -9.38132e-305 
-16.6151 0.333349 -0.000407444 -1.29602e-13 0.666652 -0.666652 -1.29602e-13 1.00005 1.00005 0.00122233 0.00122233 5.219e-301 -2.14946e-304 2.17145e-305 -3.99644e-305 
-16.6114 0.333349 -0.000408948 -1.31043e-13 0.666652 -0.666652 -1.31043e-13 1.00005 1.00005 0.00122684 0.00122684 -1.0885e-300 4.48292e-304 -4.5299e-305 8.33614e-305 
-16.6077 0.333349 -0.000410457 -1.32499e-13 0.666652 -0.666652 -1.32499e-13 1.00005 1.00005 0.00123137 0.00123137 -3.13701e-300 1.29194e-303 -1.3058e-304 2.40273e-304 
-16.604 0.333349 -0.000411972 -1.33972e-13 0.666652 -0.666652 -1.33972e-13 1.00005 1.00005 0.00123592 0.00123592 -4.6341e-300 1.90846e-303 -1.92942e-304 3.54983e-304 
-16.6004 0.333349 -0.000413493 -1.35461e-13 0.666652 -0.666651 -1.35461e-13 1.00005 1.00005 0.00124048 0.00124048 -4.57744e-300 1.88509e-303 -1.90627e-304 3.50685e-304 
-16.5967 0.333349 -0.000415019 -1.36967e-13 0.666652 -0.666651 -1.36967e-13 1.00005 1.00005 0.00124506 0.00124506 -1.9647e-300 8.09092e-304 -8.18385e-305 1.50537e-304 
-16.593 0.333349 -0.000416551 -1.3849e-13 0.666651 -0.666651 -1.3849e-13 1.00005 1.00005 0.00124966 0.00124965 4.0326e-300 -1.66065e-303 1.68015e-304 -3.09019e-304 
-16.5893 0.333349 -0.000418089 -1.40029e-13 0.666651 -0.666651 -1.40029e-13 1.00005 1.00005 0.00125427 0.00125427 1.16785e-299 -4.80917e-303 4.86686e-304 -8.95033e-304 
-16.5856 0.333349 -0.000419632 -1.41585e-13 0.666651 -0.666651 -1.41585e-13 1.00005 1.00005 0.0012589 0.0012589 1.72814e-299 -7.11631e-303 7.20348e-304 -1.3246e-303 
-16.5819 0.333349 -0.000421181 -1.43159e-13 0.666651 -0.666651 -1.43159e-13 1.00005 1.00005 0.00126354 0.00126354 1.71006e-299 -7.04173e-303 7.1298e-304 -1.3109e-303 
-16.5782 0.33335 -0.000422736 -1.4475e-13 0.666651 -0.666651 -1.4475e-13 1.00005 1.00005 0.00126821 0.00126821 7.39539e-300 -3.04524e-303 3.08411e-304 -5.66989e-304 
-16.5746 0.33335 -0.000424296 -1.46359e-13 0.666651 -0.666651 -1.46359e-13 1.00005 1.00005 0.00127289 0.00127289 -1.4939e-299 6.15139e-303 -6.2315e-304 1.14548e-303 
-16.5709 0.33335 -0.000425862 -1.47986e-13 0.666651 -0.666651 -1.47986e-13 1.00005 1.00005 0.00127759 0.00127759 -4.34763e-299 1.79017e-302 -1.81395e-303 3.33406e-303 
-16.5672 0.33335 -0.000427434 -1.49631e-13 0.666651 -0.666651 -1.49631e-13 1.00005 1.00005 0.0012823 0.0012823 -6.4445e-299 2.65353e-302 -2.68946e-303 4.9427e-303 
-16.5635 0.33335 -0.000429012 -1.51294e-13 0.666651 -0.666651 -1.51294e-13 1.00005 1.00005 0.00128704 0.00128704 -6.38846e-299 2.6304e-302 -2.66671e-303 4.90033e-303 
-16.5598 0.33335 -0.000430595 -1.52976e-13 0.666651 -0.666651 -1.52976e-13 1.00005 1.00005 0.00129179 0.00129179 -2.78344e-299 1.14604e-302 -1.16216e-303 2.13533e-303 
-16.5561 0.33335 -0.000432185 -1.54677e-13 0.666651 -0.666651 -1.54677e-13 1.00005 1.00005 0.00129656 0.00129655 5.534e-299 -2.27849e-302 2.31114e-303 -4.24597e-303 
-16.5525 0.33335 -0.00043378 -1.56396e-13 0.666651 -0.666651 -1.56396e-13 1.00005 1.00005 0.00130134 0.00130134 1.61851e-298 -6.66369e-302 6.76093e-303 -1.24196e-302 
-16.5488 0.33335 -0.000435381 -1.58134e-13 0.666651 -0.666651 -1.58134e-13 1.00005 1.00005 0.00130614 0.00130614 2.40324e-298 -9.89438e-302 1.00414e-302 -1.84436e-302 
-16.5451 0.33335 -0.000436988 -1.59892e-13 0.666651 -0.666651 -1.59892e-13 1.00005 1.00005 0.00131097 0.00131096 2.38658e-298 -9.8256e-302 9.97422e-303 -1.83181e-302 
-16.5414 0.33335 -0.000438601 -1.61669e-13 0.666651 -0.666651 -1.61669e-13 1.00005 1.00005 0.00131581 0.0013158 1.04751e-298 -4.31255e-302 4.37893e-303 -8.04116e-303 
-16.5377 0.33335 -0.00044022 -1.63466e-13 0.666651 -0.66665 -1.63466e-13 1.00005 1.00005 0.00132066 0.00132066 -2.04991e-298 8.43917e-302 -8.57133e-303 1.5738e-302 
-16.534 0.33335 -0.000441845 -1.65283e-13 0.666651 -0.66665 -1.65283e-13 1.00005 1.00005 0.00132554 0.00132553 -6.02522e-298 2.48045e-301 -2.51996e-302 4.6264e-302 
-16.5303 0.33335 -0.000443476 -1.6712e-13 0.66665 -0.66665 -1.6712e-13 1.00005 1.00005 0.00133043 0.00133043 -8.96196e-298 3.68936e-301 -3.74912e-302 6.88223e-302 
-16.5267 0.33335 -0.000445113 -1.68978e-13 0.66665 -0.66665 -1.68978e-13 1.00005 1.00005 0.00133534 0.00133534 -8.91564e-298 3.67021e-301 -3.73067e-302 6.84755e-302 
-16.523 0.333351 -0.000446756 -1.70856e-13 0.66665 -0.66665 -1.70856e-13 1.00005 1.00005 0.00134027 0.00134027 -3.9418e-298 1.62265e-301 -1.64982e-302 3.02785e-302 
-16.5193 0.333351 -0.000448405 -1.72755e-13 0.66665 -0.66665 -1.72755e-13 1.00005 1.00005 0.00134522 0.00134521 7.59291e-298 -3.12557e-301 3.17876e-302 -5.83316e-302 
-16.5156 0.333351 -0.00045006 -1.74676e-13 0.66665 -0.66665 -1.74676e-13 1.00005 1.00005 0.00135018 0.00135018 2.24299e-297 -9.23294e-301 9.39259e-302 -1.72338e-301 
-16.5119 0.333351 -0.000451721 -1.76617e-13 0.66665 -0.66665 -1.76617e-13 1.00005 1.00005 0.00135517 0.00135516 3.342e-297 -1.37565e-300 1.39982e-301 -2.56812e-301 
-16.5082 0.333351 -0.000453389 -1.7858e-13 0.66665 -0.66665 -1.7858e-13 1.00005 1.00005 0.00136017 0.00136017 3.33061e-297 -1.37094e-300 1.3954e-301 -2.55971e-301 
-16.5045 0.333351 -0.000455062 -1.80565e-13 0.66665 -0.66665 -1.80565e-13 1.00005 1.00005 0.00136519 0.00136519 1.48316e-297 -6.10484e-301 6.21546e-302 -1.14002e-301 
-16.5009 0.333351 -0.000456742 -1.82573e-13 0.66665 -0.66665 -1.82573e-13 1.00005 1.00005 0.00137023 0.00137023 -2.81229e-297 1.15754e-300 -1.17884e-301 2.16193e-301 
-16.4972 0.333351 -0.000458428 -1.84602e-13 0.66665 -0.66665 -1.84602e-13 1.00005 1.00005 0.00137528 0.00137528 -8.34985e-297 3.43673e-300 -3.50092e-301 6.41975e-301 
-16.4935 0.333351 -0.00046012 -1.86654e-13 0.66665 -0.66665 -1.86654e-13 1.00005 1.00005 0.00138036 0.00138036 -1.24625e-296 5.12937e-300 -5.22662e-301 9.58306e-301 
-16.4898 0.333351 -0.000461818 -1.88729e-13 0.66665 -0.66665 -1.88729e-13 1.00005 1.00005 0.00138546 0.00138545 -1.2442e-296 5.12083e-300 -5.21936e-301 9.5686e-301 
-16.4861 0.333351 -0.000463523 -1.90826e-13 0.66665 -0.66665 -1.90826e-13 1.00005 1.00005 0.00139057 0.00139057 -5.58011e-297 2.29658e-300 -2.34142e-301 4.29198e-301 
-16.4824 0.333351 -0.000465234 -1.92947e-13 0.66665 -0.66665 -1.92947e-13 1.00005 1.00005 0.0013957 0.0013957 1.04157e-296 -4.28668e-300 4.37158e-301 -8.01242e-301 
-16.4788 0.333351 -0.000466951 -1.95092e-13 0.66665 -0.666649 -1.95092e-13 1.00005 1.00005 0.00140085 0.00140085 3.10832e-296 -1.27922e-299 1.30492e-300 -2.39143e-300 
-16.4751 0.333351 -0.000468674 -1.97261e-13 0.66665 -0.666649 -1.97261e-13 1.00005 1.00005 0.00140603 0.00140602 4.64734e-296 -1.91256e-299 1.95154e-300 -3.57598e-300 
-16.4714 0.333352 -0.000470404 -1.99453e-13 0.666649 -0.666649 -1.99453e-13 1.00005 1.00005 0.00141121 0.00141121 4.64788e-296 -1.91275e-299 1.95227e-300 -3.57689e-300 
-16.4677 0.333352 -0.000472141 -2.0167e-13 0.666649 -0.666649 -2.0167e-13 1.00005 1.00005 0.00141642 0.00141642 2.09921e-296 -8.63871e-300 8.8197e-301 -1.61572e-300 
-16.464 0.333352 -0.000473883 -2.03912e-13 0.666649 -0.666649 -2.03912e-13 1.00005 1.00005 0.00142165 0.00142165 -3.85743e-296 1.58738e-299 -1.6211e-300 2.9694e-300 
-16.4603 0.333352 -0.000475632 -2.06178e-13 0.666649 -0.666649 -2.06178e-13 1.00006 1.00006 0.0014269 0.0014269 -1.15709e-295 4.76148e-299 -4.864e-300 8.90836e-300 
-16.4566 0.333352 -0.000477388 -2.0847e-13 0.666649 -0.666649 -2.0847e-13 1.00006 1.00006 0.00143217 0.00143216 -1.733e-295 7.13122e-299 -7.28684e-300 1.33441e-299 
-16.453 0.333352 -0.00047915 -2.10787e-13 0.666649 -0.666649 -2.10787e-13 1.00006 1.00006 0.00143745 0.00143745 -1.73626e-295 7.14446e-299 -7.30245e-300 1.3371e-299 
-16.4493 0.333352 -0.000480919 -2.1313e-13 0.666649 -0.666649 -2.1313e-13 1.00006 1.00006 0.00144276 0.00144276 -7.89642e-296 3.2492e-299 -3.322e-300 6.08193e-300 
-16.4456 0.333352 -0.000482694 -2.15499e-13 0.666649 -0.666649 -2.15499e-13 1.00006 1.00006 0.00144808 0.00144808 1.42851e-295 -5.87787e-299 6.01131e-300 -1.10041e-299 
-16.4419 0.333352 -0.000484475 -2.17895e-13 0.666649 -0.666649 -2.17895e-13 1.00006 1.00006 0.00145343 0.00145343 4.30731e-295 -1.77228e-298 1.81304e-299 -3.31848e-299 
-16.4382 0.333352 -0.000486264 -2.20317e-13 0.666649 -0.666649 -2.20317e-13 1.00006 1.00006 0.00145879 0.00145879 6.46237e-295 -2.65894e-298 2.72088e-299 -4.9795e-299 
-16.4345 0.333352 -0.000488059 -2.22766e-13 0.666649 -0.666649 -2.22766e-13 1.00006 1.00006 0.00146418 0.00146418 6.48588e-295 -2.66856e-298 2.73151e-299 -4.99833e-299 
-16.4308 0.333352 -0.00048986 -2.25242e-13 0.666649 -0.666649 -2.25242e-13 1.00006 1.00006 0.00146958 0.00146958 2.97006e-295 -1.22198e-298 1.25117e-299 -2.2892e-299 
-16.4272 0.333352 -0.000491668 -2.27745e-13 0.666649 -0.666649 -2.27745e-13 1.00006 1.00006 0.00147501 0.001475 -5.28988e-295 2.17638e-298 -2.22902e-299 4.0778e-299 
-16.4235 0.333352 -0.000493483 -2.30277e-13 0.666649 -0.666648 -2.30277e-13 1.00006 1.00006 0.00148045 0.00148045 -1.6034e-294 6.59659e-298 -6.75815e-299 1.23618e-298 
-16.4198 0.333353 -0.000495304 -2.32836e-13 0.666649 -0.666648 -2.32836e-13 1.00006 1.00006 0.00148592 0.00148591 -2.4098e-294 9.91402e-298 -1.01598e-298 1.85817e-298 
-16.4161 0.333353 -0.000497133 -2.35425e-13 0.666648 -0.666648 -2.35425e-13 1.00006 1.00006 0.0014914 0.0014914 -2.42281e-294 9.96731e-298 -1.02175e-298 1.86847e-298 
-16.4124 0.333353 -0.000498968 -2.38041e-13 0.666648 -0.666648 -2.38041e-13 1.00006 1.00006 0.00149691 0.0014969 -1.11703e-294 4.59528e-298 -4.71201e-299 8.61575e-299 
-16.4087 0.333353 -0.000500809 -2.40687e-13 0.666648 -0.666648 -2.40687e-13 1.00006 1.00006 0.00150243 0.00150243 1.95878e-294 -8.05794e-298 8.26508e-299 -1.51105e-298 
-16.4051 0.333353 -0.000502658 -2.43363e-13 0.666648 -0.666648 -2.43363e-13 1.00006 1.00006 0.00150798 0.00150797 5.96859e-294 -2.45528e-297 2.51915e-298 -4.60498e-298 
-16.4014 0.333353 -0.000504513 -2.46068e-13 0.666648 -0.666648 -2.46068e-13 1.00006 1.00006 0.00151354 0.00151354 8.98606e-294 -3.69647e-297 3.79377e-298 -6.93407e-298 
-16.3977 0.333353 -0.000506375 -2.48803e-13 0.666648 -0.666648 -2.48803e-13 1.00006 1.00006 0.00151913 0.00151913 9.05037e-294 -3.72284e-297 3.82199e-298 -6.98472e-298 
-16.394 0.333353 -0.000508244 -2.51568e-13 0.666648 -0.666648 -2.51568e-13 1.00006 1.00006 0.00152474 0.00152473 4.20073e-294 -1.72792e-297 1.77447e-298 -3.24244e-298 
-16.3903 0.333353 -0.00051012 -2.54365e-13 0.666648 -0.666648 -2.54365e-13 1.00006 1.00006 0.00153036 0.00153036 -7.25272e-294 2.98325e-297 -3.06455e-298 5.59902e-298 
-16.3866 0.333353 -0.000512003 -2.57192e-13 0.666648 -0.666648 -2.57192e-13 1.00006 1.00006 0.00153601 0.00153601 -2.22177e-293 9.13853e-297 -9.39044e-298 1.71543e-297 
-16.3829 0.333353 -0.000513893 -2.60051e-13 0.666648 -0.666648 -2.60051e-13 1.00006 1.00006 0.00154168 0.00154168 -3.35084e-293 1.37823e-296 -1.41665e-297 2.58758e-297 
-16.3793 0.333353 -0.00051579 -2.62941e-13 0.666648 -0.666648 -2.62941e-13 1.00006 1.00006 0.00154737 0.00154737 -3.38072e-293 1.39049e-296 -1.42969e-297 2.61104e-297 
-16.3756 0.333354 -0.000517694 -2.65864e-13 0.666648 -0.666648 -2.65864e-13 1.00006 1.00006 0.00155308 0.00155308 -1.57961e-293 6.49676e-297 -6.68198e-298 1.22017e-297 
-16.3719 0.333354 -0.000519604 -2.68819e-13 0.666648 -0.666647 -2.68819e-13 1.00006 1.00006 0.00155882 0.00155881 2.6853e-293 -1.10441e-296 1.13625e-297 -2.07457e-297 
-16.3682 0.333354 -0.000521522 -2.71807e-13 0.666648 -0.666647 -2.71807e-13 1.00006 1.00006 0.00156457 0.00156457 8.2703e-293 -3.40132e-296 3.50045e-297 -6.3903e-297 
-16.3645 0.333354 -0.000523447 -2.74828e-13 0.666647 -0.666647 -2.74828e-13 1.00006 1.00006 0.00157034 0.00157034 1.2495e-292 -5.13869e-296 5.2901e-297 -9.65611e-297 
-16.3608 0.333354 -0.000525379 -2.77883e-13 0.666647 -0.666647 -2.77883e-13 1.00006 1.00006 0.00157614 0.00157614 1.26284e-292 -5.19341e-296 5.3481e-297 -9.76066e-297 
-16.3572 0.333354 -0.000527319 -2.80972e-13 0.666647 -0.666647 -2.80972e-13 1.00006 1.00006 0.00158196 0.00158196 5.93935e-293 -2.4425e-296 2.51603e-297 -4.59131e-297 
-16.3535 0.333354 -0.000529265 -2.84095e-13 0.666647 -0.666647 -2.84095e-13 1.00006 1.00006 0.0015878 0.00158779 -9.94171e-293 4.08833e-296 -4.21274e-297 7.68645e-297 
-16.3498 0.333354 -0.000531218 -2.87253e-13 0.666647 -0.666647 -2.87253e-13 1.00006 1.00006 0.00159366 0.00159366 -3.0785e-292 1.26594e-295 -1.30488e-296 2.38051e-296 
-16.3461 0.333354 -0.000533179 -2.90446e-13 0.666647 -0.666647 -2.90446e-13 1.00006 1.00006 0.00159954 0.00159954 -4.65925e-292 1.91593e-295 -1.97548e-296 3.60341e-296 
-16.3424 0.333354 -0.000535147 -2.93674e-13 0.666647 -0.666647 -2.93674e-13 1.00006 1.00006 0.00160544 0.00160544 -4.71717e-292 1.9397e-295 -2.00062e-296 3.64877e-296 
-16.3387 0.333354 -0.000537122 -2.96938e-13 0.666647 -0.666647 -2.96938e-13 1.00006 1.00006 0.00161137 0.00161137 -2.23302e-292 9.18194e-296 -9.47334e-297 1.72753e-296 
-16.335 0.333354 -0.000539105 -3.00239e-13 0.666647 -0.666647 -3.00239e-13 1.00006 1.00006 0.00161732 0.00161731 3.68048e-292 -1.51334e-295 1.56186e-296 -2.84777e-296 
-16.3314 0.333354 -0.000541095 -3.03576e-13 0.666647 -0.666647 -3.03576e-13 1.00006 1.00006 0.00162329 0.00162328 1.14592e-291 -4.71167e-295 4.86431e-296 -8.86793e-296 
-16.3277 0.333355 -0.000543092 -3.0695e-13 0.666647 -0.666647 -3.0695e-13 1.00006 1.00006 0.00162928 0.00162928 1.73737e-291 -7.14337e-295 7.37715e-296 -1.34471e-295 
-16.324 0.333355 -0.000545096 -3.10362e-13 0.666647 -0.666646 -3.10362e-13 1.00006 1.00006 0.00163529 0.00163529 1.76202e-291 -7.24454e-295 7.48404e-296 -1.36401e-295 
-16.3203 0.333355 -0.000547108 -3.13812e-13 0.666647 -0.666646 -3.13812e-13 1.00006 1.00006 0.00164133 0.00164133 8.39482e-292 -3.45144e-295 3.5667e-296 -6.49957e-296 
-16.3166 0.333355 -0.000549128 -3.173e-13 0.666647 -0.666646 -3.173e-13 1.00006 1.00006 0.00164739 0.00164738 -1.36246e-291 5.60145e-295 -5.79038e-296 1.05503e-295 
-16.3129 0.333355 -0.000551155 -3.20827e-13 0.666646 -0.666646 -3.20827e-13 1.00006 1.00006 0.00165347 0.00165346 -4.26545e-291 1.7536e-294 -1.81334e-295 3.30351e-295 
-16.3092 0.333355 -0.000553189 -3.24393e-13 0.666646 -0.666646 -3.24393e-13 1.00007 1.00007 0.00165957 0.00165957 -6.4784e-291 2.66332e-294 -2.75495e-295 5.0182e-295 
-16.3056 0.333355 -0.000555231 -3.27999e-13 0.666646 -0.666646 -3.27999e-13 1.00007 1.00007 0.0016657 0.00166569 -6.58169e-291 2.70571e-294 -2.79972e-295 5.09903e-295 
-16.3019 0.333355 -0.00055728 -3.31644e-13 0.666646 -0.666646 -3.31644e-13 1.00007 1.00007 0.00167184 0.00167184 -3.15571e-291 1.29727e-294 -1.34278e-295 2.44521e-295 
-16.2982 0.333355 -0.000559337 -3.35331e-13 0.666646 -0.666646 -3.35331e-13 1.00007 1.00007 0.00167801 0.00167801 5.04332e-291 -2.07319e-294 2.14663e-295 -3.90846e-295 
-16.2945 0.333355 -0.000561402 -3.39058e-13 0.666646 -0.666646 -3.39058e-13 1.00007 1.00007 0.00168421 0.0016842 1.58771e-290 -6.52652e-294 6.75997e-295 -1.23064e-294 
-16.2908 0.333355 -0.000563474 -3.42827e-13 0.666646 -0.666646 -3.42827e-13 1.00007 1.00007 0.00169042 0.00169042 2.41568e-290 -9.92977e-294 1.02884e-294 -1.87271e-294 
-16.2871 0.333356 -0.000565553 -3.46637e-13 0.666646 -0.666646 -3.46637e-13 1.00007 1.00007 0.00169666 0.00169666 2.45844e-290 -1.01053e-293 1.04737e-294 -1.90617e-294 
-16.2835 0.333356 -0.000567641 -3.5049e-13 0.666646 -0.666646 -3.5049e-13 1.00007 1.00007 0.00170293 0.00170292 1.18618e-290 -4.87558e-294 5.05503e-295 -9.19859e-295 
-16.2798 0.333356 -0.000569736 -3.54386e-13 0.666646 -0.666646 -3.54386e-13 1.00007 1.00007 0.00170921 0.00170921 -1.86674e-290 7.67274e-294 -7.95781e-295 1.44786e-294 
-16.2761 0.333356 -0.000571839 -3.58325e-13 0.666646 -0.666645 -3.58325e-13 1.00007 1.00007 0.00171552 0.00171552 -5.9098e-290 2.429e-293 -2.5201e-294 4.58446e-294 
-16.2724 0.333356 -0.00057395 -3.62308e-13 0.666646 -0.666645 -3.62308e-13 1.00007 1.00007 0.00172185 0.00172185 -9.00759e-290 3.70213e-293 -3.84228e-294 6.98869e-294 
-16.2687 0.333356 -0.000576068 -3.66335e-13 0.666645 -0.666645 -3.66335e-13 1.00007 1.00007 0.00172821 0.0017282 -9.18284e-290 3.77406e-293 -3.91826e-294 7.12584e-294 
-16.265 0.333356 -0.000578194 -3.70407e-13 0.666645 -0.666645 -3.70407e-13 1.00007 1.00007 0.00173459 0.00173458 -4.45829e-290 1.83227e-293 -1.90292e-294 3.46019e-294 
-16.2613 0.333356 -0.000580328 -3.74524e-13 0.666645 -0.666645 -3.74524e-13 1.00007 1.00007 0.00174099 0.00174098 6.90918e-290 -2.83946e-293 2.94995e-294 -5.36328e-294 
-16.2577 0.333356 -0.00058247 -3.78687e-13 0.666645 -0.666645 -3.78687e-13 1.00007 1.00007 0.00174741 0.00174741 2.19974e-289 -9.03999e-293 9.39501e-294 -1.70784e-293 
-16.254 0.333356 -0.00058462 -3.82896e-13 0.666645 -0.666645 -3.82896e-13 1.00007 1.00007 0.00175386 0.00175386 3.35873e-289 -1.38026e-292 1.43496e-293 -2.60811e-293 
-16.2503 0.333356 -0.000586778 -3.87152e-13 0.666645 -0.666645 -3.87152e-13 1.00007 1.00007 0.00176034 0.00176033 3.42998e-289 -1.4095e-292 1.46586e-293 -2.66388e-293 
-16.2466 0.333357 -0.000588944 -3.91456e-13 0.666645 -0.666645 -3.91456e-13 1.00007 1.00007 0.00176684 0.00176683 1.67554e-289 -6.88521e-293 7.16302e-294 -1.30152e-293 
-16.2429 0.333357 -0.000591117 -3.95807e-13 0.666645 -0.666645 -3.95807e-13 1.00007 1.00007 0.00177336 0.00177335 -2.55707e-289 1.05073e-292 -1.09351e-293 1.98661e-293 
-16.2392 0.333357 -0.000593299 -4.00206e-13 0.666645 -0.666645 -4.00206e-13 1.00007 1.00007 0.0017799 0.0017799 -8.18775e-289 3.36436e-292 -3.50255e-293 6.36223e-293 
-16.2356 0.333357 -0.000595489 -4.04655e-13 0.666645 -0.666645 -4.04655e-13 1.00007 1.00007 0.00178647 0.00178647 -1.25239e-288 5.14596e-292 -5.35919e-293 9.73326e-293 
-16.2319 0.333357 -0.000597687 -4.09152e-13 0.666645 -0.666644 -4.09152e-13 1.00007 1.00007 0.00179307 0.00179306 -1.28115e-288 5.264e-292 -5.48405e-293 9.95852e-293 
-16.2282 0.333357 -0.000599893 -4.137e-13 0.666645 -0.666644 -4.137e-13 1.00007 1.00007 0.00179968 0.00179968 -6.29666e-289 2.5871e-292 -2.6962e-293 4.89529e-293 
-16.2245 0.333357 -0.000602107 -4.18299e-13 0.666644 -0.666644 -4.18299e-13 1.00007 1.00007 0.00180633 0.00180632 9.46305e-289 -3.88796e-292 4.05335e-293 -7.35826e-293 
-16.2208 0.333357 -0.000604329 -4.22948e-13 0.666644 -0.666644 -4.22948e-13 1.00007 1.00007 0.00181299 0.00181299 3.04757e-288 -1.25208e-291 1.30581e-292 -2.37014e-292 
-16.2171 0.333357 -0.00060656 -4.27649e-13 0.666644 -0.666644 -4.27649e-13 1.00007 1.00007 0.00181968 0.00181968 4.66983e-288 -1.91853e-291 2.00156e-292 -3.63242e-292 
-16.2134 0.333357 -0.000608799 -4.32403e-13 0.666644 -0.666644 -4.32403e-13 1.00007 1.00007 0.0018264 0.0018264 4.78527e-288 -1.9659e-291 2.05172e-292 -3.72287e-292 
-16.2098 0.333358 -0.000611046 -4.37209e-13 0.666644 -0.666644 -4.37209e-13 1.00007 1.00007 0.00183314 0.00183314 2.36611e-288 -9.72024e-292 1.01482e-292 -1.84112e-292 
-16.2061 0.333358 -0.000613301 -4.42069e-13 0.666644 -0.666644 -4.42069e-13 1.00007 1.00007 0.00183991 0.0018399 -3.50182e-288 1.43855e-291 -1.50242e-292 2.72532e-292 
-16.2024 0.333358 -0.000615565 -4.46982e-13 0.666644 -0.666644 -4.46982e-13 1.00007 1.00007 0.0018467 0.00184669 -1.13433e-287 4.6597e-291 -4.86834e-292 8.82957e-292 
-16.1987 0.333358 -0.000617837 -4.51951e-13 0.666644 -0.666644 -4.51951e-13 1.00007 1.00007 0.00185352 0.00185351 -1.74125e-287 7.15263e-291 -7.47561e-292 1.35562e-291 
-16.195 0.333358 -0.000620117 -4.56974e-13 0.666644 -0.666644 -4.56974e-13 1.00007 1.00007 0.00186036 0.00186035 -1.78735e-287 7.3418e-291 -7.6761e-292 1.39176e-291 
-16.1913 0.333358 -0.000622406 -4.62053e-13 0.666644 -0.666644 -4.62053e-13 1.00007 1.00007 0.00186722 0.00186722 -8.89053e-288 3.65182e-291 -3.81949e-292 6.92404e-292 
-16.1876 0.333358 -0.000624703 -4.67189e-13 0.666644 -0.666643 -4.67189e-13 1.00007 1.00007 0.00187411 0.00187411 1.29577e-287 -5.32227e-291 5.56868e-292 -1.00934e-291 
-16.184 0.333358 -0.000627009 -4.72382e-13 0.666644 -0.666643 -4.72382e-13 1.00007 1.00007 0.00188103 0.00188103 4.22202e-287 -1.73411e-290 1.81506e-291 -3.28934e-291 
-16.1803 0.333358 -0.000629323 -4.77633e-13 0.666643 -0.666643 -4.77633e-13 1.00007 1.00007 0.00188797 0.00188797 6.49256e-287 -2.66661e-290 2.79212e-291 -5.05921e-291 
-16.1766 0.333358 -0.000631646 -4.82942e-13 0.666643 -0.666643 -4.82942e-13 1.00008 1.00008 0.00189494 0.00189494 6.67585e-287 -2.74181e-290 2.87192e-291 -5.20297e-291 
-16.1729 0.333358 -0.000633977 -4.8831e-13 0.666643 -0.666643 -4.8831e-13 1.00008 1.00008 0.00190194 0.00190193 3.34034e-287 -1.37186e-290 1.43749e-291 -2.60384e-291 
-16.1692 0.333359 -0.000636317 -4.93737e-13 0.666643 -0.666643 -4.93737e-13 1.00008 1.00008 0.00190896 0.00190895 -4.79441e-287 1.96898e-290 -2.06395e-291 3.73799e-291 
-16.1655 0.333359 -0.000638666 -4.99225e-13 0.666643 -0.666643 -4.99225e-13 1.00008 1.00008 0.001916 0.001916 -1.57144e-286 6.45343e-290 -6.76722e-291 1.22541e-290 
-16.1619 0.333359 -0.000641023 -5.04774e-13 0.666643 -0.666643 -5.04774e-13 1.00008 1.00008 0.00192307 0.00192307 -2.42086e-286 9.94147e-290 -1.04288e-290 1.88813e-290 
-16.1582 0.333359 -0.000643389 -5.10385e-13 0.666643 -0.666643 -5.10385e-13 1.00008 1.00008 0.00193017 0.00193017 -2.49345e-286 1.02393e-289 -1.07452e-290 1.9451e-290 
-16.1545 0.333359 -0.000645764 -5.16058e-13 0.666643 -0.666643 -5.16058e-13 1.00008 1.00008 0.0019373 0.00193729 -1.25494e-286 5.15322e-290 -5.40988e-291 9.79145e-291 
-16.1508 0.333359 -0.000648147 -5.21794e-13 0.666643 -0.666643 -5.21794e-13 1.00008 1.00008 0.00194445 0.00194444 1.77384e-286 -7.28376e-290 7.64942e-291 -1.38426e-290 
-16.1471 0.333359 -0.000650539 -5.27594e-13 0.666643 -0.666642 -5.27594e-13 1.00008 1.00008 0.00195162 0.00195162 5.84885e-286 -2.40159e-289 2.52311e-290 -4.56514e-290 
-16.1434 0.333359 -0.00065294 -5.33458e-13 0.666643 -0.666642 -5.33458e-13 1.00008 1.00008 0.00195883 0.00195882 9.02654e-286 -3.70627e-289 3.89529e-290 -7.04671e-290 
-16.1397 0.333359 -0.00065535 -5.39388e-13 0.666642 -0.666642 -5.39388e-13 1.00008 1.00008 0.00196606 0.00196605 9.31302e-286 -3.82379e-289 4.02033e-290 -7.27173e-290 
-16.1361 0.33336 -0.000657769 -5.45383e-13 0.666642 -0.666642 -5.45383e-13 1.00008 1.00008 0.00197331 0.00197331 4.71442e-286 -1.93561e-289 2.03589e-290 -3.68177e-290 
-16.1324 0.33336 -0.000660197 -5.51445e-13 0.666642 -0.666642 -5.51445e-13 1.00008 1.00008 0.0019806 0.00198059 -6.56242e-286 2.69427e-289 -2.83493e-290 5.12595e-290 
-16.1287 0.33336 -0.000662633 -5.57574e-13 0.666642 -0.666642 -5.57574e-13 1.00008 1.00008 0.00198791 0.0019879 -2.1769e-285 8.93722e-289 -9.40745e-290 1.70072e-289 
-16.125 0.33336 -0.000665079 -5.63772e-13 0.666642 -0.666642 -5.63772e-13 1.00008 1.00008 0.00199524 0.00199524 -3.36566e-285 1.38172e-288 -1.45498e-289 2.62994e-289 
-16.1213 0.33336 -0.000667534 -5.70038e-13 0.666642 -0.666642 -5.70038e-13 1.00008 1.00008 0.00200261 0.0020026 -3.47838e-285 1.42795e-288 -1.50425e-289 2.71854e-289 
-16.1176 0.33336 -0.000669998 -5.76374e-13 0.666642 -0.666642 -5.76374e-13 1.00008 1.00008 0.00201 0.00200999 -1.77094e-285 7.26989e-289 -7.66131e-290 1.38435e-289 
-16.114 0.33336 -0.00067247 -5.82781e-13 0.666642 -0.666642 -5.82781e-13 1.00008 1.00008 0.00201742 0.00201741 2.42764e-285 -9.96541e-289 1.05061e-289 -1.89806e-289 
-16.1103 0.33336 -0.000674952 -5.89258e-13 0.666642 -0.666642 -5.89258e-13 1.00008 1.00008 0.00202486 0.00202486 8.1022e-285 -3.32583e-288 3.50764e-289 -6.33595e-289 
-16.1066 0.33336 -0.000677444 -5.95808e-13 0.666642 -0.666641 -5.95808e-13 1.00008 1.00008 0.00203234 0.00203233 1.25492e-284 -5.15109e-288 5.43483e-289 -9.81541e-289 
-16.1029 0.333361 -0.000679944 -6.0243e-13 0.666642 -0.666641 -6.0243e-13 1.00008 1.00008 0.00203984 0.00203983 1.29915e-284 -5.33247e-288 5.62842e-289 -1.01633e-288 
-16.0992 0.333361 -0.000682453 -6.09127e-13 0.666641 -0.666641 -6.09127e-13 1.00008 1.00008 0.00204737 0.00204736 6.65198e-285 -2.73028e-288 2.88295e-289 -5.20491e-289 
-16.0955 0.333361 -0.000684972 -6.15897e-13 0.666641 -0.666641 -6.15897e-13 1.00008 1.00008 0.00205492 0.00205492 -8.98e-285 3.68569e-288 -3.89333e-289 7.02786e-289 
-16.0918 0.333361 -0.0006875 -6.22743e-13 0.666641 -0.666641 -6.22743e-13 1.00008 1.00008 0.00206251 0.0020625 -3.01552e-284 1.23763e-287 -1.30788e-288 2.36045e-288 
-16.0882 0.333361 -0.000690038 -6.29665e-13 0.666641 -0.666641 -6.29665e-13 1.00008 1.00008 0.00207012 0.00207011 -4.67906e-284 1.92032e-287 -2.03013e-288 3.66333e-288 
-16.0845 0.333361 -0.000692585 -6.36663e-13 0.666641 -0.666641 -6.36663e-13 1.00008 1.00008 0.00207776 0.00207775 -4.85218e-284 1.99131e-287 -2.10602e-288 3.79962e-288 
-16.0808 0.333361 -0.000695141 -6.4374e-13 0.666641 -0.666641 -6.4374e-13 1.00008 1.00008 0.00208543 0.00208542 -2.49845e-284 1.02532e-287 -1.08482e-288 1.95686e-288 
-16.0771 0.333361 -0.000697706 -6.50895e-13 0.666641 -0.666641 -6.50895e-13 1.00008 1.00008 0.00209313 0.00209312 3.32153e-284 -1.36305e-287 1.44273e-288 -2.60204e-288 
-16.0734 0.333361 -0.000700282 -6.5813e-13 0.666641 -0.666641 -6.5813e-13 1.00008 1.00008 0.00210085 0.00210084 1.12232e-283 -4.60551e-287 4.87673e-288 -8.79389e-288 
-16.0697 0.333362 -0.000702866 -6.65445e-13 0.666641 -0.66664 -6.65445e-13 1.00008 1.00008 0.00210861 0.0021086 1.74462e-283 -7.15888e-287 7.58356e-288 -1.36725e-287 
-16.066 0.333362 -0.00070546 -6.72842e-13 0.666641 -0.66664 -6.72842e-13 1.00008 1.00008 0.00211639 0.00211638 1.81222e-283 -7.43607e-287 7.8804e-288 -1.42052e-287 
-16.0624 0.333362 -0.000708064 -6.8032e-13 0.66664 -0.66664 -6.8032e-13 1.00009 1.00009 0.0021242 0.00212419 9.38345e-284 -3.85017e-287 4.08191e-288 -7.35677e-288 
-16.0587 0.333362 -0.000710677 -6.87882e-13 0.66664 -0.66664 -6.87882e-13 1.00009 1.00009 0.00213204 0.00213203 -1.22848e-283 5.04048e-287 -5.34606e-288 9.63344e-288 
-16.055 0.333362 -0.0007133 -6.95528e-13 0.66664 -0.66664 -6.95528e-13 1.00009 1.00009 0.00213991 0.0021399 -4.17705e-283 1.71379e-286 -1.81844e-287 3.2762e-287 
-16.0513 0.333362 -0.000715933 -7.03259e-13 0.66664 -0.66664 -7.03259e-13 1.00009 1.00009 0.00214781 0.0021478 -6.50486e-283 2.66878e-286 -2.83291e-287 5.10302e-287 
-16.0476 0.333362 -0.000718575 -7.11076e-13 0.66664 -0.66664 -7.11076e-13 1.00009 1.00009 0.00215573 0.00215573 -6.76834e-283 2.77679e-286 -2.94879e-287 5.31081e-287 
-16.0439 0.333362 -0.000721227 -7.18979e-13 0.66664 -0.66664 -7.18979e-13 1.00009 1.00009 0.00216369 0.00216368 -3.52393e-283 1.44568e-286 -1.53587e-287 2.76563e-287 
-16.0403 0.333362 -0.000723889 -7.26971e-13 0.66664 -0.66664 -7.26971e-13 1.00009 1.00009 0.00217168 0.00217167 4.54327e-283 -1.86381e-286 1.98091e-287 -3.56636e-287 
-16.0366 0.333363 -0.000726561 -7.35051e-13 0.66664 -0.66664 -7.35051e-13 1.00009 1.00009 0.00217969 0.00217968 1.55459e-282 -6.37726e-286 6.78078e-287 -1.22057e-286 
-16.0329 0.333363 -0.000729243 -7.43221e-13 0.66664 -0.666639 -7.43221e-13 1.00009 1.00009 0.00218774 0.00218773 2.42534e-282 -9.94892e-286 1.05829e-286 -1.90463e-286 
-16.0292 0.333363 -0.000731934 -7.51482e-13 0.66664 -0.666639 -7.51482e-13 1.00009 1.00009 0.00219581 0.0021958 2.52784e-282 -1.0369e-285 1.10344e-286 -1.98553e-286 
-16.0255 0.333363 -0.000734635 -7.59835e-13 0.666639 -0.666639 -7.59835e-13 1.00009 1.00009 0.00220391 0.00220391 1.32332e-282 -5.42799e-286 5.77876e-287 -1.03964e-286 
-16.0218 0.333363 -0.000737347 -7.6828e-13 0.666639 -0.666639 -7.6828e-13 1.00009 1.00009 0.00221205 0.00221204 -1.68011e-282 6.89122e-286 -7.33967e-287 1.32022e-286 
-16.0181 0.333363 -0.000740068 -7.7682e-13 0.666639 -0.666639 -7.7682e-13 1.00009 1.00009 0.00222021 0.0022202 -5.78574e-282 2.37303e-285 -2.52853e-286 4.54736e-286 
-16.0145 0.333363 -0.0007428 -7.85454e-13 0.666639 -0.666639 -7.85454e-13 1.00009 1.00009 0.00222841 0.0022284 -9.04287e-282 3.70882e-285 -3.95355e-286 7.10884e-286 
-16.0108 0.333363 -0.000745541 -7.94185e-13 0.666639 -0.666639 -7.94185e-13 1.00009 1.00009 0.00223663 0.00223662 -9.44087e-282 3.87192e-285 -4.12918e-286 7.42328e-286 
-16.0071 0.333364 -0.000748293 -8.03012e-13 0.666639 -0.666639 -8.03012e-13 1.00009 1.00009 0.00224489 0.00224488 -4.9691e-282 2.03787e-285 -2.17421e-286 3.90799e-286 
-16.0034 0.333364 -0.000751054 -8.11937e-13 0.666639 -0.666639 -8.11937e-13 1.00009 1.00009 0.00225317 0.00225316 6.21261e-282 -2.54776e-285 2.71939e-286 -4.88701e-286 
-15.9997 0.333364 -0.000753826 -8.20962e-13 0.666639 -0.666638 -8.20962e-13 1.00009 1.00009 0.00226149 0.00226148 2.15326e-281 -8.83012e-285 9.42904e-286 -1.69418e-285 
-15.996 0.333364 -0.000756609 -8.30087e-13 0.666639 -0.666638 -8.30087e-13 1.00009 1.00009 0.00226983 0.00226983 3.37161e-281 -1.38258e-284 1.477e-285 -2.65334e-285 
-15.9923 0.333364 -0.000759401 -8.39314e-13 0.666638 -0.666638 -8.39314e-13 1.00009 1.00009 0.00227821 0.0022782 3.52591e-281 -1.44581e-284 1.54522e-285 -2.77536e-285 
-15.9887 0.333364 -0.000762204 -8.48642e-13 0.666638 -0.666638 -8.48642e-13 1.00009 1.00009 0.00228662 0.00228661 1.86579e-281 -7.65046e-285 8.18007e-286 -1.46895e-285 
-15.985 0.333364 -0.000765017 -8.58075e-13 0.666638 -0.666638 -8.58075e-13 1.00009 1.00009 0.00229506 0.00229505 -2.29709e-281 9.41862e-285 -1.00751e-285 1.8089e-285 
-15.9813 0.333364 -0.00076784 -8.67613e-13 0.666638 -0.666638 -8.67613e-13 1.00009 1.00009 0.00230353 0.00230352 -8.01367e-281 3.28567e-284 -3.51622e-285 6.31194e-285 
-15.9776 0.333365 -0.000770674 -8.77256e-13 0.666638 -0.666638 -8.77256e-13 1.00009 1.00009 0.00231203 0.00231202 -1.25708e-280 5.15398e-284 -5.51806e-285 9.90356e-285 
-15.9739 0.333365 -0.000773519 -8.87007e-13 0.666638 -0.666638 -8.87007e-13 1.00009 1.00009 0.00232056 0.00232056 -1.31682e-280 5.3987e-284 -5.78263e-285 1.03764e-284 
-15.9702 0.333365 -0.000776373 -8.96866e-13 0.666638 -0.666638 -8.96866e-13 1.00009 1.00009 0.00232913 0.00232912 -7.00526e-281 2.87191e-284 -3.07752e-285 5.52131e-285 
-15.9666 0.333365 -0.000779239 -9.06835e-13 0.666638 -0.666638 -9.06835e-13 1.00009 1.00009 0.00233773 0.00233772 8.49278e-281 -3.48162e-284 3.73255e-285 -6.69519e-285 
-15.9629 0.333365 -0.000782115 -9.16914e-13 0.666638 -0.666637 -9.16914e-13 1.0001 1.0001 0.00234635 0.00234634 2.98236e-280 -1.22258e-283 1.31128e-284 -2.35164e-284 
-15.9592 0.333365 -0.000785001 -9.27105e-13 0.666638 -0.666637 -9.27105e-13 1.0001 1.0001 0.00235501 0.002355 4.68694e-280 -1.92128e-283 2.0616e-284 -3.69655e-284 
-15.9555 0.333365 -0.000787898 -9.3741e-13 0.666637 -0.666637 -9.3741e-13 1.0001 1.0001 0.00236371 0.0023637 4.91788e-280 -2.01587e-283 2.16407e-284 -3.87955e-284 
-15.9518 0.333366 -0.000790806 -9.47829e-13 0.666637 -0.666637 -9.47829e-13 1.0001 1.0001 0.00237243 0.00237242 2.63003e-280 -1.07803e-283 1.1578e-284 -2.0752e-284 
-15.9481 0.333366 -0.000793725 -9.58365e-13 0.666637 -0.666637 -9.58365e-13 1.0001 1.0001 0.00238118 0.00238117 -3.1397e-280 1.28689e-283 -1.38275e-284 2.47791e-284 
-15.9444 0.333366 -0.000796654 -9.69017e-13 0.666637 -0.666637 -9.69017e-13 1.0001 1.0001 0.00238997 0.00238996 -1.1099e-279 4.54907e-283 -4.89017e-284 8.76156e-284 
-15.9408 0.333366 -0.000799595 -9.79787e-13 0.666637 -0.666637 -9.79787e-13 1.0001 1.0001 0.00239879 0.00239878 -1.74748e-279 7.16198e-283 -7.70253e-284 1.37977e-283 
-15.9371 0.333366 -0.000802546 -9.90678e-13 0.666637 -0.666637 -9.90678e-13 1.0001 1.0001 0.00240765 0.00240764 -1.83665e-279 7.52715e-283 -8.09897e-284 1.4505e-283 
-15.9334 0.333366 -0.000805508 -1.00169e-12 0.666637 -0.666636 -1.00169e-12 1.0001 1.0001 0.00241653 0.00241652 -9.8735e-280 4.04632e-283 -4.35571e-284 7.79943e-284 
-15.9297 0.333366 -0.00080848 -1.01282e-12 0.666637 -0.666636 -1.01282e-12 1.0001 1.0001 0.00242545 0.00242544 1.16062e-279 -4.75624e-283 5.12228e-284 -9.17027e-284 
-15.926 0.333366 -0.000811464 -1.02408e-12 0.666636 -0.666636 -1.02408e-12 1.0001 1.0001 0.0024344 0.00243439 4.13053e-279 -1.69263e-282 1.82374e-283 -3.26435e-283 
-15.9223 0.333367 -0.000814459 -1.03546e-12 0.666636 -0.666636 -1.03546e-12 1.0001 1.0001 0.00244339 0.00244338 6.51527e-279 -2.66976e-282 2.8779e-283 -5.15019e-283 
-15.9187 0.333367 -0.000817465 -1.04697e-12 0.666636 -0.666636 -1.04697e-12 1.0001 1.0001 0.00245241 0.00245239 6.85914e-279 -2.81056e-282 3.03109e-283 -5.42326e-283 
-15.915 0.333367 -0.000820482 -1.05861e-12 0.666636 -0.666636 -1.05861e-12 1.0001 1.0001 0.00246146 0.00246145 3.70645e-279 -1.51868e-282 1.6386e-283 -2.93123e-283 
-15.9113 0.333367 -0.00082351 -1.07038e-12 0.666636 -0.666636 -1.07038e-12 1.0001 1.0001 0.00247054 0.00247053 -4.29003e-279 1.75773e-282 -1.89742e-283 3.39354e-283 
-15.9076 0.333367 -0.000826549 -1.08227e-12 0.666636 -0.666636 -1.08227e-12 1.0001 1.0001 0.00247966 0.00247965 -1.53717e-278 6.29791e-282 -6.80164e-283 1.21623e-282 
-15.9039 0.333367 -0.0008296 -1.0943e-12 0.666636 -0.666636 -1.0943e-12 1.0001 1.0001 0.00248881 0.0024888 -2.42912e-278 9.95194e-282 -1.0753e-282 1.92241e-282 
-15.9002 0.333367 -0.000832662 -1.10646e-12 0.666636 -0.666635 -1.10646e-12 1.0001 1.0001 0.002498 0.00249798 -2.56159e-278 1.04942e-281 -1.13443e-282 2.02772e-282 
-15.8965 0.333368 -0.000835735 -1.11876e-12 0.666636 -0.666635 -1.11876e-12 1.0001 1.0001 0.00250722 0.0025072 -1.3913e-278 5.69961e-282 -6.16424e-283 1.10159e-282 
-15.8929 0.333368 -0.000838819 -1.1312e-12 0.666635 -0.666635 -1.1312e-12 1.0001 1.0001 0.00251647 0.00251646 1.5856e-278 -6.49534e-282 7.02819e-283 -1.25573e-282 
-15.8892 0.333368 -0.000841915 -1.14377e-12 0.666635 -0.666635 -1.14377e-12 1.0001 1.0001 0.00252576 0.00252574 5.7205e-278 -2.34328e-281 2.53673e-282 -4.53148e-282 
-15.8855 0.333368 -0.000845022 -1.15648e-12 0.666635 -0.666635 -1.15648e-12 1.0001 1.0001 0.00253508 0.00253507 9.05658e-278 -3.7097e-281 4.01788e-282 -7.17586e-282 
-15.8818 0.333368 -0.000848141 -1.16934e-12 0.666635 -0.666635 -1.16934e-12 1.0001 1.0001 0.00254443 0.00254442 9.56635e-278 -3.91835e-281 4.24591e-282 -7.58158e-282 
-15.8781 0.333368 -0.000851271 -1.18234e-12 0.666635 -0.666635 -1.18234e-12 1.0001 1.0001 0.00255382 0.00255381 5.22227e-278 -2.13894e-281 2.31887e-282 -4.13978e-282 
-15.8744 0.333368 -0.000854412 -1.19548e-12 0.666635 -0.666635 -1.19548e-12 1.00011 1.00011 0.00256325 0.00256324 -5.85993e-278 2.40002e-281 -2.60318e-282 4.64638e-282 
-15.8707 0.333369 -0.000857566 -1.20876e-12 0.666635 -0.666634 -1.20876e-12 1.00011 1.00011 0.00257271 0.0025727 -2.12883e-277 8.7186e-281 -9.4612e-282 1.68837e-281 
-15.8671 0.333369 -0.000860731 -1.2222e-12 0.666635 -0.666634 -1.2222e-12 1.00011 1.00011 0.00258221 0.00258219 -3.37658e-277 1.38282e-280 -1.50133e-281 2.67861e-281 
-15.8634 0.333369 -0.000863907 -1.23578e-12 0.666634 -0.666634 -1.23578e-12 1.00011 1.00011 0.00259173 0.00259172 -3.57256e-277 1.46302e-280 -1.58919e-281 2.83476e-281 
-15.8597 0.333369 -0.000867096 -1.24952e-12 0.666634 -0.666634 -1.24952e-12 1.00011 1.00011 0.0026013 0.00260129 -1.96008e-277 8.02655e-281 -8.72302e-282 1.55567e-281 
-15.856 0.333369 -0.000870296 -1.26341e-12 0.666634 -0.666634 -1.26341e-12 1.00011 1.00011 0.0026109 0.00261089 2.16548e-277 -8.86728e-281 9.64145e-282 -1.71911e-281 
-15.8523 0.333369 -0.000873508 -1.27745e-12 0.666634 -0.666634 -1.27745e-12 1.00011 1.00011 0.00262054 0.00262052 7.92215e-277 -3.24386e-280 3.52882e-281 -6.29072e-281 
-15.8486 0.333369 -0.000876731 -1.29165e-12 0.666634 -0.666634 -1.29165e-12 1.00011 1.00011 0.00263021 0.00263019 1.25889e-276 -5.15452e-280 5.61009e-281 -9.99885e-281 
-15.845 0.33337 -0.000879967 -1.30601e-12 0.666634 -0.666634 -1.30601e-12 1.00011 1.00011 0.00263991 0.0026399 1.33416e-276 -5.46251e-280 5.94827e-281 -1.05994e-280 
-15.8413 0.33337 -0.000883215 -1.32052e-12 0.666634 -0.666633 -1.32052e-12 1.00011 1.00011 0.00264966 0.00264964 7.35644e-277 -3.01186e-280 3.28133e-281 -5.84584e-281 
-15.8376 0.33337 -0.000886474 -1.3352e-12 0.666634 -0.666633 -1.3352e-12 1.00011 1.00011 0.00265944 0.00265942 -8.00163e-277 3.27587e-280 -3.57075e-281 6.36013e-281 
-15.8339 0.33337 -0.000889746 -1.35004e-12 0.666633 -0.666633 -1.35004e-12 1.00011 1.00011 0.00266925 0.00266924 -2.94809e-276 1.2069e-279 -1.31621e-280 2.34389e-280 
-15.8302 0.33337 -0.000893029 -1.36505e-12 0.666633 -0.666633 -1.36505e-12 1.00011 1.00011 0.0026791 0.00267909 -4.69346e-276 1.92135e-279 -2.09641e-280 3.73249e-280 
-15.8265 0.33337 -0.000896325 -1.38022e-12 0.666633 -0.666633 -1.38022e-12 1.00011 1.00011 0.00268899 0.00268898 -4.98234e-276 2.03952e-279 -2.22648e-280 3.96322e-280 
-15.8228 0.333371 -0.000899633 -1.39556e-12 0.666633 -0.666633 -1.39556e-12 1.00011 1.00011 0.00269891 0.0026989 -2.76082e-276 1.13009e-279 -1.23431e-280 2.19665e-280 
-15.8192 0.333371 -0.000902953 -1.41107e-12 0.666633 -0.666633 -1.41107e-12 1.00011 1.00011 0.00270887 0.00270886 2.95641e-276 -1.21011e-279 1.32238e-280 -2.35288e-280 
-15.8155 0.333371 -0.000906286 -1.42675e-12 0.666633 -0.666633 -1.42675e-12 1.00011 1.00011 0.00271887 0.00271886 1.09707e-275 -4.4903e-279 4.90941e-280 -8.73332e-280 
-15.8118 0.333371 -0.00090963 -1.44261e-12 0.666633 -0.666632 -1.44261e-12 1.00011 1.00011 0.00272891 0.00272889 1.74984e-275 -7.16177e-279 7.83424e-280 -1.39333e-279 
-15.8081 0.333371 -0.000912987 -1.45865e-12 0.666633 -0.666632 -1.45865e-12 1.00011 1.00011 0.00273898 0.00273896 1.86061e-275 -7.61482e-279 8.33412e-280 -1.48191e-279 
-15.8044 0.333371 -0.000916357 -1.47486e-12 0.666632 -0.666632 -1.47486e-12 1.00011 1.00011 0.00274909 0.00274907 1.03606e-275 -4.24005e-279 4.64296e-280 -8.25398e-280 
-15.8007 0.333372 -0.000919739 -1.49125e-12 0.666632 -0.666632 -1.49125e-12 1.00011 1.00011 0.00275923 0.00275922 -1.09223e-275 4.46973e-279 -4.897e-280 8.70369e-280 
-15.7971 0.333372 -0.000923133 -1.50783e-12 0.666632 -0.666632 -1.50783e-12 1.00011 1.00011 0.00276941 0.0027694 -4.08248e-275 1.6706e-278 -1.83125e-279 3.25406e-279 
-15.7934 0.333372 -0.00092654 -1.52459e-12 0.666632 -0.666632 -1.52459e-12 1.00012 1.00012 0.00277964 0.00277962 -6.52378e-275 2.6695e-278 -2.92773e-279 5.20133e-279 
-15.7897 0.333372 -0.000929959 -1.54153e-12 0.666632 -0.666632 -1.54153e-12 1.00012 1.00012 0.00278989 0.00278988 -6.94821e-275 2.84306e-278 -3.1197e-279 5.54117e-279 
-15.786 0.333372 -0.000933391 -1.55866e-12 0.666632 -0.666631 -1.55866e-12 1.00012 1.00012 0.00280019 0.00280017 -3.88786e-275 1.59076e-278 -1.74646e-279 3.10136e-279 
-15.7823 0.333372 -0.000936836 -1.57599e-12 0.666632 -0.666631 -1.57599e-12 1.00012 1.00012 0.00281052 0.00281051 4.0348e-275 -1.65081e-278 1.81335e-279 -3.21943e-279 
-15.7786 0.333372 -0.000940293 -1.59351e-12 0.666631 -0.666631 -1.59351e-12 1.00012 1.00012 0.0028209 0.00282088 1.51918e-274 -6.21533e-278 6.83089e-279 -1.21249e-278 
-15.7749 0.333373 -0.000943763 -1.61122e-12 0.666631 -0.666631 -1.61122e-12 1.00012 1.00012 0.00283131 0.00283129 2.43219e-274 -9.95028e-278 1.09416e-278 -1.9417e-278 
-15.7713 0.333373 -0.000947246 -1.62912e-12 0.666631 -0.666631 -1.62912e-12 1.00012 1.00012 0.00284176 0.00284174 2.5947e-274 -1.06146e-277 1.16783e-278 -2.07199e-278 
-15.7676 0.333373 -0.000950742 -1.64723e-12 0.666631 -0.666631 -1.64723e-12 1.00012 1.00012 0.00285224 0.00285223 1.45886e-274 -5.96779e-278 6.5693e-279 -1.16528e-278 
-15.7639 0.333373 -0.000954251 -1.66554e-12 0.666631 -0.666631 -1.66554e-12 1.00012 1.00012 0.00286277 0.00286275 -1.49036e-274 6.09638e-278 -6.71444e-279 1.19076e-278 
-15.7602 0.333373 -0.000957773 -1.68405e-12 0.666631 -0.666631 -1.68405e-12 1.00012 1.00012 0.00287334 0.00287332 -5.65311e-274 2.31232e-277 -2.54812e-278 4.51788e-278 
-15.7565 0.333373 -0.000961307 -1.70277e-12 0.666631 -0.66663 -1.70277e-12 1.00012 1.00012 0.00288394 0.00288392 -9.06765e-274 3.70882e-277 -4.08923e-278 7.24868e-278 
-15.7528 0.333374 -0.000964855 -1.7217e-12 0.666631 -0.66663 -1.7217e-12 1.00012 1.00012 0.00289458 0.00289456 -9.68943e-274 3.96297e-277 -4.3718e-278 7.74782e-278 
-15.7491 0.333374 -0.000968416 -1.74083e-12 0.66663 -0.66663 -1.74083e-12 1.00012 1.00012 0.00290527 0.00290525 -5.47389e-274 2.23872e-277 -2.47101e-278 4.37819e-278 
-15.7455 0.333374 -0.000971989 -1.76018e-12 0.66663 -0.66663 -1.76018e-12 1.00012 1.00012 0.00291599 0.00291597 5.50454e-274 -2.25115e-277 2.48608e-278 -4.4039e-278 
-15.7418 0.333374 -0.000975577 -1.77975e-12 0.66663 -0.66663 -1.77975e-12 1.00012 1.00012 0.00292675 0.00292673 2.1036e-273 -8.60253e-277 9.50548e-278 -1.68344e-277 
-15.7381 0.333374 -0.000979177 -1.79953e-12 0.66663 -0.66663 -1.79953e-12 1.00012 1.00012 0.00293755 0.00293753 3.38056e-273 -1.3824e-276 1.52833e-277 -2.70609e-277 
-15.7344 0.333375 -0.00098279 -1.81953e-12 0.66663 -0.66663 -1.81953e-12 1.00012 1.00012 0.00294839 0.00294837 3.6183e-273 -1.47955e-276 1.63664e-277 -2.8972e-277 
-15.7307 0.333375 -0.000986417 -1.83975e-12 0.66663 -0.666629 -1.83975e-12 1.00012 1.00012 0.00295927 0.00295925 2.0538e-273 -8.39773e-277 9.29448e-278 -1.64494e-277 
-15.727 0.333375 -0.000990058 -1.8602e-12 0.66663 -0.666629 -1.8602e-12 1.00012 1.00012 0.00297019 0.00297017 -2.03286e-273 8.31176e-277 -9.20441e-278 1.62862e-277 
-15.7234 0.333375 -0.000993711 -1.88088e-12 0.666629 -0.666629 -1.88088e-12 1.00013 1.00013 0.00298115 0.00298113 -7.82768e-273 3.20035e-276 -3.54602e-277 6.27286e-277 
-15.7197 0.333375 -0.000997379 -1.90178e-12 0.666629 -0.666629 -1.90178e-12 1.00013 1.00013 0.00299216 0.00299214 -1.26032e-272 5.15258e-276 -5.71228e-277 1.01026e-276 
-15.716 0.333375 -0.00100106 -1.92292e-12 0.666629 -0.666629 -1.92292e-12 1.00013 1.00013 0.0030032 0.00300318 -1.35117e-272 5.52375e-276 -6.12718e-277 1.08339e-276 
-15.7123 0.333376 -0.00100475 -1.94429e-12 0.666629 -0.666629 -1.94429e-12 1.00013 1.00013 0.00301428 0.00301426 -7.70544e-273 3.14994e-276 -3.49601e-277 6.18007e-277 
-15.7086 0.333376 -0.00100846 -1.9659e-12 0.666629 -0.666629 -1.9659e-12 1.00013 1.00013 0.00302541 0.00302539 7.50678e-273 -3.06859e-276 3.40763e-277 -6.02243e-277 
-15.7049 0.333376 -0.00101218 -1.98775e-12 0.666629 -0.666628 -1.98775e-12 1.00013 1.00013 0.00303657 0.00303655 2.91272e-272 -1.19059e-275 1.32288e-276 -2.33743e-276 
-15.7012 0.333376 -0.00101592 -2.00984e-12 0.666629 -0.666628 -2.00984e-12 1.00013 1.00013 0.00304778 0.00304776 4.6986e-272 -1.92049e-275 2.13509e-276 -3.77165e-276 
-15.6976 0.333376 -0.00101967 -2.03218e-12 0.666628 -0.666628 -2.03218e-12 1.00013 1.00013 0.00305902 0.003059 5.04555e-272 -2.06221e-275 2.29394e-276 -4.0513e-276 
-15.6939 0.333376 -0.00102343 -2.05477e-12 0.666628 -0.666628 -2.05477e-12 1.00013 1.00013 0.00307031 0.00307029 2.89079e-272 -1.18146e-275 1.31497e-276 -2.32181e-276 
-15.6902 0.333377 -0.00102721 -2.07761e-12 0.666628 -0.666628 -2.07761e-12 1.00013 1.00013 0.00308164 0.00308162 -2.77176e-272 1.13276e-275 -1.26149e-276 2.22685e-276 
-15.6865 0.333377 -0.001031 -2.1007e-12 0.666628 -0.666628 -2.1007e-12 1.00013 1.00013 0.00309302 0.003093 -1.08383e-271 4.42916e-275 -4.93531e-276 8.70999e-276 
-15.6828 0.333377 -0.0010348 -2.12405e-12 0.666628 -0.666627 -2.12405e-12 1.00013 1.00013 0.00310443 0.00310441 -1.75168e-271 7.15806e-275 -7.98065e-276 1.40811e-275 
-15.6791 0.333377 -0.00103862 -2.14766e-12 0.666628 -0.666627 -2.14766e-12 1.00013 1.00013 0.00311589 0.00311587 -1.8841e-271 7.69883e-275 -8.5885e-276 1.515e-275 
-15.6755 0.333377 -0.00104245 -2.17153e-12 0.666627 -0.666627 -2.17153e-12 1.00013 1.00013 0.00312739 0.00312736 -1.08447e-271 4.43114e-275 -4.94605e-276 8.72268e-276 
-15.6718 0.333378 -0.0010463 -2.19566e-12 0.666627 -0.666627 -2.19566e-12 1.00013 1.00013 0.00313893 0.00313891 1.02333e-271 -4.18113e-275 4.6697e-276 -8.23333e-276 
-15.6681 0.333378 -0.00105016 -2.22007e-12 0.666627 -0.666627 -2.22007e-12 1.00013 1.00013 0.00315051 0.00315049 4.03288e-271 -1.64768e-274 1.84128e-275 -3.24566e-275 
-15.6644 0.333378 -0.00105404 -2.24474e-12 0.666627 -0.666627 -2.24474e-12 1.00013 1.00013 0.00316214 0.00316212 6.53037e-271 -2.66793e-274 2.98315e-275 -5.25717e-275 
-15.6607 0.333378 -0.00105793 -2.26969e-12 0.666627 -0.666627 -2.26969e-12 1.00013 1.00013 0.00317381 0.00317379 7.03554e-271 -2.87417e-274 3.21564e-275 -5.6655e-275 
-15.657 0.333378 -0.00106183 -2.29492e-12 0.666627 -0.666626 -2.29492e-12 1.00014 1.00014 0.00318552 0.0031855 4.06813e-271 -1.66184e-274 1.86037e-275 -3.27691e-275 
-15.6533 0.333379 -0.00106575 -2.32043e-12 0.666627 -0.666626 -2.32043e-12 1.00014 1.00014 0.00319728 0.00319725 -3.77772e-271 1.54313e-274 -1.7285e-275 3.04388e-275 
-15.6497 0.333379 -0.00106968 -2.34622e-12 0.666626 -0.666626 -2.34622e-12 1.00014 1.00014 0.00320908 0.00320905 -1.50061e-270 6.1294e-274 -6.86975e-275 1.20947e-274 
-15.646 0.333379 -0.00107363 -2.37229e-12 0.666626 -0.666626 -2.37229e-12 1.00014 1.00014 0.00322092 0.00322089 -2.43455e-270 9.9437e-274 -1.11514e-274 1.96279e-274 
-15.6423 0.333379 -0.00107759 -2.39866e-12 0.666626 -0.666626 -2.39866e-12 1.00014 1.00014 0.00323281 0.00323278 -2.62716e-270 1.07299e-273 -1.20402e-274 2.11871e-274 
-15.6386 0.333379 -0.00108157 -2.42532e-12 0.666626 -0.666626 -2.42532e-12 1.00014 1.00014 0.00324474 0.00324471 -1.526e-270 6.23218e-274 -6.99741e-275 1.23103e-274 
-15.6349 0.33338 -0.00108556 -2.45228e-12 0.666626 -0.666625 -2.45228e-12 1.00014 1.00014 0.00325671 0.00325668 1.39444e-270 -5.6946e-274 6.39765e-275 -1.12524e-274 
-15.6312 0.33338 -0.00108957 -2.47953e-12 0.666626 -0.666625 -2.47953e-12 1.00014 1.00014 0.00326873 0.0032687 5.5836e-270 -2.28011e-273 2.56315e-274 -4.50703e-274 
-15.6275 0.33338 -0.00109359 -2.50709e-12 0.666625 -0.666625 -2.50709e-12 1.00014 1.00014 0.00328079 0.00328077 9.07605e-270 -3.7061e-273 4.16866e-274 -7.32832e-274 
-15.6239 0.33338 -0.00109762 -2.53496e-12 0.666625 -0.666625 -2.53496e-12 1.00014 1.00014 0.0032929 0.00329287 9.81006e-270 -4.00562e-273 4.5083e-274 -7.9234e-274 
-15.6202 0.33338 -0.00110167 -2.56313e-12 0.666625 -0.666625 -2.56313e-12 1.00014 1.00014 0.00330505 0.00330502 5.72392e-270 -2.33706e-273 2.63194e-274 -4.62451e-274 
-15.6165 0.333381 -0.00110574 -2.59162e-12 0.666625 -0.666625 -2.59162e-12 1.00014 1.00014 0.00331725 0.00331722 -5.14662e-270 2.10124e-273 -2.3678e-274 4.15936e-274 
-15.6128 0.333381 -0.00110982 -2.62043e-12 0.666625 -0.666624 -2.62043e-12 1.00014 1.00014 0.00332949 0.00332946 -2.07757e-269 8.48179e-273 -9.56362e-274 1.67955e-273 
-15.6091 0.333381 -0.00111392 -2.64955e-12 0.666625 -0.666624 -2.64955e-12 1.00014 1.00014 0.00334178 0.00334175 -3.38355e-269 1.38128e-272 -1.55841e-273 2.73617e-273 
-15.6054 0.333381 -0.00111803 -2.679e-12 0.666624 -0.666624 -2.679e-12 1.00014 1.00014 0.00335411 0.00335408 -3.66314e-269 1.49534e-272 -1.68814e-273 2.96319e-273 
-15.6018 0.333381 -0.00112215 -2.70877e-12 0.666624 -0.666624 -2.70877e-12 1.00014 1.00014 0.00336649 0.00336646 -2.14691e-269 8.76351e-273 -9.89948e-274 1.73722e-273 
-15.5981 0.333382 -0.00112629 -2.73888e-12 0.666624 -0.666624 -2.73888e-12 1.00014 1.00014 0.00337891 0.00337888 1.89932e-269 -7.75245e-273 8.76277e-274 -1.53735e-273 
-15.5944 0.333382 -0.00113045 -2.76932e-12 0.666624 -0.666624 -2.76932e-12 1.00015 1.00015 0.00339138 0.00339135 7.73024e-269 -3.15509e-272 3.56848e-273 -6.25898e-273 
-15.5907 0.333382 -0.00113462 -2.8001e-12 0.666624 -0.666623 -2.8001e-12 1.00015 1.00015 0.00340389 0.00340386 1.26138e-268 -5.14803e-272 5.82617e-273 -1.02163e-272 
-15.587 0.333382 -0.00113881 -2.83122e-12 0.666624 -0.666623 -2.83122e-12 1.00015 1.00015 0.00341646 0.00341643 1.36783e-268 -5.5822e-272 6.32147e-273 -1.10819e-272 
-15.5833 0.333382 -0.00114301 -2.86269e-12 0.666623 -0.666623 -2.86269e-12 1.00015 1.00015 0.00342906 0.00342903 8.05221e-269 -3.28598e-272 3.72349e-273 -6.52581e-273 
-15.5796 0.333383 -0.00114723 -2.89451e-12 0.666623 -0.666623 -2.89451e-12 1.00015 1.00015 0.00344172 0.00344169 -7.0085e-269 2.85991e-272 -3.24272e-273 5.68174e-273 
-15.576 0.333383 -0.00115146 -2.92668e-12 0.666623 -0.666623 -2.92668e-12 1.00015 1.00015 0.00345442 0.00345439 -2.87624e-268 1.17363e-271 -1.33156e-272 2.33249e-272 
-15.5723 0.333383 -0.00115571 -2.95921e-12 0.666623 -0.666623 -2.95921e-12 1.00015 1.00015 0.00346717 0.00346714 -4.70235e-268 1.91865e-271 -2.17822e-272 3.81459e-272 
-15.5686 0.333383 -0.00115998 -2.9921e-12 0.666623 -0.666622 -2.9921e-12 1.00015 1.00015 0.00347996 0.00347993 -5.10749e-268 2.08384e-271 -2.36725e-272 4.14456e-272 
-15.5649 0.333383 -0.00116426 -3.02535e-12 0.666623 -0.666622 -3.02535e-12 1.00015 1.00015 0.0034928 0.00349277 -3.01993e-268 1.23206e-271 -1.40051e-272 2.45136e-272 
-15.5612 0.333384 -0.00116855 -3.05898e-12 0.666622 -0.666622 -3.05898e-12 1.00015 1.00015 0.00350569 0.00350566 2.58585e-268 -1.05491e-271 1.1999e-272 -2.09968e-272 
-15.5575 0.333384 -0.00117287 -3.09298e-12 0.666622 -0.666622 -3.09298e-12 1.00015 1.00015 0.00351863 0.0035186 1.07017e-267 -4.36556e-271 4.96879e-272 -8.69247e-272 
-15.5538 0.333384 -0.00117719 -3.12735e-12 0.666622 -0.666622 -3.12735e-12 1.00015 1.00015 0.00353161 0.00353158 1.753e-267 -7.15067e-271 8.14396e-272 -1.42434e-271 
-15.5502 0.333384 -0.00118154 -3.16211e-12 0.666622 -0.666622 -3.16211e-12 1.00015 1.00015 0.00354465 0.00354461 1.90712e-267 -7.7789e-271 8.86517e-272 -1.55007e-271 
-15.5465 0.333385 -0.0011859 -3.19726e-12 0.666622 -0.666621 -3.19726e-12 1.00015 1.00015 0.00355773 0.00355769 1.13256e-267 -4.61931e-271 5.26776e-272 -9.20819e-272 
-15.5428 0.333385 -0.00119027 -3.23279e-12 0.666622 -0.666621 -3.23279e-12 1.00015 1.00015 0.00357086 0.00357082 -9.53963e-268 3.89066e-271 -4.4397e-272 7.75866e-272 
-15.5391 0.333385 -0.00119467 -3.26873e-12 0.666621 -0.666621 -3.26873e-12 1.00015 1.00015 0.00358403 0.003584 -3.98177e-267 1.62384e-270 -1.8542e-271 3.23947e-271 
-15.5354 0.333385 -0.00119907 -3.30505e-12 0.666621 -0.666621 -3.30505e-12 1.00016 1.00016 0.00359726 0.00359722 -6.53504e-267 2.66497e-270 -3.045e-271 5.31849e-271 
-15.5317 0.333385 -0.0012035 -3.34179e-12 0.666621 -0.666621 -3.34179e-12 1.00016 1.00016 0.00361053 0.0036105 -7.12109e-267 2.9038e-270 -3.32006e-271 5.79736e-271 
-15.5281 0.333386 -0.00120794 -3.37893e-12 0.666621 -0.666621 -3.37893e-12 1.00016 1.00016 0.00362386 0.00362382 -4.24724e-267 1.73182e-270 -1.98137e-271 3.45887e-271 
-15.5244 0.333386 -0.0012124 -3.41649e-12 0.666621 -0.66662 -3.41649e-12 1.00016 1.00016 0.00363723 0.00363719 3.51891e-267 -1.43476e-270 1.64259e-271 -2.86669e-271 
-15.5207 0.333386 -0.00121687 -3.45446e-12 0.666621 -0.66662 -3.45446e-12 1.00016 1.00016 0.00365065 0.00365062 1.48147e-266 -6.04004e-270 6.91954e-271 -1.20729e-270 
-15.517 0.333386 -0.00122136 -3.49285e-12 0.66662 -0.66662 -3.49285e-12 1.00016 1.00016 0.00366412 0.00366409 2.43619e-266 -9.9319e-270 1.13856e-270 -1.98597e-270 
-15.5133 0.333387 -0.00122587 -3.53167e-12 0.66662 -0.66662 -3.53167e-12 1.00016 1.00016 0.00367765 0.00367761 2.65895e-266 -1.08395e-269 1.24343e-270 -2.1683e-270 
-15.5096 0.333387 -0.00123039 -3.57093e-12 0.66662 -0.66662 -3.57093e-12 1.00016 1.00016 0.00369122 0.00369118 1.5927e-266 -6.49241e-270 7.45261e-271 -1.29924e-270 
-15.5059 0.333387 -0.00123493 -3.61061e-12 0.66662 -0.666619 -3.61061e-12 1.00016 1.00016 0.00370484 0.0037048 -1.29788e-266 5.29031e-270 -6.07678e-271 1.05909e-270 
-15.5023 0.333387 -0.00123949 -3.65074e-12 0.66662 -0.666619 -3.65074e-12 1.00016 1.00016 0.00371851 0.00371847 -5.51196e-266 2.24662e-269 -2.58234e-270 4.4994e-270 
-15.4986 0.333388 -0.00124406 -3.69132e-12 0.666619 -0.666619 -3.69132e-12 1.00016 1.00016 0.00373223 0.00373219 -9.08176e-266 3.70141e-269 -4.25739e-270 7.41594e-270 
-15.4949 0.333388 -0.00124865 -3.73235e-12 0.666619 -0.666619 -3.73235e-12 1.00016 1.00016 0.003746 0.00374596 -9.92823e-266 4.04617e-269 -4.65707e-270 8.10991e-270 
-15.4912 0.333388 -0.00125326 -3.77383e-12 0.666619 -0.666619 -3.77383e-12 1.00016 1.00016 0.00375983 0.00375979 -5.97231e-266 2.43383e-269 -2.80319e-270 4.88018e-270 
-15.4875 0.333388 -0.00125789 -3.81577e-12 0.666619 -0.666619 -3.81577e-12 1.00016 1.00016 0.0037737 0.00377366 4.78635e-266 -1.95041e-269 2.24794e-270 -3.91244e-270 
-15.4838 0.333388 -0.00126253 -3.85818e-12 0.666619 -0.666618 -3.85818e-12 1.00017 1.00017 0.00378763 0.00378759 2.05076e-265 -8.35624e-269 9.6375e-270 -1.6769e-269 
-15.4802 0.333389 -0.00126719 -3.90106e-12 0.666619 -0.666618 -3.90106e-12 1.00017 1.00017 0.0038016 0.00380156 3.38553e-265 -1.37943e-268 1.59202e-269 -2.7693e-269 
-15.4765 0.333389 -0.00127186 -3.94442e-12 0.666618 -0.666618 -3.94442e-12 1.00017 1.00017 0.00381563 0.00381559 3.70706e-265 -1.51034e-268 1.7443e-269 -3.03335e-269 
-15.4728 0.333389 -0.00127656 -3.98826e-12 0.666618 -0.666618 -3.98826e-12 1.00017 1.00017 0.00382971 0.00382967 2.23941e-265 -9.12334e-269 1.05439e-269 -1.83307e-269 
-15.4691 0.333389 -0.00128127 -4.03259e-12 0.666618 -0.666618 -4.03259e-12 1.00017 1.00017 0.00384385 0.0038438 -1.76491e-265 7.18978e-269 -8.31499e-270 1.44517e-269 
-15.4654 0.33339 -0.001286 -4.07741e-12 0.666618 -0.666617 -4.07741e-12 1.00017 1.00017 0.00385803 0.00385799 -7.62987e-265 3.10803e-268 -3.59693e-269 6.2498e-269 
-15.4617 0.33339 -0.00129074 -4.12272e-12 0.666618 -0.666617 -4.12272e-12 1.00017 1.00017 0.00387227 0.00387222 -1.26206e-264 5.14071e-268 -5.95348e-269 1.03415e-268 
-15.458 0.33339 -0.0012955 -4.16855e-12 0.666617 -0.666617 -4.16855e-12 1.00017 1.00017 0.00388656 0.00388651 -1.38415e-264 5.63766e-268 -6.53354e-269 1.13459e-268 
-15.4544 0.33339 -0.00130028 -4.21488e-12 0.666617 -0.666617 -4.21488e-12 1.00017 1.00017 0.0039009 0.00390085 -8.39669e-265 3.41978e-268 -3.96598e-269 6.8852e-269 
-15.4507 0.333391 -0.00130508 -4.26172e-12 0.666617 -0.666617 -4.26172e-12 1.00017 1.00017 0.00391529 0.00391525 6.50703e-265 -2.65e-268 3.07541e-269 -5.3376e-269 
-15.447 0.333391 -0.0013099 -4.30909e-12 0.666617 -0.666616 -4.30909e-12 1.00017 1.00017 0.00392974 0.00392969 2.83867e-264 -1.15598e-267 1.3425e-268 -2.32934e-268 
-15.4433 0.333391 -0.00131473 -4.35698e-12 0.666617 -0.666616 -4.35698e-12 1.00017 1.00017 0.00394424 0.00394419 4.70472e-264 -1.91577e-267 2.22645e-268 -3.86195e-268 
-15.4396 0.333391 -0.00131958 -4.4054e-12 0.666616 -0.666616 -4.4054e-12 1.00017 1.00017 0.0039588 0.00395875 5.16813e-264 -2.10435e-267 2.44733e-268 -4.24387e-268 
-15.4359 0.333392 -0.00132445 -4.45437e-12 0.666616 -0.666616 -4.45437e-12 1.00018 1.00018 0.0039734 0.00397336 3.14822e-264 -1.2818e-267 1.49178e-268 -2.58613e-268 
-15.4322 0.333392 -0.00132934 -4.50387e-12 0.666616 -0.666616 -4.50387e-12 1.00018 1.00018 0.00398807 0.00398802 -2.39876e-264 9.76602e-268 -1.13739e-268 1.97119e-268 
-15.4286 0.333392 -0.00133424 -4.55393e-12 0.666616 -0.666615 -4.55393e-12 1.00018 1.00018 0.00400278 0.00400273 -1.05611e-263 4.29944e-267 -5.01088e-268 8.68176e-268 
-15.4249 0.333392 -0.00133917 -4.60454e-12 0.666616 -0.666615 -4.60454e-12 1.00018 1.00018 0.00401755 0.0040175 -1.75381e-263 7.13935e-267 -8.32668e-268 1.44225e-267 
-15.4212 0.333393 -0.00134411 -4.65572e-12 0.666615 -0.666615 -4.65572e-12 1.00018 1.00018 0.00403238 0.00403233 -1.92966e-263 7.85471e-267 -9.16758e-268 1.58744e-267 
-15.4175 0.333393 -0.00134907 -4.70746e-12 0.666615 -0.666615 -4.70746e-12 1.00018 1.00018 0.00404726 0.00404721 -1.18033e-263 4.80426e-267 -5.61131e-268 9.71357e-268 
-15.4138 0.333393 -0.00135405 -4.75978e-12 0.666615 -0.666615 -4.75978e-12 1.00018 1.00018 0.00406219 0.00406214 8.84166e-264 -3.59856e-267 4.2061e-268 -7.27894e-268 
-15.4101 0.333393 -0.00135904 -4.81269e-12 0.666615 -0.666614 -4.81269e-12 1.00018 1.00018 0.00407718 0.00407713 3.92913e-263 -1.59906e-266 1.87038e-267 -3.23587e-267 
-15.4065 0.333394 -0.00136406 -4.86617e-12 0.666615 -0.666614 -4.86617e-12 1.00018 1.00018 0.00409223 0.00409217 6.53776e-263 -2.66053e-266 3.11423e-267 -5.38622e-267 
-15.4028 0.333394 -0.00136909 -4.92026e-12 0.666614 -0.666614 -4.92026e-12 1.00018 1.00018 0.00410733 0.00410727 7.20484e-263 -2.93181e-266 3.43427e-267 -5.938e-267 
-15.3991 0.333394 -0.00137414 -4.97494e-12 0.666614 -0.666614 -4.97494e-12 1.00018 1.00018 0.00412248 0.00412243 4.42514e-263 -1.80058e-266 2.1107e-267 -3.64842e-267 
-15.3954 0.333395 -0.00137921 -5.03024e-12 0.666614 -0.666614 -5.03024e-12 1.00018 1.00018 0.00413769 0.00413764 -3.25852e-263 1.3258e-266 -1.55529e-267 2.68757e-267 
-15.3917 0.333395 -0.0013843 -5.08614e-12 0.666614 -0.666613 -5.08614e-12 1.00018 1.00018 0.00415296 0.00415291 -1.46177e-262 5.94714e-266 -6.98171e-267 1.2061e-266 
-15.388 0.333395 -0.00138941 -5.14267e-12 0.666614 -0.666613 -5.14267e-12 1.00019 1.00019 0.00416829 0.00416823 -2.4371e-262 9.91456e-266 -1.16479e-266 2.01159e-266 
-15.3843 0.333395 -0.00139454 -5.19983e-12 0.666613 -0.666613 -5.19983e-12 1.00019 1.00019 0.00418367 0.00418361 -2.69008e-262 1.0943e-265 -1.28657e-266 2.22123e-266 
-15.3807 0.333396 -0.00139968 -5.25762e-12 0.666613 -0.666613 -5.25762e-12 1.00019 1.00019 0.00419911 0.00419905 -1.65895e-262 6.74803e-266 -7.93955e-267 1.37033e-266 
-15.377 0.333396 -0.00140485 -5.31605e-12 0.666613 -0.666613 -5.31605e-12 1.00019 1.00019 0.0042146 0.00421454 1.20073e-262 -4.88385e-266 5.75048e-267 -9.92213e-267 
-15.3733 0.333396 -0.00141003 -5.37514e-12 0.666613 -0.666612 -5.37514e-12 1.00019 1.00019 0.00423015 0.0042301 5.43822e-262 -2.21179e-265 2.60622e-266 -4.49553e-266 
-15.3696 0.333396 -0.00141523 -5.43488e-12 0.666613 -0.666612 -5.43488e-12 1.00019 1.00019 0.00424576 0.0042457 9.08477e-262 -3.69465e-265 4.35678e-266 -7.51284e-266 
-15.3659 0.333397 -0.00142046 -5.49528e-12 0.666612 -0.666612 -5.49528e-12 1.00019 1.00019 0.00426143 0.00426137 1.00439e-261 -4.08443e-265 4.82004e-266 -8.30918e-266 
-15.3622 0.333397 -0.0014257 -5.55636e-12 0.666612 -0.666612 -5.55636e-12 1.00019 1.00019 0.00427715 0.00427709 6.21902e-262 -2.52885e-265 2.98655e-266 -5.1469e-266 
-15.3586 0.333397 -0.00143096 -5.61811e-12 0.666612 -0.666611 -5.61811e-12 1.00019 1.00019 0.00429293 0.00429288 -4.42394e-262 1.7988e-265 -2.12597e-266 3.6627e-266 
-15.3549 0.333398 -0.00143624 -5.68055e-12 0.666612 -0.666611 -5.68055e-12 1.00019 1.00019 0.00430878 0.00430872 -2.02316e-261 8.22571e-265 -9.72921e-266 1.67567e-265 
-15.3512 0.333398 -0.00144154 -5.74368e-12 0.666611 -0.666611 -5.74368e-12 1.00019 1.00019 0.00432467 0.00432461 -3.38651e-261 1.37679e-264 -1.62968e-265 2.80596e-265 
-15.3475 0.333398 -0.00144686 -5.80752e-12 0.666611 -0.666611 -5.80752e-12 1.00019 1.00019 0.00434063 0.00434057 -3.75003e-261 1.52447e-264 -1.80587e-265 3.10837e-265 
-15.3438 0.333398 -0.0014522 -5.87206e-12 0.666611 -0.666611 -5.87206e-12 1.0002 1.0002 0.00435665 0.00435659 -2.33128e-261 9.47657e-265 -1.12344e-265 1.93314e-265 
-15.3401 0.333399 -0.00145755 -5.93733e-12 0.666611 -0.66661 -5.93733e-12 1.0002 1.0002 0.00437272 0.00437266 1.62971e-261 -6.62423e-265 7.85902e-266 -1.35191e-265 
-15.3364 0.333399 -0.00146293 -6.00332e-12 0.666611 -0.66661 -6.00332e-12 1.0002 1.0002 0.00438886 0.0043888 7.52658e-261 -3.0591e-264 3.63213e-265 -6.24606e-265 
-15.3328 0.333399 -0.00146833 -6.07004e-12 0.66661 -0.66661 -6.07004e-12 1.0002 1.0002 0.00440505 0.00440499 1.26238e-260 -5.13045e-264 6.09619e-265 -1.04802e-264 
-15.3291 0.3334 -0.00147375 -6.1375e-12 0.66661 -0.66661 -6.1375e-12 1.0002 1.0002 0.00442131 0.00442124 1.40012e-260 -5.68987e-264 6.76615e-265 -1.16283e-264 
-15.3254 0.3334 -0.00147919 -6.20571e-12 0.66661 -0.666609 -6.20571e-12 1.0002 1.0002 0.00443762 0.00443756 8.73881e-261 -3.55107e-264 4.22607e-265 -7.26068e-265 
-15.3217 0.3334 -0.00148464 -6.27468e-12 0.66661 -0.666609 -6.27468e-12 1.0002 1.0002 0.004454 0.00445393 -6.00266e-261 2.43905e-264 -2.90494e-265 4.98933e-265 
-15.318 0.333401 -0.00149012 -6.34442e-12 0.666609 -0.666609 -6.34442e-12 1.0002 1.0002 0.00447043 0.00447036 -2.80001e-260 1.13765e-263 -1.35601e-264 2.32826e-264 
-15.3143 0.333401 -0.00149562 -6.41493e-12 0.666609 -0.666609 -6.41493e-12 1.0002 1.0002 0.00448693 0.00448686 -4.70567e-260 1.91178e-263 -2.28053e-264 3.91443e-264 
-15.3106 0.333401 -0.00150114 -6.48623e-12 0.666609 -0.666609 -6.48623e-12 1.0002 1.0002 0.00450348 0.00450341 -5.22747e-260 2.12363e-263 -2.53522e-264 4.35024e-264 
-15.307 0.333401 -0.00150668 -6.55831e-12 0.666609 -0.666608 -6.55831e-12 1.0002 1.0002 0.0045201 0.00452003 -3.27562e-260 1.33061e-263 -1.58976e-264 2.72703e-264 
-15.3033 0.333402 -0.00151224 -6.6312e-12 0.666609 -0.666608 -6.6312e-12 1.00021 1.00021 0.00453678 0.00453671 2.21061e-260 -8.97919e-264 1.07365e-264 -1.84113e-264 
-15.2996 0.333402 -0.00151782 -6.7049e-12 0.666608 -0.666608 -6.7049e-12 1.00021 1.00021 0.00455352 0.00455345 1.04164e-259 -4.2307e-263 5.0627e-264 -8.67894e-264 
-15.2959 0.333402 -0.00152342 -6.77942e-12 0.666608 -0.666608 -6.77942e-12 1.00021 1.00021 0.00457032 0.00457025 1.75409e-259 -7.12387e-263 8.53164e-264 -1.46211e-263 
-15.2922 0.333403 -0.00152904 -6.85477e-12 0.666608 -0.666607 -6.85477e-12 1.00021 1.00021 0.00458718 0.00458711 1.95171e-259 -7.92588e-263 9.49972e-264 -1.62749e-263 
-15.2885 0.333403 -0.00153468 -6.93095e-12 0.666608 -0.666607 -6.93095e-12 1.00021 1.00021 0.00460411 0.00460404 1.22777e-259 -4.98564e-263 5.98042e-264 -1.02424e-263 
-15.2849 0.333403 -0.00154034 -7.00798e-12 0.666607 -0.666607 -7.00798e-12 1.00021 1.00021 0.0046211 0.00462102 -8.13975e-260 3.30508e-263 -3.96773e-264 6.79318e-264 
-15.2812 0.333404 -0.00154602 -7.08587e-12 0.666607 -0.666607 -7.08587e-12 1.00021 1.00021 0.00463815 0.00463807 -3.87498e-259 1.57329e-262 -1.89025e-263 3.23527e-263 
-15.2775 0.333404 -0.00155173 -7.16462e-12 0.666607 -0.666606 -7.16462e-12 1.00021 1.00021 0.00465526 0.00465519 -6.53853e-259 2.65453e-262 -3.19191e-263 5.46137e-263 
-15.2738 0.333404 -0.00155745 -7.24425e-12 0.666607 -0.666606 -7.24425e-12 1.00021 1.00021 0.00467244 0.00467236 -7.28677e-259 2.95809e-262 -3.5598e-263 6.08887e-263 
-15.2701 0.333405 -0.0015632 -7.32476e-12 0.666606 -0.666606 -7.32476e-12 1.00021 1.00021 0.00468968 0.0046896 -4.60181e-259 1.86798e-262 -2.24978e-263 3.84691e-263 
-15.2664 0.333405 -0.00156897 -7.40617e-12 0.666606 -0.666606 -7.40617e-12 1.00021 1.00021 0.00470698 0.00470691 2.99668e-259 -1.21634e-262 1.46614e-263 -2.50614e-263 
-15.2627 0.333405 -0.00157476 -7.48848e-12 0.666606 -0.666606 -7.48848e-12 1.00022 1.00022 0.00472435 0.00472427 1.44151e-258 -5.85056e-262 7.05789e-263 -1.20605e-262 
-15.2591 0.333406 -0.00158057 -7.5717e-12 0.666606 -0.666605 -7.5717e-12 1.00022 1.00022 0.00474178 0.0047417 2.43728e-258 -9.89133e-262 1.19423e-262 -2.04003e-262 
-15.2554 0.333406 -0.0015864 -7.65585e-12 0.666605 -0.666605 -7.65585e-12 1.00022 1.00022 0.00475928 0.0047592 2.72052e-258 -1.104e-261 1.33401e-262 -2.27807e-262 
-15.2517 0.333406 -0.00159225 -7.74094e-12 0.666605 -0.666605 -7.74094e-12 1.00022 1.00022 0.00477684 0.00477676 1.72474e-258 -6.99854e-262 8.46365e-263 -1.44485e-262 
-15.248 0.333406 -0.00159813 -7.82697e-12 0.666605 -0.666605 -7.82697e-12 1.00022 1.00022 0.00479447 0.00479438 -1.10306e-258 4.47559e-262 -5.41702e-263 9.24446e-263 
-15.2443 0.333407 -0.00160402 -7.91396e-12 0.666605 -0.666604 -7.91396e-12 1.00022 1.00022 0.00481216 0.00481207 -5.36239e-258 2.17559e-261 -2.63541e-262 4.49601e-262 
-15.2406 0.333407 -0.00160994 -8.00191e-12 0.666605 -0.666604 -8.00191e-12 1.00022 1.00022 0.00482991 0.00482983 -9.08507e-258 3.68566e-261 -4.46836e-262 7.6205e-262 
-15.237 0.333407 -0.00161588 -8.09085e-12 0.666604 -0.666604 -8.09085e-12 1.00022 1.00022 0.00484773 0.00484765 -1.0157e-257 4.12021e-261 -4.99937e-262 8.52328e-262 
-15.2333 0.333408 -0.00162184 -8.18077e-12 0.666604 -0.666604 -8.18077e-12 1.00022 1.00022 0.00486562 0.00486553 -6.46401e-258 2.62194e-261 -3.18408e-262 5.42664e-262 
-15.2296 0.333408 -0.00162783 -8.27169e-12 0.666604 -0.666603 -8.27169e-12 1.00022 1.00022 0.00488357 0.00488348 4.05958e-258 -1.64653e-261 2.00122e-262 -3.40956e-262 
-15.2259 0.333408 -0.00163383 -8.36362e-12 0.666604 -0.666603 -8.36362e-12 1.00023 1.00023 0.00490159 0.0049015 1.99478e-257 -8.09003e-261 9.84105e-262 -1.6761e-261 
-15.2222 0.333409 -0.00163986 -8.45657e-12 0.666603 -0.666603 -8.45657e-12 1.00023 1.00023 0.00491968 0.00491959 3.38648e-257 -1.37331e-260 1.67197e-261 -2.84671e-261 
-15.2185 0.333409 -0.00164591 -8.55055e-12 0.666603 -0.666603 -8.55055e-12 1.00023 1.00023 0.00493783 0.00493774 3.79205e-257 -1.53767e-260 1.87366e-261 -3.18904e-261 
-15.2148 0.33341 -0.00165199 -8.64558e-12 0.666603 -0.666602 -8.64558e-12 1.00023 1.00023 0.00495605 0.00495596 2.42251e-257 -9.82247e-261 1.19789e-261 -2.03817e-261 
-15.2112 0.33341 -0.00165808 -8.74167e-12 0.666603 -0.666602 -8.74167e-12 1.00023 1.00023 0.00497433 0.00497424 -1.49379e-257 6.05635e-261 -7.39229e-262 1.25735e-261 
-15.2075 0.33341 -0.0016642 -8.83882e-12 0.666602 -0.666602 -8.83882e-12 1.00023 1.00023 0.00499269 0.00499259 -7.42037e-257 3.00825e-260 -3.67497e-261 6.24861e-261 
-15.2038 0.333411 -0.00167034 -8.93705e-12 0.666602 -0.666602 -8.93705e-12 1.00023 1.00023 0.00501111 0.00501101 -1.26231e-256 5.11704e-260 -6.25651e-261 1.06345e-260 
-15.2001 0.333411 -0.0016765 -9.03638e-12 0.666602 -0.666601 -9.03638e-12 1.00023 1.00023 0.0050296 0.0050295 -1.41573e-256 5.73853e-260 -7.02244e-261 1.19323e-260 
-15.1964 0.333411 -0.00168269 -9.13681e-12 0.666601 -0.666601 -9.13681e-12 1.00023 1.00023 0.00504815 0.00504806 -9.07852e-257 3.6796e-260 -4.50674e-261 7.65511e-261 
-15.1927 0.333412 -0.00168889 -9.23835e-12 0.666601 -0.666601 -9.23835e-12 1.00023 1.00023 0.00506678 0.00506668 5.49566e-257 -2.22726e-260 2.7303e-261 -4.63608e-261 
-15.189 0.333412 -0.00169513 -9.34102e-12 0.666601 -0.6666 -9.34102e-12 1.00024 1.00024 0.00508548 0.00508538 2.76027e-256 -1.11858e-259 1.37241e-260 -2.32958e-260 
-15.1854 0.333412 -0.00170138 -9.44484e-12 0.666601 -0.6666 -9.44484e-12 1.00024 1.00024 0.00510424 0.00510414 4.70522e-256 -1.90661e-259 2.3413e-260 -3.97284e-260 
-15.1817 0.333413 -0.00170766 -9.5498e-12 0.6666 -0.6666 -9.5498e-12 1.00024 1.00024 0.00512307 0.00512297 5.28548e-256 -2.14157e-259 2.63212e-260 -4.46479e-260 
-15.178 0.333413 -0.00171396 -9.65594e-12 0.6666 -0.6666 -9.65594e-12 1.00024 1.00024 0.00514197 0.00514187 3.40212e-256 -1.37836e-259 1.69558e-260 -2.87516e-260 
-15.1743 0.333413 -0.00172028 -9.76325e-12 0.6666 -0.666599 -9.76325e-12 1.00024 1.00024 0.00516095 0.00516084 -2.02149e-256 8.18934e-260 -1.00829e-260 1.70916e-260 
-15.1706 0.333414 -0.00172663 -9.87176e-12 0.6666 -0.666599 -9.87176e-12 1.00024 1.00024 0.00517999 0.00517988 -1.02677e-255 4.15925e-259 -5.12548e-260 8.68521e-260 
-15.1669 0.333414 -0.001733 -9.98147e-12 0.666599 -0.666599 -9.98147e-12 1.00024 1.00024 0.0051991 0.00519899 -1.75385e-255 7.10394e-259 -8.76201e-260 1.48422e-259 
-15.1633 0.333414 -0.00173939 -1.00924e-11 0.666599 -0.666599 -1.00924e-11 1.00024 1.00024 0.00521828 0.00521817 -1.97326e-255 7.99202e-259 -9.86612e-260 1.67067e-259 
-15.1596 0.333415 -0.00174581 -1.02046e-11 0.666599 -0.666598 -1.02046e-11 1.00024 1.00024 0.00523753 0.00523743 -1.27488e-255 5.16304e-259 -6.37943e-260 1.07988e-259 
-15.1559 0.333415 -0.00175225 -1.0318e-11 0.666599 -0.666598 -1.0318e-11 1.00025 1.00025 0.00525686 0.00525675 7.43431e-256 -3.01052e-259 3.72311e-260 -6.30009e-260 
-15.1522 0.333416 -0.00175871 -1.04326e-11 0.666598 -0.666598 -1.04326e-11 1.00025 1.00025 0.00527625 0.00527614 3.81933e-255 -1.54651e-258 1.91428e-259 -3.23813e-259 
-15.1485 0.333416 -0.0017652 -1.05486e-11 0.666598 -0.666598 -1.05486e-11 1.00025 1.00025 0.00529572 0.00529561 6.53734e-255 -2.64686e-258 3.27924e-259 -5.54511e-259 
-15.1448 0.333416 -0.00177172 -1.06658e-11 0.666598 -0.666597 -1.06658e-11 1.00025 1.00025 0.00531526 0.00531515 7.36684e-255 -2.98246e-258 3.69835e-259 -6.25162e-259 
-15.1411 0.333417 -0.00177825 -1.07844e-11 0.666597 -0.666597 -1.07844e-11 1.00025 1.00025 0.00533487 0.00533476 4.77721e-255 -1.93389e-258 2.40025e-259 -4.05592e-259 
-15.1375 0.333417 -0.00178481 -1.09042e-11 0.666597 -0.666597 -1.09042e-11 1.00025 1.00025 0.00535455 0.00535444 -2.73354e-255 1.10649e-258 -1.37457e-259 2.3219e-259 
-15.1338 0.333418 -0.0017914 -1.10254e-11 0.666597 -0.666596 -1.10254e-11 1.00025 1.00025 0.00537431 0.00537419 -1.42068e-254 5.75018e-258 -7.14982e-259 1.20731e-258 
-15.1301 0.333418 -0.00179801 -1.11479e-11 0.666597 -0.666596 -1.11479e-11 1.00025 1.00025 0.00539414 0.00539402 -2.43673e-254 9.86179e-258 -1.22734e-258 2.07174e-258 
-15.1264 0.333418 -0.00180464 -1.12718e-11 0.666596 -0.666596 -1.12718e-11 1.00025 1.00025 0.00541404 0.00541392 -2.75027e-254 1.11298e-257 -1.38641e-258 2.33942e-258 
-15.1227 0.333419 -0.0018113 -1.13971e-11 0.666596 -0.666596 -1.13971e-11 1.00026 1.00026 0.00543401 0.00543389 -1.79005e-254 7.24336e-258 -9.03117e-259 1.52337e-258 
-15.119 0.333419 -0.00181798 -1.15238e-11 0.666596 -0.666595 -1.15238e-11 1.00026 1.00026 0.00545406 0.00545394 1.00491e-254 -4.06595e-258 5.07418e-259 -8.55602e-259 
-15.1153 0.333419 -0.00182469 -1.16518e-11 0.666596 -0.666595 -1.16518e-11 1.00026 1.00026 0.00547419 0.00547406 5.28447e-254 -2.13797e-257 2.67058e-258 -4.50148e-258 
-15.1117 0.33342 -0.00183142 -1.17813e-11 0.666595 -0.666595 -1.17813e-11 1.00026 1.00026 0.00549438 0.00549426 9.08263e-254 -3.6743e-257 4.59388e-258 -7.74059e-258 
-15.108 0.33342 -0.00183818 -1.19122e-11 0.666595 -0.666594 -1.19122e-11 1.00026 1.00026 0.00551465 0.00551453 1.02675e-253 -4.15327e-257 5.19755e-258 -8.7546e-258 
-15.1043 0.333421 -0.00184496 -1.20446e-11 0.666595 -0.666594 -1.20446e-11 1.00026 1.00026 0.005535 0.00553487 6.70722e-254 -2.71288e-257 3.39815e-258 -5.72168e-258 
-15.1006 0.333421 -0.00185176 -1.21785e-11 0.666594 -0.666594 -1.21785e-11 1.00026 1.00026 0.00555542 0.00555529 -3.69348e-254 1.49378e-257 -1.87285e-258 3.1523e-258 
-15.0969 0.333421 -0.0018586 -1.23138e-11 0.666594 -0.666594 -1.23138e-11 1.00026 1.00026 0.00557592 0.00557579 -1.96562e-253 7.949e-257 -9.97553e-258 1.67843e-257 
-15.0932 0.333422 -0.00186545 -1.24507e-11 0.666594 -0.666593 -1.24507e-11 1.00027 1.00027 0.00559649 0.00559636 -3.38542e-253 1.36895e-256 -1.71956e-257 2.89219e-257 
-15.0896 0.333422 -0.00187233 -1.25891e-11 0.666593 -0.666593 -1.25891e-11 1.00027 1.00027 0.00561714 0.005617 -3.83311e-253 1.54984e-256 -1.94862e-257 3.27626e-257 
-15.0859 0.333423 -0.00187924 -1.2729e-11 0.666593 -0.666593 -1.2729e-11 1.00027 1.00027 0.00563786 0.00563773 -2.51307e-253 1.01602e-256 -1.27865e-257 2.14904e-257 
-15.0822 0.333423 -0.00188618 -1.28704e-11 0.666593 -0.666592 -1.28704e-11 1.00027 1.00027 0.00565866 0.00565853 1.35723e-253 -5.48674e-257 6.91154e-258 -1.1612e-257 
-15.0785 0.333424 -0.00189313 -1.30135e-11 0.666593 -0.666592 -1.30135e-11 1.00027 1.00027 0.00567954 0.0056794 7.31128e-253 -2.95539e-256 3.72638e-257 -6.25837e-257 
-15.0748 0.333424 -0.00190012 -1.31581e-11 0.666592 -0.666592 -1.31581e-11 1.00027 1.00027 0.00570049 0.00570035 1.26186e-252 -5.10027e-256 6.43694e-257 -1.08067e-256 
-15.0711 0.333424 -0.00190713 -1.33043e-11 0.666592 -0.666591 -1.33043e-11 1.00027 1.00027 0.00572152 0.00572138 1.43099e-252 -5.78334e-256 7.30599e-257 -1.22612e-256 
-15.0674 0.333425 -0.00191416 -1.34522e-11 0.666592 -0.666591 -1.34522e-11 1.00027 1.00027 0.00574263 0.00574249 9.41574e-253 -3.80504e-256 4.81144e-257 -8.07178e-257 
-15.0638 0.333425 -0.00192122 -1.36017e-11 0.666591 -0.666591 -1.36017e-11 1.00028 1.00028 0.00576382 0.00576367 -4.98632e-253 2.01486e-256 -2.55023e-257 4.27674e-257 
-15.0601 0.333426 -0.00192831 -1.37528e-11 0.666591 -0.666591 -1.37528e-11 1.00028 1.00028 0.00578508 0.00578494 -2.71945e-252 1.09877e-255 -1.39206e-256 2.33363e-256 
-15.0564 0.333426 -0.00193543 -1.39057e-11 0.666591 -0.66659 -1.39057e-11 1.00028 1.00028 0.00580643 0.00580628 -4.70335e-252 1.90017e-255 -2.40971e-256 4.03808e-256 
-15.0527 0.333426 -0.00194257 -1.40602e-11 0.666591 -0.66659 -1.40602e-11 1.00028 1.00028 0.00582785 0.0058277 -5.34215e-252 2.15806e-255 -2.73939e-256 4.58885e-256 
-15.049 0.333427 -0.00194973 -1.42165e-11 0.66659 -0.66659 -1.42165e-11 1.00028 1.00028 0.00584935 0.0058492 -3.52769e-252 1.42494e-255 -1.81055e-256 3.03178e-256 
-15.0453 0.333427 -0.00195693 -1.43745e-11 0.66659 -0.666589 -1.43745e-11 1.00028 1.00028 0.00587093 0.00587078 1.83151e-252 -7.39736e-256 9.40836e-257 -1.57484e-256 
-15.0417 0.333428 -0.00196415 -1.45342e-11 0.66659 -0.666589 -1.45342e-11 1.00028 1.00028 0.00589259 0.00589244 1.0115e-251 -4.08499e-255 5.20058e-256 -8.70188e-256 
-15.038 0.333428 -0.00197139 -1.46957e-11 0.666589 -0.666589 -1.46957e-11 1.00028 1.00028 0.00591433 0.00591417 1.75307e-251 -7.07924e-255 9.0214e-256 -1.50894e-255 
-15.0343 0.333429 -0.00197866 -1.48591e-11 0.666589 -0.666588 -1.48591e-11 1.00029 1.00029 0.00593615 0.00593599 1.99431e-251 -8.05266e-255 1.0272e-255 -1.71746e-255 
-15.0306 0.333429 -0.00198596 -1.50242e-11 0.666589 -0.666588 -1.50242e-11 1.00029 1.00029 0.00595805 0.00595789 1.32164e-251 -5.33602e-255 6.81333e-256 -1.13875e-255 
-15.0269 0.33343 -0.00199329 -1.51912e-11 0.666588 -0.666588 -1.51912e-11 1.00029 1.00029 0.00598003 0.00597987 -6.72573e-252 2.71522e-255 -3.47037e-256 5.79804e-256 
-15.0232 0.33343 -0.00200064 -1.536e-11 0.666588 -0.666587 -1.536e-11 1.00029 1.00029 0.00600209 0.00600193 -3.76219e-251 1.51868e-254 -1.94297e-255 3.24494e-255 
-15.0195 0.33343 -0.00200802 -1.55307e-11 0.666588 -0.666587 -1.55307e-11 1.00029 1.00029 0.00602423 0.00602407 -6.53417e-251 2.63739e-254 -3.37759e-255 5.63874e-255 
-15.0159 0.333431 -0.00201543 -1.57033e-11 0.666587 -0.666587 -1.57033e-11 1.00029 1.00029 0.00604646 0.00604629 -7.44504e-251 3.00475e-254 -3.8519e-255 6.42814e-255 
-15.0122 0.333431 -0.00202287 -1.58778e-11 0.666587 -0.666586 -1.58778e-11 1.00029 1.00029 0.00606876 0.0060686 -4.95131e-251 1.99812e-254 -2.56402e-255 4.27726e-255 
-15.0085 0.333432 -0.00203033 -1.60543e-11 0.666587 -0.666586 -1.60543e-11 1.0003 1.0003 0.00609115 0.00609098 2.46926e-251 -9.96382e-255 1.27986e-255 -2.13422e-255 
-15.0048 0.333432 -0.00203782 -1.62327e-11 0.666586 -0.666586 -1.62327e-11 1.0003 1.0003 0.00611363 0.00611345 1.3993e-250 -5.64585e-254 7.25943e-255 -1.21008e-254 
-15.0011 0.333433 -0.00204534 -1.64131e-11 0.666586 -0.666586 -1.64131e-11 1.0003 1.0003 0.00613618 0.00613601 2.43544e-250 -9.82548e-254 1.26463e-254 -2.10721e-254 
-14.9974 0.333433 -0.00205288 -1.65955e-11 0.666586 -0.666585 -1.65955e-11 1.0003 1.0003 0.00615882 0.00615864 2.77931e-250 -1.12117e-253 1.44451e-254 -2.40601e-254 
-14.9937 0.333434 -0.00206045 -1.67799e-11 0.666585 -0.666585 -1.67799e-11 1.0003 1.0003 0.00618154 0.00618136 1.85488e-250 -7.48183e-254 9.64936e-255 -1.6066e-254 
-14.9901 0.333434 -0.00206805 -1.69664e-11 0.666585 -0.666585 -1.69664e-11 1.0003 1.0003 0.00620434 0.00620416 -9.06334e-251 3.65543e-254 -4.71922e-255 7.85436e-255 
-14.9864 0.333435 -0.00207568 -1.71549e-11 0.666585 -0.666584 -1.71549e-11 1.0003 1.0003 0.00622723 0.00622705 -5.20448e-250 2.09886e-253 -2.71244e-254 4.51265e-254 
-14.9827 0.333435 -0.00208334 -1.73456e-11 0.666584 -0.666584 -1.73456e-11 1.00031 1.00031 0.00625021 0.00625002 -9.07743e-250 3.66039e-253 -4.7353e-254 7.87499e-254 
-14.979 0.333436 -0.00209103 -1.75383e-11 0.666584 -0.666584 -1.75383e-11 1.00031 1.00031 0.00627326 0.00627308 -1.03754e-249 4.18337e-253 -5.41742e-254 9.00586e-254 
-14.9753 0.333436 -0.00209874 -1.77332e-11 0.666584 -0.666583 -1.77332e-11 1.00031 1.00031 0.00629641 0.00629622 -6.94861e-250 2.80141e-253 -3.63153e-254 6.03466e-254 
-14.9716 0.333436 -0.00210648 -1.79303e-11 0.666583 -0.666583 -1.79303e-11 1.00031 1.00031 0.00631963 0.00631944 3.32584e-250 -1.34072e-253 1.73979e-254 -2.88995e-254 
-14.968 0.333437 -0.00211425 -1.81296e-11 0.666583 -0.666583 -1.81296e-11 1.00031 1.00031 0.00634295 0.00634276 1.9357e-249 -7.80243e-253 1.01354e-253 -1.68292e-253 
-14.9643 0.333437 -0.00212205 -1.83311e-11 0.666583 -0.666582 -1.83311e-11 1.00031 1.00031 0.00636635 0.00636615 3.38334e-249 -1.36362e-252 1.77319e-253 -2.94311e-253 
-14.9606 0.333438 -0.00212988 -1.85348e-11 0.666582 -0.666582 -1.85348e-11 1.00031 1.00031 0.00638983 0.00638964 3.87319e-249 -1.5609e-252 2.03183e-253 -3.37107e-253 
-14.9569 0.333438 -0.00213774 -1.87408e-11 0.666582 -0.666582 -1.87408e-11 1.00032 1.00032 0.00641341 0.00641321 2.60296e-249 -1.04889e-252 1.36677e-253 -2.26675e-253 
-14.9532 0.333439 -0.00214562 -1.8949e-11 0.666582 -0.666581 -1.8949e-11 1.00032 1.00032 0.00643707 0.00643687 -1.22012e-249 4.91609e-253 -6.41269e-254 1.06311e-253 
-14.9495 0.333439 -0.00215354 -1.91596e-11 0.666581 -0.666581 -1.91596e-11 1.00032 1.00032 0.00646081 0.00646061 -7.19932e-249 2.90045e-252 -3.7874e-253 6.27634e-253 
-14.9458 0.33344 -0.00216148 -1.93725e-11 0.666581 -0.66658 -1.93725e-11 1.00032 1.00032 0.00648465 0.00648444 -1.26103e-248 5.07989e-252 -6.6403e-253 1.09997e-252 
-14.9422 0.33344 -0.00216945 -1.95878e-11 0.666581 -0.66658 -1.95878e-11 1.00032 1.00032 0.00650857 0.00650836 -1.44587e-248 5.82392e-252 -7.62092e-253 1.2619e-252 
-14.9385 0.333441 -0.00217746 -1.98055e-11 0.66658 -0.66658 -1.98055e-11 1.00032 1.00032 0.00653258 0.00653237 -9.75042e-249 3.92702e-252 -5.14417e-253 8.51453e-253 
-14.9348 0.333441 -0.00218549 -2.00256e-11 0.66658 -0.666579 -2.00256e-11 1.00032 1.00032 0.00655668 0.00655647 4.47494e-249 -1.80212e-252 2.36317e-253 -3.90991e-253 
-14.9311 0.333442 -0.00219355 -2.02481e-11 0.66658 -0.666579 -2.02481e-11 1.00033 1.00033 0.00658087 0.00658065 2.67757e-248 -1.07818e-251 1.41536e-252 -2.34079e-252 
-14.9274 0.333442 -0.00220164 -2.04732e-11 0.666579 -0.666579 -2.04732e-11 1.00033 1.00033 0.00660514 0.00660493 4.70004e-248 -1.89237e-251 2.48683e-252 -4.1112e-252 
-14.9237 0.333443 -0.00220976 -2.07007e-11 0.666579 -0.666578 -2.07007e-11 1.00033 1.00033 0.00662951 0.00662929 5.39745e-248 -2.17294e-251 2.85859e-252 -4.72389e-252 
-14.9201 0.333444 -0.00221791 -2.09307e-11 0.666579 -0.666578 -2.09307e-11 1.00033 1.00033 0.00665397 0.00665374 3.6523e-248 -1.47022e-251 1.93621e-252 -3.19833e-252 
-14.9164 0.333444 -0.0022261 -2.11633e-11 0.666578 -0.666578 -2.11633e-11 1.00033 1.00033 0.00667851 0.00667829 -1.64079e-248 6.60422e-252 -8.70681e-253 1.43766e-252 
-14.9127 0.333445 -0.00223431 -2.13985e-11 0.666578 -0.666577 -2.13985e-11 1.00033 1.00033 0.00670315 0.00670292 -9.95825e-248 4.0078e-251 -5.28947e-252 8.73038e-252 
-14.909 0.333445 -0.00224255 -2.16363e-11 0.666578 -0.666577 -2.16363e-11 1.00034 1.00034 0.00672788 0.00672765 -1.75176e-247 7.04941e-251 -9.31386e-252 1.53665e-251 
-14.9053 0.333446 -0.00225082 -2.18768e-11 0.666577 -0.666577 -2.18768e-11 1.00034 1.00034 0.00675269 0.00675246 -2.01485e-247 8.10725e-251 -1.07231e-251 1.76844e-251 
-14.9016 0.333446 -0.00225912 -2.21199e-11 0.666577 -0.666576 -2.21199e-11 1.00034 1.00034 0.0067776 0.00677737 -1.36804e-247 5.50405e-251 -7.28792e-252 1.20142e-251 
-14.8979 0.333447 -0.00226746 -2.23657e-11 0.666576 -0.666576 -2.23657e-11 1.00034 1.00034 0.00680261 0.00680237 6.01443e-248 -2.41954e-251 3.20721e-252 -5.28494e-252 
-14.8943 0.333447 -0.00227582 -2.26142e-11 0.666576 -0.666575 -2.26142e-11 1.00034 1.00034 0.0068277 0.00682746 3.70357e-247 -1.48974e-250 1.97689e-251 -3.25624e-251 
-14.8906 0.333448 -0.00228422 -2.28655e-11 0.666576 -0.666575 -2.28655e-11 1.00034 1.00034 0.00685289 0.00685265 6.52901e-247 -2.62598e-250 3.4885e-251 -5.74375e-251 
-14.8869 0.333448 -0.00229264 -2.31196e-11 0.666575 -0.666575 -2.31196e-11 1.00034 1.00034 0.00687817 0.00687792 7.52133e-247 -3.02477e-250 4.0227e-251 -6.62056e-251 
-14.8832 0.333449 -0.0023011 -2.33766e-11 0.666575 -0.666574 -2.33766e-11 1.00035 1.00035 0.00690354 0.00690329 5.12409e-247 -2.06047e-250 2.74329e-251 -4.51305e-251 
-14.8795 0.333449 -0.00230959 -2.36364e-11 0.666575 -0.666574 -2.36364e-11 1.00035 1.00035 0.00692901 0.00692876 -2.20398e-247 8.86157e-251 -1.18113e-251 1.9423e-251 
-14.8758 0.33345 -0.0023181 -2.3899e-11 0.666574 -0.666574 -2.3899e-11 1.00035 1.00035 0.00695457 0.00695431 -1.37737e-246 5.5374e-250 -7.38882e-251 1.21454e-250 
-14.8721 0.333451 -0.00232666 -2.41646e-11 0.666574 -0.666573 -2.41646e-11 1.00035 1.00035 0.00698022 0.00697997 -2.43341e-246 9.78189e-250 -1.3067e-250 2.14701e-250 
-14.8685 0.333451 -0.00233524 -2.44331e-11 0.666573 -0.666573 -2.44331e-11 1.00035 1.00035 0.00700597 0.00700571 -2.80765e-246 1.1285e-249 -1.50917e-250 2.47866e-250 
-14.8648 0.333452 -0.00234385 -2.47047e-11 0.666573 -0.666572 -2.47047e-11 1.00035 1.00035 0.00703181 0.00703155 -1.91921e-246 7.71318e-250 -1.03266e-250 1.69533e-250 
-14.8611 0.333452 -0.0023525 -2.49792e-11 0.666573 -0.666572 -2.49792e-11 1.00036 1.00036 0.00705775 0.00705749 8.07403e-247 -3.24454e-250 4.34874e-251 -7.1364e-251 
-14.8574 0.333453 -0.00236117 -2.52568e-11 0.666572 -0.666572 -2.52568e-11 1.00036 1.00036 0.00708379 0.00708352 5.12244e-246 -2.05821e-249 2.76179e-250 -4.53027e-250 
-14.8537 0.333453 -0.00236988 -2.55375e-11 0.666572 -0.666571 -2.55375e-11 1.00036 1.00036 0.00710992 0.00710965 9.06947e-246 -3.64374e-249 4.89483e-250 -8.02581e-250 
-14.85 0.333454 -0.00237862 -2.58213e-11 0.666572 -0.666571 -2.58213e-11 1.00036 1.00036 0.00713615 0.00713587 1.04807e-245 -4.21022e-249 5.66222e-250 -9.28016e-250 
-14.8464 0.333454 -0.0023874 -2.61082e-11 0.666571 -0.66657 -2.61082e-11 1.00036 1.00036 0.00716247 0.00716219 7.18814e-246 -2.88724e-249 3.8874e-250 -6.36861e-250 
-14.8427 0.333455 -0.0023962 -2.63983e-11 0.666571 -0.66657 -2.63983e-11 1.00037 1.00037 0.00718889 0.00718861 -2.95689e-246 1.18755e-249 -1.60075e-250 2.62135e-250 
-14.839 0.333456 -0.00240504 -2.66917e-11 0.66657 -0.66657 -2.66917e-11 1.00037 1.00037 0.00721541 0.00721513 -1.90501e-245 7.65006e-249 -1.03236e-249 1.68986e-249 
-14.8353 0.333456 -0.00241391 -2.69883e-11 0.66657 -0.666569 -2.69883e-11 1.00037 1.00037 0.00724202 0.00724174 -3.38022e-245 1.35726e-248 -1.83369e-249 3.00028e-249 
-14.8316 0.333457 -0.00242282 -2.72882e-11 0.66657 -0.666569 -2.72882e-11 1.00037 1.00037 0.00726874 0.00726845 -3.91228e-245 1.57072e-248 -2.12452e-249 3.47465e-249 
-14.8279 0.333457 -0.00243175 -2.75915e-11 0.666569 -0.666569 -2.75915e-11 1.00037 1.00037 0.00729555 0.00729526 -2.69214e-245 1.08073e-248 -1.46345e-249 2.39246e-249 
-14.8242 0.333458 -0.00244072 -2.78981e-11 0.666569 -0.666568 -2.78981e-11 1.00037 1.00037 0.00732246 0.00732217 1.08253e-245 -4.34517e-249 5.89074e-250 -9.6261e-250 
-14.8206 0.333459 -0.00244972 -2.82081e-11 0.666568 -0.666568 -2.82081e-11 1.00038 1.00038 0.00734947 0.00734917 7.08451e-245 -2.84334e-248 3.85917e-249 -6.3036e-249 
-14.8169 0.333459 -0.00245876 -2.85216e-11 0.666568 -0.666567 -2.85216e-11 1.00038 1.00038 0.00737658 0.00737628 1.25981e-244 -5.0556e-248 6.86977e-249 -1.12164e-248 
-14.8132 0.33346 -0.00246783 -2.88385e-11 0.666568 -0.666567 -2.88385e-11 1.00038 1.00038 0.00740379 0.00740349 1.46039e-244 -5.85984e-248 7.97188e-249 -1.30102e-248 
-14.8095 0.33346 -0.00247693 -2.9159e-11 0.666567 -0.666566 -2.9159e-11 1.00038 1.00038 0.0074311 0.00743079 1.00825e-244 -4.04514e-248 5.50954e-249 -8.98777e-249 
-14.8058 0.333461 -0.00248607 -2.9483e-11 0.666567 -0.666566 -2.9483e-11 1.00038 1.00038 0.00745851 0.0074582 -3.96182e-245 1.58931e-248 -2.1672e-249 3.53385e-249 
-14.8021 0.333462 -0.00249524 -2.98107e-11 0.666566 -0.666566 -2.98107e-11 1.00038 1.00038 0.00748602 0.00748571 -2.63462e-244 1.05677e-247 -1.44271e-248 2.35149e-248 
-14.7985 0.333462 -0.00250444 -3.01419e-11 0.666566 -0.666565 -3.01419e-11 1.00039 1.00039 0.00751364 0.00751332 -4.6953e-244 1.8831e-247 -2.57386e-248 4.19334e-248 
-14.7948 0.333463 -0.00251368 -3.04769e-11 0.666566 -0.666565 -3.04769e-11 1.00039 1.00039 0.00754135 0.00754103 -5.45136e-244 2.18607e-247 -2.99149e-248 4.87163e-248 
-14.7911 0.333464 -0.00252295 -3.08156e-11 0.666565 -0.666564 -3.08156e-11 1.00039 1.00039 0.00756917 0.00756884 -3.77595e-244 1.51403e-247 -2.07429e-248 3.37651e-248 
-14.7874 0.333464 -0.00253225 -3.1158e-11 0.666565 -0.666564 -3.1158e-11 1.00039 1.00039 0.00759709 0.00759676 1.44944e-244 -5.81104e-248 7.97088e-249 -1.29693e-248 
-14.7837 0.333465 -0.00254159 -3.15042e-11 0.666564 -0.666564 -3.15042e-11 1.00039 1.00039 0.00762511 0.00762478 9.7976e-244 -3.92756e-247 5.39376e-248 -8.77225e-248 
-14.78 0.333465 -0.00255097 -3.18543e-11 0.666564 -0.666563 -3.18543e-11 1.0004 1.0004 0.00765324 0.0076529 1.74992e-243 -7.01404e-247 9.64396e-248 -1.56778e-247 
-14.7763 0.333466 -0.00256038 -3.22083e-11 0.666563 -0.666563 -3.22083e-11 1.0004 1.0004 0.00768147 0.00768113 2.03488e-243 -8.15521e-247 1.12264e-247 -1.82424e-247 
-14.7727 0.333467 -0.00256982 -3.25662e-11 0.666563 -0.666562 -3.25662e-11 1.0004 1.0004 0.0077098 0.00770946 1.41407e-243 -5.66651e-247 7.80987e-248 -1.26851e-247 
-14.769 0.333467 -0.0025793 -3.29281e-11 0.666563 -0.666562 -3.29281e-11 1.0004 1.0004 0.00773824 0.00773789 -5.30084e-244 2.12391e-247 -2.9308e-248 4.75822e-248 
-14.7653 0.333468 -0.00258881 -3.3294e-11 0.666562 -0.666561 -3.3294e-11 1.0004 1.0004 0.00776678 0.00776643 -3.64347e-243 1.45966e-246 -2.01663e-247 3.27261e-247 
-14.7616 0.333469 -0.00259836 -3.3664e-11 0.666562 -0.666561 -3.3664e-11 1.00041 1.00041 0.00779543 0.00779507 -6.52185e-243 2.61249e-246 -3.61371e-247 5.86178e-247 
-14.7579 0.333469 -0.00260794 -3.40381e-11 0.666561 -0.666561 -3.40381e-11 1.00041 1.00041 0.00782418 0.00782382 -7.59569e-243 3.04227e-246 -4.21331e-247 6.83136e-247 
-14.7542 0.33347 -0.00261756 -3.44163e-11 0.666561 -0.66656 -3.44163e-11 1.00041 1.00041 0.00785304 0.00785268 -5.29549e-243 2.12071e-246 -2.9406e-247 4.76571e-247 
-14.7505 0.333471 -0.00262721 -3.47988e-11 0.66656 -0.66656 -3.47988e-11 1.00041 1.00041 0.00788201 0.00788164 1.93788e-243 -7.75976e-247 1.07729e-247 -1.74514e-247 
-14.7469 0.333471 -0.0026369 -3.51855e-11 0.66656 -0.666559 -3.51855e-11 1.00041 1.00041 0.00791108 0.00791071 1.35489e-242 -5.42466e-246 7.54027e-247 -1.22094e-246 
-14.7432 0.333472 -0.00264663 -3.55765e-11 0.66656 -0.666559 -3.55765e-11 1.00042 1.00042 0.00794026 0.00793988 2.43064e-242 -9.73044e-246 1.35419e-246 -2.19175e-246 
-14.7395 0.333473 -0.00265639 -3.59718e-11 0.666559 -0.666558 -3.59718e-11 1.00042 1.00042 0.00796955 0.00796917 2.83527e-242 -1.13488e-245 1.58136e-246 -2.5583e-246 
-14.7358 0.333473 -0.00266619 -3.63715e-11 0.666559 -0.666558 -3.63715e-11 1.00042 1.00042 0.00799894 0.00799856 1.98303e-242 -7.93654e-246 1.10725e-246 -1.79049e-246 
-14.7321 0.333474 -0.00267602 -3.67757e-11 0.666558 -0.666557 -3.67757e-11 1.00042 1.00042 0.00802844 0.00802806 -7.08171e-243 2.8339e-246 -3.95856e-247 6.39835e-247 
-14.7284 0.333475 -0.00268589 -3.71844e-11 0.666558 -0.666557 -3.71844e-11 1.00042 1.00042 0.00805806 0.00805766 -5.03836e-242 2.01595e-245 -2.81949e-246 4.55519e-246 
-14.7248 0.333475 -0.00269579 -3.75976e-11 0.666557 -0.666557 -3.75976e-11 1.00043 1.00043 0.00808778 0.00808738 -9.05872e-242 3.62412e-245 -5.07496e-246 8.19546e-246 
-14.7211 0.333476 -0.00270574 -3.80154e-11 0.666557 -0.666556 -3.80154e-11 1.00043 1.00043 0.00811761 0.00811721 -1.05832e-241 4.23347e-245 -5.93565e-246 9.58105e-246 
-14.7174 0.333477 -0.00271571 -3.84378e-11 0.666556 -0.666556 -3.84378e-11 1.00043 1.00043 0.00814755 0.00814714 -7.42576e-242 2.97005e-245 -4.16944e-246 6.72708e-246 
-14.7137 0.333477 -0.00272573 -3.88649e-11 0.666556 -0.666555 -3.88649e-11 1.00043 1.00043 0.0081776 0.00817719 2.58685e-242 -1.03452e-245 1.45411e-246 -2.34503e-246 
-14.71 0.333478 -0.00273578 -3.92968e-11 0.666556 -0.666555 -3.92968e-11 1.00043 1.00043 0.00820776 0.00820735 1.87356e-241 -7.49164e-245 1.05434e-245 -1.69956e-245 
-14.7063 0.333479 -0.00274587 -3.97335e-11 0.666555 -0.666554 -3.97335e-11 1.00044 1.00044 0.00823804 0.00823762 3.37607e-241 -1.34978e-244 1.90202e-245 -3.0646e-245 
-14.7026 0.33348 -0.002756 -4.0175e-11 0.666555 -0.666554 -4.0175e-11 1.00044 1.00044 0.00826842 0.008268 3.95037e-241 -1.57919e-244 2.22809e-245 -3.58834e-245 
-14.699 0.33348 -0.00276616 -4.06214e-11 0.666554 -0.666553 -4.06214e-11 1.00044 1.00044 0.00829892 0.00829849 2.78062e-241 -1.11142e-244 1.5701e-245 -2.5275e-245 
-14.6953 0.333481 -0.00277636 -4.10728e-11 0.666554 -0.666553 -4.10728e-11 1.00044 1.00044 0.00832953 0.00832909 -9.44541e-242 3.77487e-245 -5.33952e-246 8.59147e-246 
-14.6916 0.333482 -0.0027866 -4.15292e-11 0.666553 -0.666552 -4.15292e-11 1.00045 1.00045 0.00836025 0.00835981 -6.96688e-241 2.78395e-244 -3.94289e-245 6.34135e-245 
-14.6879 0.333482 -0.00279688 -4.19907e-11 0.666553 -0.666552 -4.19907e-11 1.00045 1.00045 0.00839108 0.00839064 -1.25821e-240 5.0271e-244 -7.12894e-245 1.14602e-244 
-14.6842 0.333483 -0.00280719 -4.24573e-11 0.666552 -0.666551 -4.24573e-11 1.00045 1.00045 0.00842203 0.00842158 -1.47453e-240 5.89063e-244 -8.36421e-245 1.34398e-244 
-14.6805 0.333484 -0.00281755 -4.29291e-11 0.666552 -0.666551 -4.29291e-11 1.00045 1.00045 0.00845309 0.00845264 -1.04119e-240 4.1589e-244 -5.91288e-245 9.49659e-245 
-14.6768 0.333485 -0.00282794 -4.34062e-11 0.666551 -0.666551 -4.34062e-11 1.00045 1.00045 0.00848427 0.00848381 3.44729e-241 -1.37679e-244 1.95996e-245 -3.14641e-245 
-14.6732 0.333485 -0.00283837 -4.38885e-11 0.666551 -0.66655 -4.38885e-11 1.00046 1.00046 0.00851556 0.0085151 2.59062e-240 -1.03451e-243 1.4746e-244 -2.36615e-244 
-14.6695 0.333486 -0.00284883 -4.43762e-11 0.66655 -0.66655 -4.43762e-11 1.00046 1.00046 0.00854697 0.0085465 4.68911e-240 -1.87225e-243 2.67217e-244 -4.2858e-244 
-14.6658 0.333487 -0.00285934 -4.48693e-11 0.66655 -0.666549 -4.48693e-11 1.00046 1.00046 0.00857849 0.00857802 5.50388e-240 -2.19726e-243 3.14012e-244 -5.03399e-244 
-14.6621 0.333488 -0.00286988 -4.53679e-11 0.666549 -0.666549 -4.53679e-11 1.00046 1.00046 0.00861013 0.00860965 3.89859e-240 -1.55618e-243 2.22684e-244 -3.56825e-244 
-14.6584 0.333488 -0.00288047 -4.5872e-11 0.666549 -0.666548 -4.5872e-11 1.00047 1.00047 0.00864189 0.0086414 -1.25757e-240 5.0191e-244 -7.19153e-245 1.15182e-244 
-14.6547 0.333489 -0.00289109 -4.63817e-11 0.666548 -0.666548 -4.63817e-11 1.00047 1.00047 0.00867376 0.00867327 -9.63304e-240 3.84412e-243 -5.51518e-244 8.82918e-244 
-14.6511 0.33349 -0.00290175 -4.68971e-11 0.666548 -0.666547 -4.68971e-11 1.00047 1.00047 0.00870575 0.00870525 -1.74754e-239 6.97268e-243 -1.00169e-243 1.60284e-243 
-14.6474 0.333491 -0.00291245 -4.74182e-11 0.666547 -0.666547 -4.74182e-11 1.00047 1.00047 0.00873786 0.00873736 -2.05438e-239 8.19582e-243 -1.17895e-243 1.88561e-243 
-14.6437 0.333492 -0.00292319 -4.79452e-11 0.666547 -0.666546 -4.79452e-11 1.00047 1.00047 0.00877008 0.00876958 -1.45974e-239 5.82272e-243 -8.3869e-244 1.34077e-243 
-14.64 0.333492 -0.00293397 -4.84779e-11 0.666546 -0.666546 -4.84779e-11 1.00048 1.00048 0.00880243 0.00880192 4.58542e-240 -1.82881e-243 2.63766e-244 -4.2147e-244 
-14.6363 0.333493 -0.00294479 -4.90166e-11 0.666546 -0.666545 -4.90166e-11 1.00048 1.00048 0.00883489 0.00883437 3.58192e-239 -1.42839e-242 2.06286e-243 -3.29469e-243 
-14.6326 0.333494 -0.00295565 -4.95613e-11 0.666545 -0.666545 -4.95613e-11 1.00048 1.00048 0.00886748 0.00886695 6.51268e-239 -2.59673e-242 3.75516e-243 -5.99472e-243 
-14.6289 0.333495 -0.00296655 -5.0112e-11 0.666545 -0.666544 -5.0112e-11 1.00048 1.00048 0.00890018 0.00889965 7.6681e-239 -3.05699e-242 4.42664e-243 -7.06332e-243 
-14.6253 0.333495 -0.00297749 -5.06688e-11 0.666544 -0.666544 -5.06688e-11 1.00049 1.00049 0.008933 0.00893247 5.4655e-239 -2.17858e-242 3.15888e-243 -5.03807e-243 
-14.6216 0.333496 -0.00298847 -5.12318e-11 0.666544 -0.666543 -5.12318e-11 1.00049 1.00049 0.00896595 0.00896541 -1.67111e-239 6.66022e-243 -9.67006e-244 1.54154e-243 
-14.6179 0.333497 -0.00299949 -5.18011e-11 0.666543 -0.666543 -5.18011e-11 1.00049 1.00049 0.00899901 0.00899847 -1.33187e-238 5.30741e-242 -7.71625e-243 1.22949e-242 
-14.6142 0.333498 -0.00301055 -5.23767e-11 0.666543 -0.666542 -5.23767e-11 1.00049 1.00049 0.0090322 0.00903165 -2.42711e-238 9.67045e-242 -1.40785e-242 2.24216e-242 
-14.6105 0.333499 -0.00302165 -5.29587e-11 0.666542 -0.666542 -5.29587e-11 1.0005 1.0005 0.00906551 0.00906495 -2.86215e-238 1.14022e-241 -1.66219e-242 2.64598e-242 
-14.6068 0.3335 -0.00303279 -5.35472e-11 0.666542 -0.666541 -5.35472e-11 1.0005 1.0005 0.00909895 0.00909838 -2.04633e-238 8.15091e-242 -1.18984e-242 1.89316e-242 
-14.6032 0.3335 -0.00304398 -5.41422e-11 0.666541 -0.66654 -5.41422e-11 1.0005 1.0005 0.0091325 0.00913193 6.08702e-239 -2.42422e-242 3.54358e-243 -5.63552e-243 
-14.5995 0.333501 -0.0030552 -5.47438e-11 0.666541 -0.66654 -5.47438e-11 1.0005 1.0005 0.00916618 0.00916561 4.95226e-238 -1.972e-241 2.88648e-242 -4.58831e-242 
-14.5958 0.333502 -0.00306647 -5.53521e-11 0.66654 -0.666539 -5.53521e-11 1.00051 1.00051 0.00919999 0.0091994 9.04518e-238 -3.60128e-241 5.2785e-242 -8.38661e-242 
-14.5921 0.333503 -0.00307778 -5.59672e-11 0.66654 -0.666539 -5.59672e-11 1.00051 1.00051 0.00923392 0.00923333 1.0683e-237 -4.25276e-241 6.24191e-242 -9.91255e-242 
-14.5884 0.333504 -0.00308912 -5.6589e-11 0.666539 -0.666538 -5.6589e-11 1.00051 1.00051 0.00926797 0.00926737 7.66142e-238 -3.04944e-241 4.48191e-242 -7.11413e-242 
-14.5847 0.333505 -0.00310052 -5.72178e-11 0.666539 -0.666538 -5.72178e-11 1.00051 1.00051 0.00930215 0.00930155 -2.21596e-238 8.8188e-242 -1.29792e-242 2.0592e-242 
-14.581 0.333505 -0.00311195 -5.78536e-11 0.666538 -0.666537 -5.78536e-11 1.00052 1.00052 0.00933646 0.00933584 -1.84136e-237 7.32689e-241 -1.07983e-241 1.71237e-241 
-14.5774 0.333506 -0.00312342 -5.84965e-11 0.666538 -0.666537 -5.84965e-11 1.00052 1.00052 0.00937089 0.00937027 -3.37087e-237 1.34109e-240 -1.97923e-241 3.13709e-241 
-14.5737 0.333507 -0.00313494 -5.91465e-11 0.666537 -0.666536 -5.91465e-11 1.00052 1.00052 0.00940545 0.00940482 -3.98744e-237 1.58615e-240 -2.34414e-241 3.71368e-241 
-14.57 0.333508 -0.0031465 -5.98037e-11 0.666537 -0.666536 -5.98037e-11 1.00052 1.00052 0.00944013 0.0094395 -2.86836e-237 1.14082e-240 -1.68834e-241 2.67344e-241 
-14.5663 0.333509 -0.0031581 -6.04682e-11 0.666536 -0.666535 -6.04682e-11 1.00053 1.00053 0.00947494 0.00947431 8.06251e-238 -3.20619e-241 4.75156e-242 -7.5203e-242 
-14.5626 0.33351 -0.00316975 -6.11401e-11 0.666535 -0.666535 -6.11401e-11 1.00053 1.00053 0.00950989 0.00950924 6.84645e-237 -2.72219e-240 4.03991e-241 -6.39086e-241 
-14.5589 0.333511 -0.00318143 -6.18194e-11 0.666535 -0.666534 -6.18194e-11 1.00053 1.00053 0.00954496 0.0095443 1.25621e-236 -4.99402e-240 7.42183e-241 -1.17351e-240 
-14.5552 0.333512 -0.00319317 -6.25063e-11 0.666534 -0.666533 -6.25063e-11 1.00053 1.00053 0.00958016 0.0095795 1.4883e-236 -5.91575e-240 8.80399e-241 -1.39137e-240 
-14.5516 0.333512 -0.00320494 -6.32009e-11 0.666534 -0.666533 -6.32009e-11 1.00054 1.00054 0.00961549 0.00961482 1.07386e-236 -4.26775e-240 6.36033e-241 -1.00469e-240 
-14.5479 0.333513 -0.00321676 -6.39031e-11 0.666533 -0.666532 -6.39031e-11 1.00054 1.00054 0.00965094 0.00965027 -2.93166e-237 1.16493e-240 -1.73857e-241 2.74493e-241 
-14.5442 0.333514 -0.00322862 -6.46132e-11 0.666533 -0.666532 -6.46132e-11 1.00054 1.00054 0.00968653 0.00968585 -2.54558e-236 1.01136e-239 -1.51152e-240 2.38528e-240 
-14.5405 0.333515 -0.00324052 -6.53311e-11 0.666532 -0.666531 -6.53311e-11 1.00055 1.00055 0.00972226 0.00972157 -4.68148e-236 1.85966e-239 -2.78328e-240 4.39005e-240 
-14.5368 0.333516 -0.00325247 -6.60571e-11 0.666532 -0.666531 -6.60571e-11 1.00055 1.00055 0.00975811 0.00975741 -5.55498e-236 2.2063e-239 -3.30678e-240 5.2132e-240 
-14.5331 0.333517 -0.00326446 -6.67911e-11 0.666531 -0.66653 -6.67911e-11 1.00055 1.00055 0.00979409 0.00979339 -4.02021e-236 1.59648e-239 -2.39619e-240 3.77578e-240 
-14.5295 0.333518 -0.0032765 -6.75332e-11 0.66653 -0.666529 -6.75332e-11 1.00055 1.00055 0.00983021 0.0098295 1.06532e-236 -4.22986e-240 6.35777e-241 -1.00133e-240 
-14.5258 0.333519 -0.00328858 -6.82836e-11 0.66653 -0.666529 -6.82836e-11 1.00056 1.00056 0.00986646 0.00986574 9.4646e-236 -3.75733e-239 5.65562e-240 -8.903e-240 
-14.5221 0.33352 -0.00330071 -6.90423e-11 0.666529 -0.666528 -6.90423e-11 1.00056 1.00056 0.00990285 0.00990212 1.74461e-235 -6.9248e-239 1.04383e-239 -1.64238e-239 
-14.5184 0.333521 -0.00331288 -6.98094e-11 0.666529 -0.666528 -6.98094e-11 1.00056 1.00056 0.00993936 0.00993863 2.07335e-235 -8.22831e-239 1.24211e-239 -1.95338e-239 
-14.5147 0.333522 -0.00332509 -7.05851e-11 0.666528 -0.666527 -7.05851e-11 1.00057 1.00057 0.00997602 0.00997527 1.50502e-235 -5.97186e-239 9.0279e-240 -1.41905e-239 
-14.511 0.333523 -0.00333735 -7.13694e-11 0.666527 -0.666527 -7.13694e-11 1.00057 1.00057 0.0100128 0.0100121 -3.86861e-236 1.53481e-239 -2.32359e-240 3.6505e-240 
-14.5073 0.333524 -0.00334965 -7.21624e-11 0.666527 -0.666526 -7.21624e-11 1.00057 1.00057 0.0100497 0.010049 -3.51893e-235 1.39585e-238 -2.11629e-239 3.32316e-239 
-14.5037 0.333525 -0.00336201 -7.29642e-11 0.666526 -0.666525 -7.29642e-11 1.00057 1.00057 0.0100868 0.010086 -6.50149e-235 2.57852e-238 -3.91505e-239 6.14466e-239 
-14.5 0.333526 -0.0033744 -7.3775e-11 0.666526 -0.666525 -7.3775e-11 1.00058 1.00058 0.010124 0.0101232 -7.73853e-235 3.06864e-238 -4.66602e-239 7.31963e-239 
-14.4963 0.333526 -0.00338684 -7.45947e-11 0.666525 -0.666524 -7.45947e-11 1.00058 1.00058 0.0101613 0.0101605 -5.63408e-235 2.23378e-238 -3.40153e-239 5.33335e-239 
-14.4926 0.333527 -0.00339933 -7.54235e-11 0.666525 -0.666524 -7.54235e-11 1.00058 1.00058 0.0101988 0.010198 1.40386e-235 -5.56504e-239 8.48672e-240 -1.32999e-239 
-14.4889 0.333528 -0.00341186 -7.62616e-11 0.666524 -0.666523 -7.62616e-11 1.00059 1.00059 0.0102364 0.0102356 1.30832e-234 -5.18545e-238 7.91946e-239 -1.24047e-238 
-14.4852 0.333529 -0.00342444 -7.71089e-11 0.666523 -0.666522 -7.71089e-11 1.00059 1.00059 0.0102741 0.0102733 2.42283e-234 -9.60119e-238 1.4685e-238 -2.29903e-238 
-14.4816 0.33353 -0.00343707 -7.79657e-11 0.666523 -0.666522 -7.79657e-11 1.00059 1.00059 0.010312 0.0103112 2.8883e-234 -1.14438e-237 1.75292e-238 -2.74293e-238 
-14.4779 0.333531 -0.00344974 -7.8832e-11 0.666522 -0.666521 -7.8832e-11 1.00059 1.00059 0.01035 0.0103492 2.10909e-234 -8.35511e-238 1.2817e-238 -2.00456e-238 
-14.4742 0.333532 -0.00346246 -7.97079e-11 0.666522 -0.666521 -7.97079e-11 1.0006 1.0006 0.0103882 0.0103874 -5.09059e-235 2.01629e-238 -3.09763e-239 4.84221e-239 
-14.4705 0.333533 -0.00347522 -8.05935e-11 0.666521 -0.66652 -8.05935e-11 1.0006 1.0006 0.0104265 0.0104257 -4.86416e-234 1.92628e-237 -2.96376e-238 4.6306e-238 
-14.4668 0.333534 -0.00348804 -8.1489e-11 0.66652 -0.666519 -8.1489e-11 1.0006 1.0006 0.010465 0.0104641 -9.02883e-234 3.57495e-237 -5.5086e-238 8.6023e-238 
-14.4631 0.333536 -0.0035009 -8.23944e-11 0.66652 -0.666519 -8.23944e-11 1.00061 1.00061 0.0105036 0.0105027 -1.07801e-233 4.26764e-237 -6.58581e-238 1.02793e-237 
-14.4594 0.333537 -0.0035138 -8.33099e-11 0.666519 -0.666518 -8.33099e-11 1.00061 1.00061 0.0105423 0.0105414 -7.89508e-234 3.12498e-237 -4.8297e-238 7.53445e-238 
-14.4558 0.333538 -0.00352676 -8.42356e-11 0.666518 -0.666517 -8.42356e-11 1.00061 1.00061 0.0105812 0.0105803 1.84446e-234 -7.29939e-238 1.12983e-238 -1.76166e-238 
-14.4521 0.333539 -0.00353976 -8.51715e-11 0.666518 -0.666517 -8.51715e-11 1.00062 1.00062 0.0106202 0.0106193 1.80841e-233 -7.15549e-237 1.10922e-237 -1.72865e-237 
-14.4484 0.33354 -0.00355281 -8.61178e-11 0.666517 -0.666516 -8.61178e-11 1.00062 1.00062 0.0106593 0.0106584 3.36462e-233 -1.33108e-236 2.06652e-237 -3.21889e-237 
-14.4447 0.333541 -0.00356591 -8.70747e-11 0.666517 -0.666515 -8.70747e-11 1.00062 1.00062 0.0106986 0.0106977 4.02347e-233 -1.59145e-236 2.47449e-237 -3.8524e-237 
-14.441 0.333542 -0.00357905 -8.80422e-11 0.666516 -0.666515 -8.80422e-11 1.00063 1.00063 0.0107381 0.0107372 2.95535e-233 -1.16876e-236 1.82003e-237 -2.83205e-237 
-14.4373 0.333543 -0.00359225 -8.90204e-11 0.666515 -0.666514 -8.90204e-11 1.00063 1.00063 0.0107777 0.0107767 -6.67745e-234 2.64029e-237 -4.11781e-238 6.4042e-238 
-14.4336 0.333544 -0.00360549 -9.00095e-11 0.666515 -0.666514 -9.00095e-11 1.00063 1.00063 0.0108174 0.0108165 -6.72325e-233 2.65794e-236 -4.15166e-237 6.45353e-237 
-14.43 0.333545 -0.00361878 -9.10095e-11 0.666514 -0.666513 -9.10095e-11 1.00064 1.00064 0.0108573 0.0108563 -1.25383e-232 4.95596e-236 -7.75298e-237 1.20454e-236 
-14.4263 0.333546 -0.00363212 -9.20207e-11 0.666513 -0.666512 -9.20207e-11 1.00064 1.00064 0.0108973 0.0108964 -1.50167e-232 5.93456e-236 -9.29812e-237 1.44385e-236 
-14.4226 0.333547 -0.00364551 -9.30432e-11 0.666513 -0.666512 -9.30432e-11 1.00064 1.00064 0.0109375 0.0109365 -1.10624e-232 4.37105e-236 -6.859e-237 1.06455e-236 
-14.4189 0.333548 -0.00365895 -9.40769e-11 0.666512 -0.666511 -9.40769e-11 1.00064 1.00064 0.0109779 0.0109769 2.41528e-233 -9.54172e-237 1.49958e-237 -2.32621e-237 
-14.4152 0.333549 -0.00367244 -9.51222e-11 0.666511 -0.66651 -9.51222e-11 1.00065 1.00065 0.0110183 0.0110173 2.49951e-232 -9.87271e-236 1.554e-236 -2.40938e-236 
-14.4115 0.333551 -0.00368598 -9.61791e-11 0.666511 -0.66651 -9.61791e-11 1.00065 1.00065 0.011059 0.0110579 4.67238e-232 -1.84519e-235 2.9089e-236 -4.50773e-236 
-14.4079 0.333552 -0.00369957 -9.72477e-11 0.66651 -0.666509 -9.72477e-11 1.00065 1.00065 0.0110997 0.0110987 5.60464e-232 -2.21296e-235 3.49409e-236 -5.41176e-236 
-14.4042 0.333553 -0.00371321 -9.83282e-11 0.666509 -0.666508 -9.83282e-11 1.00066 1.00066 0.0111407 0.0111396 4.14078e-232 -1.63467e-235 2.58504e-236 -4.0017e-236 
-14.4005 0.333554 -0.00372689 -9.94207e-11 0.666509 -0.666508 -9.94207e-11 1.00066 1.00066 0.0111817 0.0111807 -8.72806e-233 3.44497e-236 -5.45634e-237 8.44215e-237 
-14.3968 0.333555 -0.00374063 -1.00525e-10 0.666508 -0.666507 -1.00525e-10 1.00067 1.00067 0.011223 0.0112219 -9.29232e-232 3.66702e-235 -5.81712e-236 8.99567e-236 
-14.3931 0.333556 -0.00375442 -1.01642e-10 0.666507 -0.666506 -1.01642e-10 1.00067 1.00067 0.0112643 0.0112633 -1.74114e-231 6.86981e-235 -1.09149e-235 1.68701e-235 
-14.3894 0.333557 -0.00376826 -1.02772e-10 0.666507 -0.666506 -1.02772e-10 1.00067 1.00067 0.0113059 0.0113048 -2.09178e-231 8.25176e-235 -1.31312e-235 2.02851e-235 
-14.3857 0.333558 -0.00378215 -1.03913e-10 0.666506 -0.666505 -1.03913e-10 1.00068 1.00068 0.0113476 0.0113465 -1.5499e-231 6.11301e-235 -9.74313e-236 1.50433e-235 
-14.3821 0.33356 -0.0037961 -1.05068e-10 0.666505 -0.666504 -1.05068e-10 1.00068 1.00068 0.0113894 0.0113883 3.1509e-232 -1.24252e-235 1.98351e-236 -3.0609e-236 
-14.3784 0.333561 -0.00381009 -1.06235e-10 0.666505 -0.666503 -1.06235e-10 1.00068 1.00068 0.0114314 0.0114303 3.45451e-231 -1.362e-234 2.17767e-235 -3.35877e-235 
-14.3747 0.333562 -0.00382413 -1.07416e-10 0.666504 -0.666503 -1.07416e-10 1.00069 1.00069 0.0114735 0.0114724 6.48827e-231 -2.55763e-234 4.09585e-235 -6.31398e-235 
-14.371 0.333563 -0.00383823 -1.08609e-10 0.666503 -0.666502 -1.08609e-10 1.00069 1.00069 0.0115158 0.0115147 7.80696e-231 -3.07687e-234 4.93523e-235 -7.60392e-235 
-14.3673 0.333564 -0.00385238 -1.09816e-10 0.666502 -0.666501 -1.09816e-10 1.00069 1.00069 0.0115583 0.0115571 5.80119e-231 -2.28593e-234 3.67244e-235 -5.6553e-235 
-14.3636 0.333566 -0.00386658 -1.11036e-10 0.666502 -0.666501 -1.11036e-10 1.0007 1.0007 0.0116009 0.0115997 -1.13629e-231 4.47666e-235 -7.20342e-236 1.10869e-235 
-14.36 0.333567 -0.00388083 -1.12269e-10 0.666501 -0.6665 -1.12269e-10 1.0007 1.0007 0.0116437 0.0116425 -1.28423e-230 5.05852e-234 -8.15278e-235 1.25414e-234 
-14.3563 0.333568 -0.00389514 -1.13517e-10 0.6665 -0.666499 -1.13517e-10 1.0007 1.0007 0.0116866 0.0116854 -2.4178e-230 9.52181e-234 -1.53709e-234 2.36326e-234 
-14.3526 0.333569 -0.0039095 -1.14778e-10 0.6665 -0.666499 -1.14778e-10 1.00071 1.00071 0.0117297 0.0117285 -2.9137e-230 1.14726e-233 -1.85499e-234 2.85051e-234 
-14.3489 0.33357 -0.00392391 -1.16053e-10 0.666499 -0.666498 -1.16053e-10 1.00071 1.00071 0.0117729 0.0117717 -2.1713e-230 8.5478e-234 -1.38432e-234 2.12611e-234 
-14.3452 0.333572 -0.00393837 -1.17343e-10 0.666498 -0.666497 -1.17343e-10 1.00071 1.00071 0.0118164 0.0118151 4.09309e-231 -1.61102e-234 2.61328e-235 -4.01149e-235 
-14.3415 0.333573 -0.00395289 -1.18646e-10 0.666497 -0.666496 -1.18646e-10 1.00072 1.00072 0.0118599 0.0118587 4.77409e-230 -1.8787e-233 3.05243e-234 -4.68311e-234 
-14.3378 0.333574 -0.00396746 -1.19965e-10 0.666497 -0.666496 -1.19965e-10 1.00072 1.00072 0.0119036 0.0119024 9.00965e-230 -3.54479e-233 5.7688e-234 -8.84591e-234 
-14.3342 0.333575 -0.00398208 -1.21297e-10 0.666496 -0.666495 -1.21297e-10 1.00073 1.00073 0.0119475 0.0119462 1.08744e-229 -4.27762e-233 6.97279e-234 -1.06864e-233 
-14.3305 0.333577 -0.00399676 -1.22645e-10 0.666495 -0.666494 -1.22645e-10 1.00073 1.00073 0.0119916 0.0119903 8.1267e-230 -3.19615e-233 5.21845e-234 -7.99344e-234 
-14.3268 0.333578 -0.00401149 -1.24008e-10 0.666495 -0.666493 -1.24008e-10 1.00073 1.00073 0.0120358 0.0120345 -1.4726e-230 5.79046e-234 -9.46977e-235 1.44977e-234 
-14.3231 0.333579 -0.00402628 -1.25385e-10 0.666494 -0.666493 -1.25385e-10 1.00074 1.00074 0.0120802 0.0120788 -1.77473e-229 6.97709e-233 -1.14292e-233 1.7488e-233 
-14.3194 0.33358 -0.00404112 -1.26778e-10 0.666493 -0.666492 -1.26778e-10 1.00074 1.00074 0.0121247 0.0121234 -3.35732e-229 1.31962e-232 -2.16523e-233 3.3113e-233 
-14.3157 0.333582 -0.00405601 -1.28187e-10 0.666492 -0.666491 -1.28187e-10 1.00075 1.00075 0.0121694 0.012168 -4.05846e-229 1.5949e-232 -2.62122e-233 4.00649e-233 
-14.312 0.333583 -0.00407096 -1.29611e-10 0.666492 -0.66649 -1.29611e-10 1.00075 1.00075 0.0122143 0.0122129 -3.04157e-229 1.19504e-232 -1.96731e-233 3.00538e-233 
-14.3084 0.333584 -0.00408597 -1.31051e-10 0.666491 -0.66649 -1.31051e-10 1.00075 1.00075 0.0122593 0.0122579 5.29118e-230 -2.0785e-233 3.42737e-234 -5.23304e-234 
-14.3047 0.333586 -0.00410103 -1.32507e-10 0.66649 -0.666489 -1.32507e-10 1.00076 1.00076 0.0123045 0.0123031 6.59731e-229 -2.59106e-232 4.27967e-233 -6.53083e-233 
-14.301 0.333587 -0.00411614 -1.33979e-10 0.666489 -0.666488 -1.33979e-10 1.00076 1.00076 0.0123498 0.0123484 1.25105e-228 -4.91245e-232 8.12747e-233 -1.23959e-232 
-14.2973 0.333588 -0.00413131 -1.35468e-10 0.666489 -0.666487 -1.35468e-10 1.00077 1.00076 0.0123954 0.0123939 1.51466e-228 -5.94635e-232 9.85447e-233 -1.50218e-232 
-14.2936 0.33359 -0.00414654 -1.36973e-10 0.666488 -0.666487 -1.36973e-10 1.00077 1.00077 0.0124411 0.0124396 1.13834e-228 -4.46806e-232 7.41703e-233 -1.13001e-232 
-14.2899 0.333591 -0.00416182 -1.38495e-10 0.666487 -0.666486 -1.38495e-10 1.00077 1.00077 0.0124869 0.0124855 -1.8985e-229 7.45021e-233 -1.23882e-233 1.88637e-233 
-14.2863 0.333592 -0.00417716 -1.40033e-10 0.666486 -0.666485 -1.40033e-10 1.00078 1.00078 0.012533 0.0125315 -2.45242e-228 9.62196e-232 -1.60263e-232 2.43902e-232 
-14.2826 0.333594 -0.00419256 -1.41589e-10 0.666485 -0.666484 -1.41589e-10 1.00078 1.00078 0.0125792 0.0125777 -4.66182e-228 1.82867e-231 -3.05097e-232 4.6407e-232 
-14.2789 0.333595 -0.00420801 -1.43162e-10 0.666485 -0.666483 -1.43162e-10 1.00079 1.00079 0.0126255 0.012624 -5.65284e-228 2.21695e-231 -3.70505e-232 5.63253e-232 
-14.2752 0.333596 -0.00422352 -1.44752e-10 0.666484 -0.666483 -1.44752e-10 1.00079 1.00079 0.0126721 0.0126706 -4.26028e-228 1.67047e-231 -2.79649e-232 4.24898e-232 
-14.2715 0.333598 -0.00423909 -1.46361e-10 0.666483 -0.666482 -1.46361e-10 1.00079 1.00079 0.0127188 0.0127173 6.8016e-229 -2.66637e-232 4.47129e-233 -6.78998e-233 
-14.2678 0.333599 -0.00425471 -1.47987e-10 0.666482 -0.666481 -1.47987e-10 1.0008 1.0008 0.0127657 0.0127641 9.11624e-228 -3.57301e-231 6.00187e-232 -9.10929e-232 
-14.2641 0.333601 -0.00427039 -1.49631e-10 0.666481 -0.66648 -1.49631e-10 1.0008 1.0008 0.0128127 0.0128112 1.73713e-227 -6.80706e-231 1.14539e-231 -1.73746e-231 
-14.2605 0.333602 -0.00428613 -1.51293e-10 0.666481 -0.666479 -1.51293e-10 1.00081 1.00081 0.01286 0.0128584 2.10967e-227 -8.26515e-231 1.39312e-231 -2.11208e-231 
-14.2568 0.333603 -0.00430193 -1.52974e-10 0.66648 -0.666479 -1.52974e-10 1.00081 1.00081 0.0129074 0.0129058 1.59439e-227 -6.2451e-231 1.05444e-231 -1.59774e-231 
-14.2531 0.333605 -0.00431778 -1.54673e-10 0.666479 -0.666478 -1.54673e-10 1.00081 1.00081 0.012955 0.0129533 -2.43276e-228 9.52691e-232 -1.61132e-232 2.44021e-232 
-14.2494 0.333606 -0.00433369 -1.56392e-10 0.666478 -0.666477 -1.56392e-10 1.00082 1.00082 0.0130027 0.0130011 -3.38867e-227 1.32675e-230 -2.24785e-231 3.40231e-231 
-14.2457 0.333608 -0.00434966 -1.58129e-10 0.666477 -0.666476 -1.58129e-10 1.00082 1.00082 0.0130507 0.013049 -6.473e-227 2.5338e-230 -4.30032e-231 6.50532e-231 
-14.242 0.333609 -0.00436569 -1.59886e-10 0.666477 -0.666475 -1.59886e-10 1.00083 1.00083 0.0130988 0.0130971 -7.87336e-227 3.08129e-230 -5.23859e-231 7.92031e-231 
-14.2383 0.333611 -0.00438178 -1.61662e-10 0.666476 -0.666475 -1.61662e-10 1.00083 1.00083 0.0131471 0.0131453 -5.96681e-227 2.33465e-230 -3.97609e-231 6.00821e-231 
-14.2347 0.333612 -0.00439793 -1.63458e-10 0.666475 -0.666474 -1.63458e-10 1.00084 1.00084 0.0131955 0.0131938 8.68592e-228 -3.39783e-231 5.79686e-232 -8.7547e-232 
-14.231 0.333614 -0.00441414 -1.65274e-10 0.666474 -0.666473 -1.65274e-10 1.00084 1.00084 0.0132442 0.0132424 1.25961e-226 -4.92637e-230 8.4193e-231 -1.27082e-230 
-14.2273 0.333615 -0.00443041 -1.6711e-10 0.666473 -0.666472 -1.6711e-10 1.00085 1.00085 0.013293 0.0132912 2.412e-226 -9.43134e-230 1.61466e-230 -2.43584e-230 
-14.2236 0.333617 -0.00444673 -1.68967e-10 0.666472 -0.666471 -1.68967e-10 1.00085 1.00085 0.013342 0.0133402 2.93834e-226 -1.14869e-229 1.97003e-230 -2.9703e-230 
-14.2199 0.333618 -0.00446312 -1.70844e-10 0.666472 -0.66647 -1.70844e-10 1.00085 1.00085 0.0133912 0.0133894 2.23296e-226 -8.72742e-230 1.4994e-230 -2.25946e-230 
-14.2162 0.33362 -0.00447957 -1.72742e-10 0.666471 -0.666469 -1.72742e-10 1.00086 1.00086 0.0134405 0.0134387 -3.09521e-227 1.20948e-230 -2.0816e-231 3.13503e-231 
-14.2126 0.333621 -0.00449607 -1.74661e-10 0.66647 -0.666469 -1.74661e-10 1.00086 1.00086 0.0134901 0.0134882 -4.68205e-226 1.82915e-229 -3.15365e-230 4.74697e-230 
-14.2089 0.333623 -0.00451264 -1.76601e-10 0.666469 -0.666468 -1.76601e-10 1.00087 1.00087 0.0135398 0.0135379 -8.98763e-226 3.51044e-229 -6.06309e-230 9.12127e-230 
-14.2052 0.333624 -0.00452927 -1.78563e-10 0.666468 -0.666467 -1.78563e-10 1.00087 1.00087 0.0135897 0.0135878 -1.09658e-225 4.28214e-229 -7.40907e-230 1.11399e-229 
-14.2015 0.333626 -0.00454596 -1.80547e-10 0.666467 -0.666466 -1.80547e-10 1.00088 1.00088 0.0136398 0.0136379 -8.35621e-226 3.26236e-229 -5.65466e-230 8.49733e-230 
-14.1978 0.333627 -0.00456271 -1.82553e-10 0.666466 -0.666465 -1.82553e-10 1.00088 1.00088 0.0136901 0.0136881 1.10063e-226 -4.29602e-230 7.45959e-231 -1.12034e-230 
-14.1941 0.333629 -0.00457953 -1.84581e-10 0.666466 -0.666464 -1.84581e-10 1.00089 1.00089 0.0137405 0.0137386 1.74032e-225 -6.79132e-229 1.18135e-229 -1.77325e-229 
-14.1904 0.333631 -0.0045964 -1.86631e-10 0.666465 -0.666463 -1.86631e-10 1.00089 1.00089 0.0137912 0.0137892 3.34896e-225 -1.30659e-228 2.27688e-229 -3.41576e-229 
-14.1868 0.333632 -0.00461334 -1.88704e-10 0.666464 -0.666462 -1.88704e-10 1.0009 1.0009 0.013842 0.01384 4.0924e-225 -1.59627e-228 2.78668e-229 -4.17822e-229 
-14.1831 0.333634 -0.00463034 -1.90801e-10 0.666463 -0.666462 -1.90801e-10 1.0009 1.0009 0.013893 0.013891 3.12701e-225 -1.21943e-228 2.13266e-229 -3.19581e-229 
-14.1794 0.333635 -0.0046474 -1.9292e-10 0.666462 -0.666461 -1.9292e-10 1.00091 1.00091 0.0139442 0.0139422 -3.90466e-226 1.52234e-229 -2.66721e-230 3.9946e-230 
-14.1757 0.333637 -0.00466453 -1.95064e-10 0.666461 -0.66646 -1.95064e-10 1.00091 1.00091 0.0139956 0.0139936 -6.46865e-225 2.5214e-228 -4.4256e-229 6.62436e-229 
-14.172 0.333639 -0.00468172 -1.97231e-10 0.66646 -0.666459 -1.97231e-10 1.00092 1.00092 0.0140472 0.0140451 -1.24788e-224 4.86296e-228 -8.55102e-229 1.27922e-228 
-14.1683 0.33364 -0.00469897 -1.99422e-10 0.666459 -0.666458 -1.99422e-10 1.00092 1.00092 0.014099 0.0140969 -1.52725e-224 5.95029e-228 -1.0482e-228 1.56721e-228 
-14.1647 0.333642 -0.00471628 -2.01637e-10 0.666458 -0.666457 -2.01637e-10 1.00093 1.00093 0.014151 0.0141488 -1.17015e-224 4.55792e-228 -8.04382e-229 1.20199e-228 
-14.161 0.333643 -0.00473366 -2.03877e-10 0.666457 -0.666456 -2.03877e-10 1.00093 1.00093 0.0142031 0.014201 1.38168e-225 -5.38059e-229 9.51301e-230 -1.42072e-229 
-14.1573 0.333645 -0.0047511 -2.06142e-10 0.666457 -0.666455 -2.06142e-10 1.00094 1.00094 0.0142555 0.0142533 2.40432e-224 -9.3608e-228 1.65804e-228 -2.47481e-228 
-14.1536 0.333647 -0.00476861 -2.08432e-10 0.666456 -0.666454 -2.08432e-10 1.00094 1.00094 0.014308 0.0143058 4.64978e-224 -1.80988e-227 3.21165e-228 -4.79103e-228 
-14.1499 0.333648 -0.00478618 -2.10747e-10 0.666455 -0.666453 -2.10747e-10 1.00095 1.00095 0.0143608 0.0143585 5.69957e-224 -2.21798e-227 3.94305e-228 -5.87878e-228 
-14.1462 0.33365 -0.00480381 -2.13088e-10 0.666454 -0.666452 -2.13088e-10 1.00095 1.00095 0.0144137 0.0144114 4.37869e-224 -1.70355e-227 3.03411e-228 -4.52104e-228 
-14.1425 0.333652 -0.00482151 -2.15456e-10 0.666453 -0.666451 -2.15456e-10 1.00096 1.00096 0.0144668 0.0144645 -4.87518e-225 1.89626e-228 -3.38357e-229 5.03891e-229 
-14.1389 0.333654 -0.00483928 -2.17849e-10 0.666452 -0.66645 -2.17849e-10 1.00096 1.00096 0.0145201 0.0145178 -8.9364e-224 3.47509e-227 -6.2122e-228 9.24613e-228 
-14.1352 0.333655 -0.00485711 -2.20269e-10 0.666451 -0.66645 -2.20269e-10 1.00097 1.00097 0.0145736 0.0145713 -1.73256e-223 6.73578e-227 -1.20635e-227 1.79448e-227 
-14.1315 0.333657 -0.004875 -2.22716e-10 0.66645 -0.666449 -2.22716e-10 1.00097 1.00097 0.0146274 0.014625 -2.12701e-223 8.26729e-227 -1.48339e-227 2.20533e-227 
-14.1278 0.333659 -0.00489297 -2.2519e-10 0.666449 -0.666448 -2.2519e-10 1.00098 1.00098 0.0146813 0.0146789 -1.63847e-223 6.36687e-227 -1.14453e-227 1.70059e-227 
-14.1241 0.333661 -0.00491099 -2.27692e-10 0.666448 -0.666447 -2.27692e-10 1.00098 1.00098 0.0147354 0.014733 1.71472e-224 -6.66153e-228 1.19974e-228 -1.7816e-228 
-14.1204 0.333662 -0.00492909 -2.30221e-10 0.666447 -0.666446 -2.30221e-10 1.00099 1.00099 0.0147897 0.0147873 3.32144e-223 -1.29003e-226 2.32769e-227 -3.45463e-227 
-14.1167 0.333664 -0.00494725 -2.32778e-10 0.666446 -0.666445 -2.32778e-10 1.00099 1.00099 0.0148442 0.0148417 6.4557e-223 -2.50675e-226 4.53158e-227 -6.72167e-227 
-14.1131 0.333666 -0.00496547 -2.35364e-10 0.666445 -0.666444 -2.35364e-10 1.001 1.001 0.0148989 0.0148964 7.9377e-223 -3.08145e-226 5.58098e-227 -8.27349e-227 
-14.1094 0.333668 -0.00498377 -2.37979e-10 0.666444 -0.666443 -2.37979e-10 1.001 1.001 0.0149538 0.0149513 6.13089e-223 -2.37945e-226 4.31767e-227 -6.39705e-227 
-14.1057 0.33367 -0.00500213 -2.40622e-10 0.666443 -0.666442 -2.40622e-10 1.00101 1.00101 0.0150089 0.0150064 -6.00954e-224 2.33177e-227 -4.23915e-228 6.27711e-228 
-14.102 0.333671 -0.00502056 -2.43295e-10 0.666442 -0.666441 -2.43295e-10 1.00101 1.00101 0.0150642 0.0150617 -1.23447e-222 4.7887e-226 -8.72234e-227 1.29082e-226 
-14.0983 0.333673 -0.00503906 -2.45998e-10 0.666441 -0.66644 -2.45998e-10 1.00102 1.00102 0.0151198 0.0151172 -2.40544e-222 9.3287e-226 -1.70239e-226 2.51792e-226 
-14.0946 0.333675 -0.00505762 -2.4873e-10 0.66644 -0.666439 -2.4873e-10 1.00103 1.00103 0.0151755 0.0151729 -2.96221e-222 1.14851e-225 -2.0999e-226 3.10406e-226 
-14.091 0.333677 -0.00507625 -2.51493e-10 0.666439 -0.666438 -2.51493e-10 1.00103 1.00103 0.0152314 0.0152288 -2.29404e-222 8.89217e-226 -1.62892e-226 2.40648e-226 
-14.0873 0.333679 -0.00509495 -2.54287e-10 0.666438 -0.666437 -2.54287e-10 1.00104 1.00104 0.0152875 0.0152849 2.09765e-223 -8.12887e-227 1.49194e-227 -2.20284e-227 
-14.0836 0.333681 -0.00511372 -2.57112e-10 0.666437 -0.666436 -2.57112e-10 1.00104 1.00104 0.0153439 0.0153412 4.58807e-222 -1.77753e-225 3.26866e-226 -4.82337e-226 
-14.0799 0.333683 -0.00513256 -2.59968e-10 0.666436 -0.666435 -2.59968e-10 1.00105 1.00105 0.0154004 0.0153977 8.96276e-222 -3.4715e-225 6.39592e-226 -9.43263e-226 
-14.0762 0.333684 -0.00515147 -2.62856e-10 0.666435 -0.666434 -2.62856e-10 1.00105 1.00105 0.0154572 0.0154544 1.10544e-221 -4.28054e-225 7.90169e-226 -1.16466e-225 
-14.0725 0.333686 -0.00517045 -2.65775e-10 0.666434 -0.666433 -2.65775e-10 1.00106 1.00106 0.0155141 0.0155113 8.58359e-222 -3.32292e-225 6.14579e-226 -9.05328e-226 
-14.0688 0.333688 -0.0051895 -2.68728e-10 0.666433 -0.666432 -2.68728e-10 1.00106 1.00106 0.0155713 0.0155685 -7.28823e-223 2.82072e-226 -5.22706e-227 7.69545e-227 
-14.0652 0.33369 -0.00520861 -2.71713e-10 0.666432 -0.666431 -2.71713e-10 1.00107 1.00107 0.0156287 0.0156258 -1.70519e-221 6.59776e-225 -1.225e-225 1.80243e-225 
-14.0615 0.333692 -0.0052278 -2.74731e-10 0.666431 -0.666429 -2.74731e-10 1.00108 1.00108 0.0156863 0.0156834 -3.33954e-221 1.29181e-224 -2.40314e-225 3.53388e-225 
-14.0578 0.333694 -0.00524706 -2.77783e-10 0.66643 -0.666428 -2.77783e-10 1.00108 1.00108 0.0157441 0.0157412 -4.12526e-221 1.59532e-224 -2.97354e-225 4.37014e-225 
-14.0541 0.333696 -0.00526639 -2.80868e-10 0.666429 -0.666427 -2.80868e-10 1.00109 1.00109 0.0158021 0.0157992 -3.21165e-221 1.24169e-224 -2.31891e-225 3.40605e-225 
-14.0504 0.333698 -0.00528579 -2.83988e-10 0.666428 -0.666426 -2.83988e-10 1.00109 1.00109 0.0158604 0.0158574 2.51887e-222 -9.73584e-226 1.82177e-226 -2.6743e-226 
-14.0467 0.3337 -0.00530526 -2.87143e-10 0.666427 -0.666425 -2.87143e-10 1.0011 1.0011 0.0159188 0.0159158 6.33731e-221 -2.44882e-224 4.59122e-225 -6.73583e-225 
-14.0431 0.333702 -0.0053248 -2.90332e-10 0.666426 -0.666424 -2.90332e-10 1.00111 1.00111 0.0159775 0.0159744 1.24431e-220 -4.8069e-224 9.03002e-225 -1.32403e-224 
-14.0394 0.333704 -0.00534442 -2.93557e-10 0.666425 -0.666423 -2.93557e-10 1.00111 1.00111 0.0160363 0.0160333 1.53945e-220 -5.94545e-224 1.11908e-224 -1.6399e-224 
-14.0357 0.333706 -0.0053641 -2.96818e-10 0.666424 -0.666422 -2.96818e-10 1.00112 1.00112 0.0160954 0.0160923 1.20166e-220 -4.63963e-224 8.75017e-225 -1.2815e-224 
-14.032 0.333708 -0.00538386 -3.00115e-10 0.666422 -0.666421 -3.00115e-10 1.00112 1.00112 0.0161548 0.0161516 -8.65182e-222 3.33959e-225 -6.3108e-226 9.23706e-226 
-14.0283 0.33371 -0.00540369 -3.03448e-10 0.666421 -0.66642 -3.03448e-10 1.00113 1.00113 0.0162143 0.0162111 -2.35522e-220 9.08864e-224 -1.72088e-224 2.51736e-224 
-14.0246 0.333712 -0.0054236 -3.06819e-10 0.66642 -0.666419 -3.06819e-10 1.00114 1.00114 0.016274 0.0162708 -4.63627e-220 1.78862e-223 -3.39337e-224 4.96104e-224 
-14.0209 0.333714 -0.00544358 -3.10227e-10 0.666419 -0.666418 -3.10227e-10 1.00114 1.00114 0.016334 0.0163307 -5.74481e-220 2.21567e-223 -4.21195e-224 6.15418e-224 
-14.0173 0.333716 -0.00546363 -3.13673e-10 0.666418 -0.666416 -3.13673e-10 1.00115 1.00115 0.0163942 0.0163909 -4.49597e-220 1.73354e-223 -3.30201e-224 4.82181e-224 
-14.0136 0.333719 -0.00548375 -3.17157e-10 0.666417 -0.666415 -3.17157e-10 1.00116 1.00116 0.0164546 0.0164513 2.95019e-221 -1.13721e-224 2.17046e-225 -3.16759e-225 
-14.0099 0.333721 -0.00550395 -3.2068e-10 0.666416 -0.666414 -3.2068e-10 1.00116 1.00116 0.0165152 0.0165118 8.75285e-220 -3.37303e-223 6.45061e-224 -9.40857e-224 
-14.0062 0.333723 -0.00552422 -3.24242e-10 0.666415 -0.666413 -3.24242e-10 1.00117 1.00117 0.0165761 0.0165727 1.72745e-219 -6.65511e-223 1.27528e-223 -1.85898e-223 
-14.0025 0.333725 -0.00554457 -3.27843e-10 0.666414 -0.666412 -3.27843e-10 1.00117 1.00117 0.0166372 0.0166337 2.14379e-219 -8.25681e-223 1.5854e-223 -2.30967e-223 
-13.9988 0.333727 -0.00556499 -3.31485e-10 0.666412 -0.666411 -3.31485e-10 1.00118 1.00118 0.0166985 0.016695 1.68213e-219 -6.47689e-223 1.24614e-223 -1.81436e-223 
-13.9951 0.333729 -0.00558549 -3.35167e-10 0.666411 -0.66641 -3.35167e-10 1.00119 1.00119 0.01676 0.0167565 -9.97275e-221 3.83884e-224 -7.40079e-225 1.07691e-224 
-13.9915 0.333731 -0.00560606 -3.3889e-10 0.66641 -0.666409 -3.3889e-10 1.00119 1.00119 0.0168218 0.0168182 -3.25282e-219 1.25176e-222 -2.41813e-223 3.51662e-223 
-13.9878 0.333734 -0.00562671 -3.42654e-10 0.666409 -0.666407 -3.42654e-10 1.0012 1.0012 0.0168837 0.0168801 -6.43633e-219 2.47615e-222 -4.7931e-223 6.96635e-223 
-13.9841 0.333736 -0.00564743 -3.4646e-10 0.666408 -0.666406 -3.4646e-10 1.00121 1.00121 0.0169459 0.0169423 -7.99996e-219 3.07683e-222 -5.96795e-223 8.66878e-223 
-13.9804 0.333738 -0.00566823 -3.50308e-10 0.666407 -0.666405 -3.50308e-10 1.00121 1.00121 0.0170084 0.0170047 -6.29341e-219 2.41979e-222 -4.7031e-223 6.82748e-223 
-13.9767 0.33374 -0.00568911 -3.54199e-10 0.666405 -0.666404 -3.54199e-10 1.00122 1.00122 0.0170711 0.0170673 3.33569e-220 -1.28219e-223 2.49716e-224 -3.62298e-224 
-13.973 0.333743 -0.00571006 -3.58133e-10 0.666404 -0.666403 -3.58133e-10 1.00123 1.00123 0.017134 0.0171302 1.20882e-218 -4.6452e-222 9.06541e-223 -1.31447e-222 
-13.9694 0.333745 -0.00573109 -3.62111e-10 0.666403 -0.666401 -3.62111e-10 1.00123 1.00123 0.0171971 0.0171933 2.39811e-218 -9.21264e-222 1.8016e-222 -2.61074e-222 
-13.9657 0.333747 -0.0057522 -3.66133e-10 0.666402 -0.6664 -3.66133e-10 1.00124 1.00124 0.0172604 0.0172566 2.98531e-218 -1.14651e-221 2.24671e-222 -3.25383e-222 
-13.962 0.333749 -0.00577338 -3.702e-10 0.666401 -0.666399 -3.702e-10 1.00125 1.00125 0.017324 0.0173201 2.35453e-218 -9.03997e-222 1.77513e-222 -2.56933e-222 
-13.9583 0.333752 -0.00579464 -3.74311e-10 0.6664 -0.666398 -3.74311e-10 1.00126 1.00126 0.0173879 0.0173839 -1.10114e-219 4.22648e-223 -8.31646e-224 1.20302e-223 
-13.9546 0.333754 -0.00581598 -3.78469e-10 0.666398 -0.666397 -3.78469e-10 1.00126 1.00126 0.0174519 0.0174479 -4.49219e-218 1.72371e-221 -3.39879e-222 4.91359e-222 
-13.9509 0.333756 -0.0058374 -3.82672e-10 0.666397 -0.666395 -3.82672e-10 1.00127 1.00127 0.0175162 0.0175122 -8.93504e-218 3.42748e-221 -6.77227e-222 9.78479e-222 
-13.9472 0.333759 -0.0058589 -3.86923e-10 0.666396 -0.666394 -3.86923e-10 1.00128 1.00128 0.0175808 0.0175767 -1.11401e-217 4.27207e-221 -8.45865e-222 1.2214e-221 
-13.9436 0.333761 -0.00588047 -3.9122e-10 0.666395 -0.666393 -3.9122e-10 1.00128 1.00128 0.0176455 0.0176414 -8.80877e-218 3.37704e-221 -6.70044e-222 9.66948e-222 
-13.9399 0.333763 -0.00590213 -3.95565e-10 0.666393 -0.666392 -3.95565e-10 1.00129 1.00129 0.0177106 0.0177064 3.57444e-219 -1.36993e-222 2.72379e-223 -3.92839e-223 
-13.9362 0.333766 -0.00592386 -3.99959e-10 0.666392 -0.666391 -3.99959e-10 1.0013 1.0013 0.0177758 0.0177716 1.66934e-217 -6.39595e-221 1.27435e-221 -1.83684e-221 
-13.9325 0.333768 -0.00594568 -4.04401e-10 0.666391 -0.666389 -4.04401e-10 1.0013 1.0013 0.0178413 0.017837 3.32905e-217 -1.27512e-220 2.54591e-221 -3.66748e-221 
-13.9288 0.333771 -0.00596757 -4.08893e-10 0.66639 -0.666388 -4.08893e-10 1.00131 1.00131 0.017907 0.0179027 4.15705e-217 -1.59178e-220 3.18485e-221 -4.58515e-221 
-13.9251 0.333773 -0.00598955 -4.13434e-10 0.666388 -0.666387 -4.13434e-10 1.00132 1.00132 0.017973 0.0179686 3.29548e-217 -1.26149e-220 2.52933e-221 -3.63924e-221 
-13.9215 0.333776 -0.0060116 -4.18026e-10 0.666387 -0.666385 -4.18026e-10 1.00133 1.00133 0.0180392 0.0180348 -1.13483e-218 4.34275e-222 -8.72576e-223 1.25473e-222 
-13.9178 0.333778 -0.00603374 -4.22669e-10 0.666386 -0.666384 -4.22669e-10 1.00133 1.00133 0.0181057 0.0181012 -6.20333e-217 2.37314e-220 -4.77838e-221 6.86701e-221 
-13.9141 0.333781 -0.00605596 -4.27363e-10 0.666385 -0.666383 -4.27363e-10 1.00134 1.00134 0.0181724 0.0181679 -1.24035e-216 4.7436e-220 -9.57163e-221 1.37471e-220 
-13.9104 0.333783 -0.00607826 -4.3211e-10 0.666383 -0.666382 -4.3211e-10 1.00135 1.00135 0.0182393 0.0182348 -1.55124e-216 5.93074e-220 -1.19925e-220 1.72138e-220 
-13.9067 0.333786 -0.00610064 -4.36909e-10 0.666382 -0.66638 -4.36909e-10 1.00136 1.00136 0.0183065 0.0183019 -1.23286e-216 4.71204e-220 -9.54849e-221 1.36975e-220 
-13.903 0.333788 -0.0061231 -4.41761e-10 0.666381 -0.666379 -4.41761e-10 1.00136 1.00136 0.018374 0.0183693 3.49395e-218 -1.33499e-221 2.711e-222 -3.88665e-222 
-13.8993 0.333791 -0.00614565 -4.46668e-10 0.666379 -0.666378 -4.46668e-10 1.00137 1.00137 0.0184417 0.018437 2.30513e-216 -8.80483e-220 1.79185e-220 -2.56737e-220 
-13.8957 0.333793 -0.00616828 -4.51628e-10 0.666378 -0.666376 -4.51628e-10 1.00138 1.00138 0.0185096 0.0185048 4.62127e-216 -1.76461e-219 3.59883e-220 -5.15332e-220 
-13.892 0.333796 -0.00619099 -4.56644e-10 0.666377 -0.666375 -4.56644e-10 1.00139 1.00139 0.0185778 0.018573 5.78853e-216 -2.20963e-219 4.51611e-220 -6.46293e-220 
-13.8883 0.333798 -0.00621379 -4.61716e-10 0.666376 -0.666374 -4.61716e-10 1.0014 1.0014 0.0186462 0.0186414 4.61211e-216 -1.76e-219 3.6049e-220 -5.15581e-220 
-13.8846 0.333801 -0.00623666 -4.66844e-10 0.666374 -0.666372 -4.66844e-10 1.0014 1.0014 0.0187149 0.01871 -1.02804e-217 3.92179e-221 -8.0501e-222 1.15065e-221 
-13.8809 0.333804 -0.00625963 -4.72029e-10 0.666373 -0.666371 -4.72029e-10 1.00141 1.00141 0.0187839 0.0187789 -8.56563e-216 3.2666e-219 -6.71972e-220 9.59915e-220 
-13.8772 0.333806 -0.00628267 -4.77271e-10 0.666372 -0.66637 -4.77271e-10 1.00142 1.00142 0.0188531 0.018848 -1.72178e-215 6.56408e-219 -1.35323e-219 1.93193e-219 
-13.8735 0.333809 -0.00630581 -4.82572e-10 0.66637 -0.666368 -4.82572e-10 1.00143 1.00143 0.0189225 0.0189174 -2.16001e-215 8.23215e-219 -1.7008e-219 2.42667e-219 
-13.8699 0.333812 -0.00632902 -4.87931e-10 0.666369 -0.666367 -4.87931e-10 1.00144 1.00143 0.0189922 0.0189871 -1.72536e-215 6.57348e-219 -1.36107e-219 1.94078e-219 
-13.8662 0.333814 -0.00635232 -4.9335e-10 0.666367 -0.666366 -4.9335e-10 1.00144 1.00144 0.0190622 0.019057 2.80973e-217 -1.07014e-220 2.2206e-221 -3.1645e-221 
-13.8625 0.333817 -0.00637571 -4.98829e-10 0.666366 -0.666364 -4.98829e-10 1.00145 1.00145 0.0191324 0.0191271 3.18284e-215 -1.21185e-218 2.52016e-219 -3.58923e-219 
-13.8588 0.33382 -0.00639918 -5.04369e-10 0.666365 -0.666363 -5.04369e-10 1.00146 1.00146 0.0192029 0.0191976 6.4149e-215 -2.44164e-218 5.08877e-219 -7.24308e-219 
-13.8551 0.333823 -0.00642274 -5.0997e-10 0.666363 -0.666362 -5.0997e-10 1.00147 1.00147 0.0192736 0.0192682 8.06011e-215 -3.06683e-218 6.40581e-219 -9.11219e-219 
-13.8514 0.333825 -0.00644639 -5.15634e-10 0.666362 -0.66636 -5.15634e-10 1.00148 1.00148 0.0193446 0.0193392 6.45432e-215 -2.45502e-218 5.1392e-219 -7.30603e-219 
-13.8478 0.333828 -0.00647012 -5.2136e-10 0.666361 -0.666359 -5.2136e-10 1.00148 1.00148 0.0194159 0.0194104 -6.66378e-217 2.53385e-220 -5.31592e-221 7.55269e-221 
-13.8441 0.333831 -0.00649394 -5.2715e-10 0.666359 -0.666357 -5.2715e-10 1.00149 1.00149 0.0194874 0.0194818 -1.18267e-214 4.4955e-218 -9.45223e-219 1.34213e-218 
-13.8404 0.333834 -0.00651785 -5.33005e-10 0.666358 -0.666356 -5.33005e-10 1.0015 1.0015 0.0195592 0.0195535 -2.39001e-214 9.08177e-218 -1.91376e-218 2.71573e-218 
-13.8367 0.333837 -0.00654184 -5.38924e-10 0.666356 -0.666354 -5.38924e-10 1.00151 1.00151 0.0196312 0.0196255 -3.00762e-214 1.14248e-217 -2.41284e-218 3.42187e-218 
-13.833 0.333839 -0.00656592 -5.44909e-10 0.666355 -0.666353 -5.44909e-10 1.00152 1.00152 0.0197035 0.0196978 -2.41443e-214 9.16838e-218 -1.94061e-218 2.7505e-218 
-13.8293 0.333842 -0.0065901 -5.50961e-10 0.666353 -0.666352 -5.50961e-10 1.00153 1.00153 0.0197761 0.0197703 1.06437e-216 -4.04039e-220 8.57111e-221 -1.21408e-220 
-13.8256 0.333845 -0.00661435 -5.57079e-10 0.666352 -0.66635 -5.57079e-10 1.00154 1.00154 0.0198489 0.0198431 4.39442e-214 -1.66757e-217 3.54542e-218 -5.01896e-218 
-13.822 0.333848 -0.0066387 -5.63266e-10 0.666351 -0.666349 -5.63266e-10 1.00154 1.00154 0.019922 0.0199161 8.90444e-214 -3.37786e-217 7.19774e-218 -1.01831e-217 
-13.8183 0.333851 -0.00666314 -5.69521e-10 0.666349 -0.666347 -5.69521e-10 1.00155 1.00155 0.0199954 0.0199894 1.12228e-213 -4.25587e-217 9.08902e-218 -1.2851e-217 
-13.8146 0.333854 -0.00668767 -5.75846e-10 0.666348 -0.666346 -5.75846e-10 1.00156 1.00156 0.0200691 0.020063 9.03172e-214 -3.42379e-217 7.32843e-218 -1.03554e-217 
-13.8109 0.333857 -0.00671229 -5.82241e-10 0.666346 -0.666344 -5.82241e-10 1.00157 1.00157 0.020143 0.0201369 1.32226e-216 -5.01076e-220 1.07494e-220 -1.51802e-220 
-13.8072 0.33386 -0.00673699 -5.88706e-10 0.666345 -0.666343 -5.88706e-10 1.00158 1.00158 0.0202172 0.020211 -1.6328e-213 6.1854e-217 -1.32993e-217 1.87697e-217 
-13.8035 0.333863 -0.00676179 -5.95244e-10 0.666343 -0.666341 -5.95244e-10 1.00159 1.00159 0.0202916 0.0202854 -3.3175e-213 1.2563e-216 -2.70731e-217 3.81857e-217 
-13.7998 0.333866 -0.00678668 -6.01854e-10 0.666342 -0.66634 -6.01854e-10 1.0016 1.0016 0.0203664 0.02036 -4.18773e-213 1.5853e-216 -3.42404e-217 4.82655e-217 
-13.7962 0.333869 -0.00681166 -6.08538e-10 0.66634 -0.666338 -6.08538e-10 1.00161 1.00161 0.0204414 0.020435 -3.37846e-213 1.27849e-216 -2.76765e-217 3.89894e-217 
-13.7925 0.333872 -0.00683673 -6.15296e-10 0.666339 -0.666337 -6.15296e-10 1.00162 1.00162 0.0205167 0.0205102 -2.46395e-215 9.32092e-219 -2.02237e-219 2.84728e-219 
-13.7888 0.333875 -0.0068619 -6.22128e-10 0.666337 -0.666335 -6.22128e-10 1.00163 1.00162 0.0205922 0.0205857 6.06673e-213 -2.29418e-216 4.98905e-217 -7.01979e-217 
-13.7851 0.333878 -0.00688715 -6.29037e-10 0.666336 -0.666334 -6.29037e-10 1.00163 1.00163 0.0206681 0.0206615 1.23598e-212 -4.67228e-216 1.01839e-216 -1.43203e-216 
-13.7814 0.333881 -0.0069125 -6.36022e-10 0.666334 -0.666332 -6.36022e-10 1.00164 1.00164 0.0207442 0.0207375 1.56262e-212 -5.90493e-216 1.29001e-216 -1.81288e-216 
-13.7777 0.333884 -0.00693794 -6.43085e-10 0.666333 -0.666331 -6.43085e-10 1.00165 1.00165 0.0208206 0.0208138 1.26375e-212 -4.77382e-216 1.0453e-216 -1.46809e-216 
-13.7741 0.333887 -0.00696348 -6.50227e-10 0.666331 -0.666329 -6.50227e-10 1.00166 1.00166 0.0208973 0.0208904 1.65291e-214 -6.24165e-218 1.36985e-218 -1.92273e-218 
-13.7704 0.333891 -0.00698911 -6.57447e-10 0.66633 -0.666328 -6.57447e-10 1.00167 1.00167 0.0209743 0.0209673 -2.25408e-212 8.50866e-216 -1.87169e-216 2.62553e-216 
-13.7667 0.333894 -0.00701483 -6.64748e-10 0.666328 -0.666326 -6.64748e-10 1.00168 1.00168 0.0210515 0.0210445 -4.60478e-212 1.73757e-215 -3.83107e-216 5.37077e-216 
-13.763 0.333897 -0.00704065 -6.7213e-10 0.666326 -0.666324 -6.7213e-10 1.00169 1.00169 0.021129 0.0211219 -5.83074e-212 2.19937e-215 -4.8605e-216 6.80975e-216 
-13.7593 0.3339 -0.00706656 -6.79593e-10 0.666325 -0.666323 -6.79593e-10 1.0017 1.0017 0.0212068 0.0211997 -4.72708e-212 1.78242e-215 -3.94819e-216 5.5282e-216 
-13.7556 0.333904 -0.00709257 -6.8714e-10 0.666323 -0.666321 -6.8714e-10 1.00171 1.00171 0.0212849 0.0212777 -8.89806e-214 3.35391e-217 -7.44645e-218 1.042e-217 
-13.7519 0.333907 -0.00711867 -6.9477e-10 0.666322 -0.66632 -6.9477e-10 1.00172 1.00172 0.0213633 0.021356 8.37481e-212 -3.15552e-215 7.0223e-216 -9.82051e-216 
-13.7483 0.33391 -0.00714487 -7.02485e-10 0.66632 -0.666318 -7.02485e-10 1.00173 1.00173 0.021442 0.0214346 1.71555e-211 -6.46158e-215 1.44132e-215 -2.01442e-215 
-13.7446 0.333913 -0.00717116 -7.10286e-10 0.666318 -0.666316 -7.10286e-10 1.00174 1.00174 0.021521 0.0215135 2.17566e-211 -8.19151e-215 1.83148e-215 -2.55814e-215 
-13.7409 0.333917 -0.00719755 -7.18173e-10 0.666317 -0.666315 -7.18173e-10 1.00175 1.00175 0.0216002 0.0215927 1.76815e-211 -6.65472e-215 1.49137e-215 -2.08181e-215 
-13.7372 0.33392 -0.00722404 -7.26147e-10 0.666315 -0.666313 -7.26147e-10 1.00176 1.00176 0.0216798 0.0216721 4.33656e-213 -1.63152e-216 3.66493e-217 -5.11278e-217 
-13.7335 0.333923 -0.00725062 -7.34211e-10 0.666313 -0.666311 -7.34211e-10 1.00177 1.00177 0.0217596 0.0217519 -3.11152e-211 1.17019e-214 -2.63482e-215 3.67347e-215 
-13.7298 0.333927 -0.0072773 -7.42363e-10 0.666312 -0.66631 -7.42363e-10 1.00178 1.00178 0.0218397 0.0218319 -6.3914e-211 2.40278e-214 -5.42293e-215 7.55602e-215 
-13.7262 0.33393 -0.00730408 -7.50607e-10 0.66631 -0.666308 -7.50607e-10 1.00179 1.00179 0.0219202 0.0219122 -8.11814e-211 3.05077e-214 -6.90169e-215 9.61055e-215 
-13.7225 0.333934 -0.00733096 -7.58941e-10 0.666309 -0.666306 -7.58941e-10 1.0018 1.0018 0.0220009 0.0219929 -6.6136e-211 2.48442e-214 -5.63377e-215 7.84017e-215 
-13.7188 0.333937 -0.00735794 -7.67368e-10 0.666307 -0.666305 -7.67368e-10 1.00181 1.00181 0.0220819 0.0220738 -1.99645e-212 7.49685e-216 -1.70405e-216 2.36997e-216 
-13.7151 0.333941 -0.00738501 -7.75889e-10 0.666305 -0.666303 -7.75889e-10 1.00182 1.00182 0.0221632 0.022155 1.15601e-210 -4.33924e-214 9.88667e-215 -1.37418e-214 
-13.7114 0.333944 -0.00741218 -7.84504e-10 0.666303 -0.666301 -7.84504e-10 1.00183 1.00183 0.0222448 0.0222366 2.38114e-210 -8.93447e-214 2.04052e-214 -2.83444e-214 
-13.7077 0.333948 -0.00743946 -7.93215e-10 0.666302 -0.6663 -7.93215e-10 1.00184 1.00184 0.0223267 0.0223184 3.02914e-210 -1.13615e-213 2.60101e-214 -3.6108e-214 
-13.704 0.333951 -0.00746683 -8.02023e-10 0.6663 -0.666298 -8.02023e-10 1.00185 1.00185 0.0224089 0.0224005 2.47371e-210 -9.2746e-214 2.12834e-214 -2.95281e-214 
-13.7004 0.333955 -0.0074943 -8.10928e-10 0.666298 -0.666296 -8.10928e-10 1.00186 1.00186 0.0224915 0.0224829 8.85774e-212 -3.3197e-215 7.63635e-216 -1.0588e-215 
-13.6967 0.333958 -0.00752188 -8.19933e-10 0.666297 -0.666294 -8.19933e-10 1.00188 1.00188 0.0225743 0.0225656 -4.29479e-210 1.60896e-213 -3.71002e-214 5.14087e-214 
-13.693 0.333962 -0.00754955 -8.29037e-10 0.666295 -0.666293 -8.29037e-10 1.00189 1.00189 0.0226574 0.0226487 -8.87096e-210 3.32203e-213 -7.67855e-214 1.06334e-213 
-13.6893 0.333966 -0.00757733 -8.38242e-10 0.666293 -0.666291 -8.38242e-10 1.0019 1.0019 0.0227408 0.022732 -1.13026e-209 4.23096e-213 -9.80306e-214 1.35672e-213 
-13.6856 0.333969 -0.00760521 -8.47549e-10 0.666291 -0.666289 -8.47549e-10 1.00191 1.00191 0.0228246 0.0228156 -9.25238e-210 3.46211e-213 -8.04106e-214 1.11217e-213 
-13.6819 0.333973 -0.00763319 -8.5696e-10 0.66629 -0.666287 -8.5696e-10 1.00192 1.00192 0.0229086 0.0228996 -3.82934e-211 1.43231e-214 -3.33473e-215 4.6095e-215 
-13.6782 0.333977 -0.00766127 -8.66475e-10 0.666288 -0.666286 -8.66475e-10 1.00193 1.00193 0.0229929 0.0229838 1.59556e-209 -5.96556e-213 1.39229e-213 -1.92334e-213 
-13.6746 0.33398 -0.00768946 -8.76095e-10 0.666286 -0.666284 -8.76095e-10 1.00194 1.00194 0.0230776 0.0230684 3.30486e-209 -1.23514e-212 2.88968e-213 -3.98941e-213 
-13.6709 0.333984 -0.00771775 -8.85823e-10 0.666284 -0.666282 -8.85823e-10 1.00195 1.00195 0.0231626 0.0231532 4.21731e-209 -1.57551e-212 3.695e-213 -5.09807e-213 
-13.6672 0.333988 -0.00774614 -8.95658e-10 0.666282 -0.66628 -8.95658e-10 1.00196 1.00196 0.0232479 0.0232384 3.46059e-209 -1.29229e-212 3.03817e-213 -4.18925e-213 
-13.6635 0.333992 -0.00777464 -9.05603e-10 0.666281 -0.666278 -9.05603e-10 1.00198 1.00198 0.0233334 0.0233239 1.62398e-210 -6.06197e-214 1.42866e-214 -1.96873e-214 
-13.6598 0.333996 -0.00780324 -9.15658e-10 0.666279 -0.666277 -9.15658e-10 1.00199 1.00199 0.0234194 0.0234097 -5.92756e-209 2.21172e-212 -5.22528e-213 7.19612e-213 
-13.6561 0.334 -0.00783194 -9.25824e-10 0.666277 -0.666275 -9.25824e-10 1.002 1.002 0.0235056 0.0234958 -1.23121e-208 4.59206e-212 -1.08756e-212 1.49684e-212 
-13.6525 0.334003 -0.00786075 -9.36103e-10 0.666275 -0.666273 -9.36103e-10 1.00201 1.00201 0.0235921 0.0235823 -1.57358e-208 5.86656e-212 -1.39284e-212 1.91582e-212 
-13.6488 0.334007 -0.00788967 -9.46497e-10 0.666273 -0.666271 -9.46497e-10 1.00202 1.00202 0.023679 0.023669 -1.29432e-208 4.8234e-212 -1.148e-212 1.57807e-212 
-13.6451 0.334011 -0.00791869 -9.57005e-10 0.666271 -0.666269 -9.57005e-10 1.00203 1.00203 0.0237662 0.0237561 -6.78596e-210 2.5278e-213 -6.0312e-214 8.28559e-214 
-13.6414 0.334015 -0.00794782 -9.67631e-10 0.66627 -0.666267 -9.67631e-10 1.00205 1.00205 0.0238537 0.0238435 2.20207e-208 -8.19936e-212 1.96117e-212 -2.69257e-212 
-13.6377 0.334019 -0.00797706 -9.78374e-10 0.666268 -0.666265 -9.78374e-10 1.00206 1.00206 0.0239415 0.0239312 4.5868e-208 -1.70717e-211 4.09346e-212 -5.61661e-212 
-13.634 0.334023 -0.0080064 -9.89236e-10 0.666266 -0.666264 -9.89236e-10 1.00207 1.00207 0.0240296 0.0240192 5.87139e-208 -2.18436e-211 5.25071e-212 -7.20002e-212 
-13.6303 0.334027 -0.00803585 -1.00022e-09 0.666264 -0.666262 -1.00022e-09 1.00208 1.00208 0.0241181 0.0241075 4.84086e-208 -1.8002e-211 4.33807e-212 -5.94491e-212 
-13.6267 0.334031 -0.00806541 -1.01132e-09 0.666262 -0.66626 -1.01132e-09 1.00209 1.00209 0.0242069 0.0241962 2.80243e-209 -1.04171e-212 2.51657e-213 -3.44658e-213 
-13.623 0.334035 -0.00809507 -1.02255e-09 0.66626 -0.666258 -1.02255e-09 1.00211 1.00211 0.024296 0.0242852 -8.18042e-208 3.0395e-211 -7.36121e-212 1.00754e-211 
-13.6193 0.334039 -0.00812485 -1.0339e-09 0.666258 -0.666256 -1.0339e-09 1.00212 1.00212 0.0243854 0.0243745 -1.70877e-207 6.34634e-211 -1.54085e-211 2.10768e-211 
-13.6156 0.334044 -0.00815473 -1.04538e-09 0.666256 -0.666254 -1.04538e-09 1.00213 1.00213 0.0244752 0.0244642 -2.19073e-207 8.13282e-211 -1.97956e-211 2.70611e-211 
-13.6119 0.334048 -0.00818472 -1.05699e-09 0.666254 -0.666252 -1.05699e-09 1.00214 1.00214 0.0245653 0.0245542 -1.8105e-207 6.71833e-211 -1.63939e-211 2.2397e-211 
-13.6082 0.334052 -0.00821483 -1.06872e-09 0.666252 -0.66625 -1.06872e-09 1.00216 1.00216 0.0246557 0.0246445 -1.14632e-208 4.25185e-212 -1.04015e-212 1.42015e-212 
-13.6046 0.334056 -0.00824504 -1.08059e-09 0.66625 -0.666248 -1.08059e-09 1.00217 1.00217 0.0247465 0.0247351 3.03887e-207 -1.12667e-210 2.76318e-211 -3.77035e-211 
-13.6009 0.33406 -0.00827536 -1.09259e-09 0.666248 -0.666246 -1.09259e-09 1.00218 1.00218 0.0248376 0.0248261 6.36582e-207 -2.3591e-210 5.80042e-211 -7.90979e-211 
-13.5972 0.334065 -0.0083058 -1.10472e-09 0.666246 -0.666244 -1.10472e-09 1.00219 1.00219 0.024929 0.0249174 8.17401e-207 -3.02786e-210 7.46364e-211 -1.01716e-210 
-13.5935 0.334069 -0.00833634 -1.11698e-09 0.666244 -0.666242 -1.11698e-09 1.00221 1.00221 0.0250208 0.025009 6.77122e-207 -2.50712e-210 6.19575e-211 -8.43845e-211 
-13.5898 0.334073 -0.008367 -1.12938e-09 0.666242 -0.66624 -1.12938e-09 1.00222 1.00222 0.0251129 0.025101 4.65189e-208 -1.72164e-211 4.26549e-212 -5.80591e-212 
-13.5861 0.334078 -0.00839777 -1.14192e-09 0.66624 -0.666238 -1.14192e-09 1.00223 1.00223 0.0252053 0.0251933 -1.12886e-206 4.17599e-210 -1.03728e-210 1.411e-210 
-13.5824 0.334082 -0.00842865 -1.1546e-09 0.666238 -0.666236 -1.1546e-09 1.00225 1.00225 0.0252981 0.025286 -2.37149e-206 8.76893e-210 -2.1837e-210 2.96864e-210 
-13.5788 0.334086 -0.00845965 -1.16741e-09 0.666236 -0.666234 -1.16741e-09 1.00226 1.00226 0.0253912 0.0253789 -3.04985e-206 1.12722e-209 -2.81427e-210 3.82351e-210 
-13.5751 0.334091 -0.00849076 -1.18037e-09 0.666234 -0.666232 -1.18037e-09 1.00227 1.00227 0.0254847 0.0254723 -2.53238e-206 9.35534e-210 -2.34172e-210 3.17953e-210 
-13.5714 0.334095 -0.00852198 -1.19348e-09 0.666232 -0.66623 -1.19348e-09 1.00229 1.00229 0.0255785 0.0255659 -1.87521e-207 6.92441e-211 -1.7377e-211 2.35795e-211 
-13.5677 0.3341 -0.00855331 -1.20673e-09 0.66623 -0.666228 -1.20673e-09 1.0023 1.0023 0.0256726 0.0256599 4.19332e-206 -1.54772e-209 3.89409e-210 -5.28078e-210 
-13.564 0.334104 -0.00858477 -1.22012e-09 0.666228 -0.666226 -1.22012e-09 1.00231 1.00231 0.0257671 0.0257543 8.83459e-206 -3.25929e-209 8.22161e-210 -1.11425e-209 
-13.5603 0.334109 -0.00861633 -1.23367e-09 0.666226 -0.666223 -1.23367e-09 1.00233 1.00233 0.025862 0.025849 1.13794e-205 -4.19618e-209 1.06124e-209 -1.43737e-209 
-13.5566 0.334114 -0.00864801 -1.24736e-09 0.666224 -0.666221 -1.24736e-09 1.00234 1.00234 0.0259572 0.025944 9.47071e-206 -3.49074e-209 8.85121e-210 -1.19809e-209 
-13.553 0.334118 -0.00867981 -1.26121e-09 0.666222 -0.666219 -1.26121e-09 1.00235 1.00235 0.0260527 0.0260394 7.51602e-207 -2.76898e-210 7.03938e-211 -9.52257e-211 
-13.5493 0.334123 -0.00871173 -1.27521e-09 0.666219 -0.666217 -1.27521e-09 1.00237 1.00237 0.0261486 0.0261352 -1.55764e-205 5.73584e-209 -1.46199e-209 1.97649e-209 
-13.5456 0.334127 -0.00874376 -1.28937e-09 0.666217 -0.666215 -1.28937e-09 1.00238 1.00238 0.0262448 0.0262313 -3.29115e-205 1.21136e-208 -3.09566e-209 4.1825e-209 
-13.5419 0.334132 -0.0087759 -1.30368e-09 0.666215 -0.666213 -1.30368e-09 1.0024 1.0024 0.0263414 0.0263277 -4.24577e-205 1.56199e-208 -4.00214e-209 5.4039e-209 
-13.5382 0.334137 -0.00880817 -1.31815e-09 0.666213 -0.666211 -1.31815e-09 1.00241 1.00241 0.0264384 0.0264245 -3.54185e-205 1.3024e-208 -3.34579e-209 4.51488e-209 
-13.5345 0.334142 -0.00884055 -1.33278e-09 0.666211 -0.666208 -1.33278e-09 1.00243 1.00242 0.0265357 0.0265217 -2.99766e-206 1.10177e-209 -2.83782e-210 3.82704e-210 
-13.5309 0.334146 -0.00887305 -1.34758e-09 0.666209 -0.666206 -1.34758e-09 1.00244 1.00244 0.0266333 0.0266192 5.78586e-205 -2.12554e-208 5.48916e-209 -7.39804e-209 
-13.5272 0.334151 -0.00890567 -1.36254e-09 0.666206 -0.666204 -1.36254e-09 1.00245 1.00245 0.0267314 0.026717 1.22605e-204 -4.50194e-208 1.16568e-208 -1.57009e-208 
-13.5235 0.334156 -0.00893841 -1.37766e-09 0.666204 -0.666202 -1.37766e-09 1.00247 1.00247 0.0268297 0.0268152 1.58413e-204 -5.814e-208 1.5094e-208 -2.03179e-208 
-13.5198 0.334161 -0.00897127 -1.39295e-09 0.666202 -0.666199 -1.39295e-09 1.00248 1.00248 0.0269285 0.0269138 1.32456e-204 -4.85898e-208 1.2648e-208 -1.70149e-208 
-13.5161 0.334166 -0.00900425 -1.40842e-09 0.6662 -0.666197 -1.40842e-09 1.0025 1.0025 0.0270276 0.0270128 1.19043e-205 -4.36483e-209 1.13919e-209 -1.53156e-209 
-13.5124 0.334171 -0.00903735 -1.42405e-09 0.666197 -0.666195 -1.42405e-09 1.00251 1.00251 0.027127 0.0271121 -2.14911e-204 7.87608e-208 -2.06108e-208 2.76926e-208 
-13.5087 0.334176 -0.00907058 -1.43986e-09 0.666195 -0.666193 -1.43986e-09 1.00253 1.00253 0.0272269 0.0272117 -4.56732e-204 1.67302e-207 -4.38975e-208 5.89443e-208 
-13.5051 0.334181 -0.00910392 -1.45584e-09 0.666193 -0.66619 -1.45584e-09 1.00254 1.00254 0.0273271 0.0273118 -5.91049e-204 2.16395e-207 -5.69307e-208 7.63977e-208 
-13.5014 0.334186 -0.00913738 -1.472e-09 0.666191 -0.666188 -1.472e-09 1.00256 1.00256 0.0274276 0.0274121 -4.95342e-204 1.81266e-207 -4.78162e-208 6.4127e-208 
-13.4977 0.334191 -0.00917097 -1.48834e-09 0.666188 -0.666186 -1.48834e-09 1.00257 1.00257 0.0275286 0.0275129 -4.70954e-205 1.72255e-208 -4.55613e-209 6.10652e-209 
-13.494 0.334196 -0.00920468 -1.50486e-09 0.666186 -0.666183 -1.50486e-09 1.00259 1.00259 0.0276299 0.027614 7.98253e-204 -2.91822e-207 7.7394e-208 -1.03666e-207 
-13.4903 0.334201 -0.00923851 -1.52156e-09 0.666184 -0.666181 -1.52156e-09 1.0026 1.0026 0.0277315 0.0277155 1.70143e-203 -6.21691e-207 1.65322e-207 -2.21306e-207 
-13.4866 0.334206 -0.00927247 -1.53845e-09 0.666181 -0.666179 -1.53845e-09 1.00262 1.00262 0.0278336 0.0278174 2.20522e-203 -8.05368e-207 2.14744e-207 -2.87286e-207 
-13.483 0.334212 -0.00930655 -1.55553e-09 0.666179 -0.666176 -1.55553e-09 1.00264 1.00263 0.027936 0.0279196 1.85239e-203 -6.76169e-207 1.80782e-207 -2.41702e-207 
-13.4793 0.334217 -0.00934075 -1.57279e-09 0.666177 -0.666174 -1.57279e-09 1.00265 1.00265 0.0280388 0.0280223 1.85691e-204 -6.77474e-208 1.81621e-208 -2.42675e-208 
-13.4756 0.334222 -0.00937508 -1.59025e-09 0.666174 -0.666172 -1.59025e-09 1.00267 1.00267 0.028142 0.0281253 -2.96492e-203 1.08117e-206 -2.90633e-207 3.88093e-207 
-13.4719 0.334227 -0.00940954 -1.6079e-09 0.666172 -0.666169 -1.6079e-09 1.00268 1.00268 0.0282455 0.0282286 -6.33816e-203 2.31005e-206 -6.22662e-207 8.30951e-207 
-13.4682 0.334233 -0.00944412 -1.62575e-09 0.666169 -0.666167 -1.62575e-09 1.0027 1.0027 0.0283495 0.0283324 -8.22771e-203 2.99719e-206 -8.10078e-207 1.08039e-206 
-13.4645 0.334238 -0.00947883 -1.64379e-09 0.666167 -0.666164 -1.64379e-09 1.00272 1.00271 0.0284538 0.0284365 -6.92713e-203 2.52211e-206 -6.83535e-207 9.11063e-207 
-13.4608 0.334244 -0.00951366 -1.66204e-09 0.666165 -0.666162 -1.66204e-09 1.00273 1.00273 0.0285585 0.028541 -7.29954e-204 2.65633e-207 -7.2188e-208 9.61578e-208 
-13.4572 0.334249 -0.00954863 -1.68048e-09 0.666162 -0.666159 -1.68048e-09 1.00275 1.00275 0.0286636 0.0286459 1.10123e-202 -4.00531e-206 1.09146e-206 -1.45298e-206 
-13.4535 0.334255 -0.00958371 -1.69914e-09 0.66616 -0.666157 -1.69914e-09 1.00276 1.00276 0.028769 0.0287511 2.36107e-202 -8.58305e-206 2.34534e-206 -3.12025e-206 
-13.4498 0.33426 -0.00961893 -1.71799e-09 0.666157 -0.666155 -1.71799e-09 1.00278 1.00278 0.0288749 0.0288568 3.06975e-202 -1.11534e-205 3.05608e-206 -4.06332e-206 
-13.4461 0.334266 -0.00965428 -1.73706e-09 0.666155 -0.666152 -1.73706e-09 1.0028 1.0028 0.0289811 0.0289628 2.5904e-202 -9.4068e-206 2.58461e-206 -3.43435e-206 
-13.4424 0.334271 -0.00968975 -1.75634e-09 0.666152 -0.66615 -1.75634e-09 1.00281 1.00281 0.0290877 0.0290693 2.86172e-203 -1.03866e-206 2.86169e-207 -3.80019e-207 
-13.4387 0.334277 -0.00972536 -1.77583e-09 0.66615 -0.666147 -1.77583e-09 1.00283 1.00283 0.0291948 0.0291761 -4.09006e-202 1.48369e-205 -4.09916e-206 5.44014e-206 
-13.435 0.334283 -0.00976109 -1.79554e-09 0.666147 -0.666144 -1.79554e-09 1.00285 1.00285 0.0293022 0.0292833 -8.79533e-202 3.18884e-205 -8.83463e-206 1.17175e-205 
-13.4314 0.334288 -0.00979696 -1.81547e-09 0.666145 -0.666142 -1.81547e-09 1.00287 1.00286 0.02941 0.0293909 -1.14531e-201 4.15023e-205 -1.15301e-205 1.52831e-205 
-13.4277 0.334294 -0.00983296 -1.83562e-09 0.666142 -0.666139 -1.83562e-09 1.00288 1.00288 0.0295182 0.0294989 -9.68667e-202 3.50823e-205 -9.77363e-206 1.2947e-205 
-13.424 0.3343 -0.00986908 -1.85599e-09 0.66614 -0.666137 -1.85599e-09 1.0029 1.0029 0.0296268 0.0296072 -1.11917e-202 4.05113e-206 -1.13176e-206 1.4983e-206 
-13.4203 0.334306 -0.00990534 -1.87659e-09 0.666137 -0.666134 -1.87659e-09 1.00292 1.00292 0.0297358 0.029716 1.51905e-201 -5.4956e-205 1.53959e-205 -2.03697e-205 
-13.4166 0.334312 -0.00994173 -1.89742e-09 0.666134 -0.666132 -1.89742e-09 1.00294 1.00293 0.0298452 0.0298252 3.27636e-201 -1.18467e-204 3.32814e-205 -4.40062e-205 
-13.4129 0.334317 -0.00997826 -1.91847e-09 0.666132 -0.666129 -1.91847e-09 1.00295 1.00295 0.029955 0.0299348 4.27309e-201 -1.54422e-204 4.35042e-205 -5.74879e-205 
-13.4093 0.334323 -0.0100149 -1.93977e-09 0.666129 -0.666126 -1.93977e-09 1.00297 1.00297 0.0300652 0.0300448 3.62222e-201 -1.30828e-204 3.6961e-205 -4.88115e-205 
-13.4056 0.334329 -0.0100517 -1.96129e-09 0.666127 -0.666124 -1.96129e-09 1.00299 1.00299 0.0301758 0.0301551 4.36722e-202 -1.57649e-205 4.46638e-206 -5.89477e-206 
-13.4019 0.334335 -0.0100886 -1.98306e-09 0.666124 -0.666121 -1.98306e-09 1.00301 1.00301 0.0302868 0.0302659 -5.64167e-201 2.03541e-204 -5.78284e-205 7.62756e-205 
-13.3982 0.334341 -0.0101257 -2.00507e-09 0.666121 -0.666118 -2.00507e-09 1.00302 1.00302 0.0303982 0.0303771 -1.22047e-200 4.40078e-204 -1.25385e-204 1.65281e-204 
-13.3945 0.334348 -0.0101629 -2.02732e-09 0.666119 -0.666116 -2.02732e-09 1.00304 1.00304 0.03051 0.0304887 -1.59426e-200 5.74534e-204 -1.64158e-204 2.16258e-204 
-13.3908 0.334354 -0.0102002 -2.04982e-09 0.666116 -0.666113 -2.04982e-09 1.00306 1.00306 0.0306222 0.0306007 -1.35447e-200 4.87845e-204 -1.39785e-204 1.84037e-204 
-13.3871 0.33436 -0.0102377 -2.07256e-09 0.666113 -0.66611 -2.07256e-09 1.00308 1.00308 0.0307349 0.0307131 -1.70072e-201 6.1221e-205 -1.75919e-205 2.31468e-205 
-13.3835 0.334366 -0.0102753 -2.09556e-09 0.66611 -0.666107 -2.09556e-09 1.0031 1.0031 0.0308479 0.0308259 2.09523e-200 -7.53793e-204 2.1722e-204 -2.85635e-204 
-13.3798 0.334372 -0.010313 -2.11882e-09 0.666108 -0.666105 -2.11882e-09 1.00312 1.00312 0.0309614 0.0309391 4.54634e-200 -1.63468e-203 4.72412e-204 -6.20821e-204 
-13.3761 0.334379 -0.0103509 -2.14233e-09 0.666105 -0.666102 -2.14233e-09 1.00314 1.00314 0.0310753 0.0310528 5.948e-200 -2.13744e-203 6.19472e-204 -8.13581e-204 
-13.3724 0.334385 -0.0103889 -2.1661e-09 0.666102 -0.666099 -2.1661e-09 1.00316 1.00315 0.0311896 0.0311668 5.06474e-200 -1.81898e-203 5.2869e-204 -6.93928e-204 
-13.3687 0.334391 -0.0104271 -2.19014e-09 0.666099 -0.666096 -2.19014e-09 1.00317 1.00317 0.0313043 0.0312813 6.61086e-201 -2.37289e-204 6.91666e-205 -9.07285e-205 
-13.365 0.334398 -0.0104654 -2.21444e-09 0.666097 -0.666094 -2.21444e-09 1.00319 1.00319 0.0314195 0.0313962 -7.7812e-200 2.79135e-203 -8.15984e-204 1.0697e-203 
-13.3613 0.334404 -0.0105038 -2.23902e-09 0.666094 -0.666091 -2.23902e-09 1.00321 1.00321 0.031535 0.0315115 -1.69353e-199 6.07165e-203 -1.78002e-203 2.33206e-203 
-13.3577 0.334411 -0.0105424 -2.26386e-09 0.666091 -0.666088 -2.26386e-09 1.00323 1.00323 0.031651 0.0316272 -2.21912e-199 7.95134e-203 -2.33783e-203 3.06099e-203 
-13.354 0.334417 -0.0105811 -2.28898e-09 0.666088 -0.666085 -2.28898e-09 1.00325 1.00325 0.0317674 0.0317434 -1.89382e-199 6.78174e-203 -1.99972e-203 2.6167e-203 
-13.3503 0.334424 -0.01062 -2.31438e-09 0.666085 -0.666082 -2.31438e-09 1.00327 1.00327 0.0318843 0.0318599 -2.56532e-200 9.18096e-204 -2.71503e-204 3.55053e-204 
-13.3466 0.33443 -0.010659 -2.34007e-09 0.666082 -0.666079 -2.34007e-09 1.00329 1.00329 0.0320015 0.0319769 2.88969e-199 -1.03357e-202 3.0654e-203 -4.00626e-203 
-13.3429 0.334437 -0.0106981 -2.36603e-09 0.666079 -0.666076 -2.36603e-09 1.00331 1.00331 0.0321192 0.0320943 6.30841e-199 -2.25501e-202 6.70747e-203 -8.76085e-203 
-13.3392 0.334444 -0.0107374 -2.39229e-09 0.666076 -0.666073 -2.39229e-09 1.00333 1.00333 0.0322374 0.0322122 8.2792e-199 -2.95771e-202 8.82334e-203 -1.15174e-202 
-13.3356 0.334451 -0.0107768 -2.41883e-09 0.666074 -0.66607 -2.41883e-09 1.00335 1.00335 0.0323559 0.0323305 7.0813e-199 -2.52824e-202 7.56422e-203 -9.86782e-203 
-13.3319 0.334457 -0.0108164 -2.44567e-09 0.666071 -0.666067 -2.44567e-09 1.00337 1.00337 0.0324749 0.0324492 9.93904e-200 -3.54639e-203 1.06415e-203 -1.38738e-203 
-13.3282 0.334464 -0.0108561 -2.47281e-09 0.666068 -0.666065 -2.47281e-09 1.00339 1.00339 0.0325943 0.0325683 -1.07311e-198 3.8267e-202 -1.15163e-202 1.50052e-202 
-13.3245 0.334471 -0.010896 -2.50024e-09 0.666065 -0.666062 -2.50024e-09 1.00341 1.00341 0.0327142 0.0326879 -2.34987e-198 8.37446e-202 -2.52768e-202 3.29143e-202 
-13.3208 0.334478 -0.010936 -2.52799e-09 0.666062 -0.666059 -2.52799e-09 1.00344 1.00343 0.0328345 0.0328079 -3.08883e-198 1.10012e-201 -3.3303e-202 4.33392e-202 
-13.3171 0.334485 -0.0109761 -2.55604e-09 0.666059 -0.666055 -2.55604e-09 1.00346 1.00346 0.0329553 0.0329284 -2.64778e-198 9.42453e-202 -2.86144e-202 3.7215e-202 
-13.3134 0.334492 -0.0110164 -2.5844e-09 0.666056 -0.666052 -2.5844e-09 1.00348 1.00348 0.0330765 0.0330493 -3.84517e-199 1.36781e-202 -4.16518e-203 5.41379e-203 
-13.3098 0.334499 -0.0110569 -2.61307e-09 0.666053 -0.666049 -2.61307e-09 1.0035 1.0035 0.0331981 0.0331706 3.98502e-198 -1.41668e-201 4.32678e-202 -5.62041e-202 
-13.3061 0.334506 -0.0110975 -2.64206e-09 0.666049 -0.666046 -2.64206e-09 1.00352 1.00352 0.0333202 0.0332924 8.75316e-198 -3.1098e-201 9.5261e-202 -1.23667e-201 
-13.3024 0.334514 -0.0111382 -2.67138e-09 0.666046 -0.666043 -2.67138e-09 1.00354 1.00354 0.0334427 0.0334146 1.15238e-197 -4.09158e-201 1.25708e-201 -1.63095e-201 
-13.2987 0.334521 -0.0111791 -2.70102e-09 0.666043 -0.66604 -2.70102e-09 1.00356 1.00356 0.0335657 0.0335373 9.90019e-198 -3.51289e-201 1.08251e-201 -1.4036e-201 
-13.295 0.334528 -0.0112201 -2.73099e-09 0.66604 -0.666037 -2.73099e-09 1.00359 1.00358 0.0336891 0.0336604 1.4856e-198 -5.26802e-202 1.62821e-202 -2.10988e-202 
-13.2913 0.334535 -0.0112613 -2.76129e-09 0.666037 -0.666034 -2.76129e-09 1.00361 1.00361 0.033813 0.0337839 -1.47981e-197 5.24416e-201 -1.62569e-201 2.10533e-201 
-13.2877 0.334543 -0.0113026 -2.79192e-09 0.666034 -0.666031 -2.79192e-09 1.00363 1.00363 0.0339373 0.0339079 -3.26049e-197 1.15471e-200 -3.59035e-201 4.64683e-201 
-13.284 0.33455 -0.0113441 -2.8229e-09 0.666031 -0.666028 -2.8229e-09 1.00365 1.00365 0.0340621 0.0340324 -4.29927e-197 1.52163e-200 -4.74542e-201 6.13805e-201 
-13.2803 0.334558 -0.0113858 -2.85421e-09 0.666028 -0.666024 -2.85421e-09 1.00367 1.00367 0.0341873 0.0341573 -3.70168e-197 1.30928e-200 -4.09548e-201 5.29416e-201 
-13.2766 0.334565 -0.0114276 -2.88588e-09 0.666024 -0.666021 -2.88588e-09 1.0037 1.0037 0.034313 0.0342827 -5.73247e-198 2.02625e-201 -6.35732e-202 8.21303e-202 
-13.2729 0.334573 -0.0114695 -2.9179e-09 0.666021 -0.666018 -2.9179e-09 1.00372 1.00372 0.0344392 0.0344085 5.49503e-197 -1.94106e-200 6.10845e-201 -7.88673e-201 
-13.2692 0.33458 -0.0115116 -2.95027e-09 0.666018 -0.666015 -2.95027e-09 1.00374 1.00374 0.0345658 0.0345348 1.2145e-196 -4.28728e-200 1.35328e-200 -1.74619e-200 
-13.2655 0.334588 -0.0115538 -2.983e-09 0.666015 -0.666011 -2.983e-09 1.00377 1.00376 0.0346929 0.0346615 1.60395e-196 -5.65837e-200 1.79149e-200 -2.31022e-200 
-13.2619 0.334596 -0.0115962 -3.01609e-09 0.666011 -0.666008 -3.01609e-09 1.00379 1.00379 0.0348204 0.0347887 1.38404e-196 -4.87935e-200 1.54954e-200 -1.99701e-200 
-13.2582 0.334604 -0.0116388 -3.04955e-09 0.666008 -0.666005 -3.04955e-09 1.00381 1.00381 0.0349485 0.0349164 2.2094e-197 -7.78394e-201 2.47949e-201 -3.19357e-201 
-13.2545 0.334611 -0.0116815 -3.08338e-09 0.666005 -0.666001 -3.08338e-09 1.00383 1.00383 0.035077 0.0350445 -2.04044e-196 7.1839e-200 -2.29534e-200 2.9546e-200 
-13.2508 0.334619 -0.0117244 -3.11759e-09 0.666001 -0.665998 -3.11759e-09 1.00386 1.00386 0.0352059 0.0351731 -4.52385e-196 1.59167e-199 -5.10114e-200 6.56231e-200 
-13.2471 0.334627 -0.0117674 -3.15218e-09 0.665998 -0.665995 -3.15218e-09 1.00388 1.00388 0.0353353 0.0353022 -5.98392e-196 2.10397e-199 -6.76366e-200 8.69578e-200 
-13.2434 0.334635 -0.0118106 -3.18714e-09 0.665995 -0.665991 -3.18714e-09 1.00391 1.00391 0.0354652 0.0354317 -5.17478e-196 1.81825e-199 -5.8631e-200 7.53341e-200 
-13.2397 0.334643 -0.0118539 -3.2225e-09 0.665991 -0.665988 -3.2225e-09 1.00393 1.00393 0.0355956 0.0355617 -8.50611e-197 2.98674e-200 -9.66063e-201 1.24053e-200 
-13.2361 0.334651 -0.0118974 -3.25825e-09 0.665988 -0.665984 -3.25825e-09 1.00395 1.00395 0.0357265 0.0356922 7.57649e-196 -2.65851e-199 8.62549e-200 -1.10694e-199 
-13.2324 0.334659 -0.0119411 -3.29439e-09 0.665984 -0.665981 -3.29439e-09 1.00398 1.00398 0.0358578 0.0358232 1.68507e-195 -5.90867e-199 1.92298e-199 -2.46635e-199 
-13.2287 0.334668 -0.0119849 -3.33094e-09 0.665981 -0.665978 -3.33094e-09 1.004 1.004 0.0359896 0.0359546 2.23242e-195 -7.8226e-199 2.55375e-199 -3.27338e-199 
-13.225 0.334676 -0.0120288 -3.36789e-09 0.665978 -0.665974 -3.36789e-09 1.00403 1.00403 0.0361219 0.0360865 1.93477e-195 -6.77491e-199 2.21859e-199 -2.84205e-199 
-13.2213 0.334684 -0.012073 -3.40525e-09 0.665974 -0.665971 -3.40525e-09 1.00405 1.00405 0.0362547 0.0362189 3.27147e-196 -1.14476e-199 3.76041e-200 -4.81427e-200 
-13.2176 0.334693 -0.0121173 -3.44302e-09 0.665971 -0.665967 -3.44302e-09 1.00408 1.00408 0.036388 0.0363518 -2.8132e-195 9.8372e-199 -3.24147e-199 4.1474e-199 
-13.214 0.334701 -0.0121617 -3.48121e-09 0.665967 -0.665964 -3.48121e-09 1.0041 1.0041 0.0365217 0.0364851 -6.27656e-195 2.19325e-198 -7.24955e-199 9.27008e-199 
-13.2103 0.334709 -0.0122063 -3.51983e-09 0.665963 -0.66596 -3.51983e-09 1.00413 1.00413 0.036656 0.036619 -8.32847e-195 2.90821e-198 -9.64282e-199 1.2323e-198 
-13.2066 0.334718 -0.0122511 -3.55887e-09 0.66596 -0.665956 -3.55887e-09 1.00415 1.00415 0.0367907 0.0367533 -7.2337e-195 2.52414e-198 -8.39558e-199 1.07226e-198 
-13.2029 0.334727 -0.012296 -3.59834e-09 0.665956 -0.665953 -3.59834e-09 1.00418 1.00418 0.0369259 0.0368881 -1.257e-195 4.38309e-199 -1.46244e-199 1.86668e-199 
-13.1992 0.334735 -0.0123411 -3.63826e-09 0.665953 -0.665949 -3.63826e-09 1.00421 1.00421 0.0370616 0.0370234 1.04454e-194 -3.63965e-198 1.2182e-198 -1.554e-198 
-13.1955 0.334744 -0.0123864 -3.67861e-09 0.665949 -0.665946 -3.67861e-09 1.00423 1.00423 0.0371979 0.0371592 2.33789e-194 -8.14044e-198 2.73322e-198 -3.48454e-198 
-13.1918 0.334753 -0.0124318 -3.71942e-09 0.665945 -0.665942 -3.71942e-09 1.00426 1.00426 0.0373346 0.0372955 3.10707e-194 -1.08109e-197 3.64131e-198 -4.63947e-198 
-13.1882 0.334761 -0.0124774 -3.76067e-09 0.665942 -0.665938 -3.76067e-09 1.00429 1.00428 0.0374718 0.0374323 2.70449e-194 -9.40335e-198 3.17724e-198 -4.04576e-198 
-13.1845 0.33477 -0.0125232 -3.80238e-09 0.665938 -0.665934 -3.80238e-09 1.00431 1.00431 0.0376095 0.0375696 4.82542e-195 -1.67655e-198 5.68274e-199 -7.23184e-199 
-13.1808 0.334779 -0.0125691 -3.84456e-09 0.665934 -0.665931 -3.84456e-09 1.00434 1.00434 0.0377477 0.0377073 -3.87825e-194 1.34648e-197 -4.57845e-198 5.82304e-198 
-13.1771 0.334788 -0.0126152 -3.8872e-09 0.665931 -0.665927 -3.8872e-09 1.00437 1.00436 0.0378865 0.0378456 -8.70808e-194 3.02112e-197 -1.03054e-197 1.3099e-197 
-13.1734 0.334797 -0.0126615 -3.93031e-09 0.665927 -0.665923 -3.93031e-09 1.00439 1.00439 0.0380257 0.0379844 -1.15914e-193 4.01847e-197 -1.37512e-197 1.74684e-197 
-13.1697 0.334806 -0.0127079 -3.9739e-09 0.665923 -0.665919 -3.9739e-09 1.00442 1.00442 0.0381654 0.0381237 -1.01112e-193 3.50275e-197 -1.20247e-197 1.52661e-197 
-13.1661 0.334816 -0.0127545 -4.01798e-09 0.665919 -0.665916 -4.01798e-09 1.00445 1.00445 0.0383057 0.0382635 -1.85082e-194 6.40687e-198 -2.20647e-198 2.79958e-198 
-13.1624 0.334825 -0.0128013 -4.06254e-09 0.665915 -0.665912 -4.06254e-09 1.00448 1.00447 0.0384465 0.0384038 1.43992e-193 -4.98075e-197 1.72083e-197 -2.18209e-197 
-13.1587 0.334834 -0.0128482 -4.10759e-09 0.665912 -0.665908 -4.10759e-09 1.0045 1.0045 0.0385878 0.0385446 3.24353e-193 -1.12111e-196 3.88583e-197 -4.9245e-197 
-13.155 0.334843 -0.0128953 -4.15315e-09 0.665908 -0.665904 -4.15315e-09 1.00453 1.00453 0.0387296 0.0386859 4.32429e-193 -1.49355e-196 5.19337e-197 -6.57763e-197 
-13.1513 0.334853 -0.0129426 -4.19921e-09 0.665904 -0.6659 -4.19921e-09 1.00456 1.00456 0.0388719 0.0388278 3.78022e-193 -1.30464e-196 4.55115e-197 -5.7608e-197 
-13.1476 0.334862 -0.01299 -4.24578e-09 0.6659 -0.665896 -4.24578e-09 1.00459 1.00459 0.0390147 0.0389701 7.09322e-194 -2.44617e-197 8.56087e-198 -1.08298e-197 
-13.1439 0.334872 -0.0130377 -4.29287e-09 0.665896 -0.665892 -4.29287e-09 1.00462 1.00462 0.0391581 0.039113 -5.34599e-193 1.84221e-196 -6.46807e-197 8.17751e-197 
-13.1403 0.334881 -0.0130855 -4.34047e-09 0.665892 -0.665888 -4.34047e-09 1.00465 1.00464 0.039302 0.0392564 -1.20812e-192 4.15995e-196 -1.46531e-196 1.85148e-196 
-13.1366 0.334891 -0.0131334 -4.38861e-09 0.665888 -0.665884 -4.38861e-09 1.00467 1.00467 0.0394464 0.0394003 -1.61322e-192 5.55055e-196 -1.96149e-196 2.47696e-196 
-13.1329 0.334901 -0.0131816 -4.43728e-09 0.665884 -0.66588 -4.43728e-09 1.0047 1.0047 0.0395913 0.0395447 -1.41327e-192 4.85881e-196 -1.72264e-196 2.17404e-196 
-13.1292 0.334911 -0.0132299 -4.48649e-09 0.66588 -0.665876 -4.48649e-09 1.00473 1.00473 0.0397368 0.0396896 -2.71638e-193 9.33165e-197 -3.31923e-197 4.18653e-197 
-13.1255 0.334921 -0.0132784 -4.53624e-09 0.665876 -0.665872 -4.53624e-09 1.00476 1.00476 0.0398828 0.0398351 1.98476e-192 -6.81296e-196 2.43126e-196 -3.06473e-196 
-13.1218 0.334931 -0.013327 -4.58654e-09 0.665872 -0.665868 -4.58654e-09 1.00479 1.00479 0.0400293 0.0399811 4.49986e-192 -1.54342e-195 5.52588e-196 -6.96154e-196 
-13.1181 0.334941 -0.0133759 -4.6374e-09 0.665868 -0.665864 -4.6374e-09 1.00482 1.00482 0.0401764 0.0401277 6.01822e-192 -2.06258e-195 7.40886e-196 -9.32822e-196 
-13.1145 0.334951 -0.0134249 -4.68883e-09 0.665864 -0.66586 -4.68883e-09 1.00485 1.00485 0.040324 0.0402747 5.28354e-192 -1.80935e-195 6.52063e-196 -8.20504e-196 
-13.1108 0.334961 -0.0134741 -4.74082e-09 0.66586 -0.665856 -4.74082e-09 1.00488 1.00488 0.0404721 0.0404223 1.0395e-192 -3.55694e-196 1.28609e-196 -1.61736e-196 
-13.1071 0.334971 -0.0135235 -4.79339e-09 0.665855 -0.665852 -4.79339e-09 1.00491 1.00491 0.0406208 0.0405705 -7.36846e-192 2.5193e-195 -9.13919e-196 1.14865e-195 
-13.1034 0.334981 -0.013573 -4.84654e-09 0.665851 -0.665847 -4.84654e-09 1.00495 1.00494 0.04077 0.0407191 -1.67604e-191 5.72582e-195 -2.08401e-195 2.61773e-195 
-13.0997 0.334992 -0.0136228 -4.90029e-09 0.665847 -0.665843 -4.90029e-09 1.00498 1.00497 0.0409198 0.0408684 -2.24512e-191 7.66377e-195 -2.79861e-195 3.51327e-195 
-13.096 0.335002 -0.0136727 -4.95462e-09 0.665843 -0.665839 -4.95462e-09 1.00501 1.00501 0.0410701 0.0410181 -1.97524e-191 6.73704e-195 -2.46836e-195 3.09687e-195 
-13.0924 0.335012 -0.0137228 -5.00956e-09 0.665839 -0.665835 -5.00956e-09 1.00504 1.00504 0.041221 0.0411684 -3.97523e-192 1.35474e-195 -4.98012e-196 6.24451e-196 
-13.0887 0.335023 -0.0137731 -5.06511e-09 0.665834 -0.66583 -5.06511e-09 1.00507 1.00507 0.0413724 0.0413192 2.73549e-191 -9.31477e-195 3.43559e-195 -4.30532e-195 
-13.085 0.335034 -0.0138235 -5.12127e-09 0.66583 -0.665826 -5.12127e-09 1.0051 1.0051 0.0415244 0.0414706 6.24262e-191 -2.12396e-194 7.86004e-195 -9.84405e-195 
-13.0813 0.335044 -0.0138742 -5.17805e-09 0.665826 -0.665822 -5.17805e-09 1.00513 1.00513 0.041677 0.0416226 8.37549e-191 -2.84728e-194 1.05721e-194 -1.32329e-194 
-13.0776 0.335055 -0.013925 -5.23546e-09 0.665821 -0.665817 -5.23546e-09 1.00517 1.00517 0.04183 0.0417751 7.38429e-191 -2.50823e-194 9.34442e-195 -1.16894e-194 
-13.0739 0.335066 -0.013976 -5.29351e-09 0.665817 -0.665813 -5.29351e-09 1.0052 1.0052 0.0419837 0.0419281 1.51921e-191 -5.15598e-195 1.92732e-195 -2.40958e-195 
-13.0702 0.335077 -0.0140272 -5.3522e-09 0.665813 -0.665809 -5.3522e-09 1.00523 1.00523 0.0421379 0.0420817 -1.0155e-190 3.44359e-194 -1.29156e-194 1.61379e-194 
-13.0666 0.335088 -0.0140786 -5.41154e-09 0.665808 -0.665804 -5.41154e-09 1.00527 1.00526 0.0422927 0.0422358 -2.32512e-190 7.87788e-194 -2.96467e-194 3.70216e-194 
-13.0629 0.335099 -0.0141302 -5.47154e-09 0.665804 -0.6658 -5.47154e-09 1.0053 1.0053 0.042448 0.0423905 -3.12448e-190 1.05772e-193 -3.99397e-194 4.98461e-194 
-13.0592 0.33511 -0.0141819 -5.5322e-09 0.665799 -0.665795 -5.5322e-09 1.00533 1.00533 0.0426039 0.0425458 -2.76053e-190 9.3372e-194 -3.53768e-194 4.41257e-194 
-13.0555 0.335121 -0.0142339 -5.59354e-09 0.665795 -0.665791 -5.59354e-09 1.00537 1.00536 0.0427604 0.0427017 -5.80233e-191 1.9609e-194 -7.45468e-195 9.29284e-195 
-13.0518 0.335132 -0.014286 -5.65555e-09 0.66579 -0.665786 -5.65555e-09 1.0054 1.0054 0.0429174 0.042858 3.76978e-190 -1.2729e-193 4.85561e-194 -6.04938e-194 
-13.0481 0.335144 -0.0143383 -5.71825e-09 0.665786 -0.665781 -5.71825e-09 1.00543 1.00543 0.0430751 0.043015 8.66008e-190 -2.92163e-193 1.11828e-193 -1.39241e-193 
-13.0445 0.335155 -0.0143908 -5.78165e-09 0.665781 -0.665777 -5.78165e-09 1.00547 1.00547 0.0432333 0.0431725 1.16558e-189 -3.92887e-193 1.50895e-193 -1.87775e-193 
-13.0408 0.335167 -0.0144435 -5.84574e-09 0.665776 -0.665772 -5.84574e-09 1.0055 1.0055 0.043392 0.0433306 1.03198e-189 -3.47549e-193 1.33939e-193 -1.66578e-193 
-13.0371 0.335178 -0.0144964 -5.91055e-09 0.665772 -0.665768 -5.91055e-09 1.00554 1.00554 0.0435514 0.0434893 2.21479e-190 -7.45243e-194 2.88188e-194 -3.58208e-194 
-13.0334 0.33519 -0.0145495 -5.97607e-09 0.665767 -0.665763 -5.97607e-09 1.00557 1.00557 0.0437113 0.0436486 -1.39939e-189 4.7046e-193 -1.82554e-193 2.26777e-193 
-13.0297 0.335202 -0.0146028 -6.04232e-09 0.665762 -0.665758 -6.04232e-09 1.00561 1.00561 0.0438718 0.0438084 -3.22548e-189 1.08341e-192 -4.21845e-193 5.23732e-193 
-13.026 0.335214 -0.0146563 -6.1093e-09 0.665758 -0.665753 -6.1093e-09 1.00564 1.00564 0.0440329 0.0439688 -4.34814e-189 1.4592e-192 -5.70127e-193 7.07419e-193 
-13.0223 0.335226 -0.0147099 -6.17703e-09 0.665753 -0.665749 -6.17703e-09 1.00568 1.00568 0.0441946 0.0441298 -3.85781e-189 1.29349e-192 -5.0713e-193 6.28889e-193 
-13.0187 0.335237 -0.0147638 -6.2455e-09 0.665748 -0.665744 -6.2455e-09 1.00571 1.00571 0.0443569 0.0442913 -8.44926e-190 2.83042e-193 -1.11355e-193 1.3801e-193 
-13.015 0.33525 -0.0148178 -6.31473e-09 0.665743 -0.665739 -6.31473e-09 1.00575 1.00575 0.0445198 0.0444535 5.1946e-189 -1.73857e-192 6.86364e-193 -8.50174e-193 
-13.0113 0.335262 -0.0148721 -6.38473e-09 0.665738 -0.665734 -6.38473e-09 1.00579 1.00579 0.0446833 0.0446162 1.20133e-188 -4.01707e-192 1.5914e-192 -1.97007e-192 
-13.0076 0.335274 -0.0149265 -6.4555e-09 0.665734 -0.665729 -6.4555e-09 1.00582 1.00582 0.0448473 0.0447795 1.62205e-188 -5.41892e-192 2.15424e-192 -2.6653e-192 
-13.0039 0.335286 -0.0149812 -6.52706e-09 0.665729 -0.665724 -6.52706e-09 1.00586 1.00586 0.045012 0.0449435 1.44214e-188 -4.81348e-192 1.92023e-192 -2.37442e-192 
-13.0002 0.335299 -0.015036 -6.59941e-09 0.665724 -0.665719 -6.59941e-09 1.0059 1.0059 0.0451773 0.045108 3.2216e-189 -1.0743e-192 4.30067e-193 -5.31483e-193 
-12.9965 0.335311 -0.015091 -6.67256e-09 0.665719 -0.665714 -6.67256e-09 1.00594 1.00593 0.0453431 0.0452731 -1.9282e-188 6.42397e-192 -2.58068e-192 3.18742e-192 
-12.9929 0.335324 -0.0151463 -6.74651e-09 0.665714 -0.665709 -6.74651e-09 1.00597 1.00597 0.0455096 0.0454388 -4.47435e-188 1.48928e-191 -6.00386e-192 7.41116e-192 
-12.9892 0.335336 -0.0152017 -6.82129e-09 0.665709 -0.665704 -6.82129e-09 1.00601 1.00601 0.0456767 0.0456051 -6.05089e-188 2.01215e-191 -8.1403e-192 1.00426e-191 
-12.9855 0.335349 -0.0152573 -6.8969e-09 0.665704 -0.665699 -6.8969e-09 1.00605 1.00605 0.0458444 0.045772 -5.39097e-188 1.79102e-191 -7.27126e-192 8.96538e-192 
-12.9818 0.335362 -0.0153132 -6.97334e-09 0.665699 -0.665694 -6.97334e-09 1.00609 1.00609 0.0460127 0.0459395 -1.22773e-188 4.07499e-192 -1.66023e-192 2.04587e-192 
-12.9781 0.335375 -0.0153692 -7.05063e-09 0.665694 -0.665689 -7.05063e-09 1.00613 1.00612 0.0461816 0.0461076 7.15718e-188 -2.37331e-191 9.70356e-192 -1.19507e-191 
-12.9744 0.335388 -0.0154254 -7.12877e-09 0.665688 -0.665684 -7.12877e-09 1.00617 1.00616 0.0463511 0.0462763 1.66645e-187 -5.52065e-191 2.2652e-191 -2.78818e-191 
-12.9708 0.335401 -0.0154819 -7.20778e-09 0.665683 -0.665679 -7.20778e-09 1.00621 1.0062 0.0465213 0.0464456 2.25722e-187 -7.4706e-191 3.07619e-191 -3.78425e-191 
-12.9671 0.335414 -0.0155385 -7.28766e-09 0.665678 -0.665674 -7.28766e-09 1.00624 1.00624 0.0466921 0.0466156 2.01522e-187 -6.66325e-191 2.75352e-191 -3.38538e-191 
-12.9634 0.335427 -0.0155954 -7.36843e-09 0.665673 -0.665668 -7.36843e-09 1.00628 1.00628 0.0468635 0.0467861 4.67651e-188 -1.54478e-191 6.40643e-192 -7.87207e-192 
-12.9597 0.335441 -0.0156524 -7.45009e-09 0.665668 -0.665663 -7.45009e-09 1.00632 1.00632 0.0470355 0.0469573 -2.65656e-187 8.76682e-191 -3.64874e-191 4.48094e-191 
-12.956 0.335454 -0.0157097 -7.53265e-09 0.665662 -0.665658 -7.53265e-09 1.00637 1.00636 0.0472081 0.0471291 -6.20657e-187 2.04621e-190 -8.54683e-191 1.04902e-190 
-12.9523 0.335468 -0.0157672 -7.61613e-09 0.665657 -0.665653 -7.61613e-09 1.00641 1.0064 0.0473814 0.0473015 -8.42024e-187 2.7733e-190 -1.16254e-190 1.42608e-190 
-12.9486 0.335481 -0.0158248 -7.70053e-09 0.665652 -0.665647 -7.70053e-09 1.00645 1.00644 0.0475553 0.0474745 -7.53305e-187 2.47865e-190 -1.04277e-190 1.27842e-190 
-12.945 0.335495 -0.0158827 -7.78587e-09 0.665646 -0.665642 -7.78587e-09 1.00649 1.00648 0.0477299 0.0476481 -1.78048e-187 5.85262e-191 -2.47108e-191 3.02781e-191 
-12.9413 0.335509 -0.0159408 -7.87215e-09 0.665641 -0.665636 -7.87215e-09 1.00653 1.00653 0.047905 0.0478224 9.86018e-187 -3.23792e-190 1.37205e-190 -1.68022e-190 
-12.9376 0.335523 -0.0159991 -7.95938e-09 0.665635 -0.665631 -7.95938e-09 1.00657 1.00657 0.0480809 0.0479973 2.31157e-186 -7.58324e-190 3.22499e-190 -3.94711e-190 
-12.9339 0.335537 -0.0160576 -8.04758e-09 0.66563 -0.665625 -8.04758e-09 1.00661 1.00661 0.0482573 0.0481729 3.14104e-186 -1.0294e-189 4.39369e-190 -5.37448e-190 
-12.9302 0.335551 -0.0161163 -8.13676e-09 0.665624 -0.66562 -8.13676e-09 1.00666 1.00665 0.0484344 0.048349 2.81588e-186 -9.21902e-190 3.94919e-190 -4.82803e-190 
-12.9265 0.335565 -0.0161753 -8.22692e-09 0.665619 -0.665614 -8.22692e-09 1.0067 1.00669 0.0486122 0.0485258 6.77574e-187 -2.21609e-190 9.52774e-191 -1.16415e-190 
-12.9229 0.335579 -0.0162344 -8.31808e-09 0.665613 -0.665609 -8.31808e-09 1.00674 1.00674 0.0487906 0.0487033 -3.65964e-186 1.19571e-189 -5.15954e-190 6.30064e-190 
-12.9192 0.335594 -0.0162938 -8.41025e-09 0.665608 -0.665603 -8.41025e-09 1.00678 1.00678 0.0489696 0.0488814 -8.60916e-186 2.80997e-189 -1.21695e-189 1.48526e-189 
-12.9155 0.335608 -0.0163534 -8.50344e-09 0.665602 -0.665598 -8.50344e-09 1.00683 1.00682 0.0491493 0.0490601 -1.17171e-185 3.82043e-189 -1.66063e-189 2.02563e-189 
-12.9118 0.335623 -0.0164131 -8.59766e-09 0.665596 -0.665592 -8.59766e-09 1.00687 1.00687 0.0493297 0.0492394 -1.05257e-185 3.42843e-189 -1.49572e-189 1.82344e-189 
-12.9081 0.335637 -0.0164732 -8.69292e-09 0.665591 -0.665586 -8.69292e-09 1.00692 1.00691 0.0495107 0.0494195 -2.57745e-186 8.38651e-190 -3.67225e-190 4.47437e-190 
-12.9044 0.335652 -0.0165334 -8.78923e-09 0.665585 -0.66558 -8.78923e-09 1.00696 1.00696 0.0496924 0.0496001 1.35825e-185 -4.41486e-189 1.94029e-189 -2.36278e-189 
-12.9007 0.335667 -0.0165938 -8.88661e-09 0.665579 -0.665575 -8.88661e-09 1.007 1.007 0.0498747 0.0497814 3.20634e-185 -1.04109e-188 4.59244e-189 -5.5893e-189 
-12.8971 0.335682 -0.0166545 -8.98507e-09 0.665573 -0.665569 -8.98507e-09 1.00705 1.00705 0.0500577 0.0499634 4.37081e-185 -1.4177e-188 6.27686e-189 -7.63509e-189 
-12.8934 0.335697 -0.0167153 -9.08462e-09 0.665568 -0.665563 -9.08462e-09 1.00709 1.00709 0.0502414 0.050146 3.93445e-185 -1.2748e-188 5.66515e-189 -6.88719e-189 
-12.8897 0.335712 -0.0167764 -9.18527e-09 0.665562 -0.665557 -9.18527e-09 1.00714 1.00714 0.0504257 0.0503293 9.80039e-186 -3.17204e-189 1.41488e-189 -1.71913e-189 
-12.886 0.335727 -0.0168378 -9.28703e-09 0.665556 -0.665551 -9.28703e-09 1.00719 1.00718 0.0506107 0.0505133 -5.04091e-185 1.62982e-188 -7.29687e-189 8.86102e-189 
-12.8823 0.335743 -0.0168993 -9.38992e-09 0.66555 -0.665545 -9.38992e-09 1.00723 1.00723 0.0507964 0.0506979 -1.19414e-184 3.85672e-188 -1.73314e-188 2.10349e-188 
-12.8786 0.335758 -0.016961 -9.49394e-09 0.665544 -0.665539 -9.49394e-09 1.00728 1.00727 0.0509827 0.0508831 -1.63043e-184 5.26009e-188 -2.37265e-188 2.87805e-188 
-12.8749 0.335774 -0.017023 -9.59912e-09 0.665538 -0.665533 -9.59912e-09 1.00733 1.00732 0.0511698 0.0510691 -1.47065e-184 4.73945e-188 -2.14582e-188 2.60147e-188 
-12.8713 0.33579 -0.0170852 -9.70545e-09 0.665532 -0.665527 -9.70545e-09 1.00737 1.00737 0.0513575 0.0512557 -3.72498e-185 1.19913e-188 -5.44957e-189 6.60309e-189 
-12.8676 0.335805 -0.0171476 -9.81297e-09 0.665526 -0.665521 -9.81297e-09 1.00742 1.00742 0.0515459 0.0514429 1.87079e-184 -6.01576e-188 2.74422e-188 -3.32326e-188 
-12.8639 0.335821 -0.0172103 -9.92167e-09 0.66552 -0.665515 -9.92167e-09 1.00747 1.00746 0.051735 0.0516309 4.44732e-184 -1.42851e-187 6.54107e-188 -7.91687e-188 
-12.8602 0.335837 -0.0172732 -1.00316e-08 0.665514 -0.665509 -1.00316e-08 1.00752 1.00751 0.0519248 0.0518195 6.08192e-184 -1.95138e-187 8.96908e-188 -1.08496e-187 
-12.8565 0.335853 -0.0173363 -1.01427e-08 0.665507 -0.665502 -1.01427e-08 1.00756 1.00756 0.0521152 0.0520088 5.49707e-184 -1.76176e-187 8.12824e-188 -9.82704e-188 
-12.8528 0.33587 -0.0173996 -1.0255e-08 0.665501 -0.665496 -1.0255e-08 1.00761 1.00761 0.0523064 0.0521988 1.41527e-184 -4.53073e-188 2.09828e-188 -2.53543e-188 
-12.8492 0.335886 -0.0174632 -1.03686e-08 0.665495 -0.66549 -1.03686e-08 1.00766 1.00766 0.0524982 0.0523895 -6.94273e-184 2.22008e-187 -1.03209e-187 1.24642e-187 
-12.8455 0.335903 -0.0175269 -1.04835e-08 0.665489 -0.665484 -1.04835e-08 1.00771 1.00771 0.0526908 0.0525808 -1.6563e-183 5.29034e-187 -2.46879e-187 2.97985e-187 
-12.8418 0.335919 -0.017591 -1.05996e-08 0.665482 -0.665477 -1.05996e-08 1.00776 1.00776 0.0528841 0.0527729 -2.26869e-183 7.23813e-187 -3.39066e-187 4.09031e-187 
-12.8381 0.335936 -0.0176552 -1.0717e-08 0.665476 -0.665471 -1.0717e-08 1.00781 1.00781 0.053078 0.0529656 -2.05469e-183 6.54786e-187 -3.07906e-187 3.71239e-187 
-12.8344 0.335953 -0.0177197 -1.08357e-08 0.665469 -0.665464 -1.08357e-08 1.00786 1.00786 0.0532727 0.053159 -5.3752e-184 1.71099e-187 -8.07665e-188 9.73259e-188 
-12.8307 0.33597 -0.0177844 -1.09557e-08 0.665463 -0.665458 -1.09557e-08 1.00791 1.00791 0.0534681 0.0533531 2.57645e-183 -8.19167e-187 3.88172e-187 -4.67503e-187 
-12.827 0.335987 -0.0178493 -1.10771e-08 0.665456 -0.665451 -1.10771e-08 1.00796 1.00796 0.0536641 0.053548 6.16842e-183 -1.95893e-186 9.31841e-187 -1.12167e-186 
-12.8234 0.336004 -0.0179145 -1.11997e-08 0.66545 -0.665445 -1.11997e-08 1.00802 1.00801 0.0538609 0.0537435 8.46269e-183 -2.68439e-186 1.28187e-186 -1.54216e-186 
-12.8197 0.336021 -0.0179799 -1.13238e-08 0.665443 -0.665438 -1.13238e-08 1.00807 1.00806 0.0540585 0.0539397 7.67992e-183 -2.43323e-186 1.16643e-186 -1.40252e-186 
-12.816 0.336038 -0.0180455 -1.14492e-08 0.665437 -0.665432 -1.14492e-08 1.00812 1.00812 0.0542567 0.0541366 2.04078e-183 -6.45817e-187 3.10791e-187 -3.73494e-187 
-12.8123 0.336056 -0.0181114 -1.1576e-08 0.66543 -0.665425 -1.1576e-08 1.00817 1.00817 0.0544557 0.0543342 -9.56096e-183 3.02203e-186 -1.45997e-186 1.75357e-186 
-12.8086 0.336073 -0.0181775 -1.17042e-08 0.665423 -0.665418 -1.17042e-08 1.00823 1.00822 0.0546553 0.0545326 -2.29724e-182 7.25245e-186 -3.51739e-186 4.22244e-186 
-12.8049 0.336091 -0.0182439 -1.18338e-08 0.665417 -0.665411 -1.18338e-08 1.00828 1.00827 0.0548557 0.0547316 -3.15674e-182 9.95395e-186 -4.84645e-186 5.81477e-186 
-12.8012 0.336109 -0.0183105 -1.19648e-08 0.66541 -0.665405 -1.19648e-08 1.00833 1.00833 0.0550569 0.0549314 -2.87053e-182 9.04055e-186 -4.41896e-186 5.299e-186 
-12.7976 0.336127 -0.0183773 -1.20973e-08 0.665403 -0.665398 -1.20973e-08 1.00839 1.00838 0.0552587 0.0551319 -7.74552e-183 2.43645e-186 -1.19559e-186 1.43292e-186 
-12.7939 0.336145 -0.0184444 -1.22313e-08 0.665396 -0.665391 -1.22313e-08 1.00844 1.00844 0.0554613 0.0553331 3.54787e-182 -1.11467e-185 5.49131e-186 -6.57781e-186 
-12.7902 0.336163 -0.0185117 -1.23667e-08 0.665389 -0.665384 -1.23667e-08 1.0085 1.00849 0.0556647 0.055535 8.55531e-182 -2.68461e-185 1.32776e-185 -1.58961e-185 
-12.7865 0.336182 -0.0185792 -1.25037e-08 0.665382 -0.665377 -1.25037e-08 1.00855 1.00855 0.0558688 0.0557377 1.17751e-181 -3.69042e-185 1.83242e-185 -2.19262e-185 
-12.7828 0.3362 -0.018647 -1.26421e-08 0.665375 -0.66537 -1.26421e-08 1.00861 1.0086 0.0560736 0.055941 1.0729e-181 -3.35841e-185 1.67417e-185 -2.00218e-185 
-12.7791 0.336219 -0.018715 -1.27821e-08 0.665368 -0.665363 -1.27821e-08 1.00866 1.00866 0.0562792 0.0561451 2.93874e-182 -9.18743e-186 4.5981e-186 -5.49605e-186 
-12.7755 0.336238 -0.0187833 -1.29236e-08 0.665361 -0.665356 -1.29236e-08 1.00872 1.00871 0.0564855 0.05635 -1.3165e-181 4.11065e-185 -2.06547e-185 2.4675e-185 
-12.7718 0.336256 -0.0188518 -1.30667e-08 0.665354 -0.665349 -1.30667e-08 1.00878 1.00877 0.0566925 0.0565555 -3.18612e-181 9.93583e-185 -5.01232e-185 5.98475e-185 
-12.7681 0.336275 -0.0189206 -1.32114e-08 0.665347 -0.665342 -1.32114e-08 1.00883 1.00883 0.0569004 0.0567618 -4.39228e-181 1.36799e-184 -6.92866e-185 8.26846e-185 
-12.7644 0.336295 -0.0189896 -1.33577e-08 0.66534 -0.665334 -1.33577e-08 1.00889 1.00888 0.0571089 0.0569689 -4.0101e-181 1.24737e-184 -6.34302e-185 7.56554e-185 
-12.7607 0.336314 -0.0190589 -1.35055e-08 0.665333 -0.665327 -1.35055e-08 1.00895 1.00894 0.0573183 0.0571767 -1.11464e-181 3.46276e-185 -1.76791e-185 2.10752e-185 
-12.757 0.336333 -0.0191284 -1.36551e-08 0.665325 -0.66532 -1.36551e-08 1.00901 1.009 0.0575284 0.0573852 4.88498e-181 -1.51562e-184 7.76911e-185 -9.25662e-185 
-12.7533 0.336353 -0.0191982 -1.38062e-08 0.665318 -0.665312 -1.38062e-08 1.00906 1.00906 0.0577392 0.0575945 1.18654e-180 -3.67665e-184 1.89225e-184 -2.25335e-184 
-12.7497 0.336372 -0.0192682 -1.39591e-08 0.665311 -0.665305 -1.39591e-08 1.00912 1.00912 0.0579508 0.0578045 1.63837e-180 -5.07011e-184 2.61995e-184 -3.11827e-184 
-12.746 0.336392 -0.0193384 -1.41136e-08 0.665303 -0.665298 -1.41136e-08 1.00918 1.00918 0.0581632 0.0580153 1.4988e-180 -4.63214e-184 2.40332e-184 -2.85892e-184 
-12.7423 0.336412 -0.0194089 -1.42698e-08 0.665296 -0.66529 -1.42698e-08 1.00924 1.00924 0.0583764 0.0582268 4.22645e-181 -1.3045e-184 6.79565e-185 -8.07963e-185 
-12.7386 0.336432 -0.0194797 -1.44278e-08 0.665288 -0.665283 -1.44278e-08 1.0093 1.0093 0.0585903 0.0584391 -1.81255e-180 5.58709e-184 -2.92237e-184 3.47268e-184 
-12.7349 0.336452 -0.0195507 -1.45875e-08 0.665281 -0.665275 -1.45875e-08 1.00936 1.00936 0.058805 0.0586521 -4.41878e-180 1.36026e-183 -7.14393e-184 8.48475e-184 
-12.7312 0.336473 -0.019622 -1.4749e-08 0.665273 -0.665267 -1.4749e-08 1.00942 1.00942 0.0590205 0.0588659 -6.11128e-180 1.87877e-183 -9.90735e-184 1.17606e-183 
-12.7276 0.336493 -0.0196935 -1.49122e-08 0.665265 -0.66526 -1.49122e-08 1.00949 1.00948 0.0592368 0.0590805 -5.60179e-180 1.71984e-183 -9.10634e-184 1.08041e-183 
-12.7239 0.336514 -0.0197653 -1.50773e-08 0.665258 -0.665252 -1.50773e-08 1.00955 1.00954 0.0594539 0.0592958 -1.60209e-180 4.91205e-184 -2.61154e-184 3.0968e-184 
-12.7202 0.336534 -0.0198373 -1.52442e-08 0.66525 -0.665244 -1.52442e-08 1.00961 1.0096 0.0596717 0.059512 6.72518e-180 -2.05916e-183 1.09928e-183 -1.30285e-183 
-12.7165 0.336555 -0.0199096 -1.54129e-08 0.665242 -0.665237 -1.54129e-08 1.00967 1.00967 0.0598904 0.0597288 1.64558e-179 -5.03169e-183 2.69722e-183 -3.19504e-183 
-12.7128 0.336576 -0.0199822 -1.55835e-08 0.665234 -0.665229 -1.55835e-08 1.00974 1.00973 0.0601098 0.0599465 2.27955e-179 -6.96066e-183 3.74664e-183 -4.43583e-183 
-12.7091 0.336598 -0.020055 -1.5756e-08 0.665226 -0.665221 -1.5756e-08 1.0098 1.00979 0.0603301 0.0601649 2.09366e-179 -6.38424e-183 3.45059e-183 -4.0832e-183 
-12.7054 0.336619 -0.020128 -1.59304e-08 0.665219 -0.665213 -1.59304e-08 1.00986 1.00986 0.0605511 0.0603841 6.07121e-180 -1.84875e-183 1.00337e-183 -1.1867e-183 
-12.7018 0.33664 -0.0202014 -1.61067e-08 0.665211 -0.665205 -1.61067e-08 1.00993 1.00992 0.0607729 0.0606041 -2.4952e-179 7.5876e-183 -4.13512e-183 4.88813e-183 
-12.6981 0.336662 -0.020275 -1.62849e-08 0.665203 -0.665197 -1.62849e-08 1.00999 1.00999 0.0609956 0.0608249 -6.12816e-179 1.8609e-182 -1.01839e-182 1.20321e-182 
-12.6944 0.336684 -0.0203488 -1.64651e-08 0.665195 -0.665189 -1.64651e-08 1.01006 1.01005 0.061219 0.0610465 -8.50282e-179 2.57837e-182 -1.41692e-182 1.6732e-182 
-12.6907 0.336706 -0.0204229 -1.66473e-08 0.665186 -0.665181 -1.66473e-08 1.01013 1.01012 0.0614433 0.0612688 -7.82489e-179 2.36944e-182 -1.30756e-182 1.54326e-182 
-12.687 0.336728 -0.0204973 -1.68316e-08 0.665178 -0.665172 -1.68316e-08 1.01019 1.01018 0.0616684 0.061492 -2.30008e-179 6.95494e-183 -3.85413e-183 4.54652e-183 
-12.6833 0.33675 -0.020572 -1.70178e-08 0.66517 -0.665164 -1.70178e-08 1.01026 1.01025 0.0618943 0.0617159 9.25747e-179 -2.79526e-182 1.55553e-182 -1.83403e-182 
-12.6796 0.336772 -0.0206469 -1.72061e-08 0.665162 -0.665156 -1.72061e-08 1.01033 1.01032 0.062121 0.0619407 2.28212e-178 -6.88091e-182 3.84528e-182 -4.5314e-182 
-12.676 0.336795 -0.0207221 -1.73965e-08 0.665153 -0.665148 -1.73965e-08 1.01039 1.01038 0.0623485 0.0621662 3.17157e-178 -9.54892e-182 5.35881e-182 -6.31172e-182 
-12.6723 0.336818 -0.0207975 -1.7589e-08 0.665145 -0.665139 -1.7589e-08 1.01046 1.01045 0.0625769 0.0623926 2.92446e-178 -8.79214e-182 4.955e-182 -5.83311e-182 
-12.6686 0.33684 -0.0208733 -1.77836e-08 0.665137 -0.665131 -1.77836e-08 1.01053 1.01052 0.0628061 0.0626198 8.71152e-179 -2.61522e-182 1.48012e-182 -1.74153e-182 
-12.6649 0.336863 -0.0209492 -1.79804e-08 0.665128 -0.665122 -1.79804e-08 1.0106 1.01059 0.0630361 0.0628477 -3.43452e-178 1.02954e-181 -5.85162e-182 6.88155e-182 
-12.6612 0.336887 -0.0210255 -1.81793e-08 0.66512 -0.665114 -1.81793e-08 1.01067 1.01066 0.063267 0.0630765 -8.49854e-178 2.54379e-181 -1.45198e-181 1.70667e-181 
-12.6575 0.33691 -0.021102 -1.83805e-08 0.665111 -0.665105 -1.83805e-08 1.01074 1.01073 0.0634987 0.0633061 -1.183e-177 3.5357e-181 -2.02679e-181 2.38108e-181 
-12.6539 0.336933 -0.0211788 -1.85838e-08 0.665102 -0.665096 -1.85838e-08 1.01081 1.0108 0.0637312 0.0635365 -1.09297e-177 3.26176e-181 -1.87777e-181 2.20489e-181 
-12.6502 0.336957 -0.0212559 -1.87894e-08 0.665094 -0.665088 -1.87894e-08 1.01088 1.01087 0.0639646 0.0637677 -3.29862e-178 9.82935e-182 -5.683e-182 6.66959e-182 
-12.6465 0.336981 -0.0213333 -1.89973e-08 0.665085 -0.665079 -1.89973e-08 1.01095 1.01094 0.0641988 0.0639998 1.27416e-177 -3.79108e-181 2.20131e-181 -2.58215e-181 
-12.6428 0.337005 -0.0214109 -1.92075e-08 0.665076 -0.66507 -1.92075e-08 1.01102 1.01101 0.0644339 0.0642327 3.1648e-177 -9.40208e-181 5.48293e-181 -6.42825e-181 
-12.6391 0.337029 -0.0214888 -1.94199e-08 0.665067 -0.665061 -1.94199e-08 1.0111 1.01109 0.0646699 0.0644664 4.41255e-177 -1.3089e-180 7.66601e-181 -8.98315e-181 
-12.6354 0.337053 -0.021567 -1.96348e-08 0.665058 -0.665052 -1.96348e-08 1.01117 1.01116 0.0649066 0.0647009 4.08475e-177 -1.20981e-180 7.11637e-181 -8.33484e-181 
-12.6317 0.337078 -0.0216454 -1.9852e-08 0.66505 -0.665043 -1.9852e-08 1.01124 1.01123 0.0651443 0.0649363 1.24871e-177 -3.69268e-181 2.18157e-181 -2.55381e-181 
-12.6281 0.337102 -0.0217242 -2.00715e-08 0.665041 -0.665034 -2.00715e-08 1.01132 1.01131 0.0653828 0.0651725 -4.72685e-177 1.39565e-180 -8.2812e-181 9.68931e-181 
-12.6244 0.337127 -0.0218032 -2.02936e-08 0.665031 -0.665025 -2.02936e-08 1.01139 1.01138 0.0656222 0.0654096 -1.17854e-176 3.47435e-180 -2.07053e-180 2.42137e-180 
-12.6207 0.337152 -0.0218825 -2.0518e-08 0.665022 -0.665016 -2.0518e-08 1.01147 1.01146 0.0658624 0.0656475 -1.64586e-176 4.84442e-180 -2.89966e-180 3.38929e-180 
-12.617 0.337177 -0.0219621 -2.0745e-08 0.665013 -0.665007 -2.0745e-08 1.01154 1.01153 0.0661035 0.0658862 -1.52657e-176 4.48623e-180 -2.69705e-180 3.15088e-180 
-12.6133 0.337202 -0.0220419 -2.09744e-08 0.665004 -0.664998 -2.09744e-08 1.01162 1.01161 0.0663455 0.0661258 -4.72592e-177 1.38663e-180 -8.37289e-181 9.77688e-181 
-12.6096 0.337228 -0.0221221 -2.12064e-08 0.664995 -0.664988 -2.12064e-08 1.01169 1.01168 0.0665884 0.0663662 1.75349e-176 -5.13672e-180 3.11538e-180 -3.63595e-180 
-12.606 0.337254 -0.0222025 -2.14409e-08 0.664985 -0.664979 -2.14409e-08 1.01177 1.01176 0.0668321 0.0666075 4.38873e-176 -1.28358e-179 7.81927e-180 -9.12128e-180 
-12.6023 0.337279 -0.0222832 -2.1678e-08 0.664976 -0.66497 -2.1678e-08 1.01185 1.01184 0.0670768 0.0668497 6.13896e-176 -1.79259e-179 1.09684e-179 -1.27884e-179 
-12.5986 0.337305 -0.0223642 -2.19178e-08 0.664966 -0.66496 -2.19178e-08 1.01193 1.01192 0.0673223 0.0670927 5.70512e-176 -1.66321e-179 1.0222e-179 -1.19121e-179 
-12.5949 0.337332 -0.0224455 -2.21602e-08 0.664957 -0.664951 -2.21602e-08 1.01201 1.01199 0.0675687 0.0673366 1.78817e-176 -5.20452e-180 3.21291e-180 -3.7423e-180 
-12.5912 0.337358 -0.0225271 -2.24052e-08 0.664947 -0.664941 -2.24052e-08 1.01209 1.01207 0.067816 0.0675813 -6.50461e-176 1.89009e-179 -1.17202e-179 1.36445e-179 
-12.5875 0.337385 -0.022609 -2.2653e-08 0.664938 -0.664931 -2.2653e-08 1.01217 1.01215 0.0680642 0.0678269 -1.63429e-175 4.74105e-179 -2.95303e-179 3.43617e-179 
-12.5838 0.337411 -0.0226911 -2.29035e-08 0.664928 -0.664922 -2.29035e-08 1.01225 1.01223 0.0683133 0.0680734 -2.28978e-175 6.63159e-179 -4.14911e-179 4.82556e-179 
-12.5802 0.337438 -0.0227736 -2.31567e-08 0.664918 -0.664912 -2.31567e-08 1.01233 1.01231 0.0685633 0.0683207 -2.1321e-175 6.16464e-179 -3.87431e-179 4.50372e-179 
-12.5765 0.337465 -0.0228563 -2.34128e-08 0.664908 -0.664902 -2.34128e-08 1.01241 1.0124 0.0688142 0.068569 -6.76441e-176 1.95255e-179 -1.23266e-179 1.43221e-179 
-12.5728 0.337493 -0.0229394 -2.36716e-08 0.664899 -0.664892 -2.36716e-08 1.01249 1.01248 0.069066 0.0688181 2.41282e-175 -6.95286e-179 4.40924e-179 -5.1205e-179 
-12.5691 0.33752 -0.0230227 -2.39334e-08 0.664889 -0.664882 -2.39334e-08 1.01257 1.01256 0.0693187 0.069068 6.0858e-175 -1.75073e-178 1.11528e-178 -1.29455e-178 
-12.5654 0.337548 -0.0231063 -2.4198e-08 0.664879 -0.664872 -2.4198e-08 1.01266 1.01264 0.0695723 0.0693189 8.54061e-175 -2.45273e-178 1.56958e-178 -1.82098e-178 
-12.5617 0.337576 -0.0231902 -2.44655e-08 0.664869 -0.664862 -2.44655e-08 1.01274 1.01273 0.0698269 0.0695707 7.96791e-175 -2.28434e-178 1.46848e-178 -1.70285e-178 
-12.558 0.337604 -0.0232744 -2.4736e-08 0.664859 -0.664852 -2.4736e-08 1.01282 1.01281 0.0700824 0.0698233 2.55832e-175 -7.32187e-179 4.72834e-179 -5.48029e-179 
-12.5544 0.337632 -0.023359 -2.50094e-08 0.664848 -0.664842 -2.50094e-08 1.01291 1.0129 0.0703388 0.0700769 -8.9498e-175 2.55697e-178 -1.65881e-178 1.92167e-178 
-12.5507 0.33766 -0.0234438 -2.52859e-08 0.664838 -0.664831 -2.52859e-08 1.013 1.01298 0.0705961 0.0703313 -2.26622e-174 6.46333e-178 -4.21228e-178 4.87739e-178 
-12.547 0.337689 -0.0235289 -2.55654e-08 0.664828 -0.664821 -2.55654e-08 1.01308 1.01307 0.0708543 0.0705866 -3.18553e-174 9.06932e-178 -5.93785e-178 6.87207e-178 
-12.5433 0.337718 -0.0236143 -2.5848e-08 0.664817 -0.664811 -2.5848e-08 1.01317 1.01315 0.0711135 0.0708429 -2.97767e-174 8.46256e-178 -5.56616e-178 6.43877e-178 
-12.5396 0.337747 -0.0237 -2.61337e-08 0.664807 -0.6648 -2.61337e-08 1.01326 1.01324 0.0713737 0.0711 -9.67358e-175 2.74436e-178 -1.81343e-178 2.0967e-178 
-12.5359 0.337776 -0.023786 -2.64226e-08 0.664796 -0.66479 -2.64226e-08 1.01334 1.01333 0.0716347 0.0713581 3.31961e-174 -9.40082e-178 6.24072e-178 -7.21207e-178 
-12.5323 0.337806 -0.0238724 -2.67146e-08 0.664786 -0.664779 -2.67146e-08 1.01343 1.01342 0.0718968 0.0716171 8.43883e-174 -2.3855e-177 1.59098e-177 -1.83772e-177 
-12.5286 0.337835 -0.023959 -2.70099e-08 0.664775 -0.664768 -2.70099e-08 1.01352 1.01351 0.0721597 0.0718769 1.18815e-173 -3.35263e-177 2.24642e-177 -2.59355e-177 
-12.5249 0.337865 -0.0240459 -2.73084e-08 0.664765 -0.664758 -2.73084e-08 1.01361 1.01359 0.0724237 0.0721377 1.11276e-173 -3.1342e-177 2.10988e-177 -2.43474e-177 
-12.5212 0.337895 -0.0241332 -2.76102e-08 0.664754 -0.664747 -2.76102e-08 1.0137 1.01369 0.0726885 0.0723995 3.65703e-174 -1.02815e-177 6.95374e-178 -8.02056e-178 
-12.5175 0.337925 -0.0242207 -2.79154e-08 0.664743 -0.664736 -2.79154e-08 1.01379 1.01378 0.0729544 0.0726621 -1.23125e-173 3.45524e-177 -2.34788e-177 2.70678e-177 
-12.5138 0.337956 -0.0243086 -2.82239e-08 0.664732 -0.664725 -2.82239e-08 1.01388 1.01387 0.0732212 0.0729257 -3.14239e-173 8.80211e-177 -6.00933e-177 6.9246e-177 
-12.5101 0.337986 -0.0243967 -2.85358e-08 0.664721 -0.664714 -2.85358e-08 1.01398 1.01396 0.0734889 0.0731902 -4.4316e-173 1.23903e-176 -8.49898e-177 9.78874e-177 
-12.5065 0.338017 -0.0244852 -2.88511e-08 0.66471 -0.664703 -2.88511e-08 1.01407 1.01405 0.0737576 0.0734556 -4.15839e-173 1.16046e-176 -7.9978e-177 9.20711e-177 
-12.5028 0.338048 -0.024574 -2.91699e-08 0.664699 -0.664692 -2.91699e-08 1.01416 1.01415 0.0740273 0.073722 -1.38223e-173 3.85008e-177 -2.66604e-177 3.06769e-177 
-12.4991 0.33808 -0.0246631 -2.94922e-08 0.664688 -0.664681 -2.94922e-08 1.01426 1.01424 0.074298 0.0739893 4.56659e-173 -1.26957e-176 8.83321e-177 -1.01591e-176 
-12.4954 0.338111 -0.0247525 -2.98181e-08 0.664677 -0.66467 -2.98181e-08 1.01435 1.01433 0.0745697 0.0742575 1.17013e-172 -3.24692e-176 2.26987e-176 -2.60935e-176 
-12.4917 0.338143 -0.0248422 -3.01475e-08 0.664665 -0.664658 -3.01475e-08 1.01445 1.01443 0.0748423 0.0745267 1.6529e-172 -4.57776e-176 3.21557e-176 -3.69473e-176 
-12.488 0.338175 -0.0249323 -3.04806e-08 0.664654 -0.664647 -3.04806e-08 1.01454 1.01453 0.0751159 0.0747969 1.55397e-172 -4.29548e-176 3.03178e-176 -3.4819e-176 
-12.4844 0.338207 -0.0250227 -3.08174e-08 0.664642 -0.664635 -3.08174e-08 1.01464 1.01462 0.0753905 0.075068 5.22332e-173 -1.44103e-176 1.02199e-176 -1.17316e-176 
-12.4807 0.33824 -0.0251133 -3.11578e-08 0.664631 -0.664624 -3.11578e-08 1.01474 1.01472 0.0756661 0.07534 -1.69364e-172 4.66339e-176 -3.32326e-176 3.81304e-176 
-12.477 0.338272 -0.0252043 -3.15021e-08 0.664619 -0.664612 -3.15021e-08 1.01484 1.01482 0.0759427 0.075613 -4.35715e-172 1.19738e-175 -8.57415e-176 9.83318e-176 
-12.4733 0.338305 -0.0252957 -3.18501e-08 0.664608 -0.6646 -3.18501e-08 1.01493 1.01492 0.0762203 0.075887 -6.16494e-172 1.69083e-175 -1.21664e-175 1.39464e-175 
-12.4696 0.338338 -0.0253873 -3.22019e-08 0.664596 -0.664589 -3.22019e-08 1.01503 1.01501 0.0764989 0.0761619 -5.80704e-172 1.58951e-175 -1.14931e-175 1.31683e-175 
-12.4659 0.338372 -0.0254793 -3.25576e-08 0.664584 -0.664577 -3.25576e-08 1.01513 1.01511 0.0767785 0.0764378 -1.97347e-172 5.39101e-176 -3.91703e-176 4.48588e-176 
-12.4622 0.338405 -0.0255715 -3.29172e-08 0.664572 -0.664565 -3.29172e-08 1.01524 1.01522 0.0770591 0.0767146 6.28109e-172 -1.71239e-175 1.25029e-175 -1.43119e-175 
-12.4586 0.338439 -0.0256642 -3.32808e-08 0.66456 -0.664553 -3.32808e-08 1.01534 1.01532 0.0773408 0.0769925 1.62244e-171 -4.41427e-175 3.23887e-175 -3.70576e-175 
-12.4549 0.338473 -0.0257571 -3.36484e-08 0.664548 -0.664541 -3.36484e-08 1.01544 1.01542 0.0776234 0.0772713 2.29937e-171 -6.24332e-175 4.60344e-175 -5.26458e-175 
-12.4512 0.338507 -0.0258504 -3.402e-08 0.664536 -0.664529 -3.402e-08 1.01554 1.01552 0.0779071 0.0775511 2.17001e-171 -5.88002e-175 4.35698e-175 -4.9804e-175 
-12.4475 0.338542 -0.0259439 -3.43958e-08 0.664524 -0.664517 -3.43958e-08 1.01565 1.01562 0.0781918 0.0778318 7.45471e-172 -2.01583e-175 1.50108e-175 -1.71507e-175 
-12.4438 0.338576 -0.0260379 -3.47756e-08 0.664512 -0.664504 -3.47756e-08 1.01575 1.01573 0.0784775 0.0781136 -2.32935e-171 6.28575e-175 -4.70391e-175 5.37198e-175 
-12.4401 0.338611 -0.0261321 -3.51596e-08 0.664499 -0.664492 -3.51596e-08 1.01586 1.01583 0.0787642 0.0783963 -6.04132e-171 1.62686e-174 -1.22351e-174 1.39663e-174 
-12.4364 0.338647 -0.0262267 -3.55479e-08 0.664487 -0.664479 -3.55479e-08 1.01596 1.01594 0.079052 0.07868 -8.57604e-171 2.30459e-174 -1.74187e-174 1.98742e-174 
-12.4328 0.338682 -0.0263216 -3.59405e-08 0.664474 -0.664467 -3.59405e-08 1.01607 1.01605 0.0793409 0.0789648 -8.10895e-171 2.17448e-174 -1.65176e-174 1.88373e-174 
-12.4291 0.338718 -0.0264168 -3.63373e-08 0.664462 -0.664454 -3.63373e-08 1.01618 1.01615 0.0796307 0.0792505 -2.81548e-171 7.53393e-175 -5.75159e-175 6.55633e-175 
-12.4254 0.338754 -0.0265124 -3.67385e-08 0.664449 -0.664442 -3.67385e-08 1.01628 1.01626 0.0799216 0.0795372 8.63808e-171 -2.30653e-174 1.76973e-174 -2.01642e-174 
-12.4217 0.33879 -0.0266083 -3.71442e-08 0.664436 -0.664429 -3.71442e-08 1.01639 1.01637 0.0802136 0.0798249 2.24953e-170 -5.99376e-174 4.62206e-174 -5.26392e-174 
-12.418 0.338826 -0.0267046 -3.75543e-08 0.664424 -0.664416 -3.75543e-08 1.0165 1.01648 0.0805066 0.0801137 3.19861e-170 -8.50415e-174 6.59116e-174 -7.50303e-174 
-12.4143 0.338863 -0.0268011 -3.79689e-08 0.664411 -0.664403 -3.79689e-08 1.01661 1.01659 0.0808007 0.0804034 3.03013e-170 -8.0387e-174 6.26207e-174 -7.12515e-174 
-12.4107 0.3389 -0.0268981 -3.83881e-08 0.664398 -0.66439 -3.83881e-08 1.01672 1.0167 0.0810958 0.0806942 1.06316e-170 -2.8143e-174 2.20348e-174 -2.50604e-174 
-12.407 0.338937 -0.0269953 -3.88118e-08 0.664385 -0.664377 -3.88118e-08 1.01684 1.01681 0.081392 0.0809859 -3.20321e-170 8.4606e-174 -6.65816e-174 7.56893e-174 
-12.4033 0.338975 -0.0270929 -3.92403e-08 0.664372 -0.664364 -3.92403e-08 1.01695 1.01692 0.0816893 0.0812787 -8.3762e-170 2.2075e-173 -1.74612e-173 1.98407e-173 
-12.3996 0.339012 -0.0271908 -3.96734e-08 0.664358 -0.664351 -3.96734e-08 1.01706 1.01704 0.0819876 0.0815725 -1.19298e-169 3.13704e-173 -2.49413e-173 2.83273e-173 
-12.3959 0.33905 -0.0272891 -4.01114e-08 0.664345 -0.664337 -4.01114e-08 1.01718 1.01715 0.082287 0.0818674 -1.13228e-169 2.97074e-173 -2.3741e-173 2.69518e-173 
-12.3922 0.339089 -0.0273878 -4.05541e-08 0.664332 -0.664324 -4.05541e-08 1.01729 1.01727 0.0825875 0.0821633 -4.0139e-170 1.05074e-173 -8.44056e-174 9.57776e-174 
-12.3885 0.339127 -0.0274867 -4.10017e-08 0.664318 -0.66431 -4.10017e-08 1.01741 1.01738 0.0828891 0.0824602 1.18778e-169 -3.10226e-173 2.50496e-173 -2.84117e-173 
-12.3849 0.339166 -0.027586 -4.14542e-08 0.664305 -0.664297 -4.14542e-08 1.01752 1.0175 0.0831918 0.0827581 3.11888e-169 -8.12733e-173 6.59666e-173 -7.47869e-173 
-12.3812 0.339205 -0.0276857 -4.19117e-08 0.664291 -0.664283 -4.19117e-08 1.01764 1.01761 0.0834955 0.0830571 4.44943e-169 -1.15679e-172 9.43822e-173 -1.06954e-172 
-12.3775 0.339244 -0.0277857 -4.23743e-08 0.664277 -0.664269 -4.23743e-08 1.01776 1.01773 0.0838004 0.0833571 4.231e-169 -1.09745e-172 9.001e-173 -1.01954e-172 
-12.3738 0.339284 -0.027886 -4.28419e-08 0.664263 -0.664256 -4.28419e-08 1.01788 1.01785 0.0841063 0.0836581 1.51518e-169 -3.92098e-173 3.23276e-173 -3.66008e-173 
-12.3701 0.339324 -0.0279868 -4.33146e-08 0.66425 -0.664242 -4.33146e-08 1.018 1.01797 0.0844133 0.0839603 -4.40425e-169 1.13706e-172 -9.42422e-173 1.06652e-172 
-12.3664 0.339364 -0.0280878 -4.37926e-08 0.664236 -0.664228 -4.37926e-08 1.01812 1.01809 0.0847215 0.0842634 -1.16131e-168 2.99113e-172 -2.49221e-172 2.81912e-172 
-12.3627 0.339404 -0.0281892 -4.42758e-08 0.664222 -0.664214 -4.42758e-08 1.01824 1.01821 0.0850308 0.0845676 -1.65948e-168 4.26409e-172 -3.57168e-172 4.03839e-172 
-12.3591 0.339445 -0.028291 -4.47643e-08 0.664207 -0.664199 -4.47643e-08 1.01837 1.01833 0.0853411 0.0848729 -1.58098e-168 4.05269e-172 -3.41265e-172 3.85687e-172 
-12.3554 0.339486 -0.0283931 -4.52582e-08 0.664193 -0.664185 -4.52582e-08 1.01849 1.01846 0.0856526 0.0851793 -5.71858e-169 1.46238e-172 -1.23799e-172 1.39852e-172 
-12.3517 0.339527 -0.0284956 -4.57575e-08 0.664179 -0.664171 -4.57575e-08 1.01861 1.01858 0.0859652 0.0854867 1.63302e-168 -4.16593e-172 3.54558e-172 -4.00356e-172 
-12.348 0.339569 -0.0285984 -4.62623e-08 0.664164 -0.664156 -4.62623e-08 1.01874 1.01871 0.086279 0.0857951 4.32406e-168 -1.10041e-171 9.41574e-172 -1.06273e-171 
-12.3443 0.339611 -0.0287016 -4.67727e-08 0.66415 -0.664142 -4.67727e-08 1.01886 1.01883 0.0865939 0.0861047 6.18922e-168 -1.5712e-171 1.35165e-171 -1.5249e-171 
-12.3406 0.339653 -0.0288051 -4.72886e-08 0.664135 -0.664127 -4.72886e-08 1.01899 1.01896 0.0869099 0.0864153 5.90751e-168 -1.49599e-171 1.2939e-171 -1.4591e-171 
-12.337 0.339695 -0.028909 -4.78103e-08 0.664121 -0.664112 -4.78103e-08 1.01912 1.01909 0.087227 0.086727 2.15796e-168 -5.45114e-172 4.74032e-172 -5.3432e-172 
-12.3333 0.339738 -0.0290133 -4.83376e-08 0.664106 -0.664097 -4.83376e-08 1.01925 1.01921 0.0875453 0.0870398 -6.05472e-168 1.52564e-171 -1.33391e-171 1.5029e-171 
-12.3296 0.339781 -0.0291179 -4.88708e-08 0.664091 -0.664083 -4.88708e-08 1.01938 1.01934 0.0878647 0.0873536 -1.61003e-167 4.04666e-171 -3.55741e-171 4.00634e-171 
-12.3259 0.339824 -0.0292229 -4.94098e-08 0.664076 -0.664068 -4.94098e-08 1.01951 1.01947 0.0881853 0.0876686 -2.30833e-167 5.7871e-171 -5.11526e-171 5.75828e-171 
-12.3222 0.339868 -0.0293282 -4.99547e-08 0.664061 -0.664052 -4.99547e-08 1.01964 1.0196 0.088507 0.0879846 -2.20738e-167 5.51993e-171 -4.90589e-171 5.52018e-171 
-12.3185 0.339912 -0.0294339 -5.05056e-08 0.664046 -0.664037 -5.05056e-08 1.01977 1.01974 0.0888299 0.0883018 -8.14199e-168 2.03082e-171 -1.81485e-171 2.04121e-171 
-12.3148 0.339956 -0.02954 -5.10625e-08 0.66403 -0.664022 -5.10625e-08 1.0199 1.01987 0.089154 0.08862 2.24482e-167 -5.58468e-171 5.01836e-171 -5.64183e-171 
-12.3112 0.340001 -0.0296464 -5.16256e-08 0.664015 -0.664007 -5.16256e-08 1.02004 1.02 0.0894792 0.0889393 5.99474e-167 -1.4875e-170 1.34407e-170 -1.5104e-170 
-12.3075 0.340045 -0.0297533 -5.21948e-08 0.663999 -0.663991 -5.21948e-08 1.02017 1.02014 0.0898056 0.0892598 8.60908e-167 -2.13062e-170 1.93589e-170 -2.17452e-170 
-12.3038 0.340091 -0.0298604 -5.27704e-08 0.663984 -0.663975 -5.27704e-08 1.02031 1.02027 0.0901331 0.0895813 8.24797e-167 -2.03588e-170 1.86013e-170 -2.08852e-170 
-12.3001 0.340136 -0.029968 -5.33522e-08 0.663968 -0.66396 -5.33522e-08 1.02045 1.02041 0.0904618 0.089904 3.07151e-167 -7.56142e-171 6.94737e-171 -7.79705e-171 
-12.2964 0.340182 -0.0300759 -5.39404e-08 0.663952 -0.663944 -5.39404e-08 1.02058 1.02055 0.0907918 0.0902277 -8.32243e-167 2.04334e-170 -1.88796e-170 2.11795e-170 
-12.2927 0.340228 -0.0301842 -5.4535e-08 0.663937 -0.663928 -5.4535e-08 1.02072 1.02068 0.0911229 0.0905526 -2.23205e-166 5.46546e-170 -5.07832e-170 5.69451e-170 
-12.2891 0.340274 -0.0302929 -5.51362e-08 0.663921 -0.663912 -5.51362e-08 1.02086 1.02082 0.0914552 0.0908787 -3.2108e-166 7.8408e-170 -7.32662e-170 8.21211e-170 
-12.2854 0.340321 -0.0304019 -5.5744e-08 0.663905 -0.663896 -5.5744e-08 1.021 1.02096 0.0917886 0.0912058 -3.08185e-166 7.5054e-170 -7.05303e-170 7.90209e-170 
-12.2817 0.340368 -0.0305114 -5.63585e-08 0.663888 -0.66388 -5.63585e-08 1.02115 1.0211 0.0921233 0.0915341 -1.15853e-166 2.8137e-170 -2.65918e-170 2.97803e-170 
-12.278 0.340415 -0.0306212 -5.69797e-08 0.663872 -0.663863 -5.69797e-08 1.02129 1.02125 0.0924592 0.0918635 3.08534e-166 -7.47262e-170 7.1026e-170 -7.95087e-170 
-12.2743 0.340463 -0.0307313 -5.76077e-08 0.663856 -0.663847 -5.76077e-08 1.02143 1.02139 0.0927963 0.092194 8.31063e-166 -2.00722e-169 1.91878e-169 -2.14703e-169 
-12.2706 0.340511 -0.0308419 -5.82426e-08 0.663839 -0.663831 -5.82426e-08 1.02158 1.02153 0.0931346 0.0925257 1.19748e-165 -2.88412e-169 2.7729e-169 -3.10144e-169 
-12.2669 0.34056 -0.0309528 -5.88844e-08 0.663823 -0.663814 -5.88844e-08 1.02172 1.02168 0.0934741 0.0928585 1.15152e-165 -2.76561e-169 2.67433e-169 -2.98993e-169 
-12.2633 0.340608 -0.0310641 -5.95334e-08 0.663806 -0.663797 -5.95334e-08 1.02187 1.02183 0.0938148 0.0931924 4.3692e-166 -1.04638e-169 1.01771e-169 -1.13733e-169 
-12.2596 0.340657 -0.0311759 -6.01894e-08 0.663789 -0.66378 -6.01894e-08 1.02202 1.02197 0.0941568 0.0935276 -1.14377e-165 2.73138e-169 -2.672e-169 2.98481e-169 
-12.2559 0.340707 -0.0312879 -6.08526e-08 0.663772 -0.663763 -6.08526e-08 1.02217 1.02212 0.0945 0.0938638 -3.09429e-165 7.36808e-169 -7.24998e-169 8.09535e-169 
-12.2522 0.340757 -0.0314004 -6.15231e-08 0.663755 -0.663746 -6.15231e-08 1.02232 1.02227 0.0948444 0.0942012 -4.46601e-165 1.06036e-168 -1.04948e-168 1.17136e-168 
-12.2485 0.340807 -0.0315133 -6.22009e-08 0.663738 -0.663729 -6.22009e-08 1.02247 1.02242 0.09519 0.0945398 -4.30255e-165 1.01857e-168 -1.01405e-168 1.13135e-168 
-12.2448 0.340857 -0.0316265 -6.28862e-08 0.663721 -0.663712 -6.28862e-08 1.02262 1.02257 0.0955369 0.0948796 -1.64753e-165 3.88887e-169 -3.89445e-169 4.34311e-169 
-12.2411 0.340908 -0.0317402 -6.3579e-08 0.663704 -0.663695 -6.3579e-08 1.02277 1.02272 0.0958851 0.0952205 4.23991e-165 -9.97839e-169 1.00519e-168 -1.12053e-168 
-12.2375 0.340959 -0.0318542 -6.42794e-08 0.663686 -0.663677 -6.42794e-08 1.02293 1.02288 0.0962345 0.0955625 1.15208e-164 -2.70329e-168 2.7394e-168 -3.05246e-168 
-12.2338 0.34101 -0.0319686 -6.49874e-08 0.663669 -0.66366 -6.49874e-08 1.02308 1.02303 0.0965851 0.0959058 1.66559e-164 -3.89649e-168 3.97211e-168 -4.42421e-168 
-12.2301 0.341062 -0.0320834 -6.57033e-08 0.663651 -0.663642 -6.57033e-08 1.02324 1.02319 0.096937 0.0962502 1.60759e-164 -3.74946e-168 3.84512e-168 -4.281e-168 
-12.2264 0.341115 -0.0321986 -6.64269e-08 0.663633 -0.663624 -6.64269e-08 1.02339 1.02334 0.0972901 0.0965958 6.21161e-165 -1.44436e-168 1.49011e-168 -1.65835e-168 
-12.2227 0.341167 -0.0323142 -6.71585e-08 0.663615 -0.663606 -6.71585e-08 1.02355 1.0235 0.0976446 0.0969426 -1.57165e-164 3.6433e-168 -3.78141e-168 4.2066e-168 
-12.219 0.34122 -0.0324302 -6.78982e-08 0.663597 -0.663588 -6.78982e-08 1.02371 1.02366 0.0980003 0.0972906 -4.28945e-164 9.91287e-168 -1.0351e-167 1.15101e-167 
-12.2154 0.341273 -0.0325466 -6.86459e-08 0.663579 -0.66357 -6.86459e-08 1.02387 1.02382 0.0983572 0.0976397 -6.21176e-164 1.43107e-167 -1.5034e-167 1.67108e-167 
-12.2117 0.341327 -0.0326634 -6.94018e-08 0.663561 -0.663552 -6.94018e-08 1.02404 1.02398 0.0987155 0.0979901 -6.00651e-164 1.37946e-167 -1.45803e-167 1.61998e-167 
-12.208 0.341381 -0.0327805 -7.0166e-08 0.663543 -0.663533 -7.0166e-08 1.0242 1.02414 0.099075 0.0983416 -2.34162e-164 5.36084e-168 -5.7009e-168 6.33156e-168 
-12.2043 0.341436 -0.0328981 -7.09386e-08 0.663524 -0.663515 -7.09386e-08 1.02436 1.02431 0.0994358 0.0986944 5.82559e-164 -1.32946e-167 1.42249e-167 -1.57921e-167 
-12.2006 0.34149 -0.0330161 -7.17196e-08 0.663506 -0.663496 -7.17196e-08 1.02453 1.02447 0.0997979 0.0990483 1.59704e-163 -3.63298e-167 3.91121e-167 -4.34036e-167 
-12.1969 0.341546 -0.0331345 -7.25092e-08 0.663487 -0.663478 -7.25092e-08 1.02469 1.02464 0.100161 0.0994035 2.31664e-163 -5.25297e-167 5.69031e-167 -6.31212e-167 
-12.1932 0.341601 -0.0332533 -7.33074e-08 0.663468 -0.663459 -7.33074e-08 1.02486 1.0248 0.100526 0.0997599 2.24421e-163 -5.07223e-167 5.52873e-167 -6.13041e-167 
-12.1896 0.341657 -0.0333725 -7.41144e-08 0.663449 -0.66344 -7.41144e-08 1.02503 1.02497 0.100892 0.100117 8.82616e-164 -1.98832e-167 2.18081e-167 -2.41717e-167 
-12.1859 0.341713 -0.0334921 -7.49302e-08 0.66343 -0.663421 -7.49302e-08 1.0252 1.02514 0.101259 0.100476 -2.15926e-163 4.84829e-167 -5.35102e-167 5.92858e-167 
-12.1822 0.34177 -0.0336121 -7.57549e-08 0.663411 -0.663401 -7.57549e-08 1.02537 1.02531 0.101628 0.100836 -5.94605e-163 1.33067e-166 -1.4779e-166 1.63676e-166 
-12.1785 0.341827 -0.0337325 -7.65886e-08 0.663392 -0.663382 -7.65886e-08 1.02554 1.02548 0.101998 0.101198 -8.63972e-163 1.92704e-166 -2.15379e-166 2.38434e-166 
-12.1748 0.341885 -0.0338534 -7.74315e-08 0.663372 -0.663363 -7.74315e-08 1.02572 1.02565 0.102369 0.10156 -8.38494e-163 1.86392e-166 -2.09647e-166 2.31997e-166 
-12.1711 0.341943 -0.0339746 -7.82837e-08 0.663353 -0.663343 -7.82837e-08 1.02589 1.02583 0.102742 0.101924 -3.32637e-163 7.36928e-167 -8.34154e-167 9.22711e-167 
-12.1675 0.342001 -0.0340962 -7.91451e-08 0.663333 -0.663323 -7.91451e-08 1.02607 1.026 0.103116 0.102289 8.00297e-163 -1.76694e-166 2.01286e-166 -2.22567e-166 
-12.1638 0.34206 -0.0342183 -8.0016e-08 0.663313 -0.663303 -8.0016e-08 1.02624 1.02618 0.103491 0.102655 2.21379e-162 -4.87091e-166 5.58452e-166 -6.17249e-166 
-12.1601 0.342119 -0.0343408 -8.08964e-08 0.663293 -0.663283 -8.08964e-08 1.02642 1.02636 0.103868 0.103022 3.22209e-162 -7.06489e-166 8.1522e-166 -9.00695e-166 
-12.1564 0.342178 -0.0344637 -8.17864e-08 0.663273 -0.663263 -8.17864e-08 1.0266 1.02654 0.104246 0.103391 3.13279e-162 -6.84512e-166 7.9498e-166 -8.77986e-166 
-12.1527 0.342238 -0.034587 -8.26861e-08 0.663253 -0.663243 -8.26861e-08 1.02678 1.02672 0.104625 0.103761 1.25347e-162 -2.72919e-166 3.19026e-166 -3.52198e-166 
-12.149 0.342299 -0.0347107 -8.35957e-08 0.663233 -0.663223 -8.35957e-08 1.02697 1.0269 0.105006 0.104132 -2.96606e-162 6.43513e-166 -7.57146e-166 8.35544e-166 
-12.1453 0.34236 -0.0348349 -8.45153e-08 0.663212 -0.663202 -8.45153e-08 1.02715 1.02708 0.105388 0.104505 -8.24214e-162 1.78182e-165 -2.11022e-165 2.32781e-165 
-12.1417 0.342421 -0.0349594 -8.54449e-08 0.663192 -0.663182 -8.54449e-08 1.02733 1.02726 0.105771 0.104878 -1.20164e-161 2.58842e-165 -3.08568e-165 3.40252e-165 
-12.138 0.342483 -0.0350844 -8.63847e-08 0.663171 -0.663161 -8.63847e-08 1.02752 1.02745 0.106156 0.105253 -1.17047e-161 2.51213e-165 -3.01457e-165 3.32281e-165 
-12.1343 0.342545 -0.0352098 -8.73347e-08 0.66315 -0.66314 -8.73347e-08 1.02771 1.02763 0.106542 0.105629 -4.72285e-162 1.00995e-165 -1.22e-165 1.34422e-165 
-12.1306 0.342607 -0.0353356 -8.82952e-08 0.663129 -0.663119 -8.82952e-08 1.0279 1.02782 0.10693 0.106007 1.09923e-161 -2.34197e-165 2.84796e-165 -3.13673e-165 
-12.1269 0.34267 -0.0354619 -8.92661e-08 0.663108 -0.663098 -8.92661e-08 1.02809 1.02801 0.107318 0.106386 3.0686e-161 -6.51357e-165 7.97397e-165 -8.77908e-165 
-12.1232 0.342733 -0.0355886 -9.02477e-08 0.663087 -0.663077 -9.02477e-08 1.02828 1.0282 0.107709 0.106766 4.48134e-161 -9.47678e-165 1.16797e-164 -1.2854e-164 
-12.1195 0.342797 -0.0357157 -9.12399e-08 0.663065 -0.663055 -9.12399e-08 1.02847 1.02839 0.1081 0.107147 4.37303e-161 -9.21291e-165 1.14314e-164 -1.25758e-164 
-12.1159 0.342862 -0.0358432 -9.22431e-08 0.663044 -0.663034 -9.22431e-08 1.02866 1.02858 0.108493 0.10753 1.77927e-161 -3.73425e-165 4.66494e-165 -5.13001e-165 
-12.1122 0.342926 -0.0359712 -9.32571e-08 0.663022 -0.663012 -9.32571e-08 1.02886 1.02878 0.108888 0.107914 -4.07362e-161 8.51684e-165 -1.07121e-164 1.17756e-164 
-12.1085 0.342991 -0.0360996 -9.42823e-08 0.663 -0.66299 -9.42823e-08 1.02906 1.02897 0.109284 0.108299 -1.14245e-160 2.37934e-164 -3.01317e-164 3.31102e-164 
-12.1048 0.343057 -0.0362284 -9.53187e-08 0.662978 -0.662968 -9.53187e-08 1.02925 1.02917 0.109681 0.108685 -1.67124e-160 3.46711e-164 -4.42096e-164 4.85612e-164 
-12.1011 0.343123 -0.0363577 -9.63663e-08 0.662956 -0.662946 -9.63663e-08 1.02945 1.02937 0.11008 0.109073 -1.63381e-160 3.37619e-164 -4.33481e-164 4.75968e-164 
-12.0974 0.34319 -0.0364874 -9.74255e-08 0.662934 -0.662924 -9.74255e-08 1.02965 1.02957 0.11048 0.109462 -6.70234e-161 1.37954e-164 -1.78356e-164 1.95763e-164 
-12.0938 0.343257 -0.0366175 -9.84962e-08 0.662912 -0.662901 -9.84962e-08 1.02986 1.02977 0.110882 0.109853 1.50957e-160 -3.09476e-164 4.02907e-164 -4.42061e-164 
-12.0901 0.343324 -0.0367481 -9.95785e-08 0.662889 -0.662879 -9.95785e-08 1.03006 1.02997 0.111285 0.110244 4.25333e-160 -8.68477e-164 1.13861e-163 -1.24878e-163 
-12.0864 0.343392 -0.0368791 -1.00673e-07 0.662867 -0.662856 -1.00673e-07 1.03026 1.03018 0.111689 0.110637 6.23256e-160 -1.26747e-163 1.67341e-163 -1.83465e-163 
-12.0827 0.34346 -0.0370105 -1.01779e-07 0.662844 -0.662833 -1.01779e-07 1.03047 1.03038 0.112095 0.111032 6.10401e-160 -1.23626e-163 1.64378e-163 -1.80148e-163 
-12.079 0.343529 -0.0371424 -1.02897e-07 0.662821 -0.66281 -1.02897e-07 1.03068 1.03059 0.112502 0.111427 2.52442e-160 -5.09177e-164 6.81841e-164 -7.46975e-164 
-12.0753 0.343599 -0.0372748 -1.04028e-07 0.662798 -0.662787 -1.04028e-07 1.03089 1.0308 0.112911 0.111824 -5.59377e-160 1.12359e-163 -1.51537e-163 1.65951e-163 
-12.0716 0.343669 -0.0374075 -1.0517e-07 0.662774 -0.662764 -1.0517e-07 1.0311 1.03101 0.113321 0.112223 -1.5835e-159 3.1674e-163 -4.30253e-163 4.71001e-163 
-12.068 0.343739 -0.0375407 -1.06326e-07 0.662751 -0.66274 -1.06326e-07 1.03131 1.03122 0.113733 0.112622 -2.3243e-159 4.62962e-163 -6.3342e-163 6.93151e-163 
-12.0643 0.34381 -0.0376744 -1.07493e-07 0.662727 -0.662717 -1.07493e-07 1.03153 1.03143 0.114146 0.113023 -2.28047e-159 4.52304e-163 -6.2333e-163 6.81856e-163 
-12.0606 0.343881 -0.0378085 -1.08674e-07 0.662704 -0.662693 -1.08674e-07 1.03174 1.03164 0.114561 0.113425 -9.50709e-160 1.87754e-163 -2.60636e-163 2.85002e-163 
-12.0569 0.343953 -0.037943 -1.09867e-07 0.66268 -0.662669 -1.09867e-07 1.03196 1.03186 0.114977 0.113829 2.07271e-159 -4.07569e-163 5.69925e-163 -6.22975e-163 
-12.0532 0.344025 -0.038078 -1.11074e-07 0.662656 -0.662645 -1.11074e-07 1.03218 1.03208 0.115394 0.114234 5.89525e-159 -1.15417e-162 1.62583e-162 -1.77651e-162 
-12.0495 0.344098 -0.0382135 -1.12294e-07 0.662632 -0.662621 -1.12294e-07 1.0324 1.03229 0.115814 0.11464 8.66793e-159 -1.68956e-162 2.39763e-162 -2.61888e-162 
-12.0459 0.344171 -0.0383494 -1.13526e-07 0.662607 -0.662597 -1.13526e-07 1.03262 1.03251 0.116234 0.115048 8.51982e-159 -1.65334e-162 2.36369e-162 -2.58086e-162 
-12.0422 0.344245 -0.0384857 -1.14773e-07 0.662583 -0.662572 -1.14773e-07 1.03284 1.03274 0.116656 0.115457 3.58002e-159 -6.91628e-163 9.96185e-163 -1.08731e-162 
-12.0385 0.344319 -0.0386225 -1.16033e-07 0.662558 -0.662547 -1.16033e-07 1.03307 1.03296 0.11708 0.115868 -7.67983e-159 1.477e-162 -2.14339e-162 2.3386e-162 
-12.0348 0.344394 -0.0387598 -1.17307e-07 0.662534 -0.662523 -1.17307e-07 1.03329 1.03318 0.117505 0.116279 -2.19474e-158 4.20179e-162 -6.14365e-162 6.70075e-162 
-12.0311 0.34447 -0.0388975 -1.18594e-07 0.662509 -0.662498 -1.18594e-07 1.03352 1.03341 0.117931 0.116693 -3.23248e-158 6.16019e-162 -9.07555e-162 9.89492e-162 
-12.0274 0.344545 -0.0390357 -1.19896e-07 0.662484 -0.662472 -1.19896e-07 1.03375 1.03364 0.118359 0.117107 -3.18296e-158 6.0378e-162 -8.9632e-162 9.76889e-162 
-12.0237 0.344622 -0.0391743 -1.21212e-07 0.662458 -0.662447 -1.21212e-07 1.03398 1.03387 0.118789 0.117523 -1.34795e-158 2.54504e-162 -3.80716e-162 4.14788e-162 
-12.0201 0.344699 -0.0393134 -1.22542e-07 0.662433 -0.662422 -1.22542e-07 1.03421 1.0341 0.11922 0.11794 2.84541e-158 -5.3471e-162 8.06058e-162 -8.77878e-162 
-12.0164 0.344776 -0.0394529 -1.23886e-07 0.662407 -0.662396 -1.23886e-07 1.03445 1.03433 0.119653 0.118359 8.17072e-158 -1.52816e-161 2.32154e-161 -2.52748e-161 
-12.0127 0.344854 -0.0395929 -1.25246e-07 0.662381 -0.66237 -1.25246e-07 1.03468 1.03456 0.120087 0.118779 1.20546e-157 -2.24379e-161 3.43529e-161 -3.73869e-161 
-12.009 0.344933 -0.0397334 -1.2662e-07 0.662356 -0.662344 -1.2662e-07 1.03492 1.0348 0.120523 0.1192 1.18913e-157 -2.2027e-161 3.39886e-161 -3.69772e-161 
-12.0053 0.345012 -0.0398744 -1.28009e-07 0.662329 -0.662318 -1.28009e-07 1.03516 1.03504 0.12096 0.119623 5.0748e-158 -9.35465e-162 1.45485e-161 -1.58221e-161 
-12.0016 0.345092 -0.0400157 -1.29413e-07 0.662303 -0.662292 -1.29413e-07 1.0354 1.03528 0.121399 0.120047 -1.05419e-157 1.9337e-161 -3.03119e-161 3.29537e-161 
-11.9979 0.345172 -0.0401576 -1.30832e-07 0.662277 -0.662265 -1.30832e-07 1.03564 1.03552 0.121839 0.120473 -3.04182e-157 5.55197e-161 -8.7725e-161 9.53366e-161 
-11.9943 0.345253 -0.0402999 -1.32267e-07 0.66225 -0.662239 -1.32267e-07 1.03589 1.03576 0.122281 0.1209 -4.4954e-157 8.16406e-161 -1.30033e-160 1.41266e-160 
-11.9906 0.345334 -0.0404427 -1.33718e-07 0.662223 -0.662212 -1.33718e-07 1.03613 1.036 0.122725 0.121328 -4.44243e-157 8.02715e-161 -1.28884e-160 1.39968e-160 
-11.9869 0.345416 -0.040586 -1.35184e-07 0.662196 -0.662185 -1.35184e-07 1.03638 1.03625 0.12317 0.121758 -1.91037e-157 3.43433e-161 -5.55894e-161 6.03487e-161 
-11.9832 0.345498 -0.0407297 -1.36666e-07 0.662169 -0.662158 -1.36666e-07 1.03663 1.0365 0.123617 0.122189 3.90545e-157 -6.98489e-161 1.13983e-160 -1.23699e-160 
-11.9795 0.345581 -0.040874 -1.38165e-07 0.662142 -0.66213 -1.38165e-07 1.03688 1.03674 0.124065 0.122622 1.13241e-156 -2.01481e-160 3.31488e-160 -3.59616e-160 
-11.9758 0.345665 -0.0410186 -1.39679e-07 0.662114 -0.662103 -1.39679e-07 1.03713 1.037 0.124515 0.123056 1.67641e-156 -2.96712e-160 4.92201e-160 -5.33779e-160 
-11.9722 0.345749 -0.0411638 -1.4121e-07 0.662087 -0.662075 -1.4121e-07 1.03739 1.03725 0.124966 0.123491 1.65962e-156 -2.92188e-160 4.88725e-160 -5.29824e-160 
-11.9685 0.345834 -0.0413094 -1.42758e-07 0.662059 -0.662047 -1.42758e-07 1.03764 1.0375 0.125419 0.123928 7.19069e-157 -1.25923e-160 2.12384e-160 -2.30164e-160 
-11.9648 0.345919 -0.0414555 -1.44323e-07 0.662031 -0.662019 -1.44323e-07 1.0379 1.03776 0.125874 0.124367 -1.44678e-156 2.51997e-160 -4.28598e-160 4.64318e-160 
-11.9611 0.346005 -0.0416021 -1.45905e-07 0.662003 -0.661991 -1.45905e-07 1.03816 1.03802 0.12633 0.124806 -4.21568e-156 7.30289e-160 -1.25259e-159 1.35652e-159 
-11.9574 0.346092 -0.0417492 -1.47503e-07 0.661974 -0.661963 -1.47503e-07 1.03842 1.03828 0.126788 0.125248 -6.2516e-156 1.07704e-159 -1.86307e-159 2.01695e-159 
-11.9537 0.346179 -0.0418967 -1.4912e-07 0.661946 -0.661934 -1.4912e-07 1.03869 1.03854 0.127248 0.12569 -6.2e-156 1.06224e-159 -1.85321e-159 2.00558e-159 
-11.95 0.346267 -0.0420447 -1.50753e-07 0.661917 -0.661905 -1.50753e-07 1.03895 1.0388 0.127709 0.126134 -2.70633e-156 4.61082e-160 -8.11349e-160 8.77758e-160 
-11.9464 0.346355 -0.0421933 -1.52405e-07 0.661888 -0.661876 -1.52405e-07 1.03922 1.03907 0.128172 0.12658 5.35938e-156 -9.07937e-160 1.61153e-159 -1.74283e-159 
-11.9427 0.346444 -0.0423422 -1.54074e-07 0.661859 -0.661847 -1.54074e-07 1.03949 1.03933 0.128636 0.127027 1.56939e-155 -2.64357e-159 4.73312e-159 -5.11702e-159 
-11.939 0.346534 -0.0424917 -1.55762e-07 0.66183 -0.661818 -1.55762e-07 1.03976 1.0396 0.129102 0.127475 2.3313e-155 -3.90441e-159 7.05199e-159 -7.62138e-159 
-11.9353 0.346624 -0.0426417 -1.57468e-07 0.6618 -0.661788 -1.57468e-07 1.04003 1.03987 0.12957 0.127925 2.31617e-155 -3.85655e-159 7.02714e-159 -7.59195e-159 
-11.9316 0.346715 -0.0427921 -1.59192e-07 0.661771 -0.661758 -1.59192e-07 1.04031 1.04014 0.130039 0.128376 1.01847e-155 -1.68586e-159 3.0992e-159 -3.34717e-159 
-11.9279 0.346806 -0.0429431 -1.60936e-07 0.661741 -0.661728 -1.60936e-07 1.04059 1.04042 0.13051 0.128829 -1.9852e-155 3.26663e-159 -6.05901e-159 6.54159e-159 
-11.9242 0.346899 -0.0430945 -1.62698e-07 0.661711 -0.661698 -1.62698e-07 1.04086 1.0407 0.130983 0.129283 -5.84235e-155 9.55601e-159 -1.78846e-158 1.93025e-158 
-11.9206 0.346991 -0.0432464 -1.64479e-07 0.66168 -0.661668 -1.64479e-07 1.04115 1.04097 0.131457 0.129739 -8.69368e-155 1.41339e-158 -2.66926e-158 2.87992e-158 
-11.9169 0.347085 -0.0433988 -1.66279e-07 0.66165 -0.661638 -1.66279e-07 1.04143 1.04125 0.131933 0.130196 -8.65259e-155 1.39813e-158 -2.66457e-158 2.8739e-158 
-11.9132 0.347179 -0.0435517 -1.681e-07 0.661619 -0.661607 -1.681e-07 1.04171 1.04154 0.132411 0.130655 -3.83241e-155 6.15444e-159 -1.18372e-158 1.27628e-158 
-11.9095 0.347274 -0.0437051 -1.69939e-07 0.661588 -0.661576 -1.69939e-07 1.042 1.04182 0.13289 0.131115 7.35315e-155 -1.17348e-158 2.27795e-158 -2.45526e-158 
-11.9058 0.347369 -0.043859 -1.71799e-07 0.661557 -0.661545 -1.71799e-07 1.04229 1.04211 0.133371 0.131577 2.17491e-154 -3.44909e-158 6.7578e-158 -7.28141e-158 
-11.9021 0.347465 -0.0440133 -1.73679e-07 0.661526 -0.661513 -1.73679e-07 1.04258 1.04239 0.133854 0.13204 3.24195e-154 -5.10859e-158 1.01033e-157 -1.08826e-157 
-11.8985 0.347562 -0.0441682 -1.7558e-07 0.661494 -0.661482 -1.7558e-07 1.04287 1.04269 0.134339 0.132505 3.23234e-154 -5.06075e-158 1.01034e-157 -1.08791e-157 
-11.8948 0.347659 -0.0443236 -1.77501e-07 0.661463 -0.66145 -1.77501e-07 1.04317 1.04298 0.134825 0.132971 1.44197e-154 -2.24299e-158 4.52067e-158 -4.86612e-158 
-11.8911 0.347757 -0.0444794 -1.79442e-07 0.661431 -0.661418 -1.79442e-07 1.04346 1.04327 0.135313 0.133438 -2.72345e-154 4.20857e-158 -8.56368e-158 9.21505e-158 
-11.8874 0.347856 -0.0446358 -1.81405e-07 0.661399 -0.661386 -1.81405e-07 1.04376 1.04357 0.135802 0.133907 -8.09637e-154 1.24285e-157 -2.55343e-157 2.74675e-157 
-11.8837 0.347955 -0.0447927 -1.83389e-07 0.661367 -0.661354 -1.83389e-07 1.04406 1.04387 0.136294 0.134378 -1.20894e-153 1.84339e-157 -3.82414e-157 4.11232e-157 
-11.88 0.348055 -0.0449501 -1.85395e-07 0.661334 -0.661321 -1.85395e-07 1.04437 1.04417 0.136787 0.13485 -1.20749e-153 1.82871e-157 -3.83093e-157 4.11828e-157 
-11.8763 0.348156 -0.0451079 -1.87422e-07 0.661301 -0.661288 -1.87422e-07 1.04467 1.04447 0.137281 0.135324 -5.425e-154 8.1598e-158 -1.72629e-157 1.85517e-157 
-11.8727 0.348258 -0.0452663 -1.89472e-07 0.661268 -0.661256 -1.89472e-07 1.04498 1.04477 0.137778 0.135799 1.00866e-153 -1.50665e-157 3.21923e-157 -3.45846e-157 
-11.869 0.34836 -0.0454252 -1.91543e-07 0.661235 -0.661222 -1.91543e-07 1.04529 1.04508 0.138276 0.136276 3.01395e-153 -4.4705e-157 9.64798e-157 -1.03616e-156 
-11.8653 0.348463 -0.0455846 -1.93637e-07 0.661202 -0.661189 -1.93637e-07 1.0456 1.04539 0.138776 0.136754 4.5082e-153 -6.63961e-157 1.44742e-156 -1.55398e-156 
-11.8616 0.348566 -0.0457445 -1.95754e-07 0.661168 -0.661155 -1.95754e-07 1.04592 1.0457 0.139278 0.137234 4.51071e-153 -6.59584e-157 1.45255e-156 -1.55898e-156 
-11.8579 0.348671 -0.0459049 -1.97893e-07 0.661134 -0.661121 -1.97893e-07 1.04623 1.04601 0.139782 0.137715 2.04081e-153 -2.96264e-157 6.59145e-157 -7.07217e-157 
-11.8542 0.348776 -0.0460658 -2.00056e-07 0.6611 -0.661087 -2.00056e-07 1.04655 1.04633 0.140287 0.138198 -3.73548e-153 5.38315e-157 -1.21009e-156 1.29793e-156 
-11.8506 0.348882 -0.0462273 -2.02242e-07 0.661066 -0.661053 -2.02242e-07 1.04687 1.04664 0.140794 0.138682 -1.12196e-152 1.60489e-156 -3.64535e-156 3.90872e-156 
-11.8469 0.348988 -0.0463892 -2.04451e-07 0.661032 -0.661019 -2.04451e-07 1.04719 1.04696 0.141303 0.139168 -1.68112e-152 2.38675e-156 -5.47836e-156 5.8723e-156 
-11.8432 0.349095 -0.0465517 -2.06685e-07 0.660997 -0.660984 -2.06685e-07 1.04752 1.04729 0.141814 0.139655 -1.68501e-152 2.3742e-156 -5.50742e-156 5.90158e-156 
-11.8395 0.349203 -0.0467146 -2.08943e-07 0.660962 -0.660949 -2.08943e-07 1.04785 1.04761 0.142326 0.140144 -7.67658e-153 1.07336e-156 -2.51654e-156 2.6958e-156 
-11.8358 0.349312 -0.0468781 -2.11225e-07 0.660927 -0.660914 -2.11225e-07 1.04818 1.04794 0.142841 0.140634 1.38333e-152 -1.91926e-156 4.54834e-156 -4.8708e-156 
-11.8321 0.349422 -0.0470421 -2.13532e-07 0.660892 -0.660878 -2.13532e-07 1.04851 1.04826 0.143357 0.141126 4.17653e-152 -5.74922e-156 1.37731e-155 -1.4745e-155 
-11.8284 0.349532 -0.0472066 -2.15864e-07 0.660856 -0.660843 -2.15864e-07 1.04884 1.0486 0.143875 0.14162 6.26887e-152 -8.56108e-156 2.07347e-155 -2.21908e-155 
-11.8248 0.349643 -0.0473717 -2.18221e-07 0.66082 -0.660807 -2.18221e-07 1.04918 1.04893 0.144395 0.142115 6.29444e-152 -8.52709e-156 2.08812e-155 -2.23406e-155 
-11.8211 0.349755 -0.0475372 -2.20603e-07 0.660784 -0.660771 -2.20603e-07 1.04952 1.04926 0.144916 0.142612 2.88731e-152 -3.87972e-156 9.60687e-156 -1.02751e-155 
-11.8174 0.349867 -0.0477033 -2.23011e-07 0.660748 -0.660734 -2.23011e-07 1.04986 1.0496 0.14544 0.14311 -5.12251e-152 6.82666e-156 -1.70947e-155 1.82781e-155 
-11.8137 0.349981 -0.0478699 -2.25445e-07 0.660711 -0.660698 -2.25445e-07 1.0502 1.04994 0.145965 0.14361 -1.55471e-151 2.05471e-155 -5.20375e-155 5.56228e-155 
-11.81 0.350095 -0.048037 -2.27906e-07 0.660674 -0.660661 -2.27906e-07 1.05055 1.05028 0.146492 0.144111 -2.33765e-151 3.06344e-155 -7.84756e-155 8.38567e-155 
-11.8063 0.35021 -0.0482047 -2.30393e-07 0.660637 -0.660624 -2.30393e-07 1.0509 1.05063 0.147021 0.144614 -2.35129e-151 3.05508e-155 -7.91684e-155 8.4571e-155 
-11.8026 0.350326 -0.0483728 -2.32907e-07 0.6606 -0.660586 -2.32907e-07 1.05125 1.05098 0.147552 0.145118 -1.08588e-151 1.39873e-155 -3.66704e-155 3.91609e-155 
-11.799 0.350442 -0.0485415 -2.35448e-07 0.660563 -0.660549 -2.35448e-07 1.0516 1.05133 0.148084 0.145625 1.89678e-151 -2.42191e-155 6.42448e-155 -6.85871e-155 
-11.7953 0.350559 -0.0487107 -2.38016e-07 0.660525 -0.660511 -2.38016e-07 1.05196 1.05168 0.148619 0.146132 5.78734e-151 -7.32423e-155 1.96602e-154 -2.09826e-154 
-11.7916 0.350678 -0.0488805 -2.40612e-07 0.660487 -0.660473 -2.40612e-07 1.05232 1.05203 0.149155 0.146641 8.71697e-151 -1.0933e-154 2.97004e-154 -3.16886e-154 
-11.7879 0.350797 -0.0490507 -2.43237e-07 0.660449 -0.660435 -2.43237e-07 1.05268 1.05239 0.149693 0.147152 8.78319e-151 -1.09161e-154 3.00148e-154 -3.20144e-154 
-11.7842 0.350916 -0.0492215 -2.45889e-07 0.66041 -0.660396 -2.45889e-07 1.05304 1.05275 0.150234 0.147665 4.08352e-151 -5.02847e-155 1.3996e-154 -1.49239e-154 
-11.7805 0.351037 -0.0493929 -2.4857e-07 0.660372 -0.660357 -2.4857e-07 1.05341 1.05311 0.150776 0.148179 -7.02306e-151 8.56766e-155 -2.41425e-154 2.57354e-154 
-11.7769 0.351158 -0.0495647 -2.5128e-07 0.660333 -0.660318 -2.5128e-07 1.05378 1.05348 0.15132 0.148694 -2.15429e-150 2.60328e-154 -7.42758e-154 7.91527e-154 
-11.7732 0.351281 -0.0497371 -2.54019e-07 0.660293 -0.660279 -2.54019e-07 1.05415 1.05384 0.151865 0.149211 -3.2505e-150 3.89036e-154 -1.12403e-153 1.19748e-153 
-11.7695 0.351404 -0.0499101 -2.56788e-07 0.660254 -0.66024 -2.56788e-07 1.05452 1.05421 0.152413 0.14973 -3.28091e-150 3.88867e-154 -1.13791e-153 1.2119e-153 
-11.7658 0.351528 -0.0500835 -2.59586e-07 0.660214 -0.6602 -2.59586e-07 1.0549 1.05458 0.152963 0.150251 -1.5355e-150 1.80205e-154 -5.34132e-154 5.68695e-154 
-11.7621 0.351653 -0.0502575 -2.62415e-07 0.660174 -0.66016 -2.62415e-07 1.05528 1.05496 0.153514 0.150773 2.60023e-150 -3.02118e-154 9.07184e-154 -9.65601e-154 
-11.7584 0.351778 -0.050432 -2.65274e-07 0.660134 -0.660119 -2.65274e-07 1.05566 1.05534 0.154068 0.151296 8.01911e-150 -9.22312e-154 2.80604e-153 -2.98585e-153 
-11.7547 0.351905 -0.0506071 -2.68164e-07 0.660093 -0.660079 -2.68164e-07 1.05604 1.05571 0.154623 0.151821 1.21208e-149 -1.37977e-153 4.25385e-153 -4.52511e-153 
-11.7511 0.352032 -0.0507827 -2.71085e-07 0.660052 -0.660038 -2.71085e-07 1.05643 1.0561 0.155181 0.152348 1.22555e-149 -1.3806e-153 4.31385e-153 -4.58759e-153 
-11.7474 0.352161 -0.0509589 -2.74038e-07 0.660011 -0.659997 -2.74038e-07 1.05682 1.05648 0.15574 0.152877 5.77338e-150 -6.43519e-154 2.0382e-153 -2.16691e-153 
-11.7437 0.35229 -0.0511355 -2.77022e-07 0.65997 -0.659955 -2.77022e-07 1.05721 1.05687 0.156301 0.153407 -9.62663e-150 1.06153e-153 -3.40858e-153 3.62276e-153 
-11.74 0.35242 -0.0513128 -2.80038e-07 0.659928 -0.659914 -2.80038e-07 1.05761 1.05726 0.156865 0.153938 -2.985e-149 3.25581e-153 -1.06005e-152 1.12633e-152 
-11.7363 0.352551 -0.0514905 -2.83087e-07 0.659886 -0.659872 -2.83087e-07 1.05801 1.05765 0.15743 0.154472 -4.51971e-149 4.87542e-153 -1.6098e-152 1.70997e-152 
-11.7326 0.352683 -0.0516688 -2.86168e-07 0.659844 -0.65983 -2.86168e-07 1.05841 1.05805 0.157997 0.155006 -4.57788e-149 4.88292e-153 -1.63534e-152 1.73659e-152 
-11.729 0.352816 -0.0518477 -2.89283e-07 0.659802 -0.659787 -2.89283e-07 1.05881 1.05845 0.158566 0.155543 -2.17058e-149 2.28891e-153 -7.77677e-153 8.25591e-153 
-11.7253 0.35295 -0.0520271 -2.92431e-07 0.659759 -0.659744 -2.92431e-07 1.05922 1.05885 0.159137 0.156081 3.56378e-149 -3.71473e-153 1.2806e-152 -1.35912e-152 
-11.7216 0.353084 -0.052207 -2.95613e-07 0.659716 -0.659701 -2.95613e-07 1.05963 1.05925 0.159711 0.156621 1.11111e-148 -1.1446e-152 4.00443e-152 -4.24872e-152 
-11.7179 0.35322 -0.0523875 -2.98829e-07 0.659673 -0.659658 -2.98829e-07 1.06004 1.05966 0.160286 0.157162 1.68534e-148 -1.71548e-152 6.09185e-152 -6.46165e-152 
-11.7142 0.353357 -0.0525685 -3.0208e-07 0.659629 -0.659614 -3.0208e-07 1.06046 1.06007 0.160863 0.157706 1.70999e-148 -1.71954e-152 6.19918e-152 -6.57363e-152 
-11.7105 0.353494 -0.0527501 -3.05366e-07 0.659585 -0.65957 -3.05366e-07 1.06087 1.06048 0.161442 0.15825 8.15992e-149 -8.10468e-153 2.96691e-152 -3.14524e-152 
-11.7068 0.353632 -0.0529322 -3.08686e-07 0.659541 -0.659526 -3.08686e-07 1.0613 1.0609 0.162023 0.158797 -1.31924e-148 1.29395e-152 -4.81083e-152 5.09855e-152 
-11.7032 0.353772 -0.0531149 -3.12043e-07 0.659497 -0.659482 -3.12043e-07 1.06172 1.06132 0.162606 0.159345 -4.13586e-148 4.0051e-152 -1.51265e-151 1.60267e-151 
-11.6995 0.353912 -0.0532981 -3.15435e-07 0.659452 -0.659437 -3.15435e-07 1.06215 1.06174 0.163192 0.159894 -6.28435e-148 6.00712e-152 -2.30521e-151 2.44171e-151 
-11.6958 0.354054 -0.0534819 -3.18864e-07 0.659407 -0.659392 -3.18864e-07 1.06258 1.06216 0.163779 0.160446 -6.38731e-148 6.02542e-152 -2.34987e-151 2.48832e-151 
-11.6921 0.354196 -0.0536662 -3.2233e-07 0.659362 -0.659347 -3.2233e-07 1.06301 1.06259 0.164368 0.160999 -3.06735e-148 2.85493e-152 -1.13178e-151 1.19813e-151 
-11.6884 0.354339 -0.0538511 -3.25833e-07 0.659316 -0.659301 -3.25833e-07 1.06344 1.06302 0.16496 0.161553 4.88327e-148 -4.48336e-152 1.80712e-151 -1.91253e-151 
-11.6847 0.354483 -0.0540365 -3.29373e-07 0.65927 -0.659255 -3.29373e-07 1.06388 1.06345 0.165553 0.162109 1.53947e-147 -1.39386e-151 5.71374e-151 -6.04537e-151 
-11.681 0.354629 -0.0542225 -3.32952e-07 0.659224 -0.659209 -3.32952e-07 1.06433 1.06389 0.166148 0.162667 2.34332e-147 -2.09183e-151 8.72277e-151 -9.22652e-151 
-11.6774 0.354775 -0.054409 -3.36569e-07 0.659178 -0.659162 -3.36569e-07 1.06477 1.06432 0.166746 0.163227 2.38583e-147 -2.09927e-151 8.90707e-151 -9.41887e-151 
-11.6737 0.354922 -0.0545961 -3.40224e-07 0.659131 -0.659115 -3.40224e-07 1.06522 1.06477 0.167346 0.163788 1.15294e-147 -9.99661e-152 4.31692e-151 -4.56373e-151 
-11.67 0.355071 -0.0547837 -3.43919e-07 0.659084 -0.659068 -3.43919e-07 1.06567 1.06521 0.167947 0.164351 -1.80747e-147 1.54389e-151 -6.78753e-151 7.17364e-151 
-11.6663 0.35522 -0.0549719 -3.47653e-07 0.659036 -0.659021 -3.47653e-07 1.06613 1.06566 0.168551 0.164916 -5.73024e-147 4.82046e-151 -2.15816e-150 2.28031e-150 
-11.6626 0.35537 -0.0551607 -3.51427e-07 0.658989 -0.658973 -3.51427e-07 1.06658 1.06611 0.169157 0.165482 -8.73777e-147 7.23703e-151 -3.30051e-150 3.48638e-150 
-11.6589 0.355522 -0.05535 -3.55241e-07 0.658941 -0.658925 -3.55241e-07 1.06704 1.06656 0.169765 0.16605 -8.91161e-147 7.26485e-151 -3.37603e-150 3.56519e-150 
-11.6553 0.355674 -0.0555399 -3.59097e-07 0.658892 -0.658876 -3.59097e-07 1.06751 1.06702 0.170375 0.16662 -4.33329e-147 3.47585e-151 -1.64641e-150 1.73819e-150 
-11.6516 0.355827 -0.0557303 -3.62993e-07 0.658844 -0.658828 -3.62993e-07 1.06798 1.06748 0.170987 0.167191 6.68972e-147 -5.27814e-151 2.54915e-150 -2.69054e-150 
-11.6479 0.355982 -0.0559213 -3.66932e-07 0.658795 -0.658779 -3.66932e-07 1.06845 1.06795 0.171601 0.167764 2.13289e-146 -1.65472e-150 8.15127e-150 -8.60109e-150 
-11.6442 0.356138 -0.0561129 -3.70912e-07 0.658745 -0.658729 -3.70912e-07 1.06892 1.06841 0.172218 0.168339 3.25812e-146 -2.48455e-150 1.24879e-149 -1.31735e-149 
-11.6405 0.356294 -0.056305 -3.74935e-07 0.658696 -0.65868 -3.74935e-07 1.0694 1.06888 0.172836 0.168915 3.32866e-146 -2.49412e-150 1.27955e-149 -1.34945e-149 
-11.6368 0.356452 -0.0564976 -3.79001e-07 0.658646 -0.65863 -3.79001e-07 1.06988 1.06936 0.173457 0.169493 1.62853e-146 -1.19852e-150 6.27843e-150 -6.61965e-150 
-11.6331 0.356611 -0.0566909 -3.8311e-07 0.658595 -0.658579 -3.8311e-07 1.07036 1.06983 0.17408 0.170073 -2.47581e-146 1.78893e-150 -9.57274e-150 1.00904e-149 
-11.6295 0.356771 -0.0568847 -3.87263e-07 0.658545 -0.658529 -3.87263e-07 1.07085 1.07031 0.174705 0.170654 -7.93893e-146 5.62969e-150 -3.07855e-149 3.24416e-149 
-11.6258 0.356932 -0.057079 -3.91461e-07 0.658494 -0.658478 -3.91461e-07 1.07134 1.0708 0.175332 0.171237 -1.21487e-145 8.45107e-150 -4.72473e-149 4.97761e-149 
-11.6221 0.357094 -0.057274 -3.95703e-07 0.658443 -0.658426 -3.95703e-07 1.07184 1.07128 0.175961 0.171822 -1.24331e-145 8.48052e-150 -4.84939e-149 5.10762e-149 
-11.6184 0.357257 -0.0574695 -3.99991e-07 0.658391 -0.658375 -3.99991e-07 1.07233 1.07177 0.176593 0.172408 -6.1199e-146 4.09117e-150 -2.39395e-149 2.52078e-149 
-11.6147 0.357422 -0.0576655 -4.04324e-07 0.658339 -0.658323 -4.04324e-07 1.07284 1.07226 0.177227 0.172997 9.16219e-146 -5.99995e-150 3.59444e-149 -3.78389e-149 
-11.611 0.357587 -0.0578621 -4.08704e-07 0.658287 -0.65827 -4.08704e-07 1.07334 1.07276 0.177863 0.173586 2.95495e-145 -1.89461e-149 1.16263e-148 -1.2236e-148 
-11.6074 0.357754 -0.0580593 -4.1313e-07 0.658234 -0.658218 -4.1313e-07 1.07385 1.07326 0.178501 0.174178 4.52992e-145 -2.84216e-149 1.78749e-148 -1.88074e-148 
-11.6037 0.357921 -0.0582571 -4.17603e-07 0.658181 -0.658164 -4.17603e-07 1.07436 1.07376 0.179141 0.174771 4.6439e-145 -2.84959e-149 1.83778e-148 -1.93316e-148 
-11.6 0.35809 -0.0584554 -4.22125e-07 0.658128 -0.658111 -4.22125e-07 1.07488 1.07427 0.179783 0.175366 2.29964e-145 -1.37925e-149 9.12702e-149 -9.59828e-149 
-11.5963 0.35826 -0.0586543 -4.26694e-07 0.658074 -0.658057 -4.26694e-07 1.0754 1.07478 0.180428 0.175963 -3.39043e-145 1.98633e-149 -1.34952e-148 1.41885e-148 
-11.5926 0.358432 -0.0588537 -4.31312e-07 0.65802 -0.658003 -4.31312e-07 1.07592 1.0753 0.181075 0.176561 -1.09985e-144 6.29017e-149 -4.39053e-148 4.6149e-148 
-11.5889 0.358604 -0.0590537 -4.35979e-07 0.657966 -0.657949 -4.35979e-07 1.07644 1.07581 0.181724 0.177161 -1.68908e-144 9.42338e-149 -6.76218e-148 7.10597e-148 
-11.5852 0.358778 -0.0592543 -4.40696e-07 0.657911 -0.657894 -4.40696e-07 1.07697 1.07633 0.182375 0.177763 -1.73454e-144 9.43312e-149 -6.96427e-148 7.31651e-148 
-11.5816 0.358953 -0.0594555 -4.45463e-07 0.657856 -0.657839 -4.45463e-07 1.07751 1.07686 0.183029 0.178366 -8.64064e-145 4.57718e-149 -3.4793e-148 3.65437e-148 
-11.5779 0.359129 -0.0596572 -4.5028e-07 0.6578 -0.657783 -4.5028e-07 1.07805 1.07739 0.183685 0.178972 1.25453e-144 -6.46788e-149 5.06618e-148 -5.31978e-148 
-11.5742 0.359306 -0.0598595 -4.55149e-07 0.657744 -0.657727 -4.55149e-07 1.07859 1.07792 0.184343 0.179579 4.09369e-144 -2.05234e-148 1.65793e-147 -1.74049e-147 
-11.5705 0.359484 -0.0600624 -4.6007e-07 0.657688 -0.657671 -4.6007e-07 1.07913 1.07845 0.185003 0.180187 6.29803e-144 -3.06757e-148 2.55803e-147 -2.68476e-147 
-11.5668 0.359664 -0.0602658 -4.65043e-07 0.657632 -0.657615 -4.65043e-07 1.07968 1.07899 0.185666 0.180798 6.47859e-144 -3.0627e-148 2.63895e-147 -2.76901e-147 
-11.5631 0.359845 -0.0604698 -4.70069e-07 0.657575 -0.657558 -4.70069e-07 1.08023 1.07953 0.186331 0.18141 3.2464e-144 -1.48802e-148 1.32618e-147 -1.3912e-147 
-11.5594 0.360027 -0.0606744 -4.75148e-07 0.657517 -0.6575 -4.75148e-07 1.08079 1.08008 0.186998 0.182023 -4.64176e-144 2.06061e-148 -1.90165e-147 1.9944e-147 
-11.5558 0.36021 -0.0608796 -4.80281e-07 0.65746 -0.657443 -4.80281e-07 1.08135 1.08063 0.187668 0.182639 -1.52367e-143 6.54326e-148 -6.26018e-147 6.56392e-147 
-11.5521 0.360395 -0.0610853 -4.85469e-07 0.657402 -0.657384 -4.85469e-07 1.08192 1.08118 0.18834 0.183256 -2.34832e-143 9.74318e-148 -9.67609e-147 1.01431e-146 
-11.5484 0.360581 -0.0612916 -4.90711e-07 0.657343 -0.657326 -4.90711e-07 1.08248 1.08174 0.189014 0.183875 -2.41977e-143 9.68641e-148 -9.99909e-147 1.04792e-146 
-11.5447 0.360768 -0.0614985 -4.9601e-07 0.657284 -0.657267 -4.9601e-07 1.08306 1.0823 0.18969 0.184495 -1.21963e-143 4.70355e-148 -5.05428e-147 5.2957e-147 
-11.541 0.360956 -0.0617059 -5.01364e-07 0.657225 -0.657208 -5.01364e-07 1.08363 1.08287 0.190369 0.185118 1.71733e-143 -6.37043e-148 7.13721e-147 -7.47635e-147 
-11.5373 0.361146 -0.0619139 -5.06775e-07 0.657166 -0.657148 -5.06775e-07 1.08421 1.08344 0.19105 0.185742 5.67104e-143 -2.01997e-147 2.36363e-146 -2.47536e-146 
-11.5337 0.361337 -0.0621225 -5.12244e-07 0.657106 -0.657088 -5.12244e-07 1.0848 1.08401 0.191733 0.186368 8.75606e-143 -2.98912e-147 3.65988e-146 -3.83197e-146 
-11.53 0.36153 -0.0623317 -5.1777e-07 0.657045 -0.657028 -5.1777e-07 1.08539 1.08459 0.192419 0.186995 9.0378e-143 -2.95092e-147 3.78844e-146 -3.96565e-146 
-11.5263 0.361723 -0.0625414 -5.23355e-07 0.656985 -0.656967 -5.23355e-07 1.08598 1.08517 0.193107 0.187624 4.58168e-143 -1.42759e-147 1.92603e-146 -2.01565e-146 
-11.5226 0.361918 -0.0627517 -5.29e-07 0.656923 -0.656906 -5.29e-07 1.08658 1.08575 0.193797 0.188255 -6.35326e-143 1.88443e-147 -2.67838e-146 2.80236e-146 
-11.5189 0.362115 -0.0629626 -5.34703e-07 0.656862 -0.656844 -5.34703e-07 1.08718 1.08634 0.19449 0.188888 -2.11072e-142 5.94325e-147 -8.92365e-146 9.33455e-146 
-11.5152 0.362312 -0.0631741 -5.40468e-07 0.6568 -0.656782 -5.40468e-07 1.08778 1.08694 0.195185 0.189522 -3.2648e-142 8.70023e-147 -1.38422e-145 1.44762e-145 
-11.5115 0.362511 -0.0633861 -5.46293e-07 0.656737 -0.656719 -5.46293e-07 1.08839 1.08753 0.195883 0.190158 -3.37557e-142 8.48423e-147 -1.43526e-145 1.50066e-145 
-11.5079 0.362712 -0.0635987 -5.5218e-07 0.656675 -0.656657 -5.5218e-07 1.089 1.08814 0.196583 0.190796 -1.72105e-142 4.06412e-147 -7.33855e-146 7.67117e-146 
-11.5042 0.362913 -0.0638119 -5.58129e-07 0.656611 -0.656593 -5.58129e-07 1.08962 1.08874 0.197285 0.191436 2.35023e-142 -5.19134e-147 1.00499e-145 -1.0503e-145 
-11.5005 0.363117 -0.0640256 -5.64141e-07 0.656548 -0.65653 -5.64141e-07 1.09024 1.08935 0.19799 0.192077 7.85585e-142 -1.61497e-146 3.36879e-145 -3.51988e-145 
-11.4968 0.363321 -0.06424 -5.70216e-07 0.656484 -0.656466 -5.70216e-07 1.09087 1.08996 0.198697 0.19272 1.21731e-141 -2.31542e-146 5.23496e-145 -5.46851e-145 
-11.4931 0.363527 -0.0644549 -5.76355e-07 0.656419 -0.656401 -5.76355e-07 1.0915 1.09058 0.199406 0.193365 1.26075e-141 -2.20359e-146 5.43713e-145 -5.67842e-145 
-11.4894 0.363734 -0.0646703 -5.8256e-07 0.656354 -0.656336 -5.8256e-07 1.09214 1.0912 0.200118 0.194011 6.46448e-142 -1.02982e-146 2.79578e-145 -2.91919e-145 
-11.4857 0.363943 -0.0648864 -5.8883e-07 0.656289 -0.656271 -5.8883e-07 1.09278 1.09183 0.200833 0.194659 -8.6935e-142 1.24985e-146 -3.77042e-145 3.93599e-145 
-11.4821 0.364153 -0.065103 -5.95165e-07 0.656223 -0.656205 -5.95165e-07 1.09342 1.09246 0.20155 0.195309 -2.92383e-141 3.74763e-146 -1.27167e-144 1.32721e-144 
-11.4784 0.364365 -0.0653202 -6.01568e-07 0.656157 -0.656139 -6.01568e-07 1.09407 1.09309 0.202269 0.195961 -4.53884e-141 5.10737e-146 -1.97966e-144 2.06567e-144 
-11.4747 0.364578 -0.065538 -6.08038e-07 0.656091 -0.656072 -6.08038e-07 1.09472 1.09373 0.20299 0.196614 -4.70876e-141 4.55902e-146 -2.05956e-144 2.14858e-144 
-11.471 0.364792 -0.0657563 -6.14577e-07 0.656024 -0.656005 -6.14577e-07 1.09538 1.09438 0.203715 0.197269 -2.42799e-141 1.96805e-146 -1.06497e-144 1.11075e-144 
-11.4673 0.365008 -0.0659752 -6.21184e-07 0.655956 -0.655937 -6.21184e-07 1.09604 1.09502 0.204441 0.197926 3.2155e-141 -2.0977e-146 1.41436e-144 -1.47485e-144 
-11.4636 0.365226 -0.0661947 -6.27861e-07 0.655888 -0.655869 -6.27861e-07 1.09671 1.09568 0.20517 0.198584 1.08819e-140 -5.37132e-146 4.79996e-144 -5.00415e-144 
-11.46 0.365445 -0.0664148 -6.34608e-07 0.65582 -0.655801 -6.34608e-07 1.09738 1.09633 0.205902 0.199244 1.69233e-140 -5.65671e-146 7.48572e-144 -7.80247e-144 
-11.4563 0.365665 -0.0666354 -6.41426e-07 0.655751 -0.655732 -6.41426e-07 1.09806 1.09699 0.206636 0.199906 1.75865e-140 -3.06602e-146 7.80091e-144 -8.12926e-144 
-11.4526 0.365887 -0.0668566 -6.48315e-07 0.655682 -0.655663 -6.48315e-07 1.09874 1.09766 0.207372 0.20057 9.11866e-141 -1.26271e-147 4.05613e-144 -4.22596e-144 
-11.4489 0.36611 -0.0670784 -6.55277e-07 0.655612 -0.655593 -6.55277e-07 1.09943 1.09833 0.208111 0.201235 -1.18925e-140 -1.75081e-146 -5.30478e-144 5.52571e-144 
-11.4452 0.366335 -0.0673008 -6.62313e-07 0.655542 -0.655523 -6.62313e-07 1.10012 1.09901 0.208853 0.201902 -4.05002e-140 -1.25091e-145 -1.81161e-143 1.88666e-143 
-11.4415 0.366562 -0.0675237 -6.69422e-07 0.655471 -0.655452 -6.69422e-07 1.10081 1.09968 0.209597 0.202571 -6.30989e-140 -2.97252e-145 -2.83036e-143 2.94699e-143 
-11.4378 0.366789 -0.0677472 -6.76605e-07 0.6554 -0.655381 -6.76605e-07 1.10151 1.10037 0.210343 0.203242 -6.56825e-140 -4.16355e-145 -2.95447e-143 3.07557e-143 
-11.4342 0.367019 -0.0679712 -6.83865e-07 0.655329 -0.655309 -6.83865e-07 1.10222 1.10106 0.211092 0.203914 -3.42444e-140 -2.73021e-145 -1.54464e-143 1.60762e-143 
-11.4305 0.36725 -0.0681959 -6.912e-07 0.655257 -0.655237 -6.912e-07 1.10293 1.10175 0.211844 0.204588 4.39809e-140 4.22761e-145 1.98935e-143 -2.07003e-143 
-11.4268 0.367483 -0.0684211 -6.98612e-07 0.655184 -0.655165 -6.98612e-07 1.10364 1.10245 0.212598 0.205263 1.50731e-139 1.69691e-144 6.83683e-143 -7.11264e-143 
-11.4231 0.367717 -0.0686469 -7.06102e-07 0.655111 -0.655092 -7.06102e-07 1.10436 1.10315 0.213355 0.205941 2.35265e-139 3.03707e-144 1.07007e-142 -1.11301e-142 
-11.4194 0.367953 -0.0688732 -7.1367e-07 0.655038 -0.655018 -7.1367e-07 1.10509 1.10386 0.214114 0.20662 2.4531e-139 3.57327e-144 1.11886e-142 -1.16352e-142 
-11.4157 0.36819 -0.0691001 -7.21318e-07 0.654964 -0.654944 -7.21318e-07 1.10582 1.10457 0.214876 0.2073 1.28594e-139 2.087e-144 5.88142e-143 -6.11494e-143 
-11.4121 0.368429 -0.0693276 -7.29046e-07 0.654889 -0.65487 -7.29046e-07 1.10655 1.10529 0.21564 0.207983 -1.62639e-139 -2.91095e-144 -7.4591e-143 7.75368e-143 
-11.4084 0.36867 -0.0695556 -7.36854e-07 0.654814 -0.654795 -7.36854e-07 1.10729 1.10601 0.216407 0.208667 -5.60976e-139 -1.098e-143 -2.57991e-142 2.68126e-142 
-11.4047 0.368912 -0.0697842 -7.44745e-07 0.654739 -0.654719 -7.44745e-07 1.10804 1.10674 0.217177 0.209353 -8.77181e-139 -1.86433e-143 -4.04526e-142 4.20334e-142 
-11.401 0.369156 -0.0700134 -7.52718e-07 0.654663 -0.654643 -7.52718e-07 1.10879 1.10747 0.217949 0.21004 -9.16172e-139 -2.10172e-143 -4.23673e-142 4.4014e-142 
-11.3973 0.369402 -0.0702432 -7.60774e-07 0.654587 -0.654567 -7.60774e-07 1.10955 1.10821 0.218723 0.21073 -4.82866e-139 -1.18943e-143 -2.2391e-142 2.32567e-142 
-11.3936 0.369649 -0.0704735 -7.68914e-07 0.65451 -0.65449 -7.68914e-07 1.11031 1.10895 0.219501 0.21142 6.01386e-139 1.58352e-143 2.79636e-142 -2.90391e-142 
-11.3899 0.369898 -0.0707044 -7.77139e-07 0.654432 -0.654412 -7.77139e-07 1.11107 1.10969 0.220281 0.212113 2.08776e-138 5.85313e-143 9.73447e-142 -1.01069e-141 
-11.3863 0.370149 -0.0709358 -7.8545e-07 0.654354 -0.654334 -7.8545e-07 1.11185 1.11045 0.221063 0.212807 3.27054e-138 9.72843e-143 1.52911e-141 -1.5873e-141 
-11.3826 0.370401 -0.0711678 -7.93848e-07 0.654276 -0.654256 -7.93848e-07 1.11262 1.1112 0.221848 0.213503 3.42165e-138 1.07651e-142 1.60415e-141 -1.66487e-141 
-11.3789 0.370655 -0.0714004 -8.02333e-07 0.654197 -0.654177 -8.02333e-07 1.1134 1.11196 0.222636 0.214201 1.81304e-138 6.01639e-143 8.52317e-142 -8.84408e-142 
-11.3752 0.370911 -0.0716335 -8.10907e-07 0.654118 -0.654097 -8.10907e-07 1.11419 1.11273 0.223427 0.2149 -2.22356e-138 -7.76294e-143 -1.04816e-141 1.08742e-141 
-11.3715 0.371168 -0.0718672 -8.1957e-07 0.654038 -0.654017 -8.1957e-07 1.11499 1.1135 0.22422 0.215601 -7.76987e-138 -2.84737e-142 -3.67262e-141 3.80945e-141 
-11.3678 0.371427 -0.0721014 -8.28324e-07 0.653957 -0.653937 -8.28324e-07 1.11579 1.11428 0.225016 0.216304 -1.2194e-137 -4.68083e-142 -5.7795e-141 5.99367e-141 
-11.3641 0.371688 -0.0723362 -8.37168e-07 0.653876 -0.653856 -8.37168e-07 1.11659 1.11506 0.225814 0.217009 -1.27788e-137 -5.12844e-142 -6.07314e-141 6.29701e-141 
-11.3605 0.371951 -0.0725716 -8.46105e-07 0.653795 -0.653774 -8.46105e-07 1.1174 1.11585 0.226615 0.217715 -6.80708e-138 -2.85111e-142 -3.24386e-141 3.36281e-141 
-11.3568 0.372215 -0.0728075 -8.55134e-07 0.653712 -0.653692 -8.55134e-07 1.11822 1.11665 0.227419 0.218422 8.22077e-138 3.58776e-142 3.92817e-141 -4.07145e-141 
-11.3531 0.372482 -0.0730439 -8.64258e-07 0.65363 -0.653609 -8.64258e-07 1.11904 1.11744 0.228226 0.219132 2.89163e-137 1.31299e-141 1.38546e-140 -1.43573e-140 
-11.3494 0.37275 -0.073281 -8.73476e-07 0.653547 -0.653526 -8.73476e-07 1.11987 1.11825 0.229035 0.219843 4.54643e-137 2.14486e-141 2.18422e-140 -2.26305e-140 
-11.3457 0.37302 -0.0735185 -8.82789e-07 0.653463 -0.653442 -8.82789e-07 1.1207 1.11906 0.229847 0.220556 4.77244e-137 2.33625e-141 2.29899e-140 -2.38153e-140 
-11.342 0.373291 -0.0737567 -8.922e-07 0.653379 -0.653358 -8.922e-07 1.12154 1.11987 0.230661 0.22127 2.55558e-137 1.29658e-141 1.2344e-140 -1.27849e-140 
-11.3384 0.373565 -0.0739953 -9.01708e-07 0.653294 -0.653273 -9.01708e-07 1.12238 1.12069 0.231479 0.221986 -3.03908e-137 -1.59623e-141 -1.47189e-140 1.52418e-140 
-11.3347 0.37384 -0.0742346 -9.11315e-07 0.653208 -0.653187 -9.11315e-07 1.12323 1.12152 0.232299 0.222704 -1.07613e-136 -5.84531e-141 -5.22594e-140 5.41063e-140 
-11.331 0.374117 -0.0744743 -9.21021e-07 0.653123 -0.653101 -9.21021e-07 1.12409 1.12235 0.233122 0.223423 -1.69509e-136 -9.51251e-141 -8.25382e-140 8.54399e-140 
-11.3273 0.374396 -0.0747147 -9.30828e-07 0.653036 -0.653015 -9.30828e-07 1.12495 1.12319 0.233947 0.224144 -1.78233e-136 -1.0324e-140 -8.70185e-140 9.00617e-140 
-11.3236 0.374677 -0.0749555 -9.40736e-07 0.652949 -0.652928 -9.40736e-07 1.12582 1.12403 0.234775 0.224867 -9.5939e-137 -5.7311e-141 -4.69656e-140 4.85995e-140 
-11.3199 0.37496 -0.0751969 -9.50747e-07 0.652861 -0.65284 -9.50747e-07 1.12669 1.12488 0.235607 0.225591 1.12341e-136 6.91518e-141 5.51417e-140 -5.705e-140 
-11.3162 0.375245 -0.0754389 -9.60861e-07 0.652773 -0.652752 -9.60861e-07 1.12757 1.12574 0.23644 0.226317 4.00484e-136 2.53827e-140 1.97099e-139 -2.03885e-139 
-11.3126 0.375532 -0.0756814 -9.7108e-07 0.652684 -0.652663 -9.7108e-07 1.12846 1.1266 0.237277 0.227044 6.31993e-136 4.12128e-140 3.11864e-139 -3.22545e-139 
-11.3089 0.37582 -0.0759244 -9.81405e-07 0.652595 -0.652573 -9.81405e-07 1.12935 1.12746 0.238116 0.227773 6.65626e-136 4.46286e-140 3.29334e-139 -3.40554e-139 
-11.3052 0.376111 -0.076168 -9.91836e-07 0.652505 -0.652483 -9.91836e-07 1.13025 1.12833 0.238958 0.228504 3.60144e-136 2.48105e-140 1.78662e-139 -1.84718e-139 
-11.3015 0.376403 -0.0764121 -1.00237e-06 0.652415 -0.652393 -1.00237e-06 1.13116 1.12921 0.239803 0.229236 -4.15238e-136 -2.93738e-140 -2.06539e-139 2.13503e-139 
-11.2978 0.376698 -0.0766568 -1.01302e-06 0.652323 -0.652302 -1.01302e-06 1.13207 1.13009 0.240651 0.22997 -1.49039e-135 -1.08195e-139 -7.4328e-139 7.68212e-139 
-11.2941 0.376994 -0.0769019 -1.02378e-06 0.652232 -0.65221 -1.02378e-06 1.13299 1.13098 0.241502 0.230706 -2.35629e-135 -1.7544e-139 -1.17822e-138 1.21753e-138 
-11.2905 0.377293 -0.0771477 -1.03465e-06 0.652139 -0.652118 -1.03465e-06 1.13391 1.13188 0.242355 0.231443 -2.48582e-135 -1.89726e-139 -1.24626e-138 1.28763e-138 
-11.2868 0.377593 -0.0773939 -1.04563e-06 0.652046 -0.652025 -1.04563e-06 1.13484 1.13278 0.243211 0.232182 -1.35186e-135 -1.05711e-139 -6.79536e-139 7.01979e-139 
-11.2831 0.377895 -0.0776407 -1.05672e-06 0.651953 -0.651931 -1.05672e-06 1.13578 1.13369 0.24407 0.232922 1.5347e-135 1.22893e-139 7.73465e-139 -7.98879e-139 
-11.2794 0.3782 -0.077888 -1.06793e-06 0.651859 -0.651837 -1.06793e-06 1.13672 1.1346 0.244932 0.233664 5.5464e-135 4.54595e-139 2.80263e-138 -2.89424e-138 
-11.2757 0.378506 -0.0781358 -1.07925e-06 0.651764 -0.651742 -1.07925e-06 1.13767 1.13552 0.245797 0.234407 8.78502e-135 7.36659e-139 4.45074e-138 -4.59548e-138 
-11.272 0.378815 -0.0783841 -1.09069e-06 0.651669 -0.651646 -1.09069e-06 1.13863 1.13644 0.246665 0.235152 9.28335e-135 7.96066e-139 4.71548e-138 -4.86805e-138 
-11.2683 0.379125 -0.078633 -1.10225e-06 0.651573 -0.65155 -1.10225e-06 1.13959 1.13738 0.247535 0.235899 5.07417e-135 4.44782e-139 2.58414e-138 -2.66733e-138 
-11.2647 0.379438 -0.0788824 -1.11392e-06 0.651476 -0.651454 -1.11392e-06 1.14056 1.13831 0.248409 0.236647 -5.67167e-135 -5.07991e-139 -2.89594e-138 2.98869e-138 
-11.261 0.379753 -0.0791323 -1.12572e-06 0.651379 -0.651356 -1.12572e-06 1.14154 1.13926 0.249285 0.237397 -2.06403e-134 -1.88824e-138 -1.05663e-137 1.0903e-137 
-11.2573 0.38007 -0.0793827 -1.13763e-06 0.651281 -0.651258 -1.13763e-06 1.14252 1.14021 0.250164 0.238148 -3.27532e-134 -3.05933e-138 -1.68106e-137 1.73435e-137 
-11.2536 0.380389 -0.0796337 -1.14967e-06 0.651182 -0.65116 -1.14967e-06 1.14351 1.14117 0.251046 0.238901 -3.46686e-134 -3.3051e-138 -1.78396e-137 1.84024e-137 
-11.2499 0.38071 -0.0798851 -1.16183e-06 0.651083 -0.651061 -1.16183e-06 1.14451 1.14213 0.251931 0.239655 -1.90447e-134 -1.85246e-138 -9.82525e-138 1.01336e-137 
-11.2462 0.381033 -0.0801371 -1.17412e-06 0.650983 -0.650961 -1.17412e-06 1.14552 1.1431 0.252819 0.240411 2.09587e-134 2.0793e-138 1.08405e-137 -1.1179e-137 
-11.2425 0.381358 -0.0803895 -1.18653e-06 0.650883 -0.65086 -1.18653e-06 1.14653 1.14407 0.253709 0.241169 7.68101e-134 7.76987e-138 3.98307e-137 -4.10683e-137 
-11.2389 0.381686 -0.0806425 -1.19907e-06 0.650782 -0.650759 -1.19907e-06 1.14755 1.14506 0.254603 0.241927 1.22113e-133 1.25911e-137 6.34856e-137 -6.54483e-137 
-11.2352 0.382016 -0.080896 -1.21173e-06 0.65068 -0.650657 -1.21173e-06 1.14857 1.14605 0.2555 0.242688 1.29469e-133 1.36032e-137 6.74817e-137 -6.95576e-137 
-11.2315 0.382348 -0.0811499 -1.22453e-06 0.650577 -0.650554 -1.22453e-06 1.1496 1.14704 0.256399 0.24345 7.14763e-134 7.65048e-138 3.735e-137 -3.84933e-137 
-11.2278 0.382682 -0.0814044 -1.23745e-06 0.650474 -0.650451 -1.23745e-06 1.15064 1.14805 0.257302 0.244213 -7.74423e-134 -8.44175e-138 -4.05707e-137 4.18064e-137 
-11.2241 0.383018 -0.0816594 -1.25051e-06 0.650371 -0.650347 -1.25051e-06 1.15169 1.14905 0.258207 0.244978 -2.85835e-133 -3.17233e-137 -1.50125e-136 1.54675e-136 
-11.2204 0.383357 -0.0819148 -1.2637e-06 0.650266 -0.650243 -1.2637e-06 1.15274 1.15007 0.259115 0.245744 -4.5527e-133 -5.14313e-137 -2.39721e-136 2.46951e-136 
-11.2168 0.383697 -0.0821707 -1.27703e-06 0.650161 -0.650138 -1.27703e-06 1.1538 1.15109 0.260027 0.246512 -4.83492e-133 -5.55816e-137 -2.55225e-136 2.62885e-136 
-11.2131 0.384041 -0.0824272 -1.29049e-06 0.650055 -0.650032 -1.29049e-06 1.15487 1.15212 0.260941 0.247282 -2.68242e-133 -3.13722e-137 -1.41957e-136 1.46197e-136 
-11.2094 0.384386 -0.0826841 -1.30409e-06 0.649949 -0.649925 -1.30409e-06 1.15595 1.15316 0.261859 0.248052 2.86125e-133 3.40367e-137 1.51802e-136 -1.56314e-136 
-11.2057 0.384734 -0.0829415 -1.31782e-06 0.649841 -0.649818 -1.31782e-06 1.15703 1.1542 0.262779 0.248824 1.06367e-132 1.28668e-136 5.65745e-136 -5.82478e-136 
-11.202 0.385084 -0.0831994 -1.3317e-06 0.649733 -0.64971 -1.3317e-06 1.15812 1.15525 0.263702 0.249598 1.69736e-132 2.08742e-136 9.05054e-136 -9.31693e-136 
-11.1983 0.385436 -0.0834577 -1.34571e-06 0.649625 -0.649601 -1.34571e-06 1.15922 1.15631 0.264629 0.250373 1.80555e-132 2.25696e-136 9.65154e-136 -9.93426e-136 
-11.1946 0.385791 -0.0837165 -1.35987e-06 0.649515 -0.649492 -1.35987e-06 1.16033 1.15737 0.265558 0.25115 1.00663e-132 1.2787e-136 5.39433e-136 -5.55159e-136 
-11.191 0.386148 -0.0839758 -1.37417e-06 0.649405 -0.649382 -1.37417e-06 1.16144 1.15844 0.26649 0.251927 -1.05705e-132 -1.36424e-136 -5.67863e-136 5.84339e-136 
-11.1873 0.386507 -0.0842356 -1.38862e-06 0.649295 -0.649271 -1.38862e-06 1.16256 1.15952 0.267426 0.252707 -3.95818e-132 -5.18918e-136 -2.13168e-135 2.19324e-135 
-11.1836 0.386869 -0.0844958 -1.40321e-06 0.649183 -0.649159 -1.40321e-06 1.16369 1.16061 0.268364 0.253487 -6.32811e-132 -8.4256e-136 -3.41646e-135 3.51465e-135 
-11.1799 0.387233 -0.0847565 -1.41795e-06 0.649071 -0.649047 -1.41795e-06 1.16483 1.1617 0.269306 0.254269 -6.74259e-132 -9.11578e-136 -3.64923e-135 3.75362e-135 
-11.1762 0.387599 -0.0850176 -1.43284e-06 0.648958 -0.648934 -1.43284e-06 1.16597 1.1628 0.27025 0.255053 -3.77736e-132 -5.18459e-136 -2.04942e-135 2.10778e-135 
-11.1725 0.387968 -0.0852792 -1.44788e-06 0.648844 -0.64882 -1.44788e-06 1.16713 1.1639 0.271198 0.255838 3.90475e-132 5.44002e-136 2.12375e-135 -2.18394e-135 
-11.1689 0.38834 -0.0855413 -1.46308e-06 0.64873 -0.648706 -1.46308e-06 1.16829 1.16502 0.272149 0.256624 1.47292e-131 2.08252e-135 8.03068e-135 -8.25723e-135 
-11.1652 0.388714 -0.0858038 -1.47842e-06 0.648615 -0.64859 -1.47842e-06 1.16945 1.16614 0.273102 0.257411 2.35924e-131 3.38464e-135 1.28946e-134 -1.32567e-134 
-11.1615 0.38909 -0.0860667 -1.49392e-06 0.648499 -0.648474 -1.49392e-06 1.17063 1.16727 0.274059 0.2582 2.51791e-131 3.66469e-135 1.37954e-134 -1.4181e-134 
-11.1578 0.389469 -0.0863301 -1.50958e-06 0.648382 -0.648358 -1.50958e-06 1.17182 1.16841 0.275019 0.25899 1.41738e-131 2.09252e-135 7.7846e-135 -8.00121e-135 
-11.1541 0.38985 -0.0865939 -1.52539e-06 0.648265 -0.64824 -1.52539e-06 1.17301 1.16955 0.275982 0.259782 -1.44229e-131 -2.15949e-135 -7.94063e-135 8.16059e-135 
-11.1504 0.390234 -0.0868582 -1.54136e-06 0.648146 -0.648122 -1.54136e-06 1.17421 1.1707 0.276948 0.260575 -5.48096e-131 -8.32155e-135 -3.02489e-134 3.1083e-134 
-11.1467 0.39062 -0.0871229 -1.5575e-06 0.648027 -0.648003 -1.5575e-06 1.17542 1.17186 0.277918 0.261369 -8.79566e-131 -1.35394e-134 -4.86595e-134 4.99954e-134 
-11.1431 0.391009 -0.087388 -1.57379e-06 0.647908 -0.647883 -1.57379e-06 1.17664 1.17303 0.27889 0.262164 -9.40265e-131 -1.46723e-134 -5.21427e-134 5.35678e-134 
-11.1394 0.3914 -0.0876535 -1.59025e-06 0.647787 -0.647762 -1.59025e-06 1.17786 1.1742 0.279866 0.262961 -5.31818e-131 -8.41136e-135 -2.9563e-134 3.03674e-134 
-11.1357 0.391794 -0.0879195 -1.60687e-06 0.647666 -0.647641 -1.60687e-06 1.1791 1.17538 0.280844 0.263758 5.32686e-131 8.53823e-135 2.96821e-134 -3.04862e-134 
-11.132 0.392191 -0.0881858 -1.62366e-06 0.647544 -0.647519 -1.62366e-06 1.18034 1.17657 0.281826 0.264558 2.03953e-130 3.31253e-134 1.13917e-133 -1.1699e-133 
-11.1283 0.39259 -0.0884526 -1.64062e-06 0.647421 -0.647396 -1.64062e-06 1.18159 1.17777 0.282811 0.265358 3.27915e-130 5.39591e-134 1.83591e-133 -1.88522e-133 
-11.1246 0.392992 -0.0887198 -1.65775e-06 0.647297 -0.647272 -1.65775e-06 1.18285 1.17898 0.283799 0.266159 3.51121e-130 5.85297e-134 1.9705e-133 -2.0232e-133 
-11.1209 0.393396 -0.0889874 -1.67505e-06 0.647173 -0.647147 -1.67505e-06 1.18412 1.18019 0.284791 0.266962 1.99535e-130 3.36899e-134 1.12244e-133 -1.15234e-133 
-11.1173 0.393803 -0.0892554 -1.69252e-06 0.647047 -0.647022 -1.69252e-06 1.1854 1.18141 0.285785 0.267766 -1.9672e-130 -3.36383e-134 -1.10922e-133 1.13863e-133 
-11.1136 0.394213 -0.0895238 -1.71017e-06 0.646921 -0.646896 -1.71017e-06 1.18669 1.18264 0.286783 0.268571 -7.58926e-130 -1.31412e-133 -4.28931e-133 4.40259e-133 
-11.1099 0.394625 -0.0897925 -1.72799e-06 0.646794 -0.646769 -1.72799e-06 1.18798 1.18388 0.287784 0.269378 -1.22251e-129 -2.14332e-133 -6.9256e-133 7.10773e-133 
-11.1062 0.39504 -0.0900617 -1.74599e-06 0.646667 -0.646641 -1.74599e-06 1.18929 1.18512 0.288788 0.270185 -1.31117e-129 -2.32723e-133 -7.44522e-133 7.64021e-133 
-11.1025 0.395458 -0.0903312 -1.76417e-06 0.646538 -0.646512 -1.76417e-06 1.1906 1.18637 0.289795 0.270994 -7.48607e-130 -1.34502e-133 -4.26072e-133 4.37186e-133 
-11.0988 0.395879 -0.0906012 -1.78253e-06 0.646409 -0.646383 -1.78253e-06 1.19192 1.18764 0.290806 0.271804 7.26413e-130 1.32101e-133 4.14399e-133 -4.25165e-133 
-11.0952 0.396302 -0.0908714 -1.80107e-06 0.646278 -0.646253 -1.80107e-06 1.19325 1.18891 0.291819 0.272614 2.824e-129 5.19735e-133 1.61474e-132 -1.65653e-132 
-11.0915 0.396728 -0.0911421 -1.8198e-06 0.646147 -0.646121 -1.8198e-06 1.1946 1.19018 0.292836 0.273426 4.55764e-129 8.48804e-133 2.61204e-132 -2.67936e-132 
-11.0878 0.397157 -0.0914131 -1.83871e-06 0.646015 -0.645989 -1.83871e-06 1.19595 1.19147 0.293856 0.274239 4.89618e-129 9.22629e-133 2.81251e-132 -2.88472e-132 
-11.0841 0.397588 -0.0916845 -1.85781e-06 0.645882 -0.645856 -1.85781e-06 1.1973 1.19277 0.29488 0.275054 2.80846e-129 5.35419e-133 1.61696e-132 -1.65831e-132 
-11.0804 0.398023 -0.0919562 -1.8771e-06 0.645749 -0.645723 -1.8771e-06 1.19867 1.19407 0.295907 0.275869 -2.6821e-129 -5.17263e-133 -1.54773e-132 1.58716e-132 
-11.0767 0.39846 -0.0922283 -1.89658e-06 0.645614 -0.645588 -1.89658e-06 1.20005 1.19538 0.296936 0.276685 -1.05081e-128 -2.04987e-132 -6.0776e-132 6.23185e-132 
-11.073 0.3989 -0.0925007 -1.91625e-06 0.645479 -0.645453 -1.91625e-06 1.20144 1.1967 0.29797 0.277502 -1.69913e-128 -3.35236e-132 -9.84956e-132 1.00986e-131 
-11.0694 0.399343 -0.0927735 -1.93612e-06 0.645343 -0.645316 -1.93612e-06 1.20284 1.19803 0.299006 0.278321 -1.82832e-128 -3.64804e-132 -1.06224e-131 1.089e-131 
-11.0657 0.399789 -0.0930466 -1.95618e-06 0.645205 -0.645179 -1.95618e-06 1.20424 1.19937 0.300046 0.27914 -1.05357e-128 -2.12572e-132 -6.13494e-132 6.28893e-132 
-11.062 0.400238 -0.09332 -1.97644e-06 0.645067 -0.645041 -1.97644e-06 1.20566 1.20071 0.301089 0.27996 9.90201e-129 2.02006e-132 5.77889e-132 -5.92341e-132 
-11.0583 0.400689 -0.0935938 -1.9969e-06 0.644928 -0.644902 -1.9969e-06 1.20708 1.20207 0.302135 0.280781 3.91002e-128 8.0645e-132 2.28702e-131 -2.34401e-131 
-11.0546 0.401144 -0.0938678 -2.01757e-06 0.644788 -0.644762 -2.01757e-06 1.20852 1.20343 0.303185 0.281604 6.33444e-128 1.32076e-131 3.71334e-131 -3.80555e-131 
-11.0509 0.401601 -0.0941422 -2.03843e-06 0.644648 -0.644621 -2.03843e-06 1.20997 1.2048 0.304238 0.282427 6.82724e-128 1.43892e-131 4.0111e-131 -4.11036e-131 
-11.0472 0.402062 -0.0944169 -2.0595e-06 0.644506 -0.644479 -2.0595e-06 1.21142 1.20618 0.305294 0.283251 3.95218e-128 8.41916e-132 2.32709e-131 -2.38448e-131 
-11.0436 0.402525 -0.0946919 -2.08078e-06 0.644363 -0.644337 -2.08078e-06 1.21289 1.20758 0.306354 0.284076 -3.65533e-128 -7.86974e-132 -2.15704e-131 2.21006e-131 
-11.0399 0.402991 -0.0949671 -2.10226e-06 0.64422 -0.644193 -2.10226e-06 1.21436 1.20897 0.307417 0.284901 -1.45489e-127 -3.16539e-131 -8.60423e-131 8.81501e-131 
-11.0362 0.403461 -0.0952427 -2.12396e-06 0.644076 -0.644049 -2.12396e-06 1.21585 1.21038 0.308483 0.285728 -2.3615e-127 -5.19176e-131 -1.39965e-130 1.43382e-130 
-11.0325 0.403933 -0.0955185 -2.14587e-06 0.64393 -0.643903 -2.14587e-06 1.21734 1.2118 0.309553 0.286556 -2.54937e-127 -5.66305e-131 -1.51428e-130 1.55114e-130 
-11.0288 0.404409 -0.0957947 -2.16799e-06 0.643784 -0.643757 -2.16799e-06 1.21885 1.21323 0.310626 0.287384 -1.48249e-127 -3.32709e-131 -8.82477e-131 9.03888e-131 
-11.0251 0.404887 -0.0960711 -2.19033e-06 0.643637 -0.643609 -2.19033e-06 1.22037 1.21466 0.311702 0.288213 1.34922e-127 3.059e-131 8.04882e-131 -8.2435e-131 
-11.0215 0.405369 -0.0963477 -2.21288e-06 0.643488 -0.643461 -2.21288e-06 1.22189 1.21611 0.312782 0.289043 5.41346e-127 1.23982e-130 3.23635e-130 -3.31439e-130 
-11.0178 0.405854 -0.0966246 -2.23566e-06 0.643339 -0.643312 -2.23566e-06 1.22343 1.21756 0.313865 0.289874 8.80371e-127 2.03658e-130 5.27441e-130 -5.40121e-130 
-11.0141 0.406342 -0.0969018 -2.25865e-06 0.643189 -0.643162 -2.25865e-06 1.22498 1.21902 0.314951 0.290705 9.51958e-127 2.2242e-130 5.71544e-130 -5.85244e-130 
-11.0104 0.406833 -0.0971792 -2.28188e-06 0.643038 -0.643011 -2.28188e-06 1.22654 1.2205 0.316041 0.291538 5.56065e-127 1.31211e-130 3.34563e-130 -3.42559e-130 
-11.0067 0.407327 -0.0974569 -2.30532e-06 0.642886 -0.642858 -2.30532e-06 1.2281 1.22198 0.317134 0.292371 -4.97961e-127 -1.18657e-130 -3.00236e-130 3.07392e-130 
-11.003 0.407824 -0.0977347 -2.329e-06 0.642733 -0.642705 -2.329e-06 1.22968 1.22347 0.318231 0.293204 -2.01426e-126 -4.84661e-130 -1.21701e-129 1.24594e-129 
-10.9993 0.408324 -0.0980128 -2.3529e-06 0.642579 -0.642551 -2.3529e-06 1.23127 1.22497 0.319331 0.294039 -3.28202e-126 -7.97361e-130 -1.98714e-129 2.03424e-129 
-10.9957 0.408828 -0.0982912 -2.37704e-06 0.642424 -0.642396 -2.37704e-06 1.23288 1.22648 0.320435 0.294874 -3.55467e-126 -8.71915e-130 -2.1567e-129 2.20769e-129 
-10.992 0.409335 -0.0985697 -2.4014e-06 0.642268 -0.64224 -2.4014e-06 1.23449 1.22801 0.321542 0.295709 -2.08565e-126 -5.16472e-130 -1.26804e-129 1.29794e-129 
-10.9883 0.409845 -0.0988485 -2.42601e-06 0.642111 -0.642083 -2.42601e-06 1.23611 1.22954 0.322652 0.296545 1.83763e-126 4.59373e-130 1.11955e-129 -1.14588e-129 
-10.9846 0.410359 -0.0991274 -2.45085e-06 0.641953 -0.641925 -2.45085e-06 1.23775 1.23108 0.323766 0.297382 7.49466e-126 1.89116e-129 4.57539e-129 -4.68274e-129 
-10.9809 0.410875 -0.0994065 -2.47593e-06 0.641794 -0.641766 -2.47593e-06 1.23939 1.23263 0.324883 0.29822 1.22353e-125 3.11625e-129 7.48473e-129 -7.65992e-129 
-10.9772 0.411395 -0.0996858 -2.50125e-06 0.641634 -0.641605 -2.50125e-06 1.24105 1.23419 0.326004 0.299058 1.32732e-125 3.412e-129 8.1362e-129 -8.32619e-129 
-10.9736 0.411918 -0.0999653 -2.52682e-06 0.641473 -0.641444 -2.52682e-06 1.24272 1.23576 0.327128 0.299896 7.82235e-126 2.02934e-129 4.80464e-129 -4.91658e-129 
-10.9699 0.412445 -0.100245 -2.55263e-06 0.641311 -0.641282 -2.55263e-06 1.2444 1.23734 0.328256 0.300735 -6.78069e-126 -1.7752e-129 -4.17322e-129 4.27023e-129 
-10.9662 0.412975 -0.100525 -2.57869e-06 0.641147 -0.641119 -2.57869e-06 1.24609 1.23893 0.329387 0.301574 -2.78858e-125 -7.36691e-129 -1.71968e-128 1.75958e-128 
-10.9625 0.413508 -0.100805 -2.605e-06 0.640983 -0.640954 -2.605e-06 1.24779 1.24053 0.330521 0.302414 -4.56124e-125 -1.21587e-128 -2.81847e-128 2.88372e-128 
-10.9588 0.414045 -0.101085 -2.63156e-06 0.640818 -0.640789 -2.63156e-06 1.2495 1.24214 0.331659 0.303255 -4.95622e-125 -1.333e-128 -3.0686e-128 3.1395e-128 
-10.9551 0.414585 -0.101365 -2.65838e-06 0.640651 -0.640623 -2.65838e-06 1.25123 1.24376 0.332801 0.304095 -2.9337e-125 -7.96052e-129 -1.81996e-128 1.86192e-128 
-10.9514 0.415129 -0.101645 -2.68545e-06 0.640484 -0.640455 -2.68545e-06 1.25297 1.24539 0.333946 0.304937 2.50173e-125 6.84838e-129 1.55502e-128 -1.59082e-128 
-10.9478 0.415676 -0.101926 -2.71278e-06 0.640316 -0.640287 -2.71278e-06 1.25472 1.24703 0.335095 0.305778 1.03755e-124 2.86519e-128 6.46178e-128 -6.61025e-128 
-10.9441 0.416226 -0.102207 -2.74037e-06 0.640146 -0.640117 -2.74037e-06 1.25648 1.24868 0.336247 0.30662 1.70039e-124 4.73656e-128 1.06105e-127 -1.08538e-127 
-10.9404 0.41678 -0.102487 -2.76822e-06 0.639975 -0.639946 -2.76822e-06 1.25825 1.25034 0.337402 0.307462 1.85064e-124 5.19971e-128 1.15702e-127 -1.18352e-127 
-10.9367 0.417338 -0.102768 -2.79634e-06 0.639804 -0.639774 -2.79634e-06 1.26004 1.25201 0.338562 0.308304 1.10021e-124 3.11783e-128 6.89172e-128 -7.04929e-128 
-10.933 0.417899 -0.103049 -2.82472e-06 0.639631 -0.639601 -2.82472e-06 1.26183 1.2537 0.339724 0.309147 -9.22902e-125 -2.63772e-128 -5.7921e-128 5.92434e-128 
-10.9293 0.418463 -0.10333 -2.85338e-06 0.639457 -0.639427 -2.85338e-06 1.26364 1.25539 0.340891 0.30999 -3.86039e-124 -1.11269e-127 -2.42736e-127 2.4827e-127 
-10.9256 0.419031 -0.103611 -2.8823e-06 0.639282 -0.639252 -2.8823e-06 1.26547 1.25709 0.34206 0.310833 -6.3389e-124 -1.84248e-127 -3.99332e-127 4.08424e-127 
-10.922 0.419603 -0.103892 -2.9115e-06 0.639105 -0.639076 -2.9115e-06 1.2673 1.25881 0.343234 0.311677 -6.91016e-124 -2.02535e-127 -4.36135e-127 4.46052e-127 
-10.9183 0.420178 -0.104173 -2.94097e-06 0.638928 -0.638899 -2.94097e-06 1.26915 1.26053 0.344411 0.31252 -4.12586e-124 -1.21934e-127 -2.60889e-127 2.66814e-127 
-10.9146 0.420757 -0.104455 -2.97073e-06 0.63875 -0.63872 -2.97073e-06 1.27101 1.26227 0.345591 0.313364 3.40424e-124 1.01439e-127 2.15657e-127 -2.2055e-127 
-10.9109 0.421339 -0.104736 -3.00076e-06 0.63857 -0.63854 -3.00076e-06 1.27288 1.26402 0.346775 0.314207 1.43631e-123 4.31504e-127 9.11565e-127 -9.32226e-127 
-10.9072 0.421925 -0.105017 -3.03107e-06 0.638389 -0.638359 -3.03107e-06 1.27476 1.26578 0.347963 0.315051 2.36306e-123 7.15719e-127 1.50248e-126 -1.5365e-126 
-10.9035 0.422515 -0.105298 -3.06167e-06 0.638207 -0.638177 -3.06167e-06 1.27666 1.26755 0.349154 0.315895 2.58019e-123 7.87816e-127 1.64351e-126 -1.68069e-126 
-10.8999 0.423109 -0.10558 -3.09256e-06 0.638024 -0.637994 -3.09256e-06 1.27857 1.26933 0.350349 0.316739 1.54717e-123 4.76206e-127 9.87278e-127 -1.0096e-126 
-10.8962 0.423706 -0.105861 -3.12373e-06 0.63784 -0.63781 -3.12373e-06 1.2805 1.27112 0.351547 0.317583 -1.25554e-123 -3.89539e-127 -8.0262e-127 8.20753e-127 
-10.8925 0.424307 -0.106142 -3.1552e-06 0.637655 -0.637625 -3.1552e-06 1.28243 1.27292 0.352749 0.318426 -5.34391e-123 -1.67116e-126 -3.42223e-126 3.4995e-126 
-10.8888 0.424911 -0.106423 -3.18696e-06 0.637468 -0.637438 -3.18696e-06 1.28438 1.27473 0.353955 0.31927 -8.80916e-123 -2.7766e-126 -5.65133e-126 5.77887e-126 
-10.8851 0.42552 -0.106705 -3.21902e-06 0.63728 -0.63725 -3.21902e-06 1.28634 1.27656 0.355164 0.320114 -9.6341e-123 -3.06046e-126 -6.19139e-126 6.33106e-126 
-10.8814 0.426132 -0.106986 -3.25137e-06 0.637091 -0.637061 -3.25137e-06 1.28832 1.2784 0.356377 0.320957 -5.80152e-123 -1.85735e-126 -3.73486e-126 3.81908e-126 
-10.8777 0.426748 -0.107267 -3.28403e-06 0.636901 -0.636871 -3.28403e-06 1.29031 1.28024 0.357593 0.3218 4.63009e-123 1.49381e-126 2.98587e-126 -3.05319e-126 
-10.8741 0.427368 -0.107548 -3.31699e-06 0.63671 -0.636679 -3.31699e-06 1.29231 1.2821 0.358814 0.322643 1.98822e-122 6.46404e-126 1.28437e-125 -1.31333e-125 
-10.8704 0.427991 -0.107829 -3.35025e-06 0.636517 -0.636486 -3.35025e-06 1.29433 1.28397 0.360037 0.323486 3.28391e-122 1.07583e-125 2.12498e-125 -2.17288e-125 
-10.8667 0.428619 -0.10811 -3.38383e-06 0.636323 -0.636292 -3.38383e-06 1.29636 1.28586 0.361265 0.324329 3.59723e-122 1.18744e-125 2.33166e-125 -2.38422e-125 
-10.863 0.429251 -0.10839 -3.41771e-06 0.636128 -0.636097 -3.41771e-06 1.2984 1.28775 0.362496 0.325171 2.17535e-122 7.2351e-126 1.41239e-125 -1.44423e-125 
-10.8593 0.429886 -0.108671 -3.4519e-06 0.635932 -0.635901 -3.4519e-06 1.30046 1.28966 0.363731 0.326013 -1.70723e-122 -5.72084e-126 -1.1103e-125 1.13533e-125 
-10.8556 0.430525 -0.108952 -3.48641e-06 0.635734 -0.635703 -3.48641e-06 1.30253 1.29158 0.364969 0.326855 -7.3972e-122 -2.49728e-125 -4.81869e-125 4.92737e-125 
-10.852 0.431168 -0.109232 -3.52124e-06 0.635535 -0.635504 -3.52124e-06 1.30462 1.29351 0.366211 0.327696 -1.22418e-121 -4.16348e-125 -7.9876e-125 8.16782e-125 
-10.8483 0.431816 -0.109512 -3.55639e-06 0.635335 -0.635304 -3.55639e-06 1.30672 1.29545 0.367457 0.328537 -1.34314e-121 -4.60177e-125 -8.77802e-125 8.97617e-125 
-10.8446 0.432467 -0.109792 -3.59186e-06 0.635134 -0.635103 -3.59186e-06 1.30883 1.2974 0.368706 0.329377 -8.1564e-122 -2.81498e-125 -5.33915e-125 5.45974e-125 
-10.8409 0.433122 -0.110072 -3.62766e-06 0.634931 -0.6349 -3.62766e-06 1.31096 1.29937 0.36996 0.330217 6.29419e-122 2.18812e-125 4.12672e-125 -4.21999e-125 
-10.8372 0.433781 -0.110352 -3.66378e-06 0.634727 -0.634696 -3.66378e-06 1.31311 1.30134 0.371216 0.331056 2.7521e-121 9.63672e-125 1.80724e-124 -1.84811e-124 
-10.8335 0.434445 -0.110632 -3.70023e-06 0.634522 -0.634491 -3.70023e-06 1.31526 1.30333 0.372477 0.331895 4.56348e-121 1.60945e-124 3.00143e-124 -3.06937e-124 
-10.8298 0.435112 -0.110911 -3.73701e-06 0.634315 -0.634284 -3.73701e-06 1.31743 1.30534 0.373741 0.332733 5.015e-121 1.78135e-124 3.30351e-124 -3.37836e-124 
-10.8262 0.435783 -0.11119 -3.77413e-06 0.634108 -0.634076 -3.77413e-06 1.31962 1.30735 0.375009 0.333571 3.0581e-121 1.09397e-124 2.01755e-124 -2.06331e-124 
-10.8225 0.436459 -0.111469 -3.81159e-06 0.633898 -0.633867 -3.81159e-06 1.32182 1.30938 0.376281 0.334407 -2.32022e-121 -8.35882e-125 -1.53308e-124 1.56789e-124 
-10.8188 0.437139 -0.111748 -3.84938e-06 0.633688 -0.633656 -3.84938e-06 1.32404 1.31142 0.377556 0.335244 -1.0239e-120 -3.7146e-124 -6.77555e-124 6.92959e-124 
-10.8151 0.437822 -0.112026 -3.88752e-06 0.633476 -0.633444 -3.88752e-06 1.32627 1.31347 0.378836 0.336079 -1.70116e-120 -6.21476e-124 -1.12741e-123 1.15307e-123 
-10.8114 0.43851 -0.112304 -3.926e-06 0.633263 -0.633231 -3.926e-06 1.32851 1.31553 0.380118 0.336913 -1.87248e-120 -6.88813e-124 -1.24279e-123 1.27112e-123 
-10.8077 0.439203 -0.112582 -3.96483e-06 0.633048 -0.633017 -3.96483e-06 1.33078 1.31761 0.381405 0.337747 -1.14653e-120 -4.24676e-124 -7.62081e-124 7.79481e-124 
-10.804 0.439899 -0.11286 -4.004e-06 0.632833 -0.632801 -4.004e-06 1.33305 1.3197 0.382695 0.33858 8.55187e-121 3.18934e-124 5.69252e-124 -5.8227e-124 
-10.8004 0.4406 -0.113137 -4.04353e-06 0.632615 -0.632583 -4.04353e-06 1.33534 1.3218 0.383989 0.339412 3.80928e-120 1.43032e-123 2.53927e-123 -2.59744e-123 
-10.7967 0.441305 -0.113414 -4.08341e-06 0.632397 -0.632365 -4.08341e-06 1.33765 1.32391 0.385287 0.340243 6.34148e-120 2.39726e-123 4.23323e-123 -4.33038e-123 
-10.793 0.442014 -0.113691 -4.12365e-06 0.632177 -0.632144 -4.12365e-06 1.33997 1.32604 0.386589 0.341073 6.99133e-120 2.66073e-123 4.67359e-123 -4.78105e-123 
-10.7893 0.442727 -0.113967 -4.16425e-06 0.631955 -0.631923 -4.16425e-06 1.34231 1.32818 0.387894 0.341902 4.29838e-120 1.64681e-123 2.87738e-123 -2.94368e-123 
-10.7856 0.443445 -0.114243 -4.20521e-06 0.631733 -0.6317 -4.20521e-06 1.34467 1.33034 0.389204 0.34273 -3.15161e-120 -1.2155e-123 -2.11262e-123 2.16139e-123 
-10.7819 0.444167 -0.114519 -4.24654e-06 0.631508 -0.631476 -4.24654e-06 1.34704 1.3325 0.390516 0.343556 -1.41718e-119 -5.50186e-123 -9.51263e-123 9.73274e-123 
-10.7783 0.444894 -0.114794 -4.28823e-06 0.631283 -0.63125 -4.28823e-06 1.34942 1.33468 0.391833 0.344382 -2.36392e-119 -9.23775e-123 -1.58888e-122 1.62573e-122 
-10.7746 0.445625 -0.115069 -4.33029e-06 0.631056 -0.631023 -4.33029e-06 1.35182 1.33687 0.393154 0.345206 -2.61035e-119 -1.02674e-122 -1.75684e-122 1.79768e-122 
-10.7709 0.44636 -0.115343 -4.37272e-06 0.630827 -0.630795 -4.37272e-06 1.35424 1.33908 0.394478 0.346029 -1.61141e-119 -6.37945e-123 -1.08594e-122 1.11125e-122 
-10.7672 0.447099 -0.115617 -4.41553e-06 0.630597 -0.630565 -4.41553e-06 1.35667 1.3413 0.395806 0.346851 1.1613e-119 4.62718e-123 7.83614e-123 -8.01925e-123 
-10.7635 0.447844 -0.11589 -4.45871e-06 0.630366 -0.630333 -4.45871e-06 1.35912 1.34353 0.397138 0.347672 5.27231e-119 2.11424e-122 3.56215e-122 -3.64562e-122 
-10.7598 0.448592 -0.116164 -4.50228e-06 0.630133 -0.6301 -4.50228e-06 1.36159 1.34578 0.398474 0.348491 8.81199e-119 3.55624e-122 5.96117e-122 -6.10123e-122 
-10.7561 0.449345 -0.116436 -4.54622e-06 0.629899 -0.629866 -4.54622e-06 1.36407 1.34804 0.399813 0.349308 9.74619e-119 3.95821e-122 6.60131e-122 -6.75687e-122 
-10.7525 0.450103 -0.116708 -4.59055e-06 0.629663 -0.62963 -4.59055e-06 1.36657 1.35031 0.401156 0.350125 6.04077e-119 2.4688e-122 4.09655e-122 -4.19337e-122 
-10.7488 0.450865 -0.11698 -4.63527e-06 0.629426 -0.629393 -4.63527e-06 1.36909 1.35259 0.402504 0.350939 -4.27849e-119 -1.75954e-122 -2.90496e-122 2.97383e-122 
-10.7451 0.451631 -0.117251 -4.68037e-06 0.629187 -0.629154 -4.68037e-06 1.37162 1.35489 0.403855 0.351753 -1.96143e-118 -8.11668e-122 -1.33333e-121 1.36504e-121 
-10.7414 0.452403 -0.117521 -4.72587e-06 0.628947 -0.628914 -4.72587e-06 1.37418 1.35721 0.405209 0.352564 -3.28482e-118 -1.36773e-121 -2.23555e-121 2.2889e-121 
-10.7377 0.453178 -0.117791 -4.77176e-06 0.628706 -0.628672 -4.77176e-06 1.37674 1.35954 0.406568 0.353374 -3.63888e-118 -1.52448e-121 -2.47936e-121 2.53873e-121 
-10.734 0.453959 -0.118061 -4.81805e-06 0.628462 -0.628429 -4.81805e-06 1.37933 1.36188 0.40793 0.354182 -2.26444e-118 -9.54476e-122 -1.54463e-121 1.58175e-121 
-10.7304 0.454744 -0.118329 -4.86474e-06 0.628218 -0.628184 -4.86474e-06 1.38193 1.36423 0.409297 0.354988 1.57607e-118 6.68363e-122 1.07627e-121 -1.10223e-121 
-10.7267 0.455533 -0.118598 -4.91184e-06 0.627971 -0.627938 -4.91184e-06 1.38455 1.3666 0.410667 0.355793 7.2969e-118 3.11311e-121 4.98843e-121 -5.10918e-121 
-10.723 0.456328 -0.118865 -4.95933e-06 0.627724 -0.62769 -4.95933e-06 1.38719 1.36898 0.412041 0.356596 1.22447e-117 5.2554e-121 8.37994e-121 -8.58356e-121 
-10.7193 0.457127 -0.119132 -5.00724e-06 0.627474 -0.62744 -5.00724e-06 1.38984 1.37138 0.413418 0.357396 1.35862e-117 5.866e-121 9.30788e-121 -9.53494e-121 
-10.7156 0.45793 -0.119398 -5.05555e-06 0.627223 -0.627189 -5.05555e-06 1.39251 1.37379 0.4148 0.358195 8.48817e-118 3.68664e-121 5.8213e-121 -5.96388e-121 
-10.7119 0.458739 -0.119664 -5.10427e-06 0.626971 -0.626937 -5.10427e-06 1.3952 1.37622 0.416186 0.358992 -5.80487e-118 -2.53609e-121 -3.98513e-121 4.08313e-121 
-10.7082 0.459552 -0.119929 -5.15341e-06 0.626717 -0.626683 -5.15341e-06 1.39791 1.37866 0.417575 0.359787 -2.71456e-117 -1.19292e-120 -1.86546e-120 1.91153e-120 
-10.7046 0.46037 -0.120193 -5.20297e-06 0.626461 -0.626427 -5.20297e-06 1.40064 1.38111 0.418968 0.36058 -4.56436e-117 -2.01751e-120 -3.13973e-120 3.2176e-120 
-10.7009 0.461193 -0.120457 -5.25295e-06 0.626204 -0.62617 -5.25295e-06 1.40338 1.38358 0.420365 0.36137 -5.07251e-117 -2.25511e-120 -3.49264e-120 3.57965e-120 
-10.6972 0.46202 -0.120719 -5.30334e-06 0.625945 -0.625911 -5.30334e-06 1.40614 1.38606 0.421766 0.362158 -3.18164e-117 -1.42263e-120 -2.19277e-120 2.24764e-120 
-10.6935 0.462853 -0.120981 -5.35417e-06 0.625684 -0.62565 -5.35417e-06 1.40892 1.38856 0.423171 0.362944 2.13768e-117 9.61305e-121 1.47464e-120 -1.51171e-120 
-10.6898 0.46369 -0.121242 -5.40542e-06 0.625422 -0.625388 -5.40542e-06 1.41172 1.39107 0.42458 0.363728 1.00985e-116 4.56706e-120 6.97254e-120 -7.14866e-120 
-10.6861 0.464532 -0.121503 -5.4571e-06 0.625159 -0.625124 -5.4571e-06 1.41454 1.3936 0.425992 0.364509 1.70141e-116 7.73818e-120 1.17579e-119 -1.20563e-119 
-10.6824 0.465379 -0.121762 -5.50921e-06 0.624893 -0.624859 -5.50921e-06 1.41738 1.39614 0.427409 0.365288 1.89385e-116 8.66179e-120 1.3099e-119 -1.34331e-119 
-10.6788 0.466231 -0.122021 -5.56175e-06 0.624626 -0.624592 -5.56175e-06 1.42023 1.39869 0.428829 0.366064 1.19254e-116 5.4847e-120 8.25529e-120 -8.4669e-120 
-10.6751 0.467088 -0.122279 -5.61474e-06 0.624358 -0.624323 -5.61474e-06 1.42311 1.40126 0.430253 0.366838 -7.87091e-117 -3.64006e-120 -5.45308e-120 5.59357e-120 
-10.6714 0.46795 -0.122536 -5.66816e-06 0.624087 -0.624053 -5.66816e-06 1.426 1.40385 0.431682 0.367609 -3.7567e-116 -1.74694e-119 -2.60478e-119 2.67224e-119 
-10.6677 0.468817 -0.122792 -5.72202e-06 0.623815 -0.62378 -5.72202e-06 1.42891 1.40645 0.433114 0.368377 -6.34216e-116 -2.96539e-119 -4.40089e-119 4.51546e-119 
-10.664 0.469689 -0.123047 -5.77632e-06 0.623542 -0.623507 -5.77632e-06 1.43185 1.40907 0.43455 0.369143 -7.07073e-116 -3.32404e-119 -4.91017e-119 5.0387e-119 
-10.6603 0.470565 -0.123302 -5.83108e-06 0.623266 -0.623231 -5.83108e-06 1.4348 1.4117 0.435989 0.369906 -4.4697e-116 -2.11263e-119 -3.10621e-119 3.18796e-119 
-10.6567 0.471447 -0.123555 -5.88628e-06 0.622989 -0.622954 -5.88628e-06 1.43777 1.41434 0.437433 0.370666 2.89759e-116 1.37693e-119 2.01511e-119 -2.06844e-119 
-10.653 0.472334 -0.123807 -5.94193e-06 0.62271 -0.622675 -5.94193e-06 1.44076 1.417 0.438881 0.371423 1.3975e-115 6.67636e-119 9.72558e-119 -9.98443e-119 
-10.6493 0.473226 -0.124059 -5.99803e-06 0.62243 -0.622394 -5.99803e-06 1.44377 1.41968 0.440332 0.372177 2.36408e-115 1.1354e-118 1.64632e-118 -1.6904e-118 
-10.6456 0.474123 -0.124309 -6.05459e-06 0.622147 -0.622112 -6.05459e-06 1.4468 1.42237 0.441788 0.372928 2.63985e-115 1.27453e-118 1.83956e-118 -1.8891e-118 
-10.6419 0.475026 -0.124558 -6.11161e-06 0.621863 -0.621828 -6.11161e-06 1.44985 1.42508 0.443247 0.373676 1.67521e-115 8.13033e-119 1.16809e-118 -1.19973e-118 
-10.6382 0.475933 -0.124807 -6.16909e-06 0.621578 -0.621542 -6.16909e-06 1.45292 1.4278 0.44471 0.37442 -1.06654e-115 -5.20319e-119 -7.44121e-119 7.64399e-119 
-10.6345 0.476845 -0.125054 -6.22703e-06 0.62129 -0.621255 -6.22703e-06 1.45601 1.43054 0.446177 0.375162 -5.19868e-115 -2.54933e-118 -3.62921e-118 3.72872e-118 
-10.6309 0.477763 -0.1253 -6.28543e-06 0.621001 -0.620965 -6.28543e-06 1.45912 1.43329 0.447649 0.3759 -8.81218e-115 -4.34353e-118 -6.15522e-118 6.32504e-118 
-10.6272 0.478686 -0.125545 -6.34431e-06 0.62071 -0.620674 -6.34431e-06 1.46226 1.43606 0.449124 0.376635 -9.85581e-115 -4.88273e-118 -6.88784e-118 7.07908e-118 
-10.6235 0.479614 -0.125789 -6.40364e-06 0.620417 -0.620381 -6.40364e-06 1.46541 1.43884 0.450602 0.377366 -6.27833e-115 -3.12615e-118 -4.38991e-118 4.51257e-118 
-10.6198 0.480548 -0.126031 -6.46345e-06 0.620122 -0.620086 -6.46345e-06 1.46858 1.44164 0.452085 0.378094 3.92501e-115 1.96421e-118 2.74575e-118 -2.82298e-118 
-10.6161 0.481486 -0.126273 -6.52374e-06 0.619825 -0.61979 -6.52374e-06 1.47178 1.44446 0.453572 0.378818 1.93387e-114 9.72618e-118 1.35347e-117 -1.39179e-117 
-10.6124 0.48243 -0.126513 -6.5845e-06 0.619527 -0.619491 -6.5845e-06 1.47499 1.44729 0.455063 0.379539 3.28475e-114 1.66024e-117 2.29991e-117 -2.36546e-117 
-10.6087 0.483379 -0.126752 -6.64573e-06 0.619227 -0.619191 -6.64573e-06 1.47823 1.45014 0.456557 0.380256 3.67961e-114 1.86899e-117 2.57744e-117 -2.65139e-117 
-10.6051 0.484334 -0.12699 -6.70745e-06 0.618925 -0.618889 -6.70745e-06 1.48149 1.453 0.458056 0.380969 2.35291e-114 1.20097e-117 1.64876e-117 -1.6964e-117 
-10.6014 0.485294 -0.127226 -6.76964e-06 0.618621 -0.618585 -6.76964e-06 1.48477 1.45588 0.459558 0.381678 -1.44421e-114 -7.40741e-118 -1.01237e-117 1.04182e-117 
-10.5977 0.486259 -0.127461 -6.83232e-06 0.618315 -0.618279 -6.83232e-06 1.48807 1.45878 0.461065 0.382384 -7.19379e-114 -3.70757e-117 -5.04443e-117 5.19221e-117 
-10.594 0.487229 -0.127695 -6.89548e-06 0.618008 -0.617971 -6.89548e-06 1.49139 1.46169 0.462575 0.383085 -1.22439e-113 -6.3406e-117 -8.5883e-117 8.84169e-117 
-10.5903 0.488205 -0.127927 -6.95913e-06 0.617698 -0.617662 -6.95913e-06 1.49473 1.46462 0.464089 0.383782 -1.37375e-113 -7.14799e-117 -9.63868e-117 9.92511e-117 
-10.5866 0.489187 -0.128158 -7.02327e-06 0.617387 -0.61735 -7.02327e-06 1.4981 1.46756 0.465607 0.384476 -8.81759e-114 -4.60975e-117 -6.18829e-117 6.37353e-117 
-10.583 0.490173 -0.128388 -7.0879e-06 0.617073 -0.617037 -7.0879e-06 1.50149 1.47052 0.46713 0.385165 5.31301e-114 2.79064e-117 3.72958e-117 -3.84205e-117 
-10.5793 0.491166 -0.128616 -7.15302e-06 0.616758 -0.616722 -7.15302e-06 1.5049 1.4735 0.468656 0.385849 2.67598e-113 1.41211e-116 1.87884e-116 -1.93592e-116 
-10.5756 0.492163 -0.128843 -7.21864e-06 0.616441 -0.616404 -7.21864e-06 1.50833 1.47649 0.470185 0.38653 4.56387e-113 2.4195e-116 3.20491e-116 -3.30301e-116 
-10.5719 0.493167 -0.129068 -7.28475e-06 0.616122 -0.616085 -7.28475e-06 1.51179 1.4795 0.471719 0.387206 5.12873e-113 2.73147e-116 3.60211e-116 -3.71321e-116 
-10.5682 0.494175 -0.129292 -7.35136e-06 0.615801 -0.615764 -7.35136e-06 1.51527 1.48253 0.473257 0.387877 3.30431e-113 1.76785e-116 2.32102e-116 -2.39316e-116 
-10.5645 0.49519 -0.129514 -7.41847e-06 0.615478 -0.615441 -7.41847e-06 1.51877 1.48557 0.474799 0.388544 -1.95421e-113 -1.05027e-116 -1.37281e-116 1.41581e-116 
-10.5608 0.496209 -0.129735 -7.48608e-06 0.615153 -0.615116 -7.48608e-06 1.52229 1.48863 0.476345 0.389206 -9.95409e-113 -5.37377e-116 -6.99305e-116 7.21382e-116 
-10.5572 0.497235 -0.129954 -7.55419e-06 0.614826 -0.614789 -7.55419e-06 1.52584 1.4917 0.477894 0.389863 -1.70116e-112 -9.22481e-116 -1.19515e-115 1.23319e-115 
-10.5535 0.498266 -0.130172 -7.6228e-06 0.614497 -0.61446 -7.6228e-06 1.52941 1.4948 0.479448 0.390516 -1.91474e-112 -1.0429e-115 -1.34521e-115 1.38836e-115 
-10.5498 0.499302 -0.130388 -7.69192e-06 0.614166 -0.614129 -7.69192e-06 1.533 1.49791 0.481005 0.391163 -1.23822e-112 -6.77386e-116 -8.69898e-116 8.98028e-116 
-10.5461 0.500344 -0.130602 -7.76155e-06 0.613833 -0.613796 -7.76155e-06 1.53662 1.50103 0.482566 0.391806 7.18654e-113 3.94867e-116 5.04857e-116 -5.21316e-116 
-10.5424 0.501392 -0.130814 -7.83168e-06 0.613498 -0.613461 -7.83168e-06 1.54026 1.50418 0.484132 0.392443 3.70267e-112 2.04326e-115 2.60092e-115 -2.68642e-115 
-10.5387 0.502446 -0.131025 -7.90233e-06 0.613161 -0.613124 -7.90233e-06 1.54393 1.50734 0.485701 0.393076 6.34093e-112 3.51417e-115 4.45364e-115 -4.60126e-115 
-10.5351 0.503505 -0.131234 -7.97348e-06 0.612822 -0.612785 -7.97348e-06 1.54761 1.51051 0.487274 0.393703 7.14833e-112 3.97853e-115 5.02001e-115 -5.18781e-115 
-10.5314 0.504569 -0.131441 -8.04515e-06 0.612481 -0.612444 -8.04515e-06 1.55133 1.51371 0.488851 0.394325 4.63979e-112 2.59328e-115 3.25778e-115 -3.3676e-115 
-10.5277 0.50564 -0.131647 -8.11732e-06 0.612138 -0.612101 -8.11732e-06 1.55506 1.51692 0.490432 0.394941 -2.64231e-112 -1.48304e-115 -1.85489e-115 1.91795e-115 
-10.524 0.506716 -0.13185 -8.19002e-06 0.611793 -0.611755 -8.19002e-06 1.55882 1.52015 0.492017 0.395552 -1.37728e-111 -7.76242e-115 -9.66617e-115 9.99765e-115 
-10.5203 0.507798 -0.132052 -8.26322e-06 0.611446 -0.611408 -8.26322e-06 1.56261 1.52339 0.493606 0.396157 -2.36352e-111 -1.33758e-114 -1.65834e-114 1.7157e-114 
-10.5166 0.508886 -0.132252 -8.33694e-06 0.611096 -0.611059 -8.33694e-06 1.56642 1.52666 0.495199 0.396757 -2.66869e-111 -1.51647e-114 -1.87189e-114 1.93721e-114 
-10.5129 0.509979 -0.13245 -8.41118e-06 0.610745 -0.610707 -8.41118e-06 1.57025 1.52994 0.496795 0.397351 -1.73855e-111 -9.91935e-115 -1.21906e-114 1.26197e-114 
-10.5093 0.511078 -0.132646 -8.48594e-06 0.610391 -0.610353 -8.48594e-06 1.57411 1.53323 0.498396 0.397939 9.71317e-112 5.56421e-115 6.80832e-115 -7.05015e-115 
-10.5056 0.512183 -0.13284 -8.56121e-06 0.610035 -0.609998 -8.56121e-06 1.578 1.53655 0.5 0.398521 5.12303e-111 2.94645e-114 3.58948e-114 -3.71813e-114 
-10.5019 0.513294 -0.133032 -8.63701e-06 0.609677 -0.60964 -8.63701e-06 1.58191 1.53988 0.501609 0.399097 8.80972e-111 5.08686e-114 6.16991e-114 -6.39305e-114 
-10.4982 0.514411 -0.133222 -8.71332e-06 0.609317 -0.609279 -8.71332e-06 1.58585 1.54323 0.503221 0.399667 9.96292e-111 5.77532e-114 6.9743e-114 -7.22884e-114 
-10.4945 0.515533 -0.13341 -8.79015e-06 0.608955 -0.608917 -8.79015e-06 1.58981 1.5466 0.504837 0.40023 6.51418e-111 3.79083e-114 4.5578e-114 -4.72568e-114 
-10.4908 0.516661 -0.133596 -8.8675e-06 0.608591 -0.608553 -8.8675e-06 1.59379 1.54998 0.506457 0.400788 -3.56984e-111 -2.08543e-114 -2.49639e-114 2.58919e-114 
-10.4871 0.517796 -0.133779 -8.94538e-06 0.608224 -0.608186 -8.94538e-06 1.59781 1.55339 0.508081 0.401339 -1.90557e-110 -1.11744e-113 -1.3318e-113 1.38177e-113 
-10.4835 0.518936 -0.133961 -9.02377e-06 0.607855 -0.607817 -9.02377e-06 1.60184 1.55681 0.509709 0.401883 -3.28369e-110 -1.93288e-113 -2.29358e-113 2.38046e-113 
-10.4798 0.520082 -0.13414 -9.10269e-06 0.607484 -0.607446 -9.10269e-06 1.60591 1.56025 0.511341 0.402421 -3.7194e-110 -2.19757e-113 -2.59624e-113 2.69552e-113 
-10.4761 0.521234 -0.134317 -9.18212e-06 0.607111 -0.607073 -9.18212e-06 1.61 1.5637 0.512976 0.402952 -2.44073e-110 -1.44744e-113 -1.70254e-113 1.76826e-113 
-10.4724 0.522391 -0.134492 -9.26208e-06 0.606736 -0.606698 -9.26208e-06 1.61412 1.56717 0.514616 0.403477 1.31173e-110 7.80767e-114 9.14349e-114 -9.49986e-114 
-10.4687 0.523555 -0.134664 -9.34256e-06 0.606358 -0.60632 -9.34256e-06 1.61826 1.57067 0.516259 0.403994 7.08787e-110 4.23422e-113 4.93692e-113 -5.1312e-113 
-10.465 0.524725 -0.134835 -9.42356e-06 0.605978 -0.60594 -9.42356e-06 1.62243 1.57417 0.517907 0.404505 1.22394e-109 7.3381e-113 8.51838e-113 -8.85689e-113 
-10.4614 0.525901 -0.135002 -9.50508e-06 0.605596 -0.605558 -9.50508e-06 1.62663 1.5777 0.519558 0.405008 1.38853e-109 8.35467e-113 9.65591e-113 -1.00434e-112 
-10.4577 0.527082 -0.135168 -9.58712e-06 0.605211 -0.605173 -9.58712e-06 1.63085 1.58125 0.521213 0.405504 9.1446e-110 5.52171e-113 6.35369e-113 -6.61118e-113 
-10.454 0.52827 -0.135331 -9.66968e-06 0.604825 -0.604786 -9.66968e-06 1.6351 1.58481 0.522872 0.405993 -4.81889e-110 -2.91995e-113 -3.34515e-113 3.48206e-113 
-10.4503 0.529464 -0.135491 -9.75277e-06 0.604436 -0.604397 -9.75277e-06 1.63938 1.58839 0.524534 0.406475 -2.63635e-109 -1.60301e-112 -1.82836e-112 1.90394e-112 
-10.4466 0.530663 -0.135649 -9.83637e-06 0.604044 -0.604006 -9.83637e-06 1.64369 1.59199 0.526201 0.406949 -4.562e-109 -2.78342e-112 -3.16073e-112 3.29271e-112 
-10.4429 0.531869 -0.135805 -9.92048e-06 0.60365 -0.603612 -9.92048e-06 1.64802 1.59561 0.527871 0.407416 -5.18365e-109 -3.17345e-112 -3.58775e-112 3.73908e-112 
-10.4392 0.533081 -0.135958 -1.00051e-05 0.603254 -0.603216 -1.00051e-05 1.65239 1.59924 0.529546 0.407874 -3.42607e-109 -2.10451e-112 -2.36876e-112 2.4697e-112 
-10.4356 0.534299 -0.136108 -1.00903e-05 0.602856 -0.602817 -1.00903e-05 1.65678 1.6029 0.531224 0.408325 1.76991e-109 1.09081e-112 1.22235e-112 -1.27497e-112 
-10.4319 0.535523 -0.136256 -1.01759e-05 0.602455 -0.602417 -1.01759e-05 1.66119 1.60657 0.532906 0.408769 9.80581e-109 6.06328e-112 6.76441e-112 -7.05862e-112 
-10.4282 0.536753 -0.136401 -1.02621e-05 0.602052 -0.602013 -1.02621e-05 1.66564 1.61026 0.534592 0.409204 1.70039e-108 1.05483e-111 1.1716e-111 -1.22308e-111 
-10.4245 0.537989 -0.136543 -1.03488e-05 0.601647 -0.601608 -1.03488e-05 1.67012 1.61397 0.536281 0.40963 1.93514e-108 1.20432e-111 1.3317e-111 -1.39084e-111 
-10.4208 0.539231 -0.136683 -1.0436e-05 0.601239 -0.6012 -1.0436e-05 1.67462 1.61769 0.537975 0.410049 1.28356e-108 8.01358e-112 8.82181e-112 -9.21767e-112 
-10.4171 0.540479 -0.136819 -1.05237e-05 0.600828 -0.60079 -1.05237e-05 1.67915 1.62144 0.539672 0.410459 -6.49914e-109 -4.07034e-112 -4.46094e-112 4.66323e-112 
-10.4135 0.541734 -0.136953 -1.0612e-05 0.600416 -0.600377 -1.0612e-05 1.68371 1.6252 0.541373 0.410861 -3.64719e-108 -2.2913e-111 -2.49999e-111 2.61456e-111 
-10.4098 0.542994 -0.137085 -1.07007e-05 0.600001 -0.599962 -1.07007e-05 1.68831 1.62898 0.543078 0.411255 -6.33778e-108 -3.99385e-111 -4.33816e-111 4.5391e-111 
-10.4061 0.544261 -0.137213 -1.07899e-05 0.599583 -0.599544 -1.07899e-05 1.69293 1.63278 0.544786 0.411639 -7.22412e-108 -4.5662e-111 -4.93768e-111 5.16885e-111 
-10.4024 0.545534 -0.137338 -1.08797e-05 0.599163 -0.599124 -1.08797e-05 1.69758 1.6366 0.546499 0.412015 -4.80862e-108 -3.04853e-111 -3.28177e-111 3.43708e-111 
-10.3987 0.546813 -0.13746 -1.09699e-05 0.59874 -0.598701 -1.09699e-05 1.70225 1.64044 0.548215 0.412382 2.38593e-108 1.51709e-111 1.62583e-111 -1.70361e-111 
-10.395 0.548098 -0.13758 -1.10606e-05 0.598315 -0.598276 -1.10606e-05 1.70696 1.64429 0.549935 0.41274 1.35653e-107 8.65066e-111 9.22903e-111 -9.67537e-111 
-10.3913 0.549389 -0.137696 -1.11518e-05 0.597888 -0.597849 -1.11518e-05 1.7117 1.64817 0.551658 0.413088 2.36224e-107 1.51076e-110 1.60451e-110 -1.68295e-110 
-10.3877 0.550686 -0.137809 -1.12436e-05 0.597458 -0.597419 -1.12436e-05 1.71647 1.65206 0.553386 0.413428 2.69684e-107 1.72966e-110 1.82869e-110 -1.91909e-110 
-10.384 0.55199 -0.137919 -1.13358e-05 0.597025 -0.596986 -1.13358e-05 1.72127 1.65597 0.555117 0.413758 1.80141e-107 1.15861e-110 1.2194e-110 -1.28034e-110 
-10.3803 0.5533 -0.138026 -1.14285e-05 0.59659 -0.596551 -1.14285e-05 1.7261 1.6599 0.556852 0.414078 -8.75693e-108 -5.64776e-111 -5.91711e-111 6.21617e-111 
-10.3766 0.554616 -0.138129 -1.15217e-05 0.596153 -0.596114 -1.15217e-05 1.73096 1.66385 0.558591 0.414389 -5.04537e-107 -3.26288e-110 -3.40295e-110 3.57686e-110 
-10.3729 0.555938 -0.13823 -1.16153e-05 0.595713 -0.595673 -1.16153e-05 1.73585 1.66781 0.560333 0.41469 -8.80458e-107 -5.70932e-110 -5.92725e-110 6.2336e-110 
-10.3692 0.557266 -0.138327 -1.17094e-05 0.59527 -0.595231 -1.17094e-05 1.74078 1.6718 0.562079 0.414982 -1.00675e-106 -6.54557e-110 -6.76435e-110 7.11792e-110 
-10.3655 0.558601 -0.13842 -1.18041e-05 0.594825 -0.594785 -1.18041e-05 1.74573 1.6758 0.563829 0.415263 -6.74825e-107 -4.39897e-110 -4.52516e-110 4.76439e-110 
-10.3619 0.559942 -0.138511 -1.18991e-05 0.594377 -0.594338 -1.18991e-05 1.75072 1.67983 0.565583 0.415534 3.2132e-107 2.09997e-110 2.15028e-110 -2.26526e-110 
-10.3582 0.561289 -0.138598 -1.19947e-05 0.593926 -0.593887 -1.19947e-05 1.75573 1.68387 0.56734 0.415795 1.87651e-106 1.2295e-109 1.25314e-109 -1.32092e-109 
-10.3545 0.562642 -0.138681 -1.20907e-05 0.593473 -0.593434 -1.20907e-05 1.76078 1.68793 0.569101 0.416045 3.28164e-106 2.1555e-109 2.1868e-109 -2.30644e-109 
-10.3508 0.564002 -0.138761 -1.21871e-05 0.593018 -0.592978 -1.21871e-05 1.76586 1.69201 0.570865 0.416285 3.75824e-106 2.47461e-109 2.4989e-109 -2.63721e-109 
-10.3471 0.565367 -0.138838 -1.2284e-05 0.592559 -0.59252 -1.2284e-05 1.77098 1.6961 0.572634 0.416515 2.52789e-106 1.6685e-109 1.67704e-109 -1.77094e-109 
-10.3434 0.566739 -0.138911 -1.23814e-05 0.592098 -0.592059 -1.23814e-05 1.77612 1.70022 0.574406 0.416733 -1.17872e-106 -7.79846e-110 -7.80174e-110 8.24372e-110 
-10.3398 0.568118 -0.13898 -1.24792e-05 0.591635 -0.591595 -1.24792e-05 1.7813 1.70435 0.576181 0.416941 -6.97918e-106 -4.62824e-109 -4.60849e-109 4.87265e-109 
-10.3361 0.569502 -0.139045 -1.25774e-05 0.591168 -0.591129 -1.25774e-05 1.78651 1.70851 0.57796 0.417138 -1.22312e-105 -8.12971e-109 -8.05696e-109 8.52425e-109 
-10.3324 0.570893 -0.139107 -1.26761e-05 0.590699 -0.59066 -1.26761e-05 1.79175 1.71268 0.579743 0.417323 -1.40296e-105 -9.34603e-109 -9.21869e-109 9.75973e-109 
-10.3287 0.57229 -0.139165 -1.27752e-05 0.590228 -0.590188 -1.27752e-05 1.79703 1.71687 0.581529 0.417497 -9.46914e-106 -6.32194e-109 -6.20628e-109 6.57488e-109 
-10.325 0.573693 -0.13922 -1.28747e-05 0.589753 -0.589714 -1.28747e-05 1.80234 1.72108 0.583319 0.41766 4.3228e-106 2.89231e-109 2.8259e-109 -2.99575e-109 
-10.3213 0.575102 -0.13927 -1.29747e-05 0.589276 -0.589237 -1.29747e-05 1.80768 1.72531 0.585113 0.417811 2.59568e-105 1.74042e-108 1.69234e-108 -1.79529e-108 
-10.3176 0.576518 -0.139316 -1.3075e-05 0.588796 -0.588757 -1.3075e-05 1.81306 1.72955 0.58691 0.417951 4.55875e-105 3.06303e-108 2.96415e-108 -3.14665e-108 
-10.314 0.577939 -0.139359 -1.31757e-05 0.588314 -0.588274 -1.31757e-05 1.81847 1.73382 0.588711 0.418079 5.23724e-105 3.52609e-108 3.39584e-108 -3.60748e-108 
-10.3103 0.579367 -0.139398 -1.32769e-05 0.587828 -0.587789 -1.32769e-05 1.82391 1.7381 0.590515 0.418194 3.54692e-105 2.39281e-108 2.2933e-108 -2.43797e-108 
-10.3066 0.580802 -0.139432 -1.33784e-05 0.58734 -0.5873 -1.33784e-05 1.82939 1.74241 0.592323 0.418298 -1.58489e-105 -1.07129e-108 -1.02175e-108 1.087e-108 
-10.3029 0.582242 -0.139463 -1.34803e-05 0.586849 -0.58681 -1.34803e-05 1.8349 1.74673 0.594134 0.418389 -9.65368e-105 -6.53774e-108 -6.20505e-108 6.60621e-108 
-10.2992 0.583689 -0.139489 -1.35826e-05 0.586355 -0.586316 -1.35826e-05 1.84045 1.75107 0.595949 0.418468 -1.6991e-104 -1.15283e-107 -1.08881e-107 1.16007e-107 
-10.2955 0.585142 -0.139511 -1.36852e-05 0.585859 -0.585819 -1.36852e-05 1.84603 1.75543 0.597767 0.418535 -1.95504e-104 -1.3289e-107 -1.24893e-107 1.3317e-107 
-10.2919 0.586601 -0.139529 -1.37882e-05 0.585359 -0.58532 -1.37882e-05 1.85164 1.7598 0.599589 0.418589 -1.32855e-104 -9.04662e-108 -8.46022e-108 9.02792e-108 
-10.2882 0.588066 -0.139543 -1.38916e-05 0.584857 -0.584818 -1.38916e-05 1.8573 1.7642 0.601415 0.41863 5.80912e-105 3.96251e-108 3.68726e-108 -3.93781e-108 
-10.2845 0.589538 -0.139552 -1.39953e-05 0.584352 -0.584312 -1.39953e-05 1.86298 1.76861 0.603243 0.418658 3.59028e-104 2.45313e-107 2.27134e-107 -2.42763e-107 
-10.2808 0.591015 -0.139557 -1.40993e-05 0.583844 -0.583804 -1.40993e-05 1.8687 1.77305 0.605076 0.418673 6.33271e-104 4.33407e-107 3.99277e-107 -4.27101e-107 
-10.2771 0.592499 -0.139557 -1.42036e-05 0.583333 -0.583294 -1.42036e-05 1.87446 1.7775 0.606911 0.418674 7.29805e-104 5.00272e-107 4.58554e-107 -4.90917e-107 
-10.2734 0.593989 -0.139553 -1.43083e-05 0.58282 -0.58278 -1.43083e-05 1.88025 1.78197 0.60875 0.418662 4.97616e-104 3.41639e-107 3.11563e-107 -3.33834e-107 
-10.2697 0.595485 -0.139545 -1.44132e-05 0.582303 -0.582263 -1.44132e-05 1.88608 1.78646 0.610593 0.418637 -2.12859e-104 -1.46358e-107 -1.32794e-107 1.42409e-107 
-10.2661 0.596988 -0.139532 -1.45185e-05 0.581783 -0.581744 -1.45185e-05 1.89195 1.79096 0.612439 0.418598 -1.33524e-103 -9.19428e-107 -8.29942e-107 8.90813e-107 
-10.2624 0.598496 -0.139514 -1.4624e-05 0.581261 -0.581221 -1.4624e-05 1.89785 1.79549 0.614288 0.418545 -2.36025e-103 -1.62753e-106 -1.46156e-106 1.57015e-106 
-10.2587 0.600011 -0.139492 -1.47299e-05 0.580736 -0.580696 -1.47299e-05 1.90379 1.80003 0.616141 0.418478 -2.7243e-103 -1.88113e-106 -1.68054e-106 1.80704e-106 
-10.255 0.601532 -0.139465 -1.48359e-05 0.580207 -0.580168 -1.48359e-05 1.90977 1.8046 0.617997 0.418397 -1.86379e-103 -1.28864e-106 -1.14523e-106 1.23258e-106 
-10.2513 0.603058 -0.139433 -1.49423e-05 0.579676 -0.579636 -1.49423e-05 1.91578 1.80918 0.619856 0.418302 7.79721e-104 5.39791e-107 4.77204e-107 -5.14079e-107 
-10.2476 0.604591 -0.139397 -1.50488e-05 0.579142 -0.579102 -1.50488e-05 1.92183 1.81377 0.621719 0.418192 4.96572e-103 3.4419e-106 3.02677e-106 -3.26377e-106 
-10.2439 0.60613 -0.139355 -1.51556e-05 0.578604 -0.578565 -1.51556e-05 1.92792 1.81839 0.623584 0.418067 8.79676e-103 6.10446e-106 5.3397e-106 -5.76338e-106 
-10.2403 0.607675 -0.139309 -1.52627e-05 0.578064 -0.578025 -1.52627e-05 1.93404 1.82303 0.625454 0.417928 1.01695e-102 7.06497e-106 6.14685e-106 -6.64113e-106 
-10.2366 0.609227 -0.139257 -1.53699e-05 0.577521 -0.577481 -1.53699e-05 1.9402 1.82768 0.627326 0.417774 6.98052e-103 4.85472e-106 4.20112e-106 -4.5435e-106 
-10.2329 0.610784 -0.139201 -1.54773e-05 0.576974 -0.576935 -1.54773e-05 1.9464 1.83235 0.629202 0.417604 -2.85529e-103 -1.98779e-106 -1.71085e-106 1.85217e-106 
-10.2292 0.612347 -0.139139 -1.55849e-05 0.576425 -0.576386 -1.55849e-05 1.95264 1.83704 0.631081 0.41742 -1.84672e-102 -1.28689e-105 -1.10157e-105 1.1938e-105 
-10.2255 0.613916 -0.139072 -1.56926e-05 0.575873 -0.575833 -1.56926e-05 1.95892 1.84175 0.632963 0.41722 -3.27858e-102 -2.28679e-105 -1.94673e-105 2.11196e-105 
-10.2218 0.615492 -0.139 -1.58005e-05 0.575317 -0.575278 -1.58005e-05 1.96523 1.84648 0.634848 0.417004 -3.79612e-102 -2.65008e-105 -2.24352e-105 2.43656e-105 
-10.2182 0.617073 -0.138923 -1.59086e-05 0.574759 -0.574719 -1.59086e-05 1.97159 1.85122 0.636737 0.416773 -2.61437e-102 -1.82658e-105 -1.53775e-105 1.6719e-105 
-10.2145 0.61866 -0.138841 -1.60168e-05 0.574197 -0.574157 -1.60168e-05 1.97798 1.85598 0.638629 0.416525 1.04524e-102 7.30839e-106 6.11823e-106 -6.65938e-106 
-10.2108 0.620253 -0.138753 -1.6125e-05 0.573632 -0.573593 -1.6125e-05 1.98442 1.86076 0.640524 0.416262 6.86772e-102 4.80537e-105 4.00009e-105 -4.35884e-105 
-10.2071 0.621852 -0.13866 -1.62334e-05 0.573064 -0.573025 -1.62334e-05 1.99089 1.86556 0.642422 0.415982 1.22193e-101 8.5555e-105 7.08122e-105 -7.72524e-105 
-10.2034 0.623457 -0.138561 -1.63418e-05 0.572493 -0.572454 -1.63418e-05 1.9974 1.87037 0.644323 0.415686 1.41703e-101 9.92753e-105 8.16966e-105 -8.92318e-105 
-10.1997 0.625068 -0.138457 -1.64503e-05 0.571919 -0.57188 -1.64503e-05 2.00395 1.8752 0.646227 0.415373 9.79115e-102 6.86333e-105 5.61537e-105 -6.14066e-105 
-10.196 0.626684 -0.138347 -1.65588e-05 0.571342 -0.571302 -1.65588e-05 2.01054 1.88005 0.648134 0.415044 -3.82504e-102 -2.68258e-105 -2.182e-105 2.38904e-105 
-10.1924 0.628307 -0.138232 -1.66674e-05 0.570761 -0.570722 -1.66674e-05 2.01717 1.88492 0.650045 0.414698 -2.55399e-101 -1.79196e-104 -1.449e-104 1.58846e-104 
-10.1887 0.629935 -0.13811 -1.6776e-05 0.570177 -0.570138 -1.6776e-05 2.02385 1.88981 0.651958 0.414334 -4.5541e-101 -3.19652e-104 -2.56942e-104 2.8203e-104 
-10.185 0.631569 -0.137983 -1.68845e-05 0.569591 -0.569551 -1.68845e-05 2.03056 1.89471 0.653874 0.413953 -5.28949e-101 -3.71391e-104 -2.96745e-104 3.26141e-104 
-10.1813 0.633208 -0.137851 -1.69931e-05 0.569001 -0.568961 -1.69931e-05 2.03731 1.89963 0.655794 0.413555 -3.66681e-101 -2.57528e-104 -2.04526e-104 2.25082e-104 
-10.1776 0.634854 -0.137712 -1.71016e-05 0.568407 -0.568368 -1.71016e-05 2.04411 1.90456 0.657716 0.413139 1.39927e-101 9.82946e-105 7.75892e-105 -8.55023e-105 
-10.1739 0.636505 -0.137568 -1.721e-05 0.567811 -0.567772 -1.721e-05 2.05094 1.90952 0.659641 0.412706 9.49772e-101 6.67293e-104 5.23493e-104 -5.77673e-104 
-10.1702 0.638162 -0.137417 -1.73183e-05 0.567211 -0.567172 -1.73183e-05 2.05782 1.91449 0.661569 0.412254 1.69729e-100 1.1926e-103 9.298e-104 -1.02746e-103 
-10.1666 0.639824 -0.13726 -1.74265e-05 0.566608 -0.566569 -1.74265e-05 2.06474 1.91947 0.6635 0.411784 1.97445e-100 1.3874e-103 1.0749e-103 -1.1895e-103 
-10.1629 0.641492 -0.137098 -1.75346e-05 0.566002 -0.565963 -1.75346e-05 2.0717 1.92448 0.665434 0.411296 1.37319e-100 9.64893e-104 7.42834e-104 -8.23222e-104 
-10.1592 0.643166 -0.136929 -1.76426e-05 0.565392 -0.565353 -1.76426e-05 2.07871 1.9295 0.667371 0.41079 -5.11689e-101 -3.59516e-104 -2.75011e-104 3.05224e-104 
-10.1555 0.644845 -0.136754 -1.77503e-05 0.564779 -0.56474 -1.77503e-05 2.08575 1.93454 0.669311 0.410265 -3.53194e-100 -2.48121e-103 -1.88576e-103 2.0961e-103 
-10.1518 0.646529 -0.136572 -1.78579e-05 0.564163 -0.564124 -1.78579e-05 2.09284 1.93959 0.671253 0.409721 -6.3257e-100 -4.44294e-103 -3.35472e-103 3.73464e-103 
-10.1481 0.648219 -0.136385 -1.79653e-05 0.563543 -0.563505 -1.79653e-05 2.09997 1.94466 0.673198 0.409157 -7.37012e-100 -5.17513e-103 -3.88186e-103 4.32828e-103 
-10.1445 0.649915 -0.13619 -1.80724e-05 0.56292 -0.562882 -1.80724e-05 2.10715 1.94975 0.675146 0.408575 -5.14237e-100 -3.60967e-103 -2.6896e-103 3.00373e-103 
-10.1408 0.651615 -0.13599 -1.81793e-05 0.562294 -0.562256 -1.81793e-05 2.11436 1.95485 0.677097 0.407973 1.87045e-100 1.31244e-103 9.71341e-104 -1.08657e-103 
-10.1371 0.653322 -0.135783 -1.82858e-05 0.561665 -0.561626 -1.82858e-05 2.12162 1.95997 0.67905 0.407352 1.31341e-99 9.21167e-103 6.77124e-103 -7.58715e-103 
-10.1334 0.655033 -0.135569 -1.83921e-05 0.561032 -0.560993 -1.83921e-05 2.12893 1.9651 0.681006 0.406711 2.35753e-99 1.6526e-102 1.20643e-102 -1.35411e-102 
-10.1297 0.65675 -0.135349 -1.8498e-05 0.560395 -0.560357 -1.8498e-05 2.13628 1.97025 0.682965 0.40605 2.75106e-99 1.92733e-102 1.39721e-102 -1.57098e-102 
-10.126 0.658472 -0.135121 -1.86036e-05 0.559756 -0.559717 -1.86036e-05 2.14367 1.97542 0.684927 0.405368 1.92568e-99 1.3482e-102 9.70503e-103 -1.09315e-102 
-10.1223 0.660199 -0.134888 -1.87087e-05 0.559112 -0.559074 -1.87087e-05 2.15111 1.9806 0.686891 0.404667 -6.83461e-100 -4.78159e-103 -3.41754e-103 3.85645e-103 
-10.1187 0.661931 -0.134647 -1.88135e-05 0.558466 -0.558428 -1.88135e-05 2.15859 1.98579 0.688857 0.403944 -4.8841e-99 -3.4143e-102 -2.42273e-102 2.73896e-102 
-10.115 0.663668 -0.134399 -1.89178e-05 0.557816 -0.557778 -1.89178e-05 2.16611 1.99101 0.690826 0.403201 -8.78624e-99 -6.13689e-102 -4.3229e-102 4.89646e-102 
-10.1113 0.665411 -0.134144 -1.90216e-05 0.557162 -0.557124 -1.90216e-05 2.17368 1.99623 0.692798 0.402438 -1.02689e-98 -7.16582e-102 -5.01044e-102 5.68626e-102 
-10.1076 0.667158 -0.133883 -1.91249e-05 0.556506 -0.556468 -1.91249e-05 2.1813 2.00148 0.694772 0.401653 -7.21094e-99 -5.02693e-102 -3.48863e-102 3.96706e-102 
-10.1039 0.668911 -0.133614 -1.92277e-05 0.555845 -0.555807 -1.92277e-05 2.18896 2.00673 0.696749 0.400846 2.49633e-99 1.7384e-102 1.19729e-102 -1.36426e-102 
-10.1002 0.670668 -0.133338 -1.933e-05 0.555181 -0.555144 -1.933e-05 2.19667 2.012 0.698728 0.400019 1.81619e-98 1.26332e-101 8.63418e-102 -9.85875e-102 
-10.0966 0.67243 -0.133055 -1.94316e-05 0.554514 -0.554476 -1.94316e-05 2.20442 2.01729 0.70071 0.399169 3.27451e-98 2.27496e-101 1.54274e-101 -1.76529e-101 
-10.0929 0.674197 -0.132764 -1.95326e-05 0.553843 -0.553805 -1.95326e-05 2.21222 2.02259 0.702694 0.398298 3.83303e-98 2.65957e-101 1.78934e-101 -2.05194e-101 
-10.0892 0.675968 -0.132467 -1.96329e-05 0.553169 -0.553131 -1.96329e-05 2.22007 2.02791 0.70468 0.397404 2.70016e-98 1.87098e-101 1.24872e-101 -1.43518e-101 
-10.0855 0.677745 -0.132161 -1.97326e-05 0.552491 -0.552453 -1.97326e-05 2.22796 2.03324 0.706668 0.396489 -9.11388e-99 -6.30609e-102 -4.17468e-102 4.809e-102 
-10.0818 0.679526 -0.131849 -1.98315e-05 0.551809 -0.551772 -1.98315e-05 2.2359 2.03858 0.708659 0.39555 -6.75352e-98 -4.66586e-101 -3.06343e-101 3.53717e-101 
-10.0781 0.681311 -0.131528 -1.99297e-05 0.551124 -0.551087 -1.99297e-05 2.24388 2.04394 0.710653 0.39459 -1.22036e-97 -8.4178e-101 -5.48071e-101 6.34344e-101 
-10.0744 0.683101 -0.1312 -2.0027e-05 0.550436 -0.550399 -2.0027e-05 2.25192 2.04931 0.712648 0.393606 -1.43073e-97 -9.85251e-101 -6.36049e-101 7.37982e-101 
-10.0708 0.684896 -0.130865 -2.01235e-05 0.549744 -0.549706 -2.01235e-05 2.26 2.05469 0.714646 0.392599 -1.01106e-97 -6.95034e-101 -4.44835e-101 5.17425e-101 
-10.0671 0.686695 -0.130521 -2.02192e-05 0.549048 -0.549011 -2.02192e-05 2.26812 2.06009 0.716646 0.391569 3.32591e-98 2.28217e-101 1.44788e-101 -1.6885e-101 
-10.0634 0.688498 -0.13017 -2.03139e-05 0.548349 -0.548312 -2.03139e-05 2.2763 2.0655 0.718648 0.390515 2.51128e-97 1.71991e-100 1.08147e-100 -1.26455e-100 
-10.0597 0.690305 -0.129811 -2.04078e-05 0.547646 -0.547609 -2.04078e-05 2.28452 2.07092 0.720652 0.389438 4.54805e-97 3.10865e-100 1.93709e-100 -2.27117e-100 
-10.056 0.692117 -0.129444 -2.05006e-05 0.546939 -0.546902 -2.05006e-05 2.2928 2.07635 0.722658 0.388337 5.34038e-97 3.64266e-100 2.24904e-100 -2.64429e-100 
-10.0523 0.693933 -0.129069 -2.05924e-05 0.546229 -0.546192 -2.05924e-05 2.30112 2.0818 0.724667 0.387212 3.78574e-97 2.57668e-100 1.57605e-100 -1.85835e-100 
-10.0486 0.695753 -0.128686 -2.06831e-05 0.545515 -0.545478 -2.06831e-05 2.30949 2.08726 0.726677 0.386062 -1.21315e-97 -8.23856e-101 -4.99141e-101 5.90281e-101 
-10.045 0.697577 -0.128294 -2.07727e-05 0.544797 -0.544761 -2.07727e-05 2.3179 2.09273 0.728689 0.384888 -9.33796e-97 -6.32671e-100 -3.7961e-100 4.50285e-100 
-10.0413 0.699405 -0.127895 -2.08612e-05 0.544076 -0.54404 -2.08612e-05 2.32637 2.09822 0.730703 0.38369 -1.69496e-96 -1.14561e-99 -6.80628e-100 8.09858e-100 
-10.0376 0.701236 -0.127487 -2.09485e-05 0.543351 -0.543315 -2.09485e-05 2.33489 2.10371 0.73272 0.382466 -1.99334e-96 -1.34391e-99 -7.90456e-100 9.43551e-100 
-10.0339 0.703072 -0.12707 -2.10345e-05 0.542622 -0.542586 -2.10345e-05 2.34345 2.10922 0.734738 0.381217 -1.41747e-96 -9.53181e-100 -5.54926e-100 6.64585e-100 
-10.0302 0.704911 -0.126646 -2.11193e-05 0.54189 -0.541854 -2.11193e-05 2.35207 2.11474 0.736758 0.379943 4.4229e-97 2.9662e-100 1.70894e-100 -2.05359e-100 
-10.0265 0.706754 -0.126213 -2.12027e-05 0.541154 -0.541118 -2.12027e-05 2.36074 2.12026 0.73878 0.378644 3.47219e-96 2.32215e-99 1.32372e-99 -1.59623e-99 
-10.0229 0.7086 -0.125771 -2.12848e-05 0.540414 -0.540379 -2.12848e-05 2.36946 2.1258 0.740803 0.377318 6.31673e-96 4.21241e-99 2.37532e-99 -2.87462e-99 
-10.0192 0.71045 -0.12532 -2.13654e-05 0.539671 -0.539635 -2.13654e-05 2.37822 2.13135 0.742828 0.375967 7.44028e-96 4.94695e-99 2.7588e-99 -3.35108e-99 
-10.0155 0.712303 -0.124861 -2.14446e-05 0.538924 -0.538888 -2.14446e-05 2.38704 2.13691 0.744856 0.37459 5.30722e-96 3.5179e-99 1.9398e-99 -2.36526e-99 
-10.0118 0.71416 -0.124393 -2.15223e-05 0.538173 -0.538137 -2.15223e-05 2.39591 2.14248 0.746884 0.373186 -1.61168e-96 -1.06492e-99 -5.80471e-100 7.10574e-100 
-10.0081 0.71602 -0.123916 -2.15984e-05 0.537418 -0.537383 -2.15984e-05 2.40483 2.14806 0.748915 0.371755 -1.29107e-95 -8.50298e-99 -4.58049e-99 5.62994e-99 
-10.0044 0.717883 -0.123431 -2.16728e-05 0.536659 -0.536624 -2.16728e-05 2.41381 2.15365 0.750947 0.370298 -2.35408e-95 -1.54519e-98 -8.22409e-99 1.01508e-98 
-10.0007 0.719749 -0.122936 -2.17456e-05 0.535897 -0.535862 -2.17456e-05 2.42283 2.15925 0.75298 0.368814 -2.77711e-95 -1.81655e-98 -9.54993e-99 1.18384e-98 
-9.99706 0.721618 -0.122432 -2.18167e-05 0.535131 -0.535096 -2.18167e-05 2.43191 2.16486 0.755015 0.367303 -1.98705e-95 -1.29512e-98 -6.72337e-99 8.3719e-99 
-9.99338 0.72349 -0.121919 -2.1886e-05 0.534361 -0.534326 -2.1886e-05 2.44103 2.17047 0.757052 0.365764 5.86971e-96 3.8117e-99 1.9534e-99 -2.44364e-99 
-9.98969 0.725364 -0.121397 -2.19535e-05 0.533587 -0.533552 -2.19535e-05 2.45022 2.1761 0.75909 0.364197 4.80051e-95 3.10559e-98 1.57063e-98 -1.97425e-98 
-9.98601 0.727242 -0.120865 -2.2019e-05 0.532809 -0.532775 -2.2019e-05 2.45945 2.18173 0.761129 0.362603 8.77301e-95 5.65342e-98 2.82072e-98 -3.56322e-98 
-9.98232 0.729122 -0.120324 -2.20826e-05 0.532028 -0.531993 -2.20826e-05 2.46874 2.18737 0.76317 0.360981 1.03656e-94 6.65297e-98 3.27366e-98 -4.15671e-98 
-9.97864 0.731004 -0.119774 -2.21442e-05 0.531242 -0.531208 -2.21442e-05 2.47808 2.19302 0.765212 0.35933 7.43946e-95 4.75523e-98 2.30676e-98 -2.94465e-98 
-9.97495 0.732889 -0.119214 -2.22038e-05 0.530453 -0.530419 -2.22038e-05 2.48747 2.19867 0.767256 0.357651 -2.13655e-95 -1.35989e-98 -6.50106e-99 8.34485e-99 
-9.97127 0.734776 -0.118645 -2.22612e-05 0.52966 -0.529626 -2.22612e-05 2.49692 2.20433 0.769301 0.355943 -1.78493e-94 -1.13114e-97 -5.32693e-98 6.87712e-98 
-9.96758 0.736666 -0.118066 -2.23164e-05 0.528863 -0.528829 -2.23164e-05 2.50642 2.21 0.771347 0.354206 -3.26943e-94 -2.06266e-97 -9.56496e-98 1.24224e-97 
-9.9639 0.738557 -0.117477 -2.23694e-05 0.528062 -0.528028 -2.23694e-05 2.51597 2.21568 0.773394 0.35244 -3.86895e-94 -2.42969e-97 -1.10895e-97 1.44922e-97 
-9.96021 0.740451 -0.116879 -2.24201e-05 0.527257 -0.527224 -2.24201e-05 2.52558 2.22136 0.775442 0.350645 -2.78524e-94 -1.74089e-97 -7.81699e-98 1.02818e-97 
-9.95653 0.742346 -0.116271 -2.24683e-05 0.526448 -0.526415 -2.24683e-05 2.53524 2.22704 0.777491 0.34882 7.77242e-95 4.83461e-98 2.13463e-98 -2.82668e-98 
-9.95284 0.744243 -0.115652 -2.25142e-05 0.525636 -0.525603 -2.25142e-05 2.54496 2.23273 0.779542 0.346965 6.63662e-94 4.10764e-97 1.78248e-97 -2.37699e-97 
-9.94916 0.746142 -0.115024 -2.25575e-05 0.524819 -0.524786 -2.25575e-05 2.55474 2.23843 0.781593 0.34508 1.21841e-93 7.50282e-97 3.19808e-97 -4.29612e-97 
-9.94547 0.748042 -0.114386 -2.25982e-05 0.523998 -0.523966 -2.25982e-05 2.56457 2.24413 0.783645 0.343165 1.44407e-93 8.84598e-97 3.70162e-97 -5.0108e-97 
-9.94179 0.749944 -0.113737 -2.26363e-05 0.523174 -0.523142 -2.26363e-05 2.57445 2.24984 0.785699 0.34122 1.04273e-93 6.3533e-97 2.60832e-97 -3.55924e-97 
-9.9381 0.751847 -0.113078 -2.26717e-05 0.522345 -0.522313 -2.26717e-05 2.58439 2.25555 0.787753 0.339244 -2.82574e-94 -1.71225e-97 -6.89228e-98 9.48424e-98 
-9.93442 0.753752 -0.112409 -2.27043e-05 0.521513 -0.521481 -2.27043e-05 2.59439 2.26126 0.789808 0.337237 -2.46755e-93 -1.4868e-96 -5.86379e-97 8.14028e-97 
-9.93073 0.755657 -0.11173 -2.2734e-05 0.520676 -0.520645 -2.2734e-05 2.60444 2.26698 0.791864 0.335199 -4.54059e-93 -2.72009e-96 -1.05032e-96 1.47162e-96 
-9.92705 0.757563 -0.11104 -2.27607e-05 0.519836 -0.519804 -2.27607e-05 2.61455 2.27269 0.79392 0.33313 -5.38989e-93 -3.20978e-96 -1.2125e-96 1.71542e-96 
-9.92336 0.75947 -0.11034 -2.27845e-05 0.518991 -0.51896 -2.27845e-05 2.62471 2.27842 0.795977 0.331029 -3.90367e-93 -2.31062e-96 -8.53178e-97 1.21945e-96 
-9.91968 0.761378 -0.109629 -2.28051e-05 0.518143 -0.518112 -2.28051e-05 2.63494 2.28414 0.798035 0.328896 1.02666e-93 6.03916e-97 2.17771e-97 -3.14632e-97 
-9.91599 0.763287 -0.108907 -2.28226e-05 0.517291 -0.51726 -2.28226e-05 2.64522 2.28987 0.800094 0.326731 9.17445e-93 5.36238e-96 1.88656e-96 -2.75685e-96 
-9.91231 0.765196 -0.108175 -2.28368e-05 0.516434 -0.516403 -2.28368e-05 2.65555 2.29559 0.802153 0.324535 1.69211e-92 9.82574e-96 3.36913e-96 -4.98288e-96 
-9.90862 0.767105 -0.107432 -2.28477e-05 0.515573 -0.515543 -2.28477e-05 2.66595 2.30132 0.804212 0.322305 2.01173e-92 1.16037e-95 3.87346e-96 -5.80222e-96 
-9.90494 0.769014 -0.106678 -2.28551e-05 0.514709 -0.514679 -2.28551e-05 2.6764 2.30705 0.806272 0.320044 1.46138e-92 8.37162e-96 2.71729e-96 -4.12573e-96 
-9.90125 0.770924 -0.105913 -2.28591e-05 0.51384 -0.51381 -2.28591e-05 2.68691 2.31278 0.808332 0.317749 -3.72758e-93 -2.12041e-96 -6.68341e-97 1.02945e-96 
-9.89757 0.772833 -0.105137 -2.28595e-05 0.512968 -0.512938 -2.28595e-05 2.69748 2.3185 0.810393 0.315421 -3.41104e-92 -1.92643e-95 -5.88792e-96 9.2092e-96 
-9.89388 0.774742 -0.10435 -2.28562e-05 0.512091 -0.512061 -2.28562e-05 2.70811 2.32423 0.812454 0.31306 -6.30581e-92 -3.53513e-95 -1.04608e-95 1.66315e-95 
-9.8902 0.776651 -0.103552 -2.28491e-05 0.51121 -0.511181 -2.28491e-05 2.71879 2.32996 0.814515 0.310666 -7.50853e-92 -4.17772e-95 -1.19485e-95 1.93325e-95 
-9.88651 0.778559 -0.102742 -2.28382e-05 0.510325 -0.510296 -2.28382e-05 2.72954 2.33568 0.816577 0.308238 -5.47069e-92 -3.02043e-95 -8.33376e-96 1.37399e-95 
-9.88283 0.780467 -0.101921 -2.28233e-05 0.509436 -0.509407 -2.28233e-05 2.74034 2.34141 0.818639 0.305776 1.35243e-92 7.40803e-96 1.96779e-96 -3.31067e-96 
-9.87914 0.782373 -0.101089 -2.28044e-05 0.508543 -0.508514 -2.28044e-05 2.75121 2.34713 0.8207 0.303279 1.2682e-91 6.89053e-95 1.75808e-95 -3.02326e-95 
-9.87546 0.784279 -0.100246 -2.27814e-05 0.507646 -0.507617 -2.27814e-05 2.76213 2.35284 0.822762 0.300749 2.34991e-91 1.26622e-94 3.09529e-95 -5.45048e-95 
-9.87178 0.786184 -0.0993907 -2.27542e-05 0.506744 -0.506716 -2.27542e-05 2.77311 2.35856 0.824824 0.298184 2.80245e-91 1.49729e-94 3.49676e-95 -6.31834e-95 
-9.86809 0.788087 -0.098524 -2.27226e-05 0.505839 -0.505811 -2.27226e-05 2.78416 2.36427 0.826886 0.295584 2.04791e-91 1.08467e-94 2.41235e-95 -4.48348e-95 
-9.86441 0.789989 -0.0976457 -2.26866e-05 0.504929 -0.504901 -2.26866e-05 2.79526 2.36997 0.828948 0.292949 -4.90316e-92 -2.5739e-95 -5.43176e-96 1.04123e-95 
-9.86072 0.791889 -0.0967556 -2.26461e-05 0.504015 -0.503988 -2.26461e-05 2.80643 2.37567 0.831009 0.290279 -4.71499e-91 -2.45263e-94 -4.89094e-95 9.70108e-95 
-9.85704 0.793788 -0.0958537 -2.2601e-05 0.503098 -0.50307 -2.2601e-05 2.81765 2.38137 0.833071 0.287574 -8.75705e-91 -4.51284e-94 -8.46358e-95 1.74352e-94 
-9.85335 0.795684 -0.09494 -2.25511e-05 0.502176 -0.502149 -2.25511e-05 2.82894 2.38706 0.835132 0.284833 -1.04597e-90 -5.33892e-94 -9.3648e-95 2.01253e-94 
-9.84967 0.797579 -0.0940143 -2.24964e-05 0.501249 -0.501223 -2.24964e-05 2.84029 2.39274 0.837192 0.282056 -7.66603e-91 -3.8748e-94 -6.31555e-95 1.42342e-94 
-9.84598 0.799471 -0.0930766 -2.24368e-05 0.500319 -0.500293 -2.24368e-05 2.8517 2.39842 0.839253 0.279243 1.77619e-91 8.88812e-95 1.33574e-95 -3.17777e-95 
-9.8423 0.801361 -0.0921269 -2.23721e-05 0.499385 -0.499359 -2.23721e-05 2.86317 2.40409 0.841313 0.276394 1.75295e-90 8.68208e-94 1.19183e-94 -3.01684e-94 
-9.83861 0.803248 -0.091165 -2.23022e-05 0.498446 -0.49842 -2.23022e-05 2.87471 2.40975 0.843372 0.273508 3.26334e-90 1.59936e-93 1.98237e-94 -5.39282e-94 
-9.83493 0.805132 -0.0901908 -2.22271e-05 0.497503 -0.497478 -2.22271e-05 2.8863 2.4154 0.845431 0.270586 3.90387e-90 1.89275e-93 2.08752e-94 -6.18256e-94 
-9.83124 0.807014 -0.0892044 -2.21466e-05 0.496556 -0.496531 -2.21466e-05 2.89796 2.42105 0.84749 0.267627 2.86959e-90 1.37601e-93 1.32489e-94 -4.34594e-94 
-9.82756 0.808892 -0.0882056 -2.20607e-05 0.495605 -0.49558 -2.20607e-05 2.90968 2.42668 0.849548 0.264631 -6.4289e-91 -3.04805e-94 -2.49686e-95 9.28906e-95 
-9.82387 0.810767 -0.0871944 -2.19691e-05 0.49465 -0.494625 -2.19691e-05 2.92147 2.43231 0.851605 0.261598 -6.51702e-90 -3.05421e-93 -2.05141e-94 8.96046e-94 
-9.82019 0.812638 -0.0861707 -2.18717e-05 0.49369 -0.493666 -2.18717e-05 2.93332 2.43792 0.853661 0.258527 -1.21608e-89 -5.63187e-93 -2.92954e-94 1.58652e-93 
-9.8165 0.814506 -0.0851345 -2.17686e-05 0.492726 -0.492702 -2.17686e-05 2.94523 2.44353 0.855716 0.255418 -1.45703e-89 -6.66606e-93 -2.42964e-94 1.79788e-93 
-9.81282 0.81637 -0.0840856 -2.16594e-05 0.491758 -0.491734 -2.16594e-05 2.9572 2.44912 0.857771 0.252272 -1.07414e-89 -4.85332e-93 -9.91924e-95 1.24912e-93 
-9.80913 0.81823 -0.083024 -2.15441e-05 0.490786 -0.490763 -2.15441e-05 2.96924 2.4547 0.859825 0.249088 2.32485e-90 1.03709e-93 4.11177e-96 -2.53765e-94 
-9.80545 0.820085 -0.0819497 -2.14227e-05 0.48981 -0.489787 -2.14227e-05 2.98134 2.46026 0.861877 0.245865 2.42283e-89 1.06672e-92 -1.38633e-94 -2.47084e-93 
-9.80176 0.821936 -0.0808626 -2.12948e-05 0.488829 -0.488806 -2.12948e-05 2.99351 2.46582 0.863929 0.242604 4.53171e-89 1.96855e-92 -5.9983e-94 -4.295e-93 
-9.79808 0.823782 -0.0797626 -2.11605e-05 0.487844 -0.487822 -2.11605e-05 3.00574 2.47136 0.865979 0.239304 5.43801e-89 2.32987e-92 -1.12967e-93 -4.76034e-93 
-9.79439 0.825624 -0.0786496 -2.10196e-05 0.486855 -0.486833 -2.10196e-05 3.01804 2.47688 0.868029 0.235965 4.02058e-89 1.69838e-92 -1.13915e-93 -3.22723e-93 
-9.79071 0.82746 -0.0775236 -2.08719e-05 0.485862 -0.48584 -2.08719e-05 3.0304 2.48239 0.870077 0.232587 -8.39921e-90 -3.49686e-93 3.01648e-94 6.12849e-94 
-9.78702 0.829291 -0.0763845 -2.07173e-05 0.484865 -0.484843 -2.07173e-05 3.04283 2.48788 0.872123 0.22917 -9.00721e-89 -3.69452e-92 3.9195e-93 5.91155e-93 
-9.78334 0.831116 -0.0752323 -2.05557e-05 0.483863 -0.483842 -2.05557e-05 3.05532 2.49336 0.874169 0.225714 -1.68872e-88 -6.82154e-92 8.63547e-93 9.83966e-93 
-9.77965 0.832936 -0.0740669 -2.0387e-05 0.482857 -0.482836 -2.0387e-05 3.06788 2.49882 0.876213 0.222218 -2.02959e-88 -8.07069e-92 1.19291e-92 1.0325e-92 
-9.77597 0.83475 -0.0728882 -2.0211e-05 0.481847 -0.481826 -2.0211e-05 3.0805 2.50426 0.878255 0.218682 -1.5049e-88 -5.88852e-92 9.99757e-93 6.53859e-93 
-9.77228 0.836557 -0.0716962 -2.00275e-05 0.480832 -0.480812 -2.00275e-05 3.0932 2.50968 0.880296 0.215106 3.03139e-89 1.16666e-92 -2.2465e-93 -1.09118e-93 
-9.7686 0.838358 -0.0704908 -1.98364e-05 0.479814 -0.479794 -1.98364e-05 3.10595 2.51509 0.882335 0.211491 3.3485e-88 1.26694e-91 -2.73901e-92 -9.54839e-93 
-9.76491 0.840153 -0.0692719 -1.96376e-05 0.478791 -0.478771 -1.96376e-05 3.11878 2.52047 0.884373 0.207834 6.29291e-88 2.33968e-91 -5.63238e-92 -1.32198e-92 
-9.76123 0.841941 -0.0680396 -1.94309e-05 0.477764 -0.477744 -1.94309e-05 3.13167 2.52583 0.886409 0.204138 7.57483e-88 2.76605e-91 -7.36449e-92 -1.02055e-92 
-9.75754 0.843721 -0.0667937 -1.92162e-05 0.476732 -0.476713 -1.92162e-05 3.14462 2.53118 0.888443 0.2004 5.63273e-88 2.01914e-91 -5.91187e-92 -3.33027e-93 
-9.75386 0.845495 -0.0655341 -1.89933e-05 0.475697 -0.475678 -1.89933e-05 3.15765 2.5365 0.890475 0.196622 -1.09289e-88 -3.8437e-92 1.23169e-92 -1.82877e-94 
-9.75017 0.847261 -0.0642609 -1.8762e-05 0.474657 -0.474639 -1.8762e-05 3.17074 2.54179 0.892505 0.192802 -1.24481e-87 -4.29298e-91 1.49946e-91 -1.15562e-92 
-9.74649 0.849019 -0.0629739 -1.85223e-05 0.473613 -0.473595 -1.85223e-05 3.1839 2.54707 0.894533 0.188942 -2.34499e-87 -7.92545e-91 3.0068e-91 -3.96708e-92 
-9.7428 0.850769 -0.0616732 -1.82739e-05 0.472564 -0.472547 -1.82739e-05 3.19713 2.55232 0.896559 0.18504 -2.82706e-87 -9.3579e-91 3.84471e-91 -6.94718e-92 
-9.73912 0.85251 -0.0603586 -1.80166e-05 0.471512 -0.471495 -1.80166e-05 3.21042 2.55754 0.898583 0.181096 -2.10824e-87 -6.83039e-91 3.03121e-91 -6.79961e-92 
-9.73543 0.854244 -0.0590301 -1.77504e-05 0.470455 -0.470438 -1.77504e-05 3.22379 2.56274 0.900605 0.177111 3.9356e-88 1.24717e-91 -5.96514e-92 1.57237e-92 
-9.73175 0.855968 -0.0576876 -1.7475e-05 0.469394 -0.469378 -1.7475e-05 3.23722 2.56792 0.902625 0.173084 4.62755e-87 1.43334e-90 -7.37465e-91 2.20609e-91 
-9.72807 0.857684 -0.0563311 -1.71903e-05 0.468329 -0.468313 -1.71903e-05 3.25072 2.57306 0.904642 0.169015 8.73835e-87 2.64356e-90 -1.46073e-90 4.84217e-91 
-9.72438 0.85939 -0.0549606 -1.68962e-05 0.467259 -0.467243 -1.68962e-05 3.26429 2.57818 0.906656 0.164904 1.0551e-86 3.11511e-90 -1.84608e-90 6.66524e-91 
-9.7207 0.861087 -0.053576 -1.65923e-05 0.466185 -0.46617 -1.65923e-05 3.27793 2.58327 0.908669 0.16075 7.89062e-87 2.27171e-90 -1.44219e-90 5.59823e-91 
-9.71701 0.862774 -0.0521772 -1.62786e-05 0.465107 -0.465092 -1.62786e-05 3.29164 2.58833 0.910678 0.156554 -1.41549e-87 -3.97039e-91 2.69762e-91 -1.11458e-91 
-9.71333 0.86445 -0.0507641 -1.59549e-05 0.464025 -0.46401 -1.59549e-05 3.30542 2.59337 0.912685 0.152315 -1.72025e-86 -4.69679e-90 3.41272e-90 -1.48889e-90 
-9.70964 0.866117 -0.0493369 -1.5621e-05 0.462938 -0.462924 -1.5621e-05 3.31927 2.59837 0.914689 0.148034 -3.25622e-86 -8.64536e-90 6.714e-90 -3.07306e-90 
-9.70596 0.867773 -0.0478953 -1.52767e-05 0.461848 -0.461834 -1.52767e-05 3.33318 2.60333 0.916691 0.143709 -3.93777e-86 -1.01561e-89 8.42653e-90 -4.02494e-90 
-9.70227 0.869418 -0.0464394 -1.49219e-05 0.460753 -0.460739 -1.49219e-05 3.34717 2.60827 0.91869 0.139342 -2.9532e-86 -7.39096e-90 6.54993e-90 -3.25045e-90 
-9.69859 0.871052 -0.044969 -1.45563e-05 0.459653 -0.459641 -1.45563e-05 3.36123 2.61317 0.920685 0.134931 5.08424e-87 1.23326e-90 -1.16726e-90 5.99581e-91 
-9.6949 0.872675 -0.0434843 -1.41798e-05 0.45855 -0.458538 -1.41798e-05 3.37536 2.61804 0.922678 0.130477 6.39476e-86 1.5015e-89 -1.51793e-89 8.04488e-90 
-9.69122 0.874286 -0.041985 -1.37922e-05 0.457442 -0.45743 -1.37922e-05 3.38956 2.62287 0.924668 0.12598 1.21338e-85 2.75412e-89 -2.9746e-89 1.62216e-89 
-9.68753 0.875885 -0.0404713 -1.33932e-05 0.45633 -0.456319 -1.33932e-05 3.40383 2.62767 0.926654 0.121439 1.46962e-85 3.21996e-89 -3.71696e-89 2.08073e-89 
-9.68385 0.877471 -0.0389429 -1.29828e-05 0.455214 -0.455203 -1.29828e-05 3.41818 2.63243 0.928638 0.116854 1.10526e-85 2.33396e-89 -2.88121e-89 1.65221e-89 
-9.68016 0.879045 -0.0374 -1.25606e-05 0.454094 -0.454083 -1.25606e-05 3.43259 2.63715 0.930618 0.112226 -1.82358e-86 -3.70513e-90 4.89501e-90 -2.87022e-90 
-9.67648 0.880607 -0.0358424 -1.21265e-05 0.452969 -0.452959 -1.21265e-05 3.44708 2.64184 0.932595 0.107554 -2.37712e-85 -4.63858e-89 6.56474e-89 -3.92961e-89 
-9.67279 0.882155 -0.0342702 -1.16803e-05 0.451841 -0.451831 -1.16803e-05 3.46163 2.64648 0.934568 0.102837 -4.52142e-85 -8.45673e-89 1.28356e-88 -7.83245e-89 
-9.66911 0.88369 -0.0326832 -1.12218e-05 0.450708 -0.450699 -1.12218e-05 3.47626 2.65109 0.936538 0.0980768 -5.48471e-85 -9.81141e-89 1.59928e-88 -9.93575e-89 
-9.66542 0.885211 -0.0310815 -1.07508e-05 0.449571 -0.449562 -1.07508e-05 3.49096 2.65565 0.938504 0.093272 -4.13646e-85 -7.06026e-89 1.23794e-88 -7.82119e-89 
-9.66174 0.886718 -0.029465 -1.0267e-05 0.448429 -0.448421 -1.0267e-05 3.50574 2.66017 0.940466 0.0884229 6.53059e-86 1.06076e-89 -2.00453e-89 1.28657e-89 
-9.65805 0.88821 -0.0278336 -9.77028e-06 0.447284 -0.447276 -9.77028e-06 3.52059 2.66465 0.942425 0.0835293 8.83628e-85 1.3619e-88 -2.77983e-88 1.81086e-88 
-9.65437 0.889689 -0.0261875 -9.26041e-06 0.446134 -0.446127 -9.26041e-06 3.5355 2.66908 0.94438 0.0785913 1.68481e-84 2.45597e-88 -5.42876e-88 3.5863e-88 
-9.65068 0.891152 -0.0245264 -8.73715e-06 0.444981 -0.444974 -8.73715e-06 3.5505 2.67347 0.946331 0.0736086 2.04692e-84 2.81185e-88 -6.75118e-88 4.51929e-88 
-9.647 0.892599 -0.0228505 -8.2003e-06 0.443823 -0.443816 -8.2003e-06 3.56556 2.67782 0.948278 0.0685812 1.54804e-84 1.99573e-88 -5.22307e-88 3.54046e-88 
-9.64331 0.894032 -0.0211596 -7.64963e-06 0.44266 -0.442654 -7.64963e-06 3.5807 2.68211 0.950221 0.063509 -2.33482e-85 -2.81168e-89 8.05399e-89 -5.5247e-89 
-9.63963 0.895448 -0.0194538 -7.08493e-06 0.441494 -0.441489 -7.08493e-06 3.59591 2.68636 0.95216 0.058392 -3.28459e-84 -3.67487e-88 1.15773e-87 -8.03187e-88 
-9.63594 0.896848 -0.017733 -6.50595e-06 0.440324 -0.440319 -6.50595e-06 3.6112 2.69056 0.954095 0.05323 -6.27804e-84 -6.48495e-88 2.25989e-87 -1.58479e-87 
-9.63226 0.898232 -0.0159972 -5.91248e-06 0.439149 -0.439145 -5.91248e-06 3.62656 2.69472 0.956025 0.0480231 -7.63916e-84 -7.23171e-88 2.80687e-87 -1.98869e-87 
-9.62857 0.899598 -0.0142464 -5.30428e-06 0.437971 -0.437967 -5.30428e-06 3.64199 2.69882 0.957951 0.0427711 -5.79332e-84 -4.98194e-88 2.17169e-87 -1.55384e-87 
-9.62489 0.900948 -0.0124805 -4.68111e-06 0.436788 -0.436784 -4.68111e-06 3.6575 2.70286 0.959873 0.037474 8.33233e-85 6.43937e-89 -3.18509e-88 2.30043e-88 
-9.6212 0.902279 -0.0106996 -4.04275e-06 0.435601 -0.435598 -4.04275e-06 3.67308 2.70686 0.96179 0.0321317 1.22092e-83 8.36683e-88 -4.75691e-87 3.46675e-87 
-9.61752 0.903593 -0.00890367 -3.38896e-06 0.43441 -0.434408 -3.38896e-06 3.68874 2.7108 0.963702 0.0267443 2.33934e-83 1.39746e-87 -9.28578e-87 6.82602e-87 
-9.61383 0.904889 -0.00709261 -2.71948e-06 0.433215 -0.433213 -2.71948e-06 3.70447 2.71469 0.96561 0.0213116 2.85093e-83 1.45136e-87 -1.15241e-86 8.54205e-87 
-9.61015 0.906166 -0.00526646 -2.03408e-06 0.432016 -0.432015 -2.03408e-06 3.72028 2.71852 0.967513 0.0158336 2.16802e-83 9.11497e-88 -8.92062e-87 6.6653e-87 
-9.60646 0.907424 -0.00342521 -1.33252e-06 0.430813 -0.430812 -1.33252e-06 3.73616 2.7223 0.969411 0.0103103 -2.96768e-84 -9.8356e-89 1.24246e-87 -9.35512e-88 
-9.60278 0.908663 -0.00156884 -6.14542e-07 0.429606 -0.429605 -6.14542e-07 3.75212 2.72601 0.971304 0.0047417 -4.53821e-83 -1.09861e-87 1.93245e-86 -1.46588e-86 
-9.59909 0.909883 0.00030265 1.20101e-07 0.428395 -0.428395 1.20101e-07 3.76815 2.72967 0.973193 -0.000872273 -8.71689e-83 -1.32857e-87 3.77377e-86 -2.88324e-86 
-9.59541 0.911082 0.00218926 8.71667e-07 0.427179 -0.42718 8.71667e-07 3.78426 2.73327 0.975076 -0.0065316 -1.06396e-82 -6.64283e-88 4.68128e-86 -3.60148e-86 
-9.59172 0.912261 0.004091 1.64041e-06 0.42596 -0.425961 1.64041e-06 3.80044 2.73681 0.976953 -0.0122363 -8.11317e-83 2.25876e-88 3.62656e-86 -2.80882e-86 
-9.58804 0.913419 0.00600786 2.42659e-06 0.424737 -0.424739 2.42659e-06 3.8167 2.74028 0.978826 -0.0179864 1.05469e-83 -1.24875e-88 -4.78785e-87 3.73244e-87 
-9.58435 0.914556 0.00793986 3.23045e-06 0.42351 -0.423512 3.23045e-06 3.83303 2.7437 0.980693 -0.0237818 1.68685e-82 -3.52934e-87 -7.77403e-86 6.09869e-86 
-9.58067 0.915672 0.00988697 4.05228e-06 0.422278 -0.422281 4.05228e-06 3.84945 2.74704 0.982555 -0.0296227 3.24808e-82 -9.75427e-87 -1.51917e-85 1.1991e-85 
-9.57699 0.916766 0.0118492 4.89233e-06 0.421043 -0.421047 4.89233e-06 3.86593 2.75033 0.984411 -0.0355088 3.97065e-82 -1.55503e-86 -1.8841e-85 1.49601e-85 
-9.5733 0.917838 0.0138266 5.75087e-06 0.419804 -0.419808 5.75087e-06 3.8825 2.75354 0.986262 -0.0414403 3.03605e-82 -1.46694e-86 -1.46107e-85 1.16685e-85 
-9.56962 0.918887 0.015819 6.62817e-06 0.418561 -0.418566 6.62817e-06 3.89914 2.75669 0.988107 -0.0474171 -3.73937e-83 2.14987e-87 1.8245e-86 -1.46532e-86 
-9.56593 0.919913 0.0178265 7.5245e-06 0.417314 -0.417319 7.5245e-06 3.91586 2.75977 0.989946 -0.0534392 -6.26988e-82 4.18124e-86 3.10062e-85 -2.50394e-85 
-9.56225 0.920916 0.0198492 8.44014e-06 0.416063 -0.416069 8.44014e-06 3.93265 2.76278 0.99178 -0.0595065 -1.21029e-81 9.18609e-86 6.06444e-85 -4.92369e-85 
-9.55856 0.921895 0.0218868 9.37537e-06 0.414809 -0.414815 9.37537e-06 3.94952 2.76572 0.993607 -0.0656189 -1.48182e-81 1.26145e-85 7.52104e-85 -6.1383e-85 
-9.55488 0.92285 0.0239395 1.03305e-05 0.41355 -0.413557 1.03305e-05 3.96647 2.76858 0.995428 -0.0717765 -1.1361e-81 1.07216e-85 5.83921e-85 -4.79007e-85 
-9.55119 0.923781 0.0260073 1.13057e-05 0.412287 -0.412295 1.13057e-05 3.9835 2.77137 0.997243 -0.0779792 1.32228e-82 -1.37024e-86 -6.87998e-86 5.6721e-86 
-9.54751 0.924687 0.02809 1.23014e-05 0.411021 -0.411029 1.23014e-05 4.0006 2.77409 0.999052 -0.0842268 2.33042e-81 -2.6309e-85 -1.22716e-84 1.01667e-84 
-9.54382 0.925567 0.0301877 1.33178e-05 0.409751 -0.40976 1.33178e-05 4.01778 2.77673 1.00086 -0.0905194 4.50969e-81 -5.50946e-85 -2.40267e-84 2.0001e-84 
-9.54014 0.926422 0.0323004 1.43551e-05 0.408477 -0.408486 1.43551e-05 4.03504 2.7793 1.00265 -0.0968568 5.52999e-81 -7.26932e-85 -2.9801e-84 2.49245e-84 
-9.53645 0.927251 0.034428 1.54138e-05 0.407199 -0.407209 1.54138e-05 4.05238 2.78179 1.00444 -0.103239 4.25127e-81 -5.9833e-85 -2.31669e-84 1.94653e-84 
-9.53277 0.928053 0.0365705 1.64941e-05 0.405918 -0.405928 1.64941e-05 4.06979 2.78419 1.00622 -0.109666 -4.66205e-82 6.99468e-86 2.56835e-85 -2.16775e-85 
-9.52908 0.928828 0.0387278 1.75963e-05 0.404633 -0.404644 1.75963e-05 4.08728 2.78652 1.008 -0.116137 -8.66172e-81 1.38006e-84 4.82272e-84 -4.08859e-84 
-9.5254 0.929577 0.0408999 1.87206e-05 0.403344 -0.403355 1.87206e-05 4.10485 2.78877 1.00977 -0.122653 -1.68036e-80 2.83349e-84 9.45343e-84 -8.04944e-84 
-9.52171 0.930297 0.0430868 1.98675e-05 0.402051 -0.402063 1.98675e-05 4.1225 2.79093 1.01153 -0.129213 -2.06372e-80 3.67171e-84 1.1728e-83 -1.00292e-83 
-9.51803 0.930989 0.0452885 2.10371e-05 0.400755 -0.400768 2.10371e-05 4.14023 2.793 1.01329 -0.135817 -1.59078e-80 2.97804e-84 9.12978e-84 -7.84033e-84 
-9.51434 0.931653 0.0475048 2.22298e-05 0.399455 -0.399468 2.22298e-05 4.15803 2.795 1.01504 -0.142466 1.63835e-81 -3.21919e-85 -9.49347e-85 8.18666e-85 
-9.51066 0.932288 0.0497358 2.34459e-05 0.398151 -0.398165 2.34459e-05 4.17592 2.7969 1.01678 -0.149158 3.21933e-80 -6.62426e-84 -1.88297e-83 1.63044e-83 
-9.50697 0.932894 0.0519813 2.46857e-05 0.396844 -0.396858 2.46857e-05 4.19388 2.79872 1.01852 -0.155894 6.26118e-80 -1.34635e-83 -3.69561e-83 3.21297e-83 
-9.50329 0.933469 0.0542414 2.59495e-05 0.395533 -0.395548 2.59495e-05 4.21192 2.80045 1.02024 -0.162673 7.7015e-80 -1.72733e-83 -4.5862e-83 4.00321e-83 
-9.4996 0.934015 0.056516 2.72377e-05 0.394218 -0.394234 2.72377e-05 4.23004 2.80208 1.02196 -0.169496 5.95242e-80 -1.39004e-83 -3.57531e-83 3.13317e-83 
-9.49592 0.93453 0.058805 2.85504e-05 0.3929 -0.392917 2.85504e-05 4.24824 2.80363 1.02368 -0.176363 -5.73638e-81 1.3925e-84 3.47454e-84 -3.05675e-84 
-9.49223 0.935014 0.0611083 2.98882e-05 0.391579 -0.391596 2.98882e-05 4.26652 2.80508 1.02538 -0.183272 -1.19652e-79 3.01468e-83 7.30662e-83 -6.45288e-83 
-9.48855 0.935466 0.0634259 3.12512e-05 0.390254 -0.390272 3.12512e-05 4.28488 2.80644 1.02708 -0.190224 -2.33295e-79 6.09226e-83 1.43594e-82 -1.27301e-82 
-9.48486 0.935886 0.0657578 3.26398e-05 0.388925 -0.388944 3.26398e-05 4.30332 2.8077 1.02877 -0.197219 -2.87406e-79 7.76865e-83 1.78263e-82 -1.58634e-82 
-9.48118 0.936274 0.0681038 3.40543e-05 0.387593 -0.387613 3.40543e-05 4.32183 2.80887 1.03045 -0.204257 -2.22725e-79 6.22381e-83 1.39176e-82 -1.24316e-82 
-9.47749 0.93663 0.0704639 3.5495e-05 0.386258 -0.386278 3.5495e-05 4.34043 2.80993 1.03212 -0.211336 2.00011e-80 -5.77133e-84 -1.25888e-83 1.12865e-83 
-9.47381 0.936952 0.072838 3.69623e-05 0.384919 -0.38494 3.69623e-05 4.35911 2.8109 1.03379 -0.218458 4.44699e-79 -1.32357e-82 -2.81858e-82 2.53632e-82 
-9.47012 0.93724 0.0752261 3.84565e-05 0.383577 -0.383598 3.84565e-05 4.37786 2.81177 1.03545 -0.225621 8.69268e-79 -2.66588e-82 -5.54693e-82 5.00971e-82 
-9.46644 0.937494 0.0776279 3.99779e-05 0.382231 -0.382253 3.99779e-05 4.3967 2.81253 1.0371 -0.232826 1.07254e-78 -3.38599e-82 -6.88892e-82 6.24434e-82 
-9.46275 0.937714 0.0800435 4.15268e-05 0.380882 -0.380905 4.15268e-05 4.41561 2.81319 1.03874 -0.240072 8.33364e-79 -2.70574e-82 -5.38653e-82 4.90017e-82 
-9.45907 0.937898 0.0824728 4.31036e-05 0.37953 -0.379553 4.31036e-05 4.43461 2.81374 1.04037 -0.247359 -6.94061e-80 2.31551e-83 4.5135e-83 -4.12071e-83 
-9.45538 0.938047 0.0849157 4.47086e-05 0.378174 -0.378199 4.47086e-05 4.45368 2.81419 1.042 -0.254687 -1.65274e-78 5.66093e-82 1.0811e-81 -9.90543e-82 
-9.4517 0.93816 0.087372 4.63421e-05 0.376816 -0.376841 4.63421e-05 4.47284 2.81453 1.04361 -0.262055 -3.2389e-78 1.13806e-81 2.13062e-81 -1.95909e-81 
-9.44801 0.938237 0.0898417 4.80045e-05 0.375454 -0.375479 4.80045e-05 4.49207 2.81476 1.04522 -0.269464 -4.00249e-78 1.44163e-81 2.64721e-81 -2.44271e-81 
-9.44433 0.938277 0.0923247 4.96961e-05 0.374089 -0.374115 4.96961e-05 4.51139 2.81488 1.04682 -0.276912 -3.11812e-78 1.15041e-81 2.07302e-81 -1.91963e-81 
-9.44064 0.93828 0.0948209 5.14172e-05 0.37272 -0.372747 5.14172e-05 4.53078 2.81489 1.04841 -0.284399 2.39524e-79 -9.04573e-83 -1.60036e-82 1.48716e-82 
-9.43696 0.938244 0.0973301 5.31682e-05 0.371349 -0.371377 5.31682e-05 4.55025 2.81479 1.04999 -0.291926 6.14239e-78 -2.37287e-81 -4.12352e-81 3.84527e-81 
-9.43328 0.938171 0.0998522 5.49495e-05 0.369974 -0.370003 5.49495e-05 4.56981 2.81457 1.05156 -0.299492 1.20681e-77 -4.76584e-81 -8.13832e-81 7.61572e-81 
-9.42959 0.938059 0.102387 5.67612e-05 0.368597 -0.368626 5.67612e-05 4.58945 2.81423 1.05313 -0.307096 1.49363e-77 -6.02611e-81 -1.0116e-80 9.49944e-81 
-9.42591 0.937908 0.104935 5.86039e-05 0.367216 -0.367246 5.86039e-05 4.60916 2.81378 1.05468 -0.314738 1.16665e-77 -4.80585e-81 -7.93374e-81 7.47623e-81 
-9.42222 0.937717 0.107495 6.04778e-05 0.365833 -0.365863 6.04778e-05 4.62896 2.81321 1.05622 -0.322418 -8.21316e-79 3.45242e-82 5.60689e-82 -5.30199e-82 
-9.41854 0.937486 0.110068 6.23833e-05 0.364446 -0.364477 6.23833e-05 4.64883 2.81252 1.05776 -0.330135 -2.28277e-77 9.78627e-81 1.56406e-80 -1.48416e-80 
-9.41485 0.937214 0.112653 6.43207e-05 0.363056 -0.363088 6.43207e-05 4.66879 2.8117 1.05928 -0.33789 -4.49653e-77 1.96491e-80 3.09137e-80 -2.9437e-80 
-9.41117 0.936902 0.11525 6.62903e-05 0.361664 -0.361697 6.62903e-05 4.68883 2.81077 1.0608 -0.345681 -5.57382e-77 2.48142e-80 3.84425e-80 -3.6734e-80 
-9.40748 0.936548 0.117859 6.82926e-05 0.360269 -0.360302 6.82926e-05 4.70895 2.80971 1.06231 -0.353507 -4.36499e-77 1.97877e-80 3.01946e-80 -2.89536e-80 
-9.4038 0.936152 0.120481 7.03277e-05 0.358871 -0.358905 7.03277e-05 4.72914 2.80852 1.0638 -0.36137 2.79494e-78 -1.28955e-81 -1.93869e-81 1.86553e-81 
-9.40011 0.935713 0.123113 7.23962e-05 0.35747 -0.357505 7.23962e-05 4.74942 2.8072 1.06529 -0.369268 8.48355e-77 -3.98188e-80 -5.89938e-80 5.69668e-80 
-9.39643 0.935232 0.125758 7.44983e-05 0.356066 -0.356102 7.44983e-05 4.76978 2.80576 1.06677 -0.377201 1.67538e-76 -7.99591e-80 -1.16771e-79 1.13156e-79 
-9.39274 0.934707 0.128414 7.66344e-05 0.35466 -0.354696 7.66344e-05 4.79022 2.80419 1.06823 -0.385168 2.07998e-76 -1.00893e-79 -1.4527e-79 1.4127e-79 
-9.38906 0.934139 0.131081 7.88047e-05 0.35325 -0.353288 7.88047e-05 4.81074 2.80248 1.06969 -0.393168 1.63311e-76 -8.04783e-80 -1.14269e-79 1.11517e-79 
-9.38537 0.933526 0.13376 8.10098e-05 0.351839 -0.351877 8.10098e-05 4.83134 2.80065 1.07113 -0.401203 -9.42488e-78 4.71641e-81 6.60516e-81 -6.46905e-81 
-9.38169 0.932868 0.136449 8.32498e-05 0.350424 -0.350463 8.32498e-05 4.85202 2.79868 1.07257 -0.40927 -3.15273e-76 1.60145e-79 2.21253e-79 -2.17469e-79 
-9.378 0.932165 0.139149 8.55251e-05 0.349007 -0.349047 8.55251e-05 4.87278 2.79657 1.074 -0.417369 -6.24232e-76 3.21729e-79 4.38572e-79 -4.32623e-79 
-9.37432 0.931417 0.14186 8.78362e-05 0.347588 -0.347628 8.78362e-05 4.89363 2.79432 1.07541 -0.4255 -7.76182e-76 4.05741e-79 5.4582e-79 -5.40363e-79 
-9.37063 0.930622 0.144581 9.01832e-05 0.346166 -0.346207 9.01832e-05 4.91455 2.79194 1.07682 -0.433663 -6.11e-76 3.23817e-79 4.29948e-79 -4.27198e-79 
-9.36695 0.92978 0.147312 9.25666e-05 0.344742 -0.344783 9.25666e-05 4.93555 2.78942 1.07821 -0.441856 3.14295e-77 -1.68812e-80 -2.21257e-80 2.20647e-80 
-9.36326 0.928891 0.150054 9.49867e-05 0.343315 -0.343357 9.49867e-05 4.95663 2.78675 1.07959 -0.45008 1.17162e-75 -6.37523e-79 -8.24949e-79 8.2571e-79 
-9.35958 0.927955 0.152805 9.74438e-05 0.341886 -0.341929 9.74438e-05 4.9778 2.78394 1.08096 -0.458333 2.32582e-75 -1.28165e-78 -1.63753e-78 1.64513e-78 
-9.35589 0.92697 0.155566 9.99383e-05 0.340454 -0.340498 9.99383e-05 4.99904 2.78099 1.08233 -0.466615 2.89644e-75 -1.61579e-78 -2.03867e-78 2.0558e-78 
-9.35221 0.925937 0.158336 0.00010247 0.33902 -0.339065 0.00010247 5.02037 2.77789 1.08368 -0.474925 2.2859e-75 -1.29048e-78 -1.60806e-78 1.62769e-78 
-9.34852 0.924854 0.161116 0.000105041 0.337584 -0.33763 0.000105041 5.04177 2.77464 1.08501 -0.483263 -1.03358e-76 5.90281e-80 7.26507e-80 -7.3818e-80 
-9.34484 0.923723 0.163905 0.000107649 0.336146 -0.336193 0.000107649 5.06326 2.77125 1.08634 -0.491628 -4.35392e-75 2.51459e-78 3.05716e-78 -3.11822e-78 
-9.34115 0.92254 0.166702 0.000110296 0.334706 -0.334753 0.000110296 5.08482 2.76771 1.08766 -0.50002 -8.66568e-75 5.05958e-78 6.07676e-78 -6.22219e-78 
-9.33747 0.921308 0.169509 0.000112983 0.333263 -0.333311 0.000112983 5.10647 2.76401 1.08896 -0.508438 -1.08084e-74 6.37756e-78 7.56748e-78 -7.77896e-78 
-9.33378 0.920024 0.172323 0.000115708 0.331819 -0.331867 0.000115708 5.12819 2.76016 1.09026 -0.51688 -8.55198e-75 5.09795e-78 5.97669e-78 -6.16805e-78 
-9.3301 0.918689 0.175146 0.000118474 0.330372 -0.330422 0.000118474 5.15 2.75616 1.09154 -0.525347 3.33855e-76 -2.00994e-79 -2.32832e-79 2.41249e-79 
-9.32641 0.917302 0.177976 0.000121279 0.328923 -0.328974 0.000121279 5.17188 2.752 1.09281 -0.533838 1.61795e-74 -9.83434e-78 -1.1257e-77 1.17112e-77 
-9.32273 0.915863 0.180815 0.000124124 0.327473 -0.327524 0.000124124 5.19385 2.74768 1.09407 -0.542352 3.22869e-74 -1.98072e-77 -2.24047e-77 2.34043e-77 
-9.31904 0.914371 0.183661 0.00012701 0.326021 -0.326073 0.00012701 5.21589 2.74321 1.09531 -0.550889 4.03328e-74 -2.49652e-77 -2.79066e-77 2.92726e-77 
-9.31536 0.912825 0.186513 0.000129937 0.324566 -0.324619 0.000129937 5.23802 2.73857 1.09655 -0.559446 3.19939e-74 -1.99751e-77 -2.20663e-77 2.32438e-77 
-9.31167 0.911226 0.189373 0.000132906 0.32311 -0.323164 0.000132906 5.26022 2.73377 1.09777 -0.568025 -1.05285e-75 6.62827e-79 7.23634e-79 -7.65495e-79 
-9.30799 0.909572 0.19224 0.000135915 0.321653 -0.321707 0.000135915 5.28251 2.72881 1.09898 -0.576624 -6.01234e-74 3.81552e-77 4.1168e-77 -4.37375e-77 
-9.3043 0.907863 0.195113 0.000138967 0.320193 -0.320248 0.000138967 5.30487 2.72369 1.10018 -0.585242 -1.20295e-73 7.69314e-77 8.20353e-77 -8.75374e-77 
-9.30062 0.906099 0.197992 0.000142061 0.318732 -0.318788 0.000142061 5.32731 2.7184 1.10137 -0.593878 -1.50505e-73 9.69665e-77 1.02191e-76 -1.09529e-76 
-9.29693 0.90428 0.200877 0.000145197 0.317269 -0.317326 0.000145197 5.34984 2.71294 1.10254 -0.602532 -1.19691e-73 7.76631e-77 8.08902e-77 -8.70904e-77 
-9.29325 0.902404 0.203768 0.000148376 0.315805 -0.315863 0.000148376 5.37244 2.70732 1.1037 -0.611203 3.21051e-75 -2.09741e-78 -2.15899e-78 2.33513e-78 
-9.28957 0.900472 0.206664 0.000151597 0.31434 -0.314398 0.000151597 5.39512 2.70152 1.10485 -0.619889 2.23415e-73 -1.46908e-76 -1.49449e-76 1.62394e-76 
-9.28588 0.898483 0.209564 0.000154863 0.312872 -0.312932 0.000154863 5.41788 2.69556 1.10599 -0.628591 4.48194e-73 -2.96549e-76 -2.98134e-76 3.25492e-76 
-9.2822 0.896436 0.21247 0.000158171 0.311404 -0.311464 0.000158171 5.44072 2.68942 1.10711 -0.637307 5.61618e-73 -3.738e-76 -3.71372e-76 4.07403e-76 
-9.27851 0.894331 0.21538 0.000161524 0.309934 -0.309995 0.000161524 5.46364 2.6831 1.10822 -0.646036 4.4776e-73 -2.99699e-76 -2.94233e-76 3.24362e-76 
-9.27483 0.892168 0.218294 0.00016492 0.308463 -0.308525 0.00016492 5.48663 2.67662 1.10932 -0.654778 -9.30647e-75 6.26236e-78 6.07518e-78 -6.7307e-78 
-9.27114 0.889946 0.221213 0.000168361 0.306991 -0.307054 0.000168361 5.50971 2.66995 1.1104 -0.663531 -8.30184e-73 5.61453e-76 5.38179e-76 -5.9928e-76 
-9.26746 0.887664 0.224134 0.000171846 0.305517 -0.305581 0.000171846 5.53286 2.66311 1.11147 -0.672295 -1.66986e-72 1.1347e-75 1.07463e-75 -1.20283e-75 
-9.26377 0.885323 0.227059 0.000175376 0.304043 -0.304107 0.000175376 5.55609 2.65609 1.11253 -0.681068 -2.09569e-72 1.43041e-75 1.33835e-75 -1.50593e-75 
-9.26009 0.882922 0.229986 0.000178951 0.302567 -0.302632 0.000178951 5.5794 2.64888 1.11358 -0.689849 -1.67503e-72 1.14805e-75 1.06113e-75 -1.20044e-75 
-9.2564 0.88046 0.232917 0.000182572 0.30109 -0.301157 0.000182572 5.60279 2.6415 1.11461 -0.698639 2.47748e-74 -1.70461e-77 -1.5563e-77 1.77031e-77 
-9.25272 0.877937 0.235849 0.000186238 0.299613 -0.29968 0.000186238 5.62626 2.63393 1.11563 -0.707435 3.0848e-72 -2.13007e-75 -1.92079e-75 2.1972e-75 
-9.24903 0.875352 0.238783 0.00018995 0.298134 -0.298202 0.00018995 5.6498 2.62618 1.11663 -0.716236 6.22146e-72 -4.31006e-75 -3.8383e-75 4.41589e-75 
-9.24535 0.872706 0.241719 0.000193707 0.296655 -0.296724 0.000193707 5.67342 2.61824 1.11762 -0.725042 7.82009e-72 -5.43374e-75 -4.77831e-75 5.52965e-75 
-9.24166 0.869997 0.244656 0.000197511 0.295175 -0.295245 0.000197511 5.69712 2.61012 1.1186 -0.733852 6.26603e-72 -4.36563e-75 -3.79041e-75 4.4128e-75 
-9.23798 0.867225 0.247593 0.000201361 0.293694 -0.293765 0.000201361 5.7209 2.60181 1.11957 -0.742664 -5.54002e-74 3.86905e-77 3.31626e-77 -3.88457e-77 
-9.23429 0.864391 0.250532 0.000205258 0.292213 -0.292284 0.000205258 5.74475 2.59331 1.12052 -0.751477 -1.14623e-71 8.02188e-75 6.78673e-75 -7.99991e-75 
-9.23061 0.861493 0.25347 0.000209201 0.290731 -0.290803 0.000209201 5.76868 2.58461 1.12145 -0.760291 -2.31794e-71 1.62512e-74 1.35687e-74 -1.60977e-74 
-9.22692 0.85853 0.256408 0.000213191 0.289249 -0.289321 0.000213191 5.79268 2.57573 1.12238 -0.769103 -2.91805e-71 2.04893e-74 1.68801e-74 -2.01592e-74 
-9.22324 0.855504 0.259345 0.000217229 0.287766 -0.287839 0.000217229 5.81677 2.56665 1.12328 -0.777914 -2.34398e-71 1.6478e-74 1.33927e-74 -1.61033e-74 
-9.21955 0.852413 0.262281 0.000221313 0.286282 -0.286357 0.000221313 5.84093 2.55738 1.12418 -0.786722 6.88237e-74 -4.84255e-77 -3.8821e-77 4.70047e-77 
-9.21587 0.849256 0.265216 0.000225445 0.284799 -0.284874 0.000225445 5.86516 2.54791 1.12506 -0.795525 4.25902e-71 -2.99846e-74 -2.37043e-74 2.89077e-74 
-9.21218 0.846035 0.268149 0.000229624 0.283315 -0.283391 0.000229624 5.88947 2.53825 1.12593 -0.804322 8.6359e-71 -6.08156e-74 -4.74001e-74 5.8233e-74 
-9.2085 0.842747 0.27108 0.000233851 0.281831 -0.281908 0.000233851 5.91386 2.52839 1.12678 -0.813113 1.08886e-70 -7.66764e-74 -5.89055e-74 7.29194e-74 
-9.20481 0.839393 0.274008 0.000238125 0.280346 -0.280424 0.000238125 5.93832 2.51833 1.12762 -0.821896 8.76816e-71 -6.17226e-74 -4.67255e-74 5.82961e-74 
-9.20113 0.835972 0.276933 0.000242447 0.278862 -0.278941 0.000242447 5.96286 2.50807 1.12844 -0.83067 2.56498e-73 -1.80438e-76 -1.34565e-76 1.69247e-76 
-9.19744 0.832485 0.279854 0.000246817 0.277378 -0.277457 0.000246817 5.98747 2.49761 1.12925 -0.839434 -1.58248e-70 1.11212e-73 8.16808e-74 -1.03591e-73 
-9.19376 0.82893 0.282772 0.000251235 0.275893 -0.275974 0.000251235 6.01216 2.48695 1.13004 -0.848185 -3.21744e-70 2.25814e-73 1.63285e-73 -2.08873e-73 
-9.19007 0.825307 0.285685 0.000255701 0.274409 -0.27449 0.000255701 6.03693 2.47608 1.13082 -0.856924 -4.06301e-70 2.8469e-73 2.02602e-73 -2.61482e-73 
-9.18639 0.821617 0.288594 0.000260215 0.272925 -0.273007 0.000260215 6.06176 2.46501 1.13159 -0.865649 -3.27986e-70 2.29361e-73 1.60586e-73 -2.09171e-73 
-9.1827 0.817858 0.291497 0.000264777 0.271441 -0.271524 0.000264777 6.08667 2.45374 1.13234 -0.874358 -2.86781e-72 2.00082e-75 1.37766e-75 -1.81166e-75 
-9.17902 0.81403 0.294395 0.000269387 0.269958 -0.270041 0.000269387 6.11166 2.44226 1.13307 -0.88305 5.87975e-70 -4.09131e-73 -2.76924e-73 3.67779e-73 
-9.17533 0.810134 0.297286 0.000274045 0.268475 -0.268559 0.000274045 6.13672 2.43057 1.13379 -0.891724 1.1987e-69 -8.31591e-73 -5.53065e-73 7.4209e-73 
-9.17165 0.806168 0.300171 0.000278752 0.266992 -0.267077 0.000278752 6.16185 2.41868 1.1345 -0.900378 1.51607e-69 -1.04824e-72 -6.84677e-73 9.2853e-73 
-9.16796 0.802133 0.303049 0.000283506 0.26551 -0.265596 0.000283506 6.18706 2.40657 1.13519 -0.909011 1.22686e-69 -8.45129e-73 -5.41849e-73 7.43029e-73 
-9.16428 0.798027 0.30592 0.000288308 0.264028 -0.264115 0.000288308 6.21234 2.39426 1.13586 -0.917622 1.78133e-71 -1.22209e-74 -7.68683e-75 1.06633e-74 
-9.16059 0.793852 0.308783 0.000293159 0.262548 -0.262635 0.000293159 6.23769 2.38174 1.13652 -0.926209 -2.1846e-69 1.49211e-72 9.2018e-73 -1.29197e-72 
-9.15691 0.789606 0.311637 0.000298057 0.261067 -0.261156 0.000298057 6.26311 2.369 1.13717 -0.93477 -4.46589e-69 3.0356e-72 1.83427e-72 -2.608e-72 
-9.15322 0.78529 0.314482 0.000303003 0.259588 -0.259677 0.000303003 6.28861 2.35605 1.1378 -0.943305 -5.65706e-69 3.82533e-72 2.26323e-72 -3.26055e-72 
-9.14954 0.780902 0.317318 0.000307997 0.25811 -0.2582 0.000307997 6.31418 2.34289 1.13841 -0.951812 -4.58908e-69 3.08586e-72 1.78628e-72 -2.60916e-72 
-9.14586 0.776443 0.320145 0.000313039 0.256632 -0.256723 0.000313039 6.33982 2.32952 1.13901 -0.96029 -9.29429e-71 6.21251e-74 3.51559e-74 -5.20994e-74 
-9.14217 0.771913 0.32296 0.000318128 0.255156 -0.255247 0.000318128 6.36553 2.31593 1.13959 -0.968736 8.11662e-69 -5.39076e-72 -2.97957e-72 4.48323e-72 
-9.13849 0.767311 0.325765 0.000323265 0.25368 -0.253773 0.000323265 6.39131 2.30213 1.14016 -0.977149 1.6638e-68 -1.09754e-71 -5.9194e-72 9.05036e-72 
-9.1348 0.762638 0.328559 0.000328448 0.252206 -0.252299 0.000328448 6.41716 2.28811 1.14071 -0.985529 2.11085e-68 -1.38242e-71 -7.26757e-72 1.13008e-71 
-9.13112 0.757892 0.33134 0.000333679 0.250733 -0.250827 0.000333679 6.44309 2.27388 1.14125 -0.993872 1.71652e-68 -1.11559e-71 -5.71018e-72 9.03898e-72 
-9.12743 0.753073 0.334109 0.000338957 0.249262 -0.249356 0.000338957 6.46908 2.25942 1.14177 -1.00218 4.45353e-70 -2.87105e-73 -1.429e-73 2.30521e-73 
-9.12375 0.748183 0.336865 0.000344281 0.247791 -0.247887 0.000344281 6.49514 2.24475 1.14228 -1.01045 -3.01558e-68 1.92749e-71 9.31601e-72 -1.53328e-71 
-9.12006 0.743219 0.339608 0.000349651 0.246322 -0.246419 0.000349651 6.52128 2.22987 1.14277 -1.01867 -6.1986e-68 3.92643e-71 1.84001e-71 -3.09374e-71 
-9.11638 0.738183 0.342337 0.000355068 0.244855 -0.244952 0.000355068 6.54748 2.21476 1.14324 -1.02686 -7.8763e-68 4.94201e-71 2.24168e-71 -3.85597e-71 
-9.11269 0.733074 0.345051 0.00036053 0.24339 -0.243488 0.00036053 6.57375 2.19944 1.1437 -1.035 -6.42047e-68 3.98852e-71 1.7479e-71 -3.08082e-71 
-9.10901 0.727891 0.34775 0.000366038 0.241926 -0.242024 0.000366038 6.60009 2.18389 1.14414 -1.0431 -2.02861e-69 1.24707e-72 5.2689e-73 -9.53321e-73 
-9.10532 0.722635 0.350433 0.000371591 0.240463 -0.240563 0.000371591 6.6265 2.16813 1.14457 -1.05115 1.12036e-67 -6.81193e-71 -2.76827e-71 5.15198e-71 
-9.10164 0.717306 0.353101 0.000377188 0.239003 -0.239103 0.000377188 6.65297 2.15214 1.14498 -1.05915 2.30931e-67 -1.38799e-70 -5.41106e-71 1.03823e-70 
-9.09795 0.711903 0.355751 0.00038283 0.237545 -0.237646 0.00038283 6.67952 2.13594 1.14537 -1.0671 2.9389e-67 -1.74518e-70 -6.50723e-71 1.29058e-70 
-9.09427 0.706426 0.358384 0.000388517 0.236088 -0.23619 0.000388517 6.70613 2.11951 1.14575 -1.07499 2.40146e-67 -1.40812e-70 -5.00459e-71 1.02907e-70 
-9.09058 0.700876 0.360999 0.000394246 0.234634 -0.234737 0.000394246 6.73281 2.10286 1.14611 -1.08284 8.93495e-69 -5.17021e-72 -1.74464e-72 3.73231e-72 
-9.0869 0.695252 0.363596 0.000400019 0.233182 -0.233285 0.000400019 6.75955 2.08599 1.14646 -1.09063 -4.16232e-67 2.37543e-70 7.57578e-71 -1.69304e-70 
-9.08321 0.689554 0.366173 0.000405835 0.231732 -0.231836 0.000405835 6.78636 2.0689 1.14679 -1.09836 -8.60333e-67 4.83941e-70 1.45094e-70 -3.40363e-70 
-9.07953 0.683782 0.368731 0.000411693 0.230284 -0.230389 0.000411693 6.81324 2.05159 1.14711 -1.10603 -1.09659e-66 6.07585e-70 1.70172e-70 -4.21434e-70 
-9.07584 0.677936 0.371269 0.000417593 0.228839 -0.228945 0.000417593 6.84018 2.03405 1.1474 -1.11364 -8.98211e-67 4.89878e-70 1.27202e-70 -3.34895e-70 
-9.07216 0.672016 0.373786 0.000423533 0.227397 -0.227503 0.000423533 6.86719 2.0163 1.14769 -1.12119 -3.84222e-68 2.06127e-71 4.91635e-72 -1.38788e-71 
-9.06847 0.666022 0.376281 0.000429515 0.225956 -0.226063 0.000429515 6.89426 1.99832 1.14795 -1.12868 1.54634e-66 -8.15428e-70 -1.76598e-70 5.40337e-70 
-9.06479 0.659955 0.378755 0.000435536 0.224519 -0.224626 0.000435536 6.9214 1.98012 1.1482 -1.1361 3.20515e-66 -1.66008e-69 -3.21687e-70 1.0817e-69 
-9.0611 0.653813 0.381205 0.000441596 0.223084 -0.223192 0.000441596 6.9486 1.9617 1.14843 -1.14345 4.09166e-66 -2.07988e-69 -3.53709e-70 1.33138e-69 
-9.05742 0.647597 0.383633 0.000447696 0.221652 -0.221761 0.000447696 6.97586 1.94305 1.14865 -1.15073 3.35949e-66 -1.67461e-69 -2.43399e-70 1.052e-69 
-9.05373 0.641307 0.386036 0.000453833 0.220223 -0.220333 0.000453833 7.00319 1.92419 1.14885 -1.15794 1.62287e-67 -7.92589e-71 -9.47513e-72 4.88077e-71 
-9.05005 0.634944 0.388415 0.000460008 0.218797 -0.218907 0.000460008 7.03058 1.9051 1.14904 -1.16508 -5.74468e-66 2.74641e-69 2.54224e-70 -1.6557e-69 
-9.04636 0.628506 0.390769 0.000466219 0.217374 -0.217485 0.000466219 7.05803 1.88579 1.1492 -1.17214 -1.19406e-65 5.58281e-69 3.58966e-70 -3.2901e-69 
-9.04268 0.621995 0.393098 0.000472466 0.215954 -0.216066 0.000472466 7.08555 1.86626 1.14935 -1.17912 -1.5267e-65 6.97381e-69 2.41473e-70 -4.01102e-69 
-9.03899 0.615411 0.395399 0.000478747 0.214537 -0.21465 0.000478747 7.11312 1.84651 1.14949 -1.18603 -1.2565e-65 5.60165e-69 1.91247e-71 -3.13848e-69 
-9.03531 0.608753 0.397674 0.000485063 0.213124 -0.213237 0.000485063 7.14076 1.82654 1.14961 -1.19285 -6.75972e-67 2.93792e-70 -8.66302e-72 -1.60007e-70 
-9.03162 0.602022 0.399921 0.000491412 0.211714 -0.211828 0.000491412 7.16846 1.80635 1.14971 -1.19959 2.13411e-65 -9.03189e-69 5.80278e-70 4.76989e-69 
-9.02794 0.595218 0.40214 0.000497794 0.210307 -0.210422 0.000497794 7.19622 1.78594 1.1498 -1.20625 4.4484e-65 -1.83095e-68 1.85039e-69 9.34995e-69 
-9.02425 0.58834 0.40433 0.000504207 0.208905 -0.209019 0.000504207 7.22404 1.76531 1.14987 -1.21282 5.69644e-65 -2.27727e-68 3.19162e-69 1.12077e-68 
-9.02057 0.58139 0.40649 0.00051065 0.207505 -0.207621 0.00051065 7.25192 1.74447 1.14992 -1.2193 4.6994e-65 -1.82215e-68 3.31208e-69 8.60928e-69 
-9.01688 0.574368 0.40862 0.000517123 0.20611 -0.206225 0.000517123 7.27986 1.7234 1.14995 -1.22569 2.78443e-66 -1.04558e-69 2.36515e-70 4.72075e-70 
-9.0132 0.567273 0.410719 0.000523624 0.204718 -0.204834 0.000523624 7.30785 1.70212 1.14997 -1.23199 -7.92795e-65 2.8785e-68 -7.88133e-69 -1.23501e-68 
-9.00951 0.560106 0.412787 0.000530153 0.20333 -0.203447 0.000530153 7.33591 1.68063 1.14998 -1.23819 -1.65721e-64 5.80788e-68 -1.88726e-68 -2.35186e-68 
-9.00583 0.552868 0.414822 0.000536707 0.201946 -0.202064 0.000536707 7.36402 1.65891 1.14997 -1.24429 -2.12545e-64 7.17662e-68 -2.72791e-68 -2.71973e-68 
-9.00215 0.545558 0.416824 0.000543287 0.200566 -0.200684 0.000543287 7.39219 1.63699 1.14994 -1.2503 -1.75758e-64 5.7061e-68 -2.50975e-68 -2.00212e-68 
-8.99846 0.538177 0.418793 0.000549891 0.19919 -0.199309 0.000549891 7.42042 1.61485 1.14989 -1.25621 -1.13654e-65 3.5401e-69 -1.78694e-69 -1.13405e-69 
-8.99478 0.530724 0.420728 0.000556517 0.197819 -0.197938 0.000556517 7.44871 1.5925 1.14983 -1.26201 2.94507e-64 -8.78004e-68 5.05459e-68 2.52005e-68 
-8.99109 0.523202 0.422627 0.000563165 0.196451 -0.196571 0.000563165 7.47705 1.56993 1.14975 -1.26771 6.17372e-64 -1.75706e-67 1.14831e-67 4.40067e-68 
-8.98741 0.515609 0.424491 0.000569833 0.195089 -0.195209 0.000569833 7.50544 1.54716 1.14966 -1.2733 7.93042e-64 -2.14844e-67 1.58869e-67 4.51424e-68 
-8.98372 0.507947 0.426319 0.000576519 0.19373 -0.193851 0.000576519 7.53389 1.52417 1.14954 -1.27878 6.57329e-64 -1.68972e-67 1.4107e-67 2.7937e-68 
-8.98004 0.500215 0.42811 0.000583223 0.192377 -0.192498 0.000583223 7.5624 1.50098 1.14942 -1.28415 4.60403e-65 -1.119e-68 1.05358e-68 1.29001e-69 
-8.97635 0.492414 0.429863 0.000589943 0.191027 -0.191149 0.000589943 7.59096 1.47758 1.14927 -1.28941 -1.09401e-63 2.50404e-67 -2.65848e-67 -1.47512e-68 
-8.97267 0.484545 0.431577 0.000596678 0.189683 -0.189806 0.000596678 7.61958 1.45398 1.14911 -1.29456 -2.29992e-63 4.93514e-67 -5.91309e-67 2.52986e-69 
-8.96898 0.476607 0.433253 0.000603425 0.188344 -0.188467 0.000603425 7.64825 1.43017 1.14894 -1.29958 -2.95896e-63 5.92176e-67 -8.0223e-67 4.65327e-68 
-8.9653 0.468602 0.434889 0.000610184 0.187009 -0.187132 0.000610184 7.67697 1.40616 1.14874 -1.30449 -2.45834e-63 4.56136e-67 -7.00763e-67 7.4706e-68 
-8.96161 0.460531 0.436485 0.000616953 0.185679 -0.185803 0.000616953 7.70574 1.38195 1.14853 -1.30928 -1.85311e-64 3.16573e-68 -5.53894e-68 8.35424e-69 
-8.95793 0.452392 0.438039 0.000623729 0.184355 -0.184479 0.000623729 7.73457 1.35754 1.14831 -1.31394 4.06384e-63 -6.33948e-67 1.27054e-66 -2.43019e-67 
-8.95424 0.444188 0.439552 0.000630513 0.183036 -0.18316 0.000630513 7.76344 1.33293 1.14807 -1.31848 8.56796e-63 -1.20846e-66 2.79558e-66 -6.3863e-67 
-8.95056 0.435918 0.441022 0.000637301 0.181722 -0.181847 0.000637301 7.79237 1.30812 1.14781 -1.32289 1.10402e-62 -1.39086e-66 3.75156e-66 -9.8574e-67 
-8.94687 0.427583 0.442449 0.000644093 0.180413 -0.180539 0.000644093 7.82135 1.28312 1.14754 -1.32717 9.1938e-63 -1.0188e-66 3.24735e-66 -9.56535e-67 
-8.94319 0.419185 0.443832 0.000650886 0.17911 -0.179236 0.000650886 7.85038 1.25793 1.14725 -1.33132 7.41781e-64 -7.08762e-68 2.71851e-67 -8.81206e-68 
-8.9395 0.410723 0.445171 0.000657678 0.177812 -0.177938 0.000657678 7.87946 1.23255 1.14694 -1.33534 -1.50954e-62 1.21054e-66 -5.7305e-66 2.01589e-66 
-8.93582 0.402197 0.446464 0.000664467 0.17652 -0.176647 0.000664467 7.90859 1.20697 1.14662 -1.33922 -3.19182e-62 2.06681e-66 -1.25314e-65 4.73277e-66 
-8.93213 0.39361 0.447712 0.000671253 0.175233 -0.17536 0.000671253 7.93777 1.18122 1.14628 -1.34296 -4.11922e-62 2.02819e-66 -1.67013e-65 6.71403e-66 
-8.92845 0.384962 0.448913 0.000678031 0.173953 -0.17408 0.000678031 7.96699 1.15527 1.14593 -1.34657 -3.43828e-62 1.15703e-66 -1.43763e-65 6.10914e-66 
-8.92476 0.376252 0.450066 0.000684802 0.172678 -0.172806 0.000684802 7.99627 1.12915 1.14556 -1.35003 -2.95514e-63 5.32035e-68 -1.27259e-66 5.68375e-67 
-8.92108 0.367483 0.451172 0.000691562 0.171409 -0.171537 0.000691562 8.02559 1.10285 1.14517 -1.35335 5.60714e-62 -1.29035e-67 2.48377e-65 -1.16038e-65 
-8.91739 0.358654 0.452228 0.000698309 0.170146 -0.170275 0.000698309 8.05495 1.07636 1.14477 -1.35652 1.18904e-61 1.59904e-66 5.41147e-65 -2.63387e-65 
-8.91371 0.349767 0.453236 0.000705041 0.16889 -0.169018 0.000705041 8.08437 1.04971 1.14435 -1.35954 1.53691e-61 4.49345e-66 7.17843e-65 -3.62748e-65 
-8.91002 0.340823 0.454193 0.000711756 0.167639 -0.167768 0.000711756 8.11383 1.02288 1.14392 -1.36241 1.28582e-61 5.7935e-66 6.1568e-65 -3.22063e-65 
-8.90634 0.331821 0.4551 0.000718452 0.166395 -0.166524 0.000718452 8.14333 0.995877 1.14347 -1.36513 1.17238e-62 7.13982e-67 5.74901e-66 -3.10509e-66 
-8.90265 0.322764 0.455955 0.000725126 0.165157 -0.165287 0.000725126 8.17288 0.968709 1.14301 -1.3677 -2.08272e-61 -1.59866e-65 -1.0449e-64 5.81403e-65 
-8.89897 0.313653 0.456758 0.000731776 0.163926 -0.164055 0.000731776 8.20248 0.941377 1.14253 -1.37011 -4.42945e-61 -4.10271e-65 -2.27145e-64 1.29949e-64 
-8.89528 0.304487 0.457508 0.000738399 0.162701 -0.162831 0.000738399 8.23211 0.913884 1.14204 -1.37236 -5.7343e-61 -6.22097e-65 -3.00294e-64 1.76332e-64 
-8.8916 0.295268 0.458204 0.000744993 0.161483 -0.161613 0.000744993 8.26179 0.886231 1.14153 -1.37445 -4.80853e-61 -5.97895e-65 -2.56927e-64 1.54611e-64 
-8.88791 0.285997 0.458846 0.000751556 0.160271 -0.160402 0.000751556 8.29152 0.858422 1.141 -1.37638 -4.63406e-62 -6.49579e-66 -2.52419e-65 1.55454e-65 
-8.88423 0.276675 0.459434 0.000758085 0.159067 -0.159197 0.000758085 8.32129 0.83046 1.14046 -1.37814 7.73588e-61 1.20666e-64 4.29213e-64 -2.7019e-64 
-8.88054 0.267303 0.459966 0.000764576 0.157869 -0.158 0.000764576 8.35109 0.802348 1.13991 -1.37974 1.65007e-60 2.83403e-64 9.31798e-64 -5.98905e-64 
-8.87686 0.257882 0.460442 0.000771028 0.156678 -0.156809 0.000771028 8.38094 0.774089 1.13934 -1.38117 2.13949e-60 4.01106e-64 1.22871e-63 -8.05555e-64 
-8.87317 0.248414 0.460861 0.000777438 0.155494 -0.155625 0.000777438 8.41083 0.745687 1.13875 -1.38243 1.7982e-60 3.65301e-64 1.04947e-63 -7.01194e-64 
-8.86949 0.238899 0.461222 0.000783803 0.154318 -0.154449 0.000783803 8.44077 0.717144 1.13815 -1.38351 1.82572e-61 3.99385e-65 1.08202e-64 -7.36167e-65 
-8.8658 0.229338 0.461525 0.000790119 0.153148 -0.153279 0.000790119 8.47074 0.688465 1.13754 -1.38442 -2.87329e-60 -6.73182e-64 -1.72798e-63 1.19629e-63 
-8.86212 0.219732 0.46177 0.000796385 0.151986 -0.152117 0.000796385 8.50075 0.659653 1.13691 -1.38516 -6.14681e-60 -1.53511e-63 -3.74853e-63 2.63891e-63 
-8.85843 0.210084 0.461955 0.000802597 0.150831 -0.150962 0.000802597 8.5308 0.630711 1.13627 -1.38572 -7.98243e-60 -2.11615e-63 -4.93285e-63 3.52914e-63 
-8.85475 0.200393 0.462079 0.000808752 0.149684 -0.149815 0.000808752 8.56088 0.601643 1.13561 -1.38609 -6.72446e-60 -1.88527e-63 -4.20802e-63 3.05786e-63 
-8.85107 0.190662 0.462144 0.000814847 0.148544 -0.148675 0.000814847 8.59101 0.572453 1.13494 -1.38629 -7.17189e-61 -2.11935e-64 -4.54176e-64 3.35054e-64 
-8.84738 0.180892 0.462146 0.000820879 0.147412 -0.147543 0.000820879 8.62117 0.543144 1.13425 -1.3863 1.06719e-59 3.31399e-63 6.83463e-63 -5.11636e-63 
-8.8437 0.171083 0.462087 0.000826845 0.146288 -0.146419 0.000826845 8.65137 0.513721 1.13355 -1.38612 2.28979e-59 7.45173e-63 1.48209e-62 -1.12537e-62 
-8.84001 0.161237 0.461965 0.000832741 0.145171 -0.145302 0.000832741 8.68161 0.484188 1.13283 -1.38576 2.97823e-59 1.01317e-62 1.94699e-62 -1.49899e-62 
-8.83633 0.151356 0.46178 0.000838564 0.144062 -0.144193 0.000838564 8.71188 0.454548 1.1321 -1.38521 2.5146e-59 8.92177e-63 1.65932e-62 -1.29488e-62 
-8.83264 0.141441 0.461531 0.000844311 0.142961 -0.143092 0.000844311 8.74219 0.424806 1.13136 -1.38446 2.80989e-60 1.03754e-63 1.8704e-63 -1.47899e-63 
-8.82896 0.131493 0.461218 0.000849978 0.141868 -0.141999 0.000849978 8.77253 0.394966 1.13061 -1.38352 -3.96361e-59 -1.52015e-62 -2.65982e-62 2.13054e-62 
-8.82527 0.121514 0.460839 0.000855563 0.140783 -0.140914 0.000855563 8.80291 0.365032 1.12983 -1.38239 -8.52977e-59 -3.39164e-62 -5.76699e-62 4.67823e-62 
-8.82159 0.111506 0.460395 0.000861061 0.139706 -0.139837 0.000861061 8.83332 0.335009 1.12905 -1.38106 -1.11117e-58 -4.57283e-62 -7.56444e-62 6.21307e-62 
-8.8179 0.101469 0.459885 0.000866468 0.138638 -0.138768 0.000866468 8.86376 0.304901 1.12825 -1.37953 -9.40319e-59 -3.99866e-62 -6.44165e-62 5.35591e-62 
-8.81422 0.0914052 0.459308 0.000871782 0.137578 -0.137708 0.000871782 8.89424 0.274713 1.12744 -1.37781 -1.09828e-59 -4.81864e-63 -7.56652e-63 6.36734e-63 
-8.81053 0.0813165 0.458664 0.000876998 0.136526 -0.136656 0.000876998 8.92475 0.24445 1.12662 -1.37588 1.47208e-58 6.65423e-62 1.01934e-61 -8.68033e-62 
-8.80685 0.0712042 0.457952 0.000882113 0.135482 -0.135612 0.000882113 8.95529 0.214116 1.12578 -1.37374 3.17743e-58 1.47776e-61 2.21006e-61 -1.9042e-61 
-8.80316 0.06107 0.457171 0.000887123 0.134448 -0.134577 0.000887123 8.98587 0.183716 1.12494 -1.3714 4.14569e-58 1.9812e-61 2.89472e-61 -2.5232e-61 
-8.79948 0.0509155 0.456322 0.000892024 0.133421 -0.133551 0.000892024 9.01647 0.153255 1.12407 -1.36886 3.5162e-58 1.72455e-61 2.46323e-61 -2.1719e-61 
-8.79579 0.0407424 0.455403 0.000896813 0.132404 -0.132533 0.000896813 9.04711 0.122738 1.1232 -1.36611 4.28343e-59 2.15355e-62 3.00873e-62 -2.68329e-62 
-8.79211 0.0305523 0.454414 0.000901484 0.131395 -0.131524 0.000901484 9.07777 0.0921705 1.12231 -1.36314 -5.4672e-58 -2.81451e-61 -3.84818e-61 3.47102e-61 
-8.78842 0.020347 0.453355 0.000906035 0.130395 -0.130523 0.000906035 9.10847 0.061557 1.12141 -1.35997 -1.18362e-57 -6.23243e-61 -8.34332e-61 7.61082e-61 
-8.78474 0.0101283 0.452224 0.000910461 0.129404 -0.129532 0.000910461 9.1392 0.0309031 1.1205 -1.35658 -1.54672e-57 -8.32174e-61 -1.09121e-60 1.00664e-60 
-8.78105 -0.000102082 0.451023 0.000914758 0.128421 -0.128549 0.000914758 9.16995 0.000214187 1.11958 -1.35298 -1.31482e-57 -7.22094e-61 -9.27836e-61 8.65551e-61 
-8.77737 -0.0103423 0.449749 0.000918921 0.127448 -0.127576 0.000918921 9.20073 -0.0305044 1.11864 -1.34916 -1.66729e-58 -9.33781e-62 -1.17613e-61 1.1095e-61 
-8.77368 -0.0205906 0.448403 0.000922948 0.126484 -0.126611 0.000922948 9.23154 -0.0612472 1.11769 -1.34513 2.03042e-57 1.15856e-60 1.43085e-60 -1.36496e-60 
-8.77 -0.030845 0.446984 0.000926832 0.125529 -0.125656 0.000926832 9.26238 -0.0920086 1.11674 -1.34088 4.40905e-57 2.56087e-60 3.10204e-60 -2.99246e-60 
-8.76631 -0.0411037 0.445492 0.000930571 0.124583 -0.124709 0.000930571 9.29324 -0.122783 1.11577 -1.33641 5.77064e-57 3.40872e-60 4.05081e-60 -3.95178e-60 
-8.76263 -0.0513647 0.443927 0.000934159 0.123646 -0.123772 0.000934159 9.32414 -0.153564 1.11478 -1.33172 4.91646e-57 2.95104e-60 3.44118e-60 -3.39504e-60 
-8.75894 -0.061626 0.442287 0.000937593 0.122719 -0.122845 0.000937593 9.35505 -0.184347 1.11379 -1.3268 6.47807e-58 3.94785e-61 4.51806e-61 -4.50818e-61 
-8.75526 -0.0718859 0.440573 0.000940867 0.121801 -0.121926 0.000940867 9.386 -0.215125 1.11279 -1.32166 -7.54048e-57 -4.66178e-60 -5.23683e-60 5.28519e-60 
-8.75157 -0.0821421 0.438784 0.000943977 0.120893 -0.121017 0.000943977 9.41696 -0.245892 1.11177 -1.3163 -1.64238e-56 -1.02924e-59 -1.13505e-59 1.15874e-59 
-8.74789 -0.0923927 0.43692 0.000946919 0.119994 -0.120118 0.000946919 9.44796 -0.276642 1.11075 -1.31071 -2.15295e-56 -1.36656e-59 -1.47959e-59 1.52805e-59 
-8.7442 -0.102636 0.434981 0.000949688 0.119105 -0.119228 0.000949688 9.47898 -0.30737 1.10971 -1.3049 -1.83837e-56 -1.18099e-59 -1.25547e-59 1.31183e-59 
-8.74052 -0.112869 0.432965 0.00095228 0.118225 -0.118348 0.00095228 9.51002 -0.338068 1.10867 -1.29886 -2.51278e-57 -1.63251e-60 -1.70406e-60 1.80171e-60 
-8.73683 -0.12309 0.430874 0.000954689 0.117355 -0.117477 0.000954689 9.54108 -0.368731 1.10761 -1.29259 2.80028e-56 1.83852e-59 1.88438e-59 -2.01635e-59 
-8.73315 -0.133297 0.428705 0.00095691 0.116495 -0.116616 0.00095691 9.57217 -0.399352 1.10655 -1.28609 6.11788e-56 4.05615e-59 4.08206e-59 -4.42125e-59 
-8.72946 -0.143488 0.426461 0.00095894 0.115644 -0.115765 0.00095894 9.60328 -0.429925 1.10547 -1.27936 8.0323e-56 5.37383e-59 5.31002e-59 -5.82251e-59 
-8.72578 -0.153661 0.424139 0.000960773 0.114804 -0.114924 0.000960773 9.63442 -0.460442 1.10439 -1.2724 6.87394e-56 4.63732e-59 4.4988e-59 -4.99514e-59 
-8.72209 -0.163813 0.42174 0.000962404 0.113973 -0.114093 0.000962404 9.66557 -0.490898 1.10329 -1.26521 9.73183e-57 6.61552e-60 6.30041e-60 -7.08523e-60 
-8.71841 -0.173942 0.419263 0.000963828 0.113152 -0.113271 0.000963828 9.69675 -0.521286 1.10219 -1.25779 -1.0399e-55 -7.11807e-59 -6.65408e-59 7.58078e-59 
-8.71472 -0.184046 0.416709 0.000965041 0.112341 -0.11246 0.000965041 9.72795 -0.551599 1.10108 -1.25013 -2.2789e-55 -1.5696e-58 -1.44001e-58 1.66245e-58 
-8.71104 -0.194123 0.414076 0.000966038 0.11154 -0.111658 0.000966038 9.75917 -0.581829 1.09996 -1.24224 -2.99671e-55 -2.07538e-58 -1.8683e-58 2.18631e-58 
-8.70736 -0.20417 0.411366 0.000966812 0.11075 -0.110867 0.000966812 9.79041 -0.611971 1.09883 -1.23412 -2.57023e-55 -1.78859e-58 -1.57956e-58 1.87422e-58 
-8.70367 -0.214185 0.408577 0.00096736 0.109969 -0.110085 0.00096736 9.82167 -0.642017 1.09769 -1.22576 -3.7637e-56 -2.62988e-59 -2.27786e-59 2.74146e-59 
-8.69999 -0.224166 0.40571 0.000967676 0.109199 -0.109314 0.000967676 9.85296 -0.67196 1.09654 -1.21716 3.86167e-55 2.70754e-58 2.29936e-58 -2.80798e-58 
-8.6963 -0.23411 0.402765 0.000967755 0.108439 -0.108553 0.000967755 9.88426 -0.701792 1.09539 -1.20833 8.48876e-55 5.96785e-58 4.9676e-58 -6.15805e-58 
-8.69262 -0.244015 0.39974 0.000967592 0.107689 -0.107802 0.000967592 9.91558 -0.731508 1.09423 -1.19927 1.11801e-54 7.8757e-58 6.42324e-58 -8.08633e-58 
-8.68893 -0.253878 0.396637 0.000967182 0.106949 -0.107062 0.000967182 9.94692 -0.761098 1.09306 -1.18996 9.61021e-55 6.7786e-58 5.41454e-58 -6.92578e-58 
-8.68525 -0.263697 0.393456 0.000966519 0.10622 -0.106332 0.000966519 9.97827 -0.790556 1.09188 -1.18043 1.45365e-55 1.02594e-58 8.02233e-59 -1.04314e-58 
-8.68156 -0.273469 0.390195 0.000965598 0.105501 -0.105612 0.000965598 10.0097 -0.819876 1.0907 -1.17065 -1.434e-54 -1.01194e-57 -7.74222e-58 1.02398e-57 
-8.67788 -0.283193 0.386856 0.000964414 0.104793 -0.104903 0.000964414 10.041 -0.849048 1.08951 -1.16064 -3.162e-54 -2.22947e-57 -1.668e-57 2.24531e-57 
-8.67419 -0.292865 0.383437 0.000962962 0.104095 -0.104204 0.000962962 10.0725 -0.878065 1.08831 -1.15039 -4.17104e-54 -2.9363e-57 -2.14687e-57 2.94327e-57 
-8.67051 -0.302482 0.37994 0.000961236 0.103408 -0.103515 0.000961236 10.1039 -0.906921 1.08711 -1.13991 -3.59325e-54 -2.52371e-57 -1.80198e-57 2.51792e-57 
-8.66682 -0.312043 0.376365 0.000959232 0.102731 -0.102837 0.000959232 10.1353 -0.935607 1.0859 -1.12919 -5.60752e-55 -3.92641e-58 -2.73575e-58 3.89928e-58 
-8.66314 -0.321545 0.37271 0.000956942 0.102064 -0.10217 0.000956942 10.1668 -0.964115 1.08468 -1.11823 5.32488e-54 3.71431e-57 2.52321e-57 -3.67167e-57 
-8.65945 -0.330985 0.368977 0.000954363 0.101409 -0.101513 0.000954363 10.1983 -0.992438 1.08346 -1.10704 1.17781e-53 8.17812e-57 5.41141e-57 -8.04721e-57 
-8.65577 -0.340361 0.365165 0.000951489 0.100763 -0.100867 0.000951489 10.2298 -1.02057 1.08223 -1.09562 1.55611e-53 1.0747e-56 6.91936e-57 -1.05267e-56 
-8.65208 -0.34967 0.361275 0.000948315 0.100129 -0.100231 0.000948315 10.2613 -1.0485 1.081 -1.08395 1.34349e-53 9.22164e-57 5.77023e-57 -8.99138e-57 
-8.6484 -0.358908 0.357307 0.000944835 0.0995049 -0.0996063 0.000944835 10.2928 -1.07622 1.07976 -1.07206 2.16064e-54 1.47274e-57 8.94431e-58 -1.42941e-57 
-8.64471 -0.368075 0.353261 0.000941044 0.0988917 -0.098992 0.000941044 10.3244 -1.10372 1.07852 -1.05993 -1.97725e-53 -1.33726e-56 -7.87107e-57 1.29199e-56 
-8.64103 -0.377166 0.349137 0.000936936 0.0982892 -0.0983883 0.000936936 10.3559 -1.131 1.07727 -1.04757 -4.38718e-53 -2.94159e-56 -1.67525e-56 2.82898e-56 
-8.63734 -0.38618 0.344936 0.000932506 0.0976975 -0.0977954 0.000932506 10.3875 -1.15804 1.07602 -1.03497 -5.80542e-53 -3.8556e-56 -2.12062e-56 3.69093e-56 
-8.63366 -0.395113 0.340657 0.000927749 0.0971165 -0.0972131 0.000927749 10.4191 -1.18485 1.07476 -1.02214 -5.02316e-53 -3.30148e-56 -1.75e-56 3.14582e-56 
-8.62997 -0.403963 0.336301 0.000922659 0.0965462 -0.0966416 0.000922659 10.4507 -1.2114 1.0735 -1.00908 -8.31619e-54 -5.40416e-57 -2.75411e-57 5.1253e-57 
-8.62629 -0.412727 0.331869 0.000917231 0.0959867 -0.0960809 0.000917231 10.4823 -1.2377 1.07223 -0.995797 7.3418e-53 4.71267e-56 2.30281e-56 -4.44837e-56 
-8.6226 -0.421402 0.32736 0.00091146 0.095438 -0.0955309 0.00091146 10.5139 -1.26373 1.07097 -0.98228 1.63416e-52 1.03513e-55 4.83459e-56 -9.72398e-56 
-8.61892 -0.429986 0.322775 0.000905341 0.0949001 -0.0949917 0.000905341 10.5456 -1.28949 1.0697 -0.968535 2.16583e-52 1.35244e-55 6.01566e-56 -1.26431e-55 
-8.61523 -0.438476 0.318115 0.000898867 0.094373 -0.0944633 0.000898867 10.5773 -1.31496 1.06842 -0.954564 1.87807e-52 1.1549e-55 4.87154e-56 -1.07431e-55 
-8.61155 -0.446869 0.31338 0.000892034 0.0938568 -0.0939457 0.000892034 10.6089 -1.34015 1.06715 -0.940368 3.19763e-53 1.93431e-56 7.69895e-57 -1.79027e-56 
-8.60786 -0.455162 0.30857 0.000884837 0.0933513 -0.0934389 0.000884837 10.6406 -1.36503 1.06587 -0.925948 -2.72604e-52 -1.62033e-55 -6.04926e-56 1.49194e-55 
-8.60418 -0.463352 0.303685 0.00087727 0.0928567 -0.0929429 0.00087727 10.6723 -1.38961 1.06459 -0.911305 -6.08692e-52 -3.5508e-55 -1.2345e-55 3.25217e-55 
-8.60049 -0.471437 0.298727 0.000869328 0.092373 -0.0924577 0.000869328 10.7041 -1.41388 1.0633 -0.896441 -8.08001e-52 -4.62022e-55 -1.48268e-55 4.20865e-55 
-8.59681 -0.479414 0.293696 0.000861007 0.0919 -0.0919834 0.000861007 10.7358 -1.43781 1.06202 -0.881359 -7.0217e-52 -3.93054e-55 -1.15145e-55 3.56033e-55 
-8.59312 -0.48728 0.288593 0.0008523 0.0914379 -0.0915198 0.0008523 10.7675 -1.46142 1.06073 -0.866058 -1.22835e-52 -6.72203e-56 -1.7723e-56 6.05357e-56 
-8.58944 -0.495032 0.283417 0.000843203 0.0909866 -0.0910671 0.000843203 10.7993 -1.48468 1.05944 -0.850542 1.01217e-51 5.40729e-55 1.25921e-55 -4.84023e-55 
-8.58575 -0.502667 0.27817 0.000833712 0.0905462 -0.0906251 0.000833712 10.8311 -1.5076 1.05816 -0.834812 2.26725e-51 1.18064e-54 2.36641e-55 -1.05018e-54 
-8.58207 -0.510183 0.272852 0.00082382 0.0901166 -0.090194 0.00082382 10.8629 -1.53015 1.05687 -0.81887 3.01438e-51 1.52762e-54 2.53806e-55 -1.34988e-54 
-8.57838 -0.517577 0.267465 0.000813523 0.0896978 -0.0897737 0.000813523 10.8947 -1.55234 1.05558 -0.802718 2.62522e-51 1.29254e-54 1.67743e-55 -1.13425e-54 
-8.5747 -0.524846 0.262008 0.000802817 0.0892898 -0.0893641 0.000802817 10.9265 -1.57416 1.05429 -0.786358 4.7144e-52 2.25102e-55 2.05007e-56 -1.96094e-55 
-8.57101 -0.531986 0.256482 0.000791696 0.0888925 -0.0889653 0.000791696 10.9583 -1.59559 1.053 -0.769793 -3.75805e-51 -1.73681e-54 -8.63622e-56 1.50126e-54 
-8.56733 -0.538996 0.250889 0.000780156 0.0885061 -0.0885773 0.000780156 10.9902 -1.61663 1.05171 -0.753024 -8.44494e-51 -3.76984e-54 -2.02648e-56 3.23163e-54 
-8.56365 -0.545872 0.245229 0.000768192 0.0881304 -0.0882 0.000768192 11.022 -1.63727 1.05042 -0.736055 -1.12455e-50 -4.83808e-54 2.05122e-55 4.11057e-54 
-8.55996 -0.552612 0.239503 0.0007558 0.0877655 -0.0878335 0.0007558 11.0539 -1.6575 1.04913 -0.718888 -9.81484e-51 -4.0597e-54 3.8201e-55 3.41621e-54 
-8.55628 -0.559212 0.233712 0.000742975 0.0874113 -0.0874776 0.000742975 11.0858 -1.67731 1.04784 -0.701526 -1.80787e-51 -7.17058e-55 1.07797e-55 5.97122e-55 
-8.55259 -0.565671 0.227856 0.000729714 0.0870678 -0.0871325 0.000729714 11.1177 -1.6967 1.04656 -0.68397 1.39528e-50 5.29153e-54 -1.12093e-54 -4.3563e-54 
-8.54891 -0.571985 0.221937 0.00071601 0.086735 -0.086798 0.00071601 11.1496 -1.71565 1.04527 -0.666224 3.14551e-50 1.13703e-53 -3.17806e-54 -9.24322e-54 
-8.54522 -0.578151 0.215955 0.000701862 0.0864129 -0.0864741 0.000701862 11.1815 -1.73416 1.04399 -0.648292 4.19527e-50 1.44043e-53 -5.10568e-54 -1.1546e-53 
-8.54154 -0.584166 0.209912 0.000687264 0.0861013 -0.0861609 0.000687264 11.2134 -1.75222 1.04271 -0.630175 3.66939e-50 1.19204e-53 -5.22217e-54 -9.40516e-54 
-8.53785 -0.590028 0.203809 0.000672212 0.0858004 -0.0858583 0.000672212 11.2454 -1.76982 1.04144 -0.611877 6.92724e-51 2.11999e-54 -1.1282e-54 -1.64287e-54 
-8.53417 -0.595735 0.197647 0.000656703 0.0855101 -0.0855662 0.000656703 11.2774 -1.78696 1.04016 -0.593402 -5.18023e-50 -1.48615e-53 9.49651e-54 1.12809e-53 
-8.53048 -0.601282 0.191426 0.000640733 0.0852303 -0.0852846 0.000640733 11.3093 -1.80361 1.03889 -0.574752 -1.17161e-49 -3.13322e-53 2.38625e-53 2.32159e-53 
-8.5268 -0.606669 0.185148 0.000624298 0.0849609 -0.0850135 0.000624298 11.3413 -1.81979 1.03762 -0.55593 -1.56508e-49 -3.87633e-53 3.50415e-53 2.79098e-53 
-8.52311 -0.61189 0.178814 0.000607396 0.0847021 -0.0847529 0.000607396 11.3734 -1.83547 1.03636 -0.536942 -1.37183e-49 -3.12289e-53 3.34688e-53 2.1717e-53 
-8.51943 -0.616946 0.172426 0.000590022 0.0844537 -0.0845026 0.000590022 11.4054 -1.85065 1.0351 -0.517789 -2.65233e-50 -5.49961e-54 6.99902e-54 3.66299e-54 
-8.51574 -0.621831 0.165984 0.000572173 0.0842157 -0.0842628 0.000572173 11.4374 -1.86532 1.03384 -0.498476 1.92321e-49 3.59274e-53 -5.4543e-53 -2.2643e-53 
-8.51206 -0.626544 0.15949 0.000553847 0.083988 -0.0840332 0.000553847 11.4695 -1.87948 1.03259 -0.479006 4.36386e-49 7.2458e-53 -1.32277e-52 -4.24238e-53 
-8.50837 -0.631083 0.152945 0.00053504 0.0837706 -0.083814 0.00053504 11.5016 -1.89311 1.03134 -0.459384 5.83864e-49 8.46966e-53 -1.88243e-52 -4.47016e-53 
-8.50469 -0.635443 0.146351 0.00051575 0.0835634 -0.083605 0.00051575 11.5337 -1.90621 1.0301 -0.439614 5.1286e-49 6.35386e-53 -1.75117e-52 -2.86116e-53 
-8.501 -0.639624 0.139709 0.000495975 0.0833665 -0.0834062 0.000495975 11.5658 -1.91877 1.02886 -0.419698 1.01481e-49 1.04064e-53 -3.65564e-53 -3.54294e-54 
-8.49732 -0.643622 0.133019 0.000475711 0.0831797 -0.0832175 0.000475711 11.5979 -1.93078 1.02763 -0.399643 -7.1399e-49 -5.78651e-53 2.70399e-52 9.96034e-54 
-8.49363 -0.647435 0.126284 0.000454956 0.0830031 -0.0830389 0.000454956 11.63 -1.94223 1.02641 -0.379451 -1.62538e-48 -9.65617e-53 6.45107e-52 -1.15087e-53 
-8.48995 -0.65106 0.119506 0.00043371 0.0828364 -0.0828703 0.00043371 11.6622 -1.95313 1.02519 -0.359128 -2.17813e-48 -8.20218e-53 9.03378e-52 -6.13429e-53 
-8.48626 -0.654494 0.112685 0.000411969 0.0826798 -0.0827118 0.000411969 11.6944 -1.96345 1.02397 -0.338677 -1.91731e-48 -3.03125e-53 8.2877e-52 -9.44845e-53 
-8.48258 -0.657736 0.105823 0.000389733 0.082533 -0.0825631 0.000389733 11.7265 -1.9732 1.02277 -0.318105 -3.88018e-49 2.37159e-54 1.74373e-52 -2.73213e-53 
-8.47889 -0.660783 0.0989219 0.000366999 0.0823962 -0.0824243 0.000366999 11.7588 -1.98236 1.02157 -0.297414 2.65062e-48 -7.44505e-53 -1.23558e-51 2.42647e-52 
-8.47521 -0.663633 0.0919831 0.000343766 0.0822691 -0.0822952 0.000343766 11.791 -1.99092 1.02037 -0.27661 6.05392e-48 -3.03281e-52 -2.92097e-51 6.82e-52 
-8.47152 -0.666282 0.0850082 0.000320034 0.0821518 -0.0821759 0.000320034 11.8232 -1.99889 1.01919 -0.255698 8.12554e-48 -5.85983e-52 -4.04987e-51 1.0866e-51 
-8.46784 -0.668729 0.0779991 0.000295802 0.0820442 -0.0820663 0.000295802 11.8555 -2.00626 1.01801 -0.234683 7.16771e-48 -6.74661e-52 -3.68338e-51 1.10914e-51 
-8.46415 -0.670972 0.0709572 0.000271069 0.0819461 -0.0819663 0.000271069 11.8878 -2.01301 1.01684 -0.21357 1.48265e-48 -1.72137e-52 -7.84164e-52 2.6047e-52 
-8.46047 -0.673008 0.0638843 0.000245835 0.0818576 -0.0818757 0.000245835 11.9201 -2.01914 1.01568 -0.192364 -9.8399e-48 1.35812e-51 5.3472e-51 -1.93375e-51 
-8.45678 -0.674835 0.0567823 0.000220099 0.0817785 -0.0817947 0.000220099 11.9524 -2.02464 1.01453 -0.17107 -2.25484e-47 3.60466e-51 1.25694e-50 -4.89861e-51 
-8.4531 -0.67645 0.0496529 0.000193862 0.0817089 -0.081723 0.000193862 11.9848 -2.02951 1.01338 -0.149694 -3.03123e-47 5.50486e-51 1.73067e-50 -7.20954e-51 
-8.44941 -0.677853 0.0424979 0.000167124 0.0816485 -0.0816605 0.000167124 12.0172 -2.03374 1.01225 -0.128241 -2.67955e-47 5.44543e-51 1.56462e-50 -6.92078e-51 
-8.44573 -0.67904 0.0353193 0.000139886 0.0815973 -0.0816074 0.000139886 12.0496 -2.03733 1.01112 -0.106718 -5.66185e-48 1.27217e-51 3.37626e-51 -1.57709e-51 
-8.44204 -0.68001 0.0281188 0.000112149 0.0815553 -0.0815633 0.000112149 12.082 -2.04026 1.01 -0.0851282 3.65278e-47 -8.98548e-51 -2.22144e-50 1.09079e-50 
-8.43836 -0.680761 0.0208984 8.39138e-05 0.0815224 -0.0815283 8.39138e-05 12.1144 -2.04254 1.0089 -0.0634791 8.39828e-47 -2.24314e-50 -5.20186e-50 2.67466e-50 
-8.43467 -0.681291 0.0136601 5.51821e-05 0.0814984 -0.0815023 5.51821e-05 12.1469 -2.04415 1.0078 -0.0417761 1.13079e-46 -3.25647e-50 -7.12436e-50 3.82324e-50 
-8.43099 -0.681597 0.00640592 2.59559e-05 0.0814833 -0.0814852 2.59559e-05 12.1794 -2.0451 1.00671 -0.0200252 1.0017e-46 -3.09151e-50 -6.41135e-50 3.58083e-50 
-8.4273 -0.681679 -0.000862222 -3.76315e-06 0.081477 -0.0814768 -3.76315e-06 12.2119 -2.04537 1.00564 0.0017675 2.16086e-47 -7.10933e-51 -1.40331e-50 8.13723e-51 
-8.42362 -0.681533 -0.00814228 -3.3973e-05 0.0814795 -0.0814772 -3.3973e-05 12.2444 -2.04496 1.00457 0.0235961 -1.35595e-46 4.73355e-50 8.92409e-50 -5.36115e-50 
-8.41994 -0.68116 -0.0154322 -6.46707e-05 0.0814905 -0.0814861 -6.46707e-05 12.277 -2.04387 1.00352 0.0454544 -3.12797e-46 1.15382e-49 2.08383e-49 -1.29458e-49 
-8.41625 -0.680557 -0.0227297 -9.58526e-05 0.0815101 -0.0815036 -9.58526e-05 12.3096 -2.04208 1.00247 0.0673359 -4.21836e-46 1.63804e-49 2.84134e-49 -1.82246e-49 
-8.41257 -0.679722 -0.0300329 -0.000127515 0.081538 -0.0815295 -0.000127515 12.3422 -2.03961 1.00144 0.0892341 -3.74462e-46 1.52552e-49 2.54724e-49 -1.68447e-49 
-8.40888 -0.678654 -0.0373394 -0.000159655 0.0815743 -0.0815638 -0.000159655 12.3749 -2.03643 1.00042 0.111143 -8.24239e-47 3.51196e-50 5.65597e-50 -3.85142e-50 
-8.4052 -0.677351 -0.0446472 -0.000192269 0.0816189 -0.0816062 -0.000192269 12.4075 -2.03255 0.999416 0.133055 5.03331e-46 -2.23666e-49 -3.48028e-49 2.43768e-49 
-8.40151 -0.675813 -0.051954 -0.000225353 0.0816715 -0.0816568 -0.000225353 12.4402 -2.02797 0.998422 0.154965 1.16501e-45 -5.38501e-49 -8.10805e-49 5.836e-49 
-8.39783 -0.674037 -0.0592575 -0.000258901 0.0817322 -0.0817154 -0.000258901 12.473 -2.02267 0.997439 0.176866 1.57363e-45 -7.54759e-49 -1.10112e-48 8.1378e-49 
-8.39414 -0.672023 -0.0665555 -0.000292909 0.0818008 -0.0817819 -0.000292909 12.5057 -2.01666 0.99647 0.19875 1.39982e-45 -6.95087e-49 -9.83721e-49 7.4594e-49 
-8.39046 -0.669769 -0.0738457 -0.000327373 0.0818771 -0.0818562 -0.000327373 12.5385 -2.00993 0.995513 0.22061 3.14232e-46 -1.61194e-49 -2.21534e-49 1.72249e-49 
-8.38677 -0.667274 -0.0811259 -0.000362288 0.0819612 -0.0819382 -0.000362288 12.5714 -2.00247 0.99457 0.242441 -1.86832e-45 9.88121e-49 1.31994e-48 -1.05177e-48 
-8.38309 -0.664538 -0.0883935 -0.000397646 0.0820529 -0.0820278 -0.000397646 12.6043 -1.9943 0.99364 0.264235 -4.33906e-45 2.36149e-48 3.06852e-48 -2.50463e-48 
-8.3794 -0.661559 -0.0956463 -0.000433438 0.082152 -0.0821248 -0.000433438 12.6372 -1.98539 0.992724 0.285984 -5.87027e-45 3.28167e-48 4.15088e-48 -3.46924e-48 
-8.37572 -0.658337 -0.102882 -0.000469656 0.0822585 -0.0822293 -0.000469656 12.6701 -1.97576 0.991822 0.307682 -5.23277e-45 2.99962e-48 3.69551e-48 -3.16163e-48 
-8.37203 -0.65487 -0.110098 -0.00050629 0.0823722 -0.0823409 -0.00050629 12.7031 -1.96539 0.990934 0.329321 -1.19737e-45 7.02656e-49 8.43607e-49 -7.38598e-49 
-8.36835 -0.651158 -0.117292 -0.000543332 0.082493 -0.0824597 -0.000543332 12.7361 -1.95428 0.990061 0.350894 6.93486e-45 -4.15954e-48 -4.86879e-48 4.36152e-48 
-8.36466 -0.6472 -0.124461 -0.000580778 0.0826208 -0.0825855 -0.000580778 12.7691 -1.94244 0.989202 0.372394 1.61606e-44 -9.89225e-48 -1.12929e-47 1.03494e-47 
-8.36098 -0.642996 -0.131603 -0.000618627 0.0827555 -0.0827182 -0.000618627 12.8022 -1.92987 0.988358 0.393813 2.18983e-44 -1.36596e-47 -1.52129e-47 1.42619e-47 
-8.35729 -0.638545 -0.138716 -0.000656877 0.082897 -0.0828576 -0.000656877 12.8353 -1.91655 0.987529 0.415144 1.95607e-44 -1.24159e-47 -1.3493e-47 1.29398e-47 
-8.35361 -0.633847 -0.145797 -0.000695525 0.0830451 -0.0830037 -0.000695525 12.8685 -1.90249 0.986716 0.436379 4.56031e-45 -2.94137e-48 -3.11967e-48 3.06051e-48 
-8.34992 -0.628902 -0.152843 -0.000734567 0.0831996 -0.0831563 -0.000734567 12.9017 -1.88769 0.985917 0.457511 -2.57402e-44 1.68477e-47 1.74408e-47 -1.75049e-47 
-8.34624 -0.623709 -0.159852 -0.000773975 0.0833606 -0.0833152 -0.000773975 12.935 -1.87214 0.985135 0.478532 -6.01889e-44 3.99247e-47 4.0341e-47 -4.143e-47 
-8.34255 -0.618268 -0.166821 -0.00081371 0.0835278 -0.0834805 -0.00081371 12.9683 -1.85586 0.984369 0.499434 -8.16887e-44 5.48427e-47 5.40864e-47 -5.68485e-47 
-8.33887 -0.61258 -0.173748 -0.000853736 0.0837011 -0.0836518 -0.000853736 13.0016 -1.83883 0.983618 0.52021 -7.31193e-44 4.96208e-47 4.77588e-47 -5.13884e-47 
-8.33518 -0.606644 -0.18063 -0.000894014 0.0838804 -0.0838292 -0.000894014 13.035 -1.82105 0.982884 0.540851 -1.73604e-44 1.18937e-47 1.11701e-47 -1.23081e-47 
-8.3315 -0.600461 -0.187465 -0.000934517 0.0840656 -0.0840124 -0.000934517 13.0684 -1.80254 0.982166 0.561351 9.55377e-44 -6.59959e-47 -6.04648e-47 6.82543e-47 
-8.32781 -0.59403 -0.194249 -0.000975297 0.0842564 -0.0842013 -0.000975297 13.1019 -1.78329 0.981465 0.581701 2.24167e-43 -1.55941e-46 -1.39335e-46 1.61206e-46 
-8.32413 -0.587353 -0.200981 -0.00101644 0.0844529 -0.0843959 -0.00101644 13.1354 -1.76329 0.980781 0.601892 3.04726e-43 -2.13212e-46 -1.85721e-46 2.20348e-46 
-8.32044 -0.580429 -0.207657 -0.00105803 0.0846547 -0.0845958 -0.00105803 13.169 -1.74256 0.980114 0.621918 2.73321e-43 -1.92113e-46 -1.63063e-46 1.98516e-46 
-8.31676 -0.57326 -0.214275 -0.00110015 0.0848619 -0.0848011 -0.00110015 13.2026 -1.72109 0.979464 0.64177 6.60591e-44 -4.65868e-47 -3.85101e-47 4.81406e-47 
-8.31307 -0.565846 -0.220833 -0.00114286 0.0850742 -0.0850115 -0.00114286 13.2363 -1.69888 0.978832 0.66144 -3.54589e-43 2.50595e-46 2.01613e-46 -2.58998e-46 
-8.30939 -0.558188 -0.227327 -0.00118589 0.0852916 -0.085227 -0.00118589 13.27 -1.67594 0.978217 0.680921 -8.34878e-43 5.90546e-46 4.62072e-46 -6.10547e-46 
-8.3057 -0.550286 -0.233755 -0.00122885 0.0855138 -0.0854474 -0.00122885 13.3038 -1.65228 0.97762 0.700204 -1.13672e-42 8.03768e-46 6.11118e-46 -8.31393e-46 
-8.30202 -0.542143 -0.240114 -0.00127137 0.0857407 -0.0856725 -0.00127137 13.3376 -1.62788 0.97704 0.719281 -1.02167e-42 7.21255e-46 5.32347e-46 -7.46523e-46 
-8.29833 -0.533758 -0.246402 -0.00131305 0.0859723 -0.0859023 -0.00131305 13.3715 -1.60277 0.976479 0.738145 -2.51258e-43 1.7687e-46 1.26585e-46 -1.83213e-46 
-8.29465 -0.525133 -0.252616 -0.00135359 0.0862082 -0.0861367 -0.00135359 13.4055 -1.57693 0.975936 0.756788 1.31602e-42 -9.22567e-46 -6.39419e-46 9.56581e-46 
-8.29096 -0.516269 -0.258753 -0.00139329 0.0864485 -0.0863754 -0.00139329 13.4395 -1.55038 0.975411 0.775201 3.10937e-42 -2.16791e-45 -1.45294e-45 2.2504e-45 
-8.28728 -0.507169 -0.26481 -0.00143269 0.0866929 -0.0866183 -0.00143269 13.4735 -1.52311 0.974905 0.793377 4.24031e-42 -2.93648e-45 -1.89984e-45 3.05223e-45 
-8.28359 -0.497833 -0.270785 -0.00147237 0.0869413 -0.0868652 -0.00147237 13.5077 -1.49514 0.974417 0.811307 3.81892e-42 -2.62328e-45 -1.6352e-45 2.73076e-45 
-8.27991 -0.488263 -0.276675 -0.00151288 0.0871936 -0.0871159 -0.00151288 13.5419 -1.46647 0.973948 0.828982 9.55277e-43 -6.49987e-46 -3.89488e-46 6.77763e-46 
-8.27623 -0.478461 -0.282478 -0.00155471 0.0874495 -0.0873703 -0.00155471 13.5761 -1.4371 0.973498 0.846395 -4.88416e-42 3.28715e-45 1.88861e-45 -3.4341e-45 
-8.27254 -0.468428 -0.28819 -0.00159775 0.087709 -0.0876282 -0.00159775 13.6104 -1.40704 0.973067 0.863538 -1.15802e-41 7.69778e-45 4.22774e-45 -8.0588e-45 
-8.26886 -0.458168 -0.29381 -0.0016416 0.0879719 -0.0878895 -0.0016416 13.6448 -1.3763 0.972655 0.880402 -1.58175e-41 1.03693e-44 5.42462e-45 -1.08808e-44 
-8.26517 -0.447682 -0.299334 -0.00168589 0.088238 -0.088154 -0.00168589 13.6793 -1.34487 0.972262 0.896979 -1.42747e-41 9.21423e-45 4.57234e-45 -9.69355e-45 
-8.26149 -0.436972 -0.304759 -0.00173024 0.0885072 -0.0884216 -0.00173024 13.7138 -1.31278 0.971889 0.913262 -3.63052e-42 2.30376e-45 1.07896e-45 -2.43043e-45 
-8.2578 -0.42604 -0.310084 -0.00177429 0.0887794 -0.0886922 -0.00177429 13.7484 -1.28002 0.971535 0.929244 1.81261e-41 -1.12879e-44 -4.95957e-45 1.19453e-44 
-8.25412 -0.41489 -0.315304 -0.00181799 0.0890543 -0.0889656 -0.00181799 13.783 -1.24661 0.971201 0.944915 4.3128e-41 -2.63113e-44 -1.07653e-44 2.79376e-44 
-8.25043 -0.403524 -0.320419 -0.00186142 0.0893318 -0.0892417 -0.00186142 13.8178 -1.21255 0.970886 0.960269 5.90031e-41 -3.51985e-44 -1.32884e-44 3.75123e-44 
-8.24675 -0.391944 -0.325425 -0.00190465 0.0896118 -0.0895203 -0.00190465 13.8526 -1.17784 0.970591 0.975297 5.33563e-41 -3.10637e-44 -1.06952e-44 3.32395e-44 
-8.24306 -0.380154 -0.330319 -0.00194775 0.0898941 -0.0898012 -0.00194775 13.8874 -1.14251 0.970316 0.989991 1.37925e-41 -7.82046e-45 -2.41848e-45 8.40524e-45 
-8.23938 -0.368157 -0.3351 -0.00199078 0.0901786 -0.0900843 -0.00199078 13.9224 -1.10655 0.97006 1.00434 -6.72674e-41 3.70651e-44 1.00862e-44 -4.00295e-44 
-8.23569 -0.355955 -0.339763 -0.00203373 0.090465 -0.0903694 -0.00203373 13.9574 -1.06998 0.969825 1.01835 -1.60619e-40 8.58059e-44 1.99592e-44 -9.31596e-44 
-8.23201 -0.343551 -0.344308 -0.00207655 0.0907533 -0.0906564 -0.00207655 13.9925 -1.03281 0.96961 1.032 -2.20094e-40 1.13712e-43 2.1646e-44 -1.24175e-43 
-8.22832 -0.330951 -0.348731 -0.00211919 0.0910433 -0.0909451 -0.00211919 14.0277 -0.995039 0.969415 1.04528 -1.99434e-40 9.93818e-44 1.4405e-44 -1.09221e-43 
-8.22464 -0.318156 -0.35303 -0.00216159 0.0913348 -0.0912354 -0.00216159 14.063 -0.956687 0.969239 1.05819 -5.23793e-41 2.51027e-44 2.40636e-45 -2.77824e-44 
-8.22095 -0.30517 -0.357203 -0.00220371 0.0916276 -0.091527 -0.00220371 14.0983 -0.917763 0.969085 1.07073 2.49628e-40 -1.14694e-43 -4.87276e-45 1.27927e-43 
-8.21727 -0.291997 -0.361246 -0.00224551 0.0919217 -0.0918199 -0.00224551 14.1338 -0.878278 0.96895 1.08288 5.98181e-40 -2.62586e-43 4.18579e-45 2.95416e-43 
-8.21358 -0.278641 -0.365158 -0.00228697 0.0922168 -0.0921139 -0.00228697 14.1693 -0.838243 0.968836 1.09463 8.20996e-40 -3.43025e-43 2.75647e-44 3.89634e-43 
-8.2099 -0.265107 -0.368936 -0.00232808 0.0925128 -0.0924089 -0.00232808 14.2049 -0.797671 0.968742 1.10599 7.45433e-40 -2.95199e-43 4.48557e-44 3.38931e-43 
-8.20621 -0.251398 -0.372579 -0.00236881 0.0928095 -0.0927046 -0.00236881 14.2406 -0.756574 0.968669 1.11693 1.98849e-40 -7.42866e-44 1.72516e-44 8.63302e-44 
-8.20253 -0.237518 -0.376082 -0.00240914 0.0931068 -0.0930009 -0.00240914 14.2764 -0.714964 0.968615 1.12747 -9.26338e-40 3.24739e-43 -1.04941e-43 -3.82599e-43 
-8.19884 -0.223472 -0.379445 -0.00244904 0.0934046 -0.0932976 -0.00244904 14.3123 -0.672855 0.968583 1.13758 -2.22774e-39 7.28419e-43 -3.11262e-43 -8.71765e-43 
-8.19516 -0.209264 -0.382665 -0.00248848 0.0937025 -0.0935947 -0.00248848 14.3482 -0.63026 0.96857 1.14726 -3.06246e-39 9.27487e-43 -5.0844e-43 -1.13026e-42 
-8.19147 -0.194899 -0.38574 -0.00252742 0.0940006 -0.0938919 -0.00252742 14.3843 -0.587193 0.968579 1.15651 -2.7862e-39 7.75214e-43 -5.35377e-43 -9.64835e-43 
-8.18779 -0.180382 -0.388668 -0.00256583 0.0942987 -0.0941891 -0.00256583 14.4205 -0.543668 0.968607 1.16532 -7.54643e-40 1.9103e-43 -1.64566e-43 -2.43757e-43 
-8.1841 -0.165717 -0.391446 -0.00260369 0.0945965 -0.0944861 -0.00260369 14.4567 -0.4997 0.968656 1.17368 3.43742e-39 -7.82385e-43 8.37824e-43 1.02866e-42 
-8.18042 -0.15091 -0.394073 -0.00264096 0.094894 -0.0947828 -0.00264096 14.4931 -0.455303 0.968726 1.18159 8.29645e-39 -1.67318e-42 2.23265e-42 2.28191e-42 
-8.17673 -0.135966 -0.396546 -0.0026776 0.0951909 -0.0950791 -0.0026776 14.5295 -0.410494 0.968816 1.18904 1.14234e-38 -2.00337e-42 3.3602e-42 2.86067e-42 
-8.17305 -0.120889 -0.398864 -0.00271359 0.0954872 -0.0953747 -0.00271359 14.5661 -0.365287 0.968926 1.19602 1.04138e-38 -1.54898e-42 3.32009e-42 2.34733e-42 
-8.16936 -0.105686 -0.401025 -0.00274889 0.0957827 -0.0956695 -0.00274889 14.6027 -0.319699 0.969057 1.20254 2.86298e-39 -3.48766e-43 9.82201e-43 5.72676e-43 
-8.16568 -0.0903618 -0.403026 -0.00278348 0.0960771 -0.0959634 -0.00278348 14.6395 -0.273747 0.969208 1.20857 -1.27551e-38 1.20718e-42 -4.67946e-42 -2.22349e-42 
-8.16199 -0.0749217 -0.404866 -0.00281731 0.0963705 -0.0962562 -0.00281731 14.6764 -0.227445 0.969379 1.21412 -3.08971e-38 2.0779e-42 -1.20554e-41 -4.58258e-42 
-8.15831 -0.0593717 -0.406543 -0.00285035 0.0966625 -0.0965478 -0.00285035 14.7133 -0.180813 0.969571 1.21919 -4.2611e-38 1.69115e-42 -1.75963e-41 -5.20061e-42 
-8.15462 -0.0437179 -0.408056 -0.00288258 0.0969531 -0.0968379 -0.00288258 14.7504 -0.133868 0.969783 1.22377 -3.89227e-38 4.66748e-43 -1.69374e-41 -3.71899e-42 
-8.15094 -0.0279659 -0.409402 -0.00291394 0.0972422 -0.0971266 -0.00291394 14.7876 -0.0866272 0.970014 1.22784 -1.08582e-38 -1.71505e-43 -4.95945e-42 -7.47592e-43 
-8.14725 -0.0121217 -0.410581 -0.00294442 0.0975295 -0.0974135 -0.00294442 14.8249 -0.0391083 0.970267 1.23142 4.73283e-38 2.0649e-42 2.26083e-41 1.98734e-42 
-8.14357 0.00380838 -0.41159 -0.00297398 0.0978149 -0.0976986 -0.00297398 14.8623 0.00866993 0.970539 1.23448 1.15064e-37 8.22339e-42 5.72957e-41 1.72641e-42 
-8.13988 0.019818 -0.412428 -0.00300258 0.0980983 -0.0979818 -0.00300258 14.8999 0.0566883 0.970831 1.23704 1.58943e-37 1.57779e-41 8.225e-41 -1.91894e-42 
-8.1362 0.0359007 -0.413095 -0.00303018 0.0983796 -0.0982628 -0.00303018 14.9375 0.104928 0.971143 1.23908 1.45476e-37 1.84729e-41 7.80115e-41 -5.70316e-42 
-8.13251 0.0520502 -0.413587 -0.00305675 0.0986585 -0.0985416 -0.00305675 14.9753 0.153369 0.971474 1.2406 4.11685e-38 6.36339e-42 2.28167e-41 -2.73154e-42 
-8.12883 0.0682598 -0.413905 -0.00308226 0.0989349 -0.0988179 -0.00308226 15.0132 0.201992 0.971826 1.2416 -1.75608e-37 -3.19576e-41 -1.00338e-40 1.6415e-41 
-8.12515 0.0845229 -0.414047 -0.00310666 0.0992088 -0.0990917 -0.00310666 15.0512 0.250778 0.972197 1.24207 -4.28506e-37 -8.96334e-41 -2.51812e-40 5.16521e-41 
-8.12146 0.100832 -0.414012 -0.00312993 0.0994799 -0.0993628 -0.00312993 15.0893 0.299705 0.972587 1.24201 -5.92873e-37 -1.39981e-40 -3.57523e-40 8.74522e-41 
-8.11778 0.117182 -0.413798 -0.00315202 0.0997482 -0.0996311 -0.00315202 15.1275 0.348752 0.972997 1.24142 -5.43716e-37 -1.42848e-40 -3.35737e-40 9.4788e-41 
-8.11409 0.133563 -0.413406 -0.00317291 0.100013 -0.0998964 -0.00317291 15.1659 0.3979 0.973426 1.24029 -1.56043e-37 -4.50946e-41 -9.84602e-41 3.13623e-41 
-8.11041 0.149971 -0.412833 -0.00319255 0.100275 -0.100159 -0.00319255 15.2044 0.447126 0.973874 1.23862 6.51562e-37 2.05143e-40 4.19268e-40 -1.48177e-40 
-8.10672 0.166397 -0.412079 -0.0032109 0.100534 -0.100418 -0.0032109 15.243 0.49641 0.974342 1.23642 1.59578e-36 5.42979e-40 1.04518e-39 -4.0468e-40 
-8.10304 0.182834 -0.411144 -0.00322794 0.10079 -0.100673 -0.00322794 15.2818 0.54573 0.974828 1.23366 2.21145e-36 8.07578e-40 1.47152e-39 -6.18046e-40 
-8.09935 0.199275 -0.410027 -0.00324362 0.101042 -0.100925 -0.00324362 15.3207 0.595062 0.975333 1.23037 2.03212e-36 7.91633e-40 1.37123e-39 -6.19834e-40 
-8.09567 0.215712 -0.408727 -0.00325791 0.10129 -0.101174 -0.00325791 15.3597 0.644386 0.975856 1.22652 5.91293e-37 2.44416e-40 4.03885e-40 -1.95237e-40 
-8.09198 0.232138 -0.407243 -0.00327078 0.101534 -0.101419 -0.00327078 15.3988 0.693679 0.976398 1.22213 -2.41742e-36 -1.05527e-39 -1.66854e-39 8.58031e-40 
-8.0883 0.248545 -0.405576 -0.00328218 0.101775 -0.10166 -0.00328218 15.4381 0.742917 0.976959 1.21718 -5.94269e-36 -2.72784e-39 -4.13753e-39 2.25365e-39 
-8.08461 0.264925 -0.403724 -0.00329208 0.102011 -0.101896 -0.00329208 15.4776 0.792079 0.977537 1.21169 -8.24881e-36 -3.96609e-39 -5.7833e-39 3.3245e-39 
-8.08093 0.281271 -0.401689 -0.00330044 0.102243 -0.102129 -0.00330044 15.5171 0.84114 0.978134 1.20564 -7.59487e-36 -3.81135e-39 -5.35289e-39 3.23763e-39 
-8.07724 0.297575 -0.399469 -0.00330724 0.102471 -0.102358 -0.00330724 15.5568 0.890077 0.978748 1.19904 -2.23996e-36 -1.16939e-39 -1.58435e-39 1.0057e-39 
-8.07356 0.31383 -0.397064 -0.00331242 0.102695 -0.102582 -0.00331242 15.5966 0.938868 0.97938 1.19189 8.96885e-36 4.85611e-39 6.3555e-39 -4.22483e-39 
-8.06987 0.330026 -0.394475 -0.00331597 0.102914 -0.102802 -0.00331597 15.6366 0.987488 0.980029 1.18419 2.21305e-35 1.23919e-38 1.56842e-38 -1.08988e-38 
-8.06619 0.346157 -0.391702 -0.00331784 0.103128 -0.103017 -0.00331784 15.6767 1.03591 0.980696 1.17594 3.07682e-35 1.77696e-38 2.17712e-38 -1.57908e-38 
-8.0625 0.362213 -0.388745 -0.003318 0.103338 -0.103228 -0.003318 15.717 1.08412 0.98138 1.16713 2.83849e-35 1.68651e-38 2.00179e-38 -1.51356e-38 
-8.05882 0.378188 -0.385604 -0.00331641 0.103543 -0.103433 -0.00331641 15.7574 1.13208 0.982081 1.15778 8.48328e-36 5.17304e-39 5.95221e-39 -4.68683e-39 
-8.05513 0.394072 -0.38228 -0.00331304 0.103743 -0.103634 -0.00331304 15.798 1.17977 0.982798 1.14787 -3.32742e-35 -2.07763e-38 -2.31858e-38 1.89972e-38 
-8.05145 0.409858 -0.378773 -0.00330786 0.103938 -0.10383 -0.00330786 15.8387 1.22718 0.983532 1.13742 -8.24128e-35 -5.25744e-38 -5.69264e-38 4.85041e-38 
-8.04776 0.425537 -0.375084 -0.00330083 0.104127 -0.104021 -0.00330083 15.8795 1.27426 0.984282 1.12643 -1.14765e-34 -7.46419e-38 -7.84356e-38 6.94679e-38 
-8.04408 0.441102 -0.371214 -0.00329193 0.104312 -0.104206 -0.00329193 15.9205 1.32101 0.985048 1.11489 -1.06084e-34 -7.01966e-38 -7.15967e-38 6.58949e-38 
-8.04039 0.456543 -0.367163 -0.00328111 0.104491 -0.104386 -0.00328111 15.9617 1.36739 0.98583 1.10281 -3.212e-35 -2.15807e-38 -2.13644e-38 2.0431e-38 
-8.03671 0.471853 -0.362933 -0.00326835 0.104665 -0.104561 -0.00326835 16.003 1.41337 0.986628 1.09019 1.23442e-34 8.40476e-38 8.07514e-38 -8.02435e-38 
-8.03302 0.487023 -0.358524 -0.00325362 0.104833 -0.104731 -0.00325362 16.0445 1.45895 0.987441 1.07704 3.06899e-34 2.11345e-37 1.97022e-37 -2.03481e-37 
-8.02934 0.502045 -0.353938 -0.00323688 0.104995 -0.104895 -0.00323688 16.0861 1.50408 0.988269 1.06336 4.28071e-34 2.97594e-37 2.69082e-37 -2.88939e-37 
-8.02565 0.516911 -0.349176 -0.00321811 0.105152 -0.105053 -0.00321811 16.1279 1.54874 0.989112 1.04915 3.96464e-34 2.77722e-37 2.43441e-37 -2.7193e-37 
-8.02197 0.531612 -0.34424 -0.00319728 0.105304 -0.105205 -0.00319728 16.1698 1.59292 0.98997 1.03442 1.21584e-34 8.56593e-38 7.27446e-38 -8.45893e-38 
-8.01828 0.546139 -0.33913 -0.00317436 0.105449 -0.105352 -0.00317436 16.2119 1.63657 0.990842 1.01917 -4.57937e-34 -3.23884e-37 -2.66263e-37 3.22602e-37 
-8.0146 0.560485 -0.333848 -0.00314932 0.105588 -0.105493 -0.00314932 16.2542 1.67969 0.991728 1.00341 -1.14286e-33 -8.09952e-37 -6.43954e-37 8.13821e-37 
-8.01091 0.574642 -0.328397 -0.00312214 0.105722 -0.105628 -0.00312214 16.2966 1.72224 0.992629 0.987133 -1.59668e-33 -1.13178e-36 -8.69209e-37 1.14734e-36 
-8.00723 0.5886 -0.322777 -0.00309279 0.105849 -0.105757 -0.00309279 16.3392 1.7642 0.993543 0.970356 -1.48168e-33 -1.04848e-36 -7.76763e-37 1.0726e-36 
-8.00354 0.602351 -0.316992 -0.00306125 0.10597 -0.10588 -0.00306125 16.382 1.80554 0.99447 0.953081 -4.60125e-34 -3.24433e-37 -2.31475e-37 3.34999e-37 
-7.99986 0.615888 -0.311042 -0.00302748 0.106085 -0.105997 -0.00302748 16.4249 1.84625 0.99541 0.935315 1.69877e-33 1.19122e-36 8.16925e-37 -1.24184e-36 
-7.99617 0.629202 -0.304929 -0.00299148 0.106194 -0.106107 -0.00299148 16.468 1.88629 0.996364 0.917062 4.25586e-33 2.96213e-36 1.94811e-36 -3.1186e-36 
-7.99249 0.642284 -0.298658 -0.00295322 0.106297 -0.106211 -0.00295322 16.5112 1.92563 0.99733 0.898332 5.95552e-33 4.1061e-36 2.58275e-36 -4.36729e-36 
-7.9888 0.655127 -0.292228 -0.00291267 0.106393 -0.106309 -0.00291267 16.5546 1.96427 0.998308 0.879129 5.53734e-33 3.77409e-36 2.26315e-36 -4.05682e-36 
-7.98512 0.667722 -0.285644 -0.00286983 0.106483 -0.106401 -0.00286983 16.5982 2.00216 0.999298 0.859463 1.74089e-33 1.17049e-36 6.66574e-37 -1.27209e-36 
-7.98144 0.680062 -0.278908 -0.00282466 0.106566 -0.106486 -0.00282466 16.642 2.0393 1.0003 0.839339 -6.30156e-33 -4.17039e-36 -2.24506e-36 4.58467e-36 
-7.97775 0.692138 -0.272021 -0.00277716 0.106643 -0.106565 -0.00277716 16.6859 2.07564 1.00131 0.818767 -1.58481e-32 -1.03003e-35 -5.21229e-36 1.14603e-35 
-7.97407 0.703942 -0.264988 -0.0027273 0.106713 -0.106637 -0.0027273 16.73 2.11118 1.00234 0.797754 -2.22135e-32 -1.41451e-35 -6.68182e-36 1.59378e-35 
-7.97038 0.715467 -0.257811 -0.00267509 0.106777 -0.106703 -0.00267509 16.7743 2.14588 1.00337 0.77631 -2.06939e-32 -1.28785e-35 -5.62971e-36 1.47047e-35 
-7.9667 0.726705 -0.250492 -0.00262049 0.106834 -0.106762 -0.00262049 16.8188 2.17972 1.00442 0.754444 -6.58522e-33 -3.99476e-36 -1.59814e-36 4.62571e-36 
-7.96301 0.737648 -0.243036 -0.0025635 0.106885 -0.106815 -0.0025635 16.8634 2.21268 1.00548 0.732164 2.33748e-32 1.37835e-35 4.97347e-36 -1.62e-35 
-7.95933 0.748288 -0.235446 -0.00250411 0.106929 -0.106861 -0.00250411 16.9082 2.24474 1.00654 0.709481 5.90152e-32 3.37273e-35 1.07617e-35 -4.02744e-35 
-7.95564 0.758618 -0.227724 -0.00244232 0.106966 -0.1069 -0.00244232 16.9532 2.27587 1.00762 0.686404 8.28538e-32 4.57469e-35 1.25523e-35 -5.55623e-35 
-7.95196 0.76863 -0.219874 -0.00237811 0.106997 -0.106933 -0.00237811 16.9984 2.30606 1.0087 0.662944 7.73353e-32 4.11129e-35 9.30038e-36 -5.08527e-35 
-7.94827 0.778317 -0.2119 -0.00231149 0.10702 -0.106959 -0.00231149 17.0438 2.33527 1.0098 0.639111 2.49042e-32 1.27004e-35 2.20901e-36 -1.60214e-35 
-7.94459 0.787672 -0.203806 -0.00224243 0.107038 -0.106979 -0.00224243 17.0893 2.36349 1.0109 0.614917 -8.67028e-32 -4.22442e-35 -4.9317e-36 5.44409e-35 
-7.9409 0.796688 -0.195595 -0.00217096 0.107048 -0.106991 -0.00217096 17.135 2.3907 1.01201 0.590372 -2.19759e-31 -1.01845e-34 -5.46427e-36 1.34344e-34 
-7.93722 0.805358 -0.18727 -0.00209705 0.107052 -0.106997 -0.00209705 17.1809 2.41688 1.01313 0.565488 -3.09033e-31 -1.35552e-34 2.25049e-36 1.83444e-34 
-7.93353 0.813675 -0.178838 -0.00202073 0.107049 -0.106997 -0.00202073 17.227 2.44199 1.01426 0.540278 -2.89007e-31 -1.1932e-34 1.14144e-35 1.66114e-34 
-7.92985 0.821632 -0.1703 -0.00194199 0.107039 -0.106989 -0.00194199 17.2733 2.46604 1.0154 0.514753 -9.41632e-32 -3.63631e-35 6.75218e-36 5.22468e-35 
-7.92616 0.829223 -0.161661 -0.00186083 0.107022 -0.106975 -0.00186083 17.3197 2.48899 1.01654 0.488926 3.21591e-31 1.15325e-34 -3.33975e-35 -1.71689e-34 
-7.92248 0.83644 -0.152927 -0.00177727 0.106999 -0.106954 -0.00177727 17.3664 2.51083 1.01769 0.462809 8.18327e-31 2.70232e-34 -1.11176e-34 -4.18872e-34 
-7.91879 0.843279 -0.1441 -0.00169131 0.106969 -0.106927 -0.00169131 17.4132 2.53153 1.01884 0.436416 1.15264e-30 3.47034e-34 -1.93252e-34 -5.63478e-34 
-7.91511 0.849734 -0.135186 -0.00160297 0.106933 -0.106893 -0.00160297 17.4602 2.55108 1.02001 0.40976 1.08003e-30 2.92924e-34 -2.15127e-34 -5.02093e-34 
-7.91142 0.855797 -0.126189 -0.00151226 0.106889 -0.106852 -0.00151226 17.5074 2.56947 1.02118 0.382855 3.55959e-31 8.56829e-35 -8.20026e-35 -1.56622e-34 
-7.90774 0.861464 -0.117114 -0.00141918 0.10684 -0.106805 -0.00141918 17.5548 2.58667 1.02235 0.355715 -1.19278e-30 -2.5002e-34 3.11484e-34 4.9408e-34 
-7.90405 0.866728 -0.107965 -0.00132377 0.106783 -0.106751 -0.00132377 17.6024 2.60267 1.02353 0.328353 -3.04722e-30 -5.42359e-34 8.88051e-34 1.18114e-33 
-7.90037 0.871584 -0.0987481 -0.00122605 0.10672 -0.10669 -0.00122605 17.6501 2.61745 1.02471 0.300785 -4.29915e-30 -6.27229e-34 1.38074e-33 1.54856e-33 
-7.89668 0.876029 -0.0894675 -0.00112603 0.10665 -0.106623 -0.00112603 17.6981 2.63099 1.0259 0.273025 -4.03604e-30 -4.57731e-34 1.41375e-33 1.34013e-33 
-7.893 0.880055 -0.0801282 -0.00102374 0.106574 -0.10655 -0.00102374 17.7462 2.64329 1.0271 0.245089 -1.34533e-30 -1.08431e-34 5.09492e-34 4.07876e-34 
-7.88931 0.883659 -0.0707354 -0.000919205 0.106491 -0.10647 -0.000919205 17.7946 2.65432 1.02829 0.21699 4.42385e-30 2.10251e-34 -1.79777e-33 -1.21065e-33 
-7.88563 0.886836 -0.0612943 -0.000812454 0.106402 -0.106383 -0.000812454 17.8431 2.66408 1.02949 0.188746 1.13469e-29 1.61904e-34 -4.9158e-33 -2.76353e-33 
-7.88194 0.889582 -0.0518101 -0.000703523 0.106307 -0.106291 -0.000703523 17.8919 2.67255 1.0307 0.160371 1.60349e-29 -3.06331e-34 -7.36307e-33 -3.4137e-33 
-7.87826 0.891892 -0.0422884 -0.000592445 0.106205 -0.106191 -0.000592445 17.9408 2.67972 1.03191 0.131882 1.50824e-29 -7.92088e-34 -7.30284e-33 -2.74114e-33 
-7.87457 0.893764 -0.0327345 -0.000479255 0.106097 -0.106086 -0.000479255 17.9899 2.68557 1.03312 0.103295 5.08365e-30 -4.36668e-34 -2.58344e-33 -7.63382e-34 
-7.87089 0.895192 -0.0231538 -0.00036399 0.105983 -0.105974 -0.00036399 18.0392 2.6901 1.03433 0.0746252 -1.64069e-29 1.95515e-33 8.71367e-33 1.93949e-33 
-7.8672 0.896174 -0.0135518 -0.000246692 0.105862 -0.105857 -0.000246692 18.0887 2.69329 1.03555 0.0458904 -4.22518e-29 6.43288e-33 2.33599e-32 3.63145e-33 
-7.86352 0.896706 -0.00393428 -0.000127409 0.105736 -0.105733 -0.000127409 18.1384 2.69514 1.03676 0.0171072 -5.98066e-29 1.10686e-32 3.42964e-32 3.19567e-33 
-7.85983 0.896787 0.00569305 -6.18705e-06 0.105603 -0.105603 -6.18705e-06 18.1883 2.69563 1.03798 -0.0117074 -5.63614e-29 1.22618e-32 3.34101e-32 1.16849e-33 
-7.85615 0.896412 0.0153245 0.000116925 0.105465 -0.105467 0.000116925 18.2384 2.69477 1.0392 -0.0405363 -1.9206e-29 4.79427e-33 1.17312e-32 -2.32237e-34 
-7.85246 0.89558 0.0249544 0.00024188 0.10532 -0.105326 0.00024188 18.2887 2.69253 1.04043 -0.0693625 6.08466e-29 -1.71098e-32 -3.81799e-32 2.73646e-33 
-7.84878 0.894289 0.0345767 0.000368622 0.10517 -0.105178 0.000368622 18.3392 2.68893 1.04165 -0.0981685 1.5733e-28 -4.91182e-32 -1.01123e-31 1.22473e-32 
-7.84509 0.892536 0.0441857 0.000497089 0.105014 -0.105025 0.000497089 18.3898 2.68394 1.04287 -0.126937 2.23064e-28 -7.64117e-32 -1.46454e-31 2.468e-32 
-7.84141 0.890321 0.0537752 0.000627222 0.104853 -0.104866 0.000627222 18.4407 2.67757 1.04409 -0.155649 2.10614e-28 -7.83884e-32 -1.40876e-31 3.01796e-32 
-7.83773 0.887643 0.0633394 0.00075896 0.104686 -0.104702 0.00075896 18.4918 2.66981 1.04532 -0.184287 7.25468e-29 -2.90931e-32 -4.93079e-32 1.27489e-32 
-7.83404 0.884499 0.0728722 0.000892241 0.104513 -0.104532 0.000892241 18.5431 2.66065 1.04654 -0.212835 -2.25648e-28 9.68007e-32 1.55447e-31 -4.69105e-32 
-7.83036 0.880889 0.0823677 0.001027 0.104335 -0.104356 0.001027 18.5945 2.65011 1.04776 -0.241273 -5.85831e-28 2.67145e-31 4.08035e-31 -1.40425e-31 
-7.82667 0.876814 0.0918196 0.00116315 0.104152 -0.104176 0.00116315 18.6462 2.63817 1.04898 -0.269583 -8.31967e-28 4.0102e-31 5.84449e-31 -2.25541e-31 
-7.82299 0.872273 0.101222 0.00130063 0.103964 -0.10399 0.00130063 18.6981 2.62483 1.0502 -0.297747 -7.87026e-28 3.98969e-31 5.56283e-31 -2.3768e-31 
-7.8193 0.867266 0.110568 0.00143936 0.10377 -0.103799 0.00143936 18.7501 2.6101 1.05142 -0.325747 -2.73981e-28 1.45401e-31 1.94379e-31 -9.10562e-32 
-7.81562 0.861794 0.119853 0.00157927 0.103572 -0.103604 0.00157927 18.8024 2.59398 1.05263 -0.353564 8.36779e-28 -4.62942e-31 -5.94451e-31 3.0297e-31 
-7.81193 0.855858 0.12907 0.00172027 0.103368 -0.103403 0.00172027 18.8549 2.57647 1.05385 -0.38118 2.18138e-27 -1.25321e-30 -1.54798e-30 8.53133e-31 
-7.80825 0.849458 0.138212 0.00186228 0.10316 -0.103197 0.00186228 18.9075 2.55757 1.05506 -0.408577 3.10299e-27 -1.84449e-30 -2.19424e-30 1.3013e-30 
-7.80456 0.842598 0.147274 0.0020052 0.102947 -0.102987 0.0020052 18.9604 2.53729 1.05627 -0.435737 2.94094e-27 -1.80261e-30 -2.06721e-30 1.31406e-30 
-7.80088 0.835278 0.156249 0.00214895 0.10273 -0.102772 0.00214895 19.0134 2.51563 1.05748 -0.462639 1.03454e-27 -6.5175e-31 -7.21017e-31 4.8972e-31 
-7.79719 0.8275 0.165132 0.00229345 0.102509 -0.102553 0.00229345 19.0667 2.4926 1.05868 -0.489268 -3.10295e-27 2.00305e-30 2.13871e-30 -1.54828e-30 
-7.79351 0.819266 0.173915 0.00243859 0.102283 -0.10233 0.00243859 19.1201 2.46821 1.05988 -0.515603 -8.12242e-27 5.35685e-30 5.52187e-30 -4.25252e-30 
-7.78982 0.810581 0.182594 0.00258427 0.102052 -0.102102 0.00258427 19.1738 2.44246 1.06108 -0.541626 -1.15732e-26 7.77585e-30 7.73894e-30 -6.33118e-30 
-7.78614 0.801448 0.191161 0.00273039 0.101818 -0.10187 0.00273039 19.2277 2.41536 1.06227 -0.56732 -1.09895e-26 7.5015e-30 7.20761e-30 -6.25766e-30 
-7.78245 0.791868 0.199611 0.00287686 0.10158 -0.101635 0.00287686 19.2817 2.38694 1.06346 -0.592666 -3.90569e-27 2.70133e-30 2.50493e-30 -2.30667e-30 
-7.77877 0.781847 0.207937 0.00302356 0.101338 -0.101395 0.00302356 19.336 2.35718 1.06465 -0.617646 1.15059e-26 -8.04201e-30 -7.19336e-30 7.0245e-30 
-7.77508 0.771389 0.216134 0.00317039 0.101093 -0.101152 0.00317039 19.3904 2.32612 1.06583 -0.642241 3.02438e-26 -2.13066e-29 -1.837e-29 1.90271e-29 
-7.7714 0.760497 0.224195 0.00331724 0.100843 -0.100905 0.00331724 19.445 2.29375 1.067 -0.666435 4.31639e-26 -3.05713e-29 -2.53811e-29 2.79003e-29 
-7.76771 0.749178 0.232115 0.00346399 0.100591 -0.100655 0.00346399 19.4999 2.26011 1.06817 -0.690208 4.10642e-26 -2.91646e-29 -2.32868e-29 2.71941e-29 
-7.76403 0.737437 0.239888 0.00361052 0.100335 -0.100401 0.00361052 19.5549 2.22519 1.06934 -0.713544 1.47427e-26 -1.04725e-29 -8.02941e-30 9.97538e-30 
-7.76034 0.725278 0.247507 0.00375673 0.100076 -0.100144 0.00375673 19.6102 2.18903 1.0705 -0.736425 -4.26632e-26 3.02334e-29 2.22161e-29 -2.9418e-29 
-7.75666 0.712707 0.254967 0.00390249 0.0998141 -0.0998844 0.00390249 19.6656 2.15163 1.07166 -0.758833 -1.12612e-25 7.94031e-29 5.57895e-29 -7.8931e-29 
-7.75297 0.699732 0.262263 0.00404767 0.0995493 -0.0996216 0.00404767 19.7212 2.11301 1.07281 -0.780751 -1.60986e-25 1.12643e-28 7.5461e-29 -1.14415e-28 
-7.74929 0.686358 0.269388 0.00419216 0.0992817 -0.0993561 0.00419216 19.7771 2.0732 1.07395 -0.802163 -1.53443e-25 1.06252e-28 6.76341e-29 -1.10311e-28 
-7.7456 0.672594 0.276336 0.00433582 0.0990116 -0.099088 0.00433582 19.8331 2.03221 1.07509 -0.823052 -5.56395e-26 3.80221e-29 2.29003e-29 -4.03647e-29 
-7.74192 0.658445 0.283103 0.00447853 0.0987391 -0.0988174 0.00447853 19.8893 1.99007 1.07623 -0.8434 1.58186e-25 -1.06371e-28 -6.0305e-29 1.15534e-28 
-7.73823 0.643919 0.289683 0.00462015 0.0984642 -0.0985444 0.00462015 19.9457 1.9468 1.07735 -0.863192 4.19303e-25 -2.76613e-28 -1.46666e-28 3.07589e-28 
-7.73455 0.629026 0.296071 0.00476055 0.0981873 -0.0982693 0.00476055 20.0024 1.90242 1.07847 -0.882413 6.00415e-25 -3.87363e-28 -1.9053e-28 4.41351e-28 
-7.73086 0.613772 0.302261 0.0048996 0.0979083 -0.0979921 0.0048996 20.0592 1.85696 1.07959 -0.901045 5.73354e-25 -3.60555e-28 -1.62801e-28 4.21335e-28 
-7.72718 0.598167 0.308248 0.00503716 0.0976275 -0.097713 0.00503716 20.1162 1.81044 1.0807 -0.919074 2.09953e-25 -1.28241e-28 -5.2428e-29 1.53876e-28 
-7.72349 0.58222 0.314027 0.0051731 0.097345 -0.0974322 0.0051731 20.1734 1.76289 1.0818 -0.936485 -5.86499e-25 3.46656e-28 1.25934e-28 -4.27683e-28 
-7.71981 0.565939 0.319593 0.00530726 0.0970609 -0.0971497 0.00530726 20.2308 1.71434 1.08289 -0.953262 -1.56123e-24 8.89363e-28 2.79552e-28 -1.12998e-27 
-7.71612 0.549335 0.324941 0.00543952 0.0967754 -0.0968658 0.00543952 20.2884 1.66481 1.08398 -0.969392 -2.2393e-24 1.22408e-27 3.19816e-28 -1.60466e-27 
-7.71244 0.532418 0.330067 0.00556972 0.0964887 -0.0965806 0.00556972 20.3462 1.61435 1.08506 -0.98486 -2.14238e-24 1.11845e-27 2.27306e-28 -1.51609e-27 
-7.70875 0.515198 0.334966 0.00569772 0.0962009 -0.0962942 0.00569772 20.4042 1.56296 1.08613 -0.999653 -7.92122e-25 3.92875e-28 5.46548e-29 -5.52119e-28 
-7.70507 0.497685 0.339633 0.00582338 0.0959121 -0.0960068 0.00582338 20.4623 1.5107 1.0872 -1.01376 2.17445e-24 -1.01863e-27 -6.87436e-29 1.48872e-27 
-7.70138 0.479891 0.344065 0.00594656 0.0956226 -0.0957185 0.00594656 20.5207 1.45758 1.08826 -1.02716 5.81305e-24 -2.55517e-27 3.45785e-29 3.89807e-27 
-7.6977 0.461826 0.348257 0.00606709 0.0953323 -0.0954295 0.00606709 20.5793 1.40366 1.08931 -1.03985 8.35163e-24 -3.41881e-27 3.64012e-28 5.46886e-27 
-7.69402 0.443504 0.352204 0.00618484 0.0950416 -0.0951399 0.00618484 20.638 1.34894 1.09036 -1.05181 8.00504e-24 -3.02536e-27 6.49943e-28 5.10264e-27 
-7.69033 0.424934 0.355904 0.00629966 0.0947506 -0.09485 0.00629966 20.697 1.29349 1.09139 -1.06303 2.98811e-24 -1.03197e-27 3.54568e-28 1.84789e-27 
-7.68665 0.40613 0.359353 0.0064114 0.0944593 -0.0945597 0.0064114 20.7561 1.23732 1.09242 -1.07351 -8.06148e-24 2.51297e-27 -1.25663e-27 -4.81929e-27 
-7.68296 0.387103 0.362546 0.0065199 0.094168 -0.0942694 0.0065199 20.8155 1.18048 1.09345 -1.08322 -2.1644e-23 5.99797e-27 -4.17184e-27 -1.246e-26 
-7.67928 0.367867 0.36548 0.00662501 0.0938768 -0.093979 0.00662501 20.875 1.123 1.09446 -1.09217 -3.11478e-23 7.52639e-27 -7.13759e-27 -1.71949e-26 
-7.67559 0.348434 0.368153 0.00672659 0.0935858 -0.0936889 0.00672659 20.9347 1.06493 1.09547 -1.10034 -2.99107e-23 6.14265e-27 -7.92586e-27 -1.57617e-26 
-7.67191 0.328819 0.370561 0.00682449 0.0932952 -0.0933991 0.00682449 20.9946 1.00631 1.09647 -1.10771 -1.12704e-23 1.8981e-27 -3.38264e-27 -5.64061e-27 
-7.66822 0.309034 0.372701 0.00691855 0.0930052 -0.0931097 0.00691855 21.0547 0.947159 1.09746 -1.11429 2.98857e-23 -3.91157e-27 9.99677e-27 1.4126e-26 
-7.66454 0.289092 0.374571 0.00700862 0.0927159 -0.092821 0.00700862 21.115 0.887536 1.09845 -1.12007 8.05872e-23 -7.48491e-27 2.96537e-26 3.57467e-26 
-7.66085 0.269009 0.376168 0.00709456 0.0924274 -0.092533 0.00709456 21.1755 0.827479 1.09943 -1.12503 1.16167e-22 -6.33227e-27 4.65179e-26 4.80094e-26 
-7.65717 0.248799 0.37749 0.00717621 0.0921399 -0.0922459 0.00717621 21.2362 0.767031 1.1004 -1.12917 1.1176e-22 -1.77554e-27 4.82589e-26 4.26747e-26 
-7.65348 0.228475 0.378535 0.00725343 0.0918535 -0.0919599 0.00725343 21.297 0.706235 1.10136 -1.13249 4.25026e-23 9.72308e-28 1.96351e-26 1.48479e-26 
-7.6498 0.208053 0.3793 0.00732606 0.0915684 -0.091675 0.00732606 21.3581 0.645133 1.10231 -1.13497 -1.10788e-22 -6.83181e-27 -5.43792e-26 -3.49927e-26 
-7.64611 0.187547 0.379785 0.00739397 0.0912847 -0.0913915 0.00739397 21.4193 0.583769 1.10326 -1.13662 -3.00048e-22 -3.01139e-26 -1.55516e-25 -8.44502e-26 
-7.64243 0.166972 0.379987 0.00745701 0.0910025 -0.0911095 0.00745701 21.4808 0.52219 1.1042 -1.13743 -4.33243e-22 -6.0157e-26 -2.35804e-25 -1.0668e-25 
-7.63874 0.146345 0.379906 0.00751503 0.090722 -0.0908291 0.00751503 21.5424 0.46044 1.10514 -1.13739 -4.17579e-22 -7.39179e-26 -2.37465e-25 -8.78096e-26 
-7.63506 0.125679 0.37954 0.00756789 0.0904433 -0.0905504 0.00756789 21.6042 0.398567 1.10606 -1.1365 -1.60262e-22 -3.44135e-26 -9.47788e-26 -2.78351e-26 
-7.63137 0.104992 0.378888 0.00761544 0.0901666 -0.0902735 0.00761544 21.6662 0.336615 1.10698 -1.13476 4.10684e-22 1.03445e-25 2.51494e-25 5.6073e-26 
-7.62769 0.0842977 0.37795 0.00765756 0.089892 -0.0899987 0.00765756 21.7283 0.274632 1.1079 -1.13217 1.11715e-21 3.22137e-25 7.05522e-25 1.10522e-25 
-7.624 0.0636133 0.376726 0.00769411 0.0896196 -0.0897261 0.00769411 21.7907 0.212665 1.1088 -1.12872 1.61577e-21 5.23551e-25 1.04831e-24 9.85163e-26 
-7.62032 0.0429544 0.375215 0.00772495 0.0893496 -0.0894556 0.00772495 21.8532 0.150763 1.1097 -1.12442 1.56023e-21 5.59777e-25 1.03614e-24 3.55035e-26 
-7.61663 0.0223374 0.373417 0.00774996 0.089082 -0.0891876 0.00774996 21.916 0.0889729 1.11059 -1.11926 6.0421e-22 2.37153e-25 4.09271e-25 -9.4345e-27 
-7.61295 0.00177818 0.371333 0.00776899 0.088817 -0.0889221 0.00776899 21.9789 0.0273434 1.11148 -1.11325 -1.52231e-21 -6.47102e-25 -1.0482e-24 8.2257e-26 
-7.60926 -0.0187068 0.368963 0.00778193 0.0885547 -0.0886592 0.00778193 22.042 -0.0340769 1.11236 -1.10639 -4.1594e-21 -1.89835e-24 -2.90169e-24 3.84321e-25 
-7.60558 -0.0391011 0.366309 0.00778866 0.0882953 -0.0883991 0.00778866 22.1053 -0.0952389 1.11323 -1.09867 -6.02596e-21 -2.93078e-24 -4.24534e-24 7.86989e-25 
-7.60189 -0.059388 0.36337 0.00778906 0.0880388 -0.0881419 0.00778906 22.1688 -0.156093 1.1141 -1.09011 -5.82952e-21 -3.00133e-24 -4.13421e-24 9.82462e-25 
-7.59821 -0.0795512 0.360149 0.00778302 0.0877853 -0.0878876 0.00778302 22.2324 -0.216591 1.11496 -1.0807 -2.27764e-21 -1.23396e-24 -1.62082e-24 4.69394e-25 
-7.59452 -0.0995741 0.356646 0.00777041 0.0875351 -0.0876365 0.00777041 22.2963 -0.276682 1.11581 -1.07046 5.64264e-21 3.19953e-24 4.01638e-24 -1.37205e-24 
-7.59084 -0.11944 0.352864 0.00775113 0.0872881 -0.0873885 0.00775113 22.3603 -0.336318 1.11666 -1.05938 1.54862e-20 9.14495e-24 1.09902e-23 -4.33049e-24 
-7.58715 -0.139133 0.348805 0.00772508 0.0870445 -0.0871439 0.00772508 22.4245 -0.395448 1.1175 -1.04747 2.24734e-20 1.37575e-23 1.58499e-23 -7.0884e-24 
-7.58347 -0.158635 0.344471 0.00769218 0.0868045 -0.0869026 0.00769218 22.4889 -0.454024 1.11834 -1.03474 2.17807e-20 1.37629e-23 1.52156e-23 -7.63161e-24 
-7.57978 -0.177931 0.339864 0.00765231 0.086568 -0.0866649 0.00765231 22.5535 -0.511995 1.11917 -1.0212 8.58473e-21 5.57654e-24 5.91999e-24 -3.30033e-24 
-7.5761 -0.197003 0.334987 0.00760539 0.0863352 -0.0864308 0.00760539 22.6183 -0.569313 1.12 -1.00684 -2.09143e-20 -1.39124e-23 -1.41869e-23 8.73137e-24 
-7.57241 -0.215836 0.329842 0.00755133 0.0861061 -0.0862004 0.00755133 22.6833 -0.625928 1.12082 -0.991694 -5.76575e-20 -3.91313e-23 -3.83323e-23 2.59117e-23 
-7.56873 -0.234412 0.324435 0.00749006 0.085881 -0.0859738 0.00749006 22.7484 -0.681791 1.12164 -0.975755 -8.38126e-20 -5.78267e-23 -5.44022e-23 4.02395e-23 
-7.56504 -0.252716 0.318767 0.00742151 0.0856598 -0.0857511 0.00742151 22.8137 -0.736853 1.12245 -0.95904 -8.13782e-20 -5.68799e-23 -5.13637e-23 4.14623e-23 
-7.56136 -0.270732 0.312843 0.00734561 0.0854426 -0.0855324 0.00734561 22.8792 -0.791067 1.12326 -0.941557 -3.23528e-20 -2.28299e-23 -1.9771e-23 1.73889e-23 
-7.55767 -0.288442 0.306667 0.0072623 0.0852296 -0.0853177 0.0072623 22.9449 -0.844382 1.12406 -0.923318 7.75149e-20 5.50362e-23 4.56526e-23 -4.37145e-23 
-7.55399 -0.305832 0.300242 0.00717151 0.0850207 -0.0851071 0.00717151 23.0108 -0.896752 1.12487 -0.904336 2.14666e-19 1.52839e-22 1.21236e-22 -1.26402e-22 
-7.55031 -0.322884 0.293574 0.00707321 0.0848162 -0.0849007 0.00707321 23.0768 -0.94813 1.12566 -0.884625 3.1257e-19 2.22413e-22 1.68356e-22 -1.91304e-22 
-7.54662 -0.339585 0.286667 0.00696735 0.0846159 -0.0846986 0.00696735 23.1431 -0.998469 1.12646 -0.864198 3.04046e-19 2.15484e-22 1.55241e-22 -1.92607e-22 
-7.54294 -0.355918 0.279526 0.00685391 0.0844201 -0.0845009 0.00685391 23.2095 -1.04772 1.12725 -0.843071 1.21911e-19 8.5759e-23 5.86076e-23 -7.96188e-23 
-7.53925 -0.371867 0.272156 0.00673283 0.0842287 -0.0843075 0.00673283 23.2761 -1.09584 1.12803 -0.821257 -2.87282e-19 -1.99884e-22 -1.29043e-22 1.92708e-22 
-7.53557 -0.387418 0.264563 0.0066041 0.0840419 -0.0841186 0.0066041 23.3429 -1.14278 1.12882 -0.798772 -7.99218e-19 -5.48006e-22 -3.32484e-22 5.48688e-22 
-7.53188 -0.402555 0.256752 0.00646772 0.0838596 -0.0839342 0.00646772 23.4099 -1.18851 1.1296 -0.775636 -1.16569e-18 -7.84728e-22 -4.44503e-22 8.16251e-22 
-7.5282 -0.417266 0.24873 0.00632369 0.083682 -0.0837544 0.00632369 23.477 -1.23296 1.13038 -0.751864 -1.13597e-18 -7.47842e-22 -3.92167e-22 8.08627e-22 
-7.52451 -0.431534 0.240503 0.00617201 0.083509 -0.0835792 0.00617201 23.5444 -1.27611 1.13116 -0.727476 -4.59323e-19 -2.94491e-22 -1.414e-22 3.31314e-22 
-7.52083 -0.445345 0.232076 0.00601267 0.0833407 -0.0834086 0.00601267 23.6119 -1.31791 1.13193 -0.702488 1.06467e-18 6.61868e-22 2.86711e-22 -7.75712e-22 
-7.51714 -0.458687 0.223457 0.00584569 0.0831773 -0.0832428 0.00584569 23.6796 -1.35832 1.13271 -0.676921 2.97553e-18 1.78519e-21 6.83505e-22 -2.18303e-21 
-7.51346 -0.471544 0.214652 0.00567111 0.0830185 -0.0830816 0.00567111 23.7476 -1.39729 1.13348 -0.650795 4.34726e-18 2.50433e-21 8.22572e-22 -3.20163e-21 
-7.50977 -0.483906 0.205669 0.00548895 0.0828647 -0.0829253 0.00548895 23.8156 -1.43479 1.13426 -0.624132 4.24412e-18 2.33463e-21 6.27945e-22 -3.12794e-21 
-7.50609 -0.495758 0.196514 0.00529925 0.0827156 -0.0827737 0.00529925 23.8839 -1.47078 1.13503 -0.596952 1.73038e-18 9.03386e-22 1.83544e-22 -1.27226e-21 
-7.5024 -0.507088 0.187196 0.00510203 0.0825714 -0.082627 0.00510203 23.9524 -1.50523 1.1358 -0.569278 -3.94548e-18 -1.94166e-21 -2.51355e-22 2.88486e-21 
-7.49872 -0.517884 0.177721 0.00489738 0.0824321 -0.0824851 0.00489738 24.021 -1.53808 1.13657 -0.54113 -1.1078e-17 -5.09951e-21 -2.32785e-22 8.02938e-21 
-7.49503 -0.528134 0.168099 0.00468539 0.0822978 -0.0823481 0.00468539 24.0899 -1.56932 1.13734 -0.512534 -1.62123e-17 -6.91936e-21 3.54359e-22 1.16101e-20 
-7.49135 -0.537827 0.158336 0.00446619 0.0821683 -0.0822159 0.00446619 24.1589 -1.59891 1.13811 -0.483514 -1.58564e-17 -6.20987e-21 1.02671e-21 1.11813e-20 
-7.48766 -0.546953 0.148441 0.00423987 0.0820437 -0.0820886 0.00423987 24.2281 -1.62681 1.13888 -0.454093 -6.51801e-18 -2.31359e-21 7.00742e-22 4.50992e-21 
-7.48398 -0.5555 0.138423 0.00400655 0.0819241 -0.0819662 0.00400655 24.2975 -1.65299 1.13966 -0.424296 1.46207e-17 4.6331e-21 -2.19272e-21 -9.88981e-21 
-7.48029 -0.563459 0.128289 0.00376632 0.0818093 -0.0818487 0.00376632 24.3671 -1.67743 1.14043 -0.394148 4.12431e-17 1.14476e-20 -7.91819e-21 -2.71679e-20 
-7.47661 -0.57082 0.118049 0.00351928 0.0816995 -0.081736 0.00351928 24.4369 -1.70008 1.14121 -0.363676 6.04607e-17 1.43364e-20 -1.4111e-20 -3.86256e-20 
-7.47292 -0.577576 0.107712 0.00326552 0.0815946 -0.0816282 0.00326552 24.5069 -1.72094 1.14199 -0.332905 5.92404e-17 1.15932e-20 -1.62335e-20 -3.65432e-20 
-7.46924 -0.583716 0.0972871 0.00300513 0.0814945 -0.0815253 0.00300513 24.577 -1.73997 1.14277 -0.301864 2.45492e-17 3.767e-21 -7.70195e-21 -1.4553e-20 
-7.46555 -0.589232 0.0867829 0.00273821 0.0813994 -0.0814272 0.00273821 24.6474 -1.75714 1.14355 -0.270577 -5.4177e-17 -5.98771e-21 1.90899e-20 3.07051e-20 
-7.46187 -0.594118 0.0762089 0.00246492 0.081309 -0.081334 0.00246492 24.718 -1.77243 1.14433 -0.239073 -1.53546e-16 -1.02995e-20 5.9845e-20 8.2727e-20 
-7.45818 -0.598366 0.0655748 0.00218544 0.0812235 -0.0812455 0.00218544 24.7887 -1.78582 1.14512 -0.207381 -2.25475e-16 -5.2485e-21 9.59977e-20 1.14756e-19 
-7.4545 -0.601971 0.0548903 0.00189999 0.0811428 -0.0811618 0.00189999 24.8596 -1.7973 1.14591 -0.175528 -2.21323e-16 4.58454e-21 1.0186e-19 1.05652e-19 
-7.45081 -0.604926 0.0441649 0.00160874 0.0810668 -0.0810829 0.00160874 24.9308 -1.80685 1.1467 -0.143544 -9.2451e-17 5.9844e-21 4.5581e-20 4.10588e-20 
-7.44713 -0.607226 0.0334083 0.00131191 0.0809956 -0.0810086 0.00131191 25.0021 -1.81444 1.1475 -0.111457 2.00744e-16 -2.18012e-20 -1.05193e-19 -8.21641e-20 
-7.44344 -0.608865 0.0226305 0.0010097 0.080929 -0.080939 0.0010097 25.0736 -1.82006 1.1483 -0.0792957 5.7164e-16 -8.69796e-20 -3.16148e-19 -2.13234e-19 
-7.43976 -0.609841 0.0118416 0.000702327 0.080867 -0.0808741 0.000702327 25.1454 -1.82371 1.14911 -0.047091 8.40854e-16 -1.64158e-19 -4.87714e-19 -2.8202e-19 
-7.43607 -0.610151 0.00105167 0.000390001 0.0808096 -0.0808137 0.000390001 25.2173 -1.82536 1.14992 -0.0148724 8.26858e-16 -1.96493e-19 -5.00085e-19 -2.45203e-19 
-7.43239 -0.609791 -0.0097292 7.29388e-05 0.0807568 -0.0807578 7.29388e-05 25.2894 -1.82502 1.15074 0.0173302 3.48126e-16 -9.72037e-20 -2.18372e-19 -8.93273e-20 
-7.4287 -0.608758 -0.0204909 -0.000248642 0.0807084 -0.0807064 -0.000248642 25.3617 -1.82267 1.15156 0.0494869 -7.43793e-16 2.37867e-19 4.81491e-19 1.60413e-19 
-7.42502 -0.607051 -0.0312231 -0.0005745 0.0806644 -0.0806594 -0.0005745 25.4343 -1.81831 1.15238 0.0815675 -2.12815e-15 7.64475e-19 1.41504e-18 3.70095e-19 
-7.42133 -0.604669 -0.0419156 -0.000904379 0.0806247 -0.0806167 -0.000904379 25.507 -1.81193 1.15321 0.113541 -3.13575e-15 1.24585e-18 2.13196e-18 4.12163e-19 
-7.41765 -0.601614 -0.052558 -0.00123802 0.0805893 -0.0805783 -0.00123802 25.5799 -1.80354 1.15405 0.145378 -3.0891e-15 1.34037e-18 2.13827e-18 2.7314e-19 
-7.41396 -0.597884 -0.0631401 -0.00157516 0.0805581 -0.0805442 -0.00157516 25.6531 -1.79313 1.1549 0.177047 -1.31075e-15 6.14543e-19 9.19852e-19 5.89723e-20 
-7.41028 -0.59348 -0.0736514 -0.00191555 0.0805311 -0.0805141 -0.00191555 25.7264 -1.7807 1.15575 0.208517 2.75572e-15 -1.38335e-18 -1.95258e-18 -3.58903e-21 
-7.40659 -0.588403 -0.0840817 -0.00225891 0.0805081 -0.0804882 -0.00225891 25.8 -1.76627 1.1566 0.239758 7.92267e-15 -4.22429e-18 -5.64491e-18 3.36661e-19 
-7.40291 -0.582658 -0.0944207 -0.002605 0.080489 -0.0804662 -0.002605 25.8737 -1.74983 1.15747 0.27074 1.16934e-14 -6.57522e-18 -8.34408e-18 1.00846e-18 
-7.39923 -0.576248 -0.104658 -0.00295354 0.0804739 -0.0804481 -0.00295354 25.9477 -1.7314 1.15834 0.301432 1.15395e-14 -6.79897e-18 -8.21315e-18 1.49767e-18 
-7.39554 -0.569175 -0.114784 -0.00330426 0.0804625 -0.0804339 -0.00330426 26.0219 -1.71098 1.15921 0.331804 4.93248e-15 -3.02723e-18 -3.48727e-18 8.53166e-19 
-7.39186 -0.561443 -0.124787 -0.00365692 0.0804548 -0.0804234 -0.00365692 26.0963 -1.68859 1.1601 0.361824 -1.02137e-14 6.49399e-18 7.14294e-18 -2.20241e-18 
-7.38817 -0.553059 -0.134659 -0.00401123 0.0804508 -0.0804165 -0.00401123 26.1709 -1.66424 1.16099 0.391464 -2.95085e-14 1.93376e-17 2.03255e-17 -7.60202e-18 
-7.38449 -0.544028 -0.144388 -0.00436694 0.0804503 -0.0804132 -0.00436694 26.2457 -1.63795 1.16189 0.420693 -4.36491e-14 2.93392e-17 2.94795e-17 -1.30413e-17 
-7.3808 -0.534357 -0.153965 -0.00472378 0.0804532 -0.0804133 -0.00472378 26.3207 -1.60975 1.1628 0.449482 -4.32102e-14 2.96527e-17 2.84804e-17 -1.46458e-17 
-7.37712 -0.524054 -0.16338 -0.00508149 0.0804594 -0.0804168 -0.00508149 26.396 -1.57964 1.16372 0.477802 -1.87669e-14 1.30896e-17 1.20119e-17 -7.09323e-18 
-7.37343 -0.513125 -0.172622 -0.00543981 0.0804688 -0.0804235 -0.00543981 26.4715 -1.54765 1.16465 0.505622 3.74578e-14 -2.64386e-17 -2.31591e-17 1.55709e-17 
-7.36975 -0.501579 -0.181684 -0.00579853 0.0804813 -0.0804334 -0.00579853 26.5472 -1.5138 1.16558 0.532915 1.08733e-13 -7.73313e-17 -6.45688e-17 4.91451e-17 
-7.36606 -0.489427 -0.190554 -0.00615749 0.0804968 -0.0804463 -0.00615749 26.6231 -1.47813 1.16653 0.559652 1.59541e-13 -1.13846e-16 -9.04305e-17 7.76452e-17 
-7.36238 -0.476678 -0.199224 -0.00651652 0.0805152 -0.0804621 -0.00651652 26.6992 -1.44067 1.16748 0.585805 1.53885e-13 -1.09709e-16 -8.26873e-17 7.99666e-17 
-7.35869 -0.463344 -0.207683 -0.00687548 0.0805364 -0.0804808 -0.00687548 26.7756 -1.40143 1.16844 0.611347 5.57685e-14 -3.95525e-17 -2.81901e-17 3.07153e-17 
-7.35501 -0.449434 -0.215924 -0.0072342 0.0805603 -0.0805021 -0.0072342 26.8522 -1.36047 1.16941 0.636249 -1.66469e-13 1.16939e-16 7.84723e-17 -9.65326e-17 
-7.35132 -0.434961 -0.223937 -0.00759257 0.0805867 -0.0805261 -0.00759257 26.929 -1.3178 1.1704 0.660486 -4.78997e-13 3.31783e-16 2.08455e-16 -2.90698e-16 
-7.34764 -0.419939 -0.231713 -0.00795053 0.0806155 -0.0805525 -0.00795053 27.0061 -1.27347 1.17139 0.684031 -7.97249e-13 5.41996e-16 3.16525e-16 -5.03592e-16 
-7.34395 -0.404381 -0.239245 -0.00830801 0.0806466 -0.0805813 -0.00830801 27.0834 -1.22752 1.17239 0.706861 -1.03534e-12 6.87476e-16 3.69652e-16 -6.77206e-16 
-7.34027 -0.388301 -0.246522 -0.00866495 0.0806799 -0.0806123 -0.00866495 27.1609 -1.17999 1.1734 0.728948 -1.10737e-12 7.14532e-16 3.49262e-16 -7.46456e-16 
-7.33658 -0.371713 -0.253538 -0.00902127 0.0807153 -0.0806454 -0.00902127 27.2386 -1.13092 1.17442 0.750268 -1.02094e-12 6.36675e-16 2.77983e-16 -7.06017e-16 
-7.3329 -0.354632 -0.260283 -0.00937696 0.0807526 -0.0806804 -0.00937696 27.3166 -1.08036 1.17546 0.770799 -2.21864e-12 1.32935e-15 5.05544e-16 -1.56717e-15 
-7.32921 -0.337076 -0.266751 -0.00973203 0.0807917 -0.0807174 -0.00973203 27.3949 -1.02835 1.1765 0.790517 -7.26645e-12 4.15656e-15 1.32491e-15 -5.22092e-15 
-7.32553 -0.319062 -0.272934 -0.0100865 0.0808326 -0.080756 -0.0100865 27.4733 -0.974943 1.17756 0.809401 -1.87604e-11 1.0173e-14 2.54927e-15 -1.36551e-14 
-7.32184 -0.300605 -0.278825 -0.0104404 0.080875 -0.0807963 -0.0104404 27.552 -0.92019 1.17862 0.82743 -3.92964e-11 2.00412e-14 3.48658e-15 -2.88602e-14 
-7.31816 -0.281724 -0.284416 -0.0107936 0.0809188 -0.0808381 -0.0107936 27.631 -0.86414 1.1797 0.844582 -7.38818e-11 3.5122e-14 3.03335e-15 -5.45334e-14 
-7.31447 -0.262437 -0.289701 -0.0111463 0.0809639 -0.0808812 -0.0111463 27.7102 -0.806847 1.18078 0.860837 -1.65135e-10 7.24175e-14 -1.14064e-15 -1.22021e-13 
-7.31079 -0.242764 -0.294673 -0.0114984 0.0810102 -0.0809255 -0.0114984 27.7896 -0.748369 1.18188 0.876178 -3.85432e-10 1.54024e-13 -2.118e-14 -2.83982e-13 
-7.3071 -0.222725 -0.299326 -0.0118499 0.0810576 -0.0809709 -0.0118499 27.8693 -0.688764 1.18299 0.890587 -8.07961e-10 2.89885e-13 -8.31044e-14 -5.91214e-13 
-7.30342 -0.20234 -0.303655 -0.0122007 0.0811059 -0.0810172 -0.0122007 27.9493 -0.62809 1.18411 0.904047 -1.50591e-09 4.76203e-13 -2.26495e-13 -1.08991e-12 
-7.29973 -0.181628 -0.307653 -0.012551 0.081155 -0.0810644 -0.012551 28.0294 -0.566405 1.18524 0.91654 -2.61678e-09 7.12048e-13 -5.16478e-13 -1.86538e-12 
-7.29605 -0.160611 -0.311315 -0.0129005 0.0812047 -0.0811123 -0.0129005 28.1099 -0.50377 1.18638 0.928053 -5.29759e-09 1.20063e-12 -1.29016e-12 -3.70332e-12 
-7.29236 -0.139311 -0.314636 -0.0132492 0.081255 -0.0811608 -0.0132492 28.1906 -0.440251 1.18754 0.938572 -1.15205e-08 2.07379e-12 -3.32578e-12 -7.86163e-12 
-7.28868 -0.117751 -0.317612 -0.013597 0.0813057 -0.0812097 -0.013597 28.2716 -0.375914 1.1887 0.948086 -2.32803e-08 3.08315e-12 -7.74289e-12 -1.54336e-11 
-7.28499 -0.0959536 -0.320239 -0.0139438 0.0813567 -0.081259 -0.0139438 28.3528 -0.310823 1.18988 0.956581 -4.25721e-08 3.58177e-12 -1.59667e-11 -2.72775e-11 
-7.28131 -0.0739408 -0.322511 -0.0142894 0.0814078 -0.0813084 -0.0142894 28.4343 -0.245043 1.19107 0.964046 -7.25622e-08 2.56329e-12 -3.01749e-11 -4.46877e-11 
-7.27762 -0.0517363 -0.324426 -0.0146336 0.081459 -0.0813579 -0.0146336 28.516 -0.178643 1.19226 0.970472 -1.3529e-07 -1.86196e-12 -6.15277e-11 -7.96021e-11 
-7.27394 -0.0293647 -0.325981 -0.0149761 0.08151 -0.0814073 -0.0149761 28.598 -0.111694 1.19348 0.975851 -2.68046e-07 -1.68598e-11 -1.31786e-10 -1.4968e-10 
-7.27025 -0.0068503 -0.327172 -0.0153168 0.0815608 -0.0814565 -0.0153168 28.6803 -0.0442659 1.1947 0.980178 -5.08555e-07 -5.68816e-11 -2.67639e-10 -2.67528e-10 
-7.26657 0.0157823 -0.327998 -0.0156552 0.0816113 -0.0815055 -0.0156552 28.7628 0.02357 1.19593 0.983446 -8.94541e-07 -1.43465e-10 -4.99567e-10 -4.39607e-10 
-7.26288 0.0385085 -0.328455 -0.0159911 0.0816613 -0.081554 -0.0159911 28.8456 0.0917431 1.19717 0.985648 -1.4784e-06 -3.07877e-10 -8.69372e-10 -6.7219e-10 
-7.2592 0.0613031 -0.328542 -0.016324 0.0817107 -0.0816019 -0.016324 28.9287 0.160181 1.19843 0.986781 -2.55284e-06 -6.51553e-10 -1.56966e-09 -1.06177e-09 
-7.25552 0.0841402 -0.328259 -0.0166535 0.0817594 -0.0816492 -0.0166535 29.0121 0.228808 1.1997 0.986846 -4.60675e-06 -1.38698e-09 -2.94269e-09 -1.72897e-09 
-7.25183 0.106994 -0.327604 -0.0169791 0.0818073 -0.0816957 -0.0169791 29.0957 0.297551 1.20098 0.985842 -8.13476e-06 -2.81111e-09 -5.36601e-09 -2.70907e-09 
-7.24815 0.129838 -0.326577 -0.0173002 0.0818542 -0.0817414 -0.0173002 29.1796 0.366335 1.20226 0.983768 -1.36315e-05 -5.29547e-09 -9.23304e-09 -3.9425e-09 
-7.24446 0.152647 -0.325177 -0.0176163 0.0819 -0.081786 -0.0176163 29.2638 0.435087 1.20356 0.980625 -2.1711e-05 -9.3264e-09 -1.50184e-08 -5.29914e-09 
-7.24078 0.175394 -0.323405 -0.0179267 0.0819447 -0.0818294 -0.0179267 29.3483 0.503729 1.20488 0.976417 -3.49749e-05 -1.63908e-08 -2.45797e-08 -6.91729e-09 
-7.23709 0.198053 -0.321262 -0.0182306 0.081988 -0.0818717 -0.0182306 29.4331 0.572188 1.2062 0.971149 -5.76645e-05 -2.91487e-08 -4.09632e-08 -8.67975e-09 
-7.23341 0.220596 -0.31875 -0.0185273 0.08203 -0.0819126 -0.0185273 29.5181 0.640387 1.20753 0.964829 -9.40703e-05 -5.07889e-08 -6.72087e-08 -9.64249e-09 
-7.22972 0.242998 -0.31587 -0.0188159 0.0820705 -0.0819521 -0.0188159 29.6034 0.708251 1.20887 0.957463 -0.000148483 -8.4888e-08 -1.06162e-07 -8.0073e-09 
-7.22604 0.265232 -0.312623 -0.0190956 0.0821094 -0.0819901 -0.0190956 29.6891 0.775703 1.21023 0.949058 -0.00022578 -1.35627e-07 -1.60738e-07 -1.12985e-09 
-7.22235 0.28727 -0.309013 -0.0193655 0.0821465 -0.0820265 -0.0193655 29.775 0.842669 1.21159 0.939624 -0.000340775 -2.1358e-07 -2.40341e-07 1.50123e-08 
-7.21867 0.309087 -0.305043 -0.0196243 0.0821819 -0.0820611 -0.0196243 29.8612 0.909073 1.21297 0.929175 -0.000516567 -3.35602e-07 -3.5904e-07 4.80559e-08 
-7.21498 0.330655 -0.300716 -0.019871 0.0822154 -0.0820939 -0.019871 29.9477 0.974842 1.21435 0.917725 -0.000776508 -5.19763e-07 -5.29014e-07 1.10035e-07 
-7.2113 0.351949 -0.296038 -0.0201044 0.0822468 -0.0821248 -0.0201044 30.0344 1.0399 1.21574 0.905288 -0.00114395 -7.8437e-07 -7.59572e-07 2.17193e-07 
-7.20761 0.37294 -0.29101 -0.0203234 0.0822762 -0.0821537 -0.0203234 30.1215 1.10417 1.21715 0.891876 -0.00164369 -1.14812e-06 -1.05733e-06 3.90017e-07 
-7.20393 0.393605 -0.28564 -0.0205266 0.0823034 -0.0821806 -0.0205266 30.2089 1.16759 1.21856 0.877509 -0.00232542 -1.64584e-06 -1.43987e-06 6.59822e-07 
-7.20024 0.413915 -0.279931 -0.0207125 0.0823283 -0.0822053 -0.0207125 30.2966 1.23008 1.21999 0.862206 -0.0032598 -2.32548e-06 -1.92933e-06 1.07258e-06 
-7.19656 0.433847 -0.273892 -0.0208797 0.082351 -0.0822278 -0.0208797 30.3846 1.29157 1.22142 0.845989 -0.00451814 -3.23187e-06 -2.53643e-06 1.68497e-06 
-7.19287 0.453374 -0.267527 -0.0210265 0.0823712 -0.082248 -0.0210265 30.4729 1.35199 1.22286 0.828878 -0.00617176 -4.40362e-06 -3.25823e-06 2.56276e-06 
-7.18919 0.472471 -0.260843 -0.0211515 0.0823889 -0.0822659 -0.0211515 30.5615 1.41127 1.22431 0.810894 -0.00829201 -5.87046e-06 -4.07653e-06 3.77903e-06 
-7.1855 0.491112 -0.253847 -0.0212528 0.0824041 -0.0822813 -0.0212528 30.6504 1.46934 1.22577 0.792061 -0.0109507 -7.65107e-06 -4.95685e-06 5.41239e-06 
-7.18182 0.509275 -0.246548 -0.0213287 0.0824166 -0.0822943 -0.0213287 30.7396 1.52614 1.22724 0.772408 -0.0142201 -9.7505e-06 -5.84732e-06 7.54471e-06 
-7.17813 0.526935 -0.238954 -0.0213772 0.0824265 -0.0823047 -0.0213772 30.8291 1.58161 1.22872 0.751962 -0.0181725 -1.21576e-05 -6.67793e-06 1.02585e-05 
-7.17445 0.544068 -0.231074 -0.0213964 0.0824336 -0.0823126 -0.0213964 30.919 1.63567 1.23021 0.730751 -0.0228801 -1.48432e-05 -7.36032e-06 1.36343e-05 
-7.17076 0.560651 -0.222916 -0.0213842 0.0824379 -0.0823179 -0.0213842 31.0091 1.68827 1.2317 0.708802 -0.0284058 -1.77518e-05 -7.78547e-06 1.77418e-05 
-7.16708 0.576661 -0.21449 -0.0213387 0.0824394 -0.0823204 -0.0213387 31.0996 1.73935 1.2332 0.686146 -0.0346428 -2.07067e-05 -7.79079e-06 2.25319e-05 
-7.16339 0.592077 -0.205806 -0.0212575 0.082438 -0.0823203 -0.0212575 31.1904 1.78885 1.23471 0.662818 -0.041339 -2.3448e-05 -7.20835e-06 2.78302e-05 
-7.15971 0.606879 -0.196876 -0.0211382 0.0824337 -0.0823174 -0.0211382 31.2815 1.83672 1.23623 0.638852 -0.0482374 -2.57373e-05 -5.92322e-06 3.34236e-05 
-7.15602 0.621045 -0.187709 -0.0209786 0.0824264 -0.0823118 -0.0209786 31.3729 1.8829 1.23775 0.614281 -0.0550809 -2.73704e-05 -3.87927e-06 3.90706e-05 
-7.15234 0.634554 -0.178318 -0.0207763 0.082416 -0.0823034 -0.0207763 31.4647 1.92734 1.23928 0.58914 -0.061589 -2.81749e-05 -1.08147e-06 4.44929e-05 
-7.14865 0.647388 -0.168713 -0.0205288 0.0824027 -0.0822921 -0.0205288 31.5567 1.97 1.24082 0.563466 -0.0670572 -2.78565e-05 2.38233e-06 4.90904e-05 
-7.14497 0.659529 -0.158908 -0.0202335 0.0823863 -0.082278 -0.0202335 31.6491 2.01082 1.24237 0.537298 -0.0704121 -2.61208e-05 6.23416e-06 5.19793e-05 
-7.14128 0.67096 -0.148916 -0.0198876 0.0823668 -0.0822611 -0.0198876 31.7418 2.04977 1.24392 0.510675 -0.0705678 -2.289e-05 9.96276e-06 5.22772e-05 
-7.1376 0.681664 -0.138749 -0.0194886 0.0823442 -0.0822413 -0.0194886 31.8349 2.0868 1.24548 0.483637 -0.0664386 -1.83273e-05 1.2833e-05 4.91519e-05 
-7.13391 0.691624 -0.128421 -0.0190337 0.0823185 -0.0822187 -0.0190337 31.9283 2.12187 1.24704 0.456223 -0.0569219 -1.28463e-05 1.38987e-05 4.18489e-05 
-7.13023 0.700825 -0.117945 -0.0185202 0.0822897 -0.0821932 -0.0185202 32.022 2.15495 1.24861 0.428476 -0.0406015 -7.07002e-06 1.19341e-05 2.95164e-05 
-7.12654 0.709255 -0.107336 -0.0179452 0.0822578 -0.0821649 -0.0179452 32.116 2.18601 1.25019 0.400437 -0.0157864 -1.91773e-06 5.40132e-06 1.12898e-05 
-7.12286 0.716901 -0.0966099 -0.0173058 0.0822228 -0.0821337 -0.0173058 32.2104 2.21502 1.25177 0.372152 0.019224 1.30759e-06 -7.46927e-06 -1.34526e-05 
-7.11917 0.723751 -0.0857808 -0.0165992 0.0821846 -0.0820997 -0.0165992 32.3051 2.24195 1.25335 0.343664 0.0661302 9.29062e-07 -2.86229e-05 -4.50278e-05 
-7.11549 0.729792 -0.0748638 -0.0158224 0.0821434 -0.0820629 -0.0158224 32.4001 2.26678 1.25494 0.315015 0.126608 -5.08001e-06 -6.01061e-05 -8.33809e-05 
-7.11181 0.735017 -0.0638748 -0.0149727 0.0820991 -0.0820233 -0.0149727 32.4955 2.28949 1.25654 0.286252 0.201873 -1.90143e-05 -0.000103768 -0.000127766 
-7.10812 0.739417 -0.0528302 -0.0140472 0.0820517 -0.0819809 -0.0140472 32.5912 2.31006 1.25814 0.257418 0.292729 -4.32755e-05 -0.000161131 -0.000176807 
-7.10444 0.742986 -0.0417468 -0.013043 0.0820012 -0.0819359 -0.013043 32.6872 2.32849 1.25974 0.228561 0.399968 -8.02917e-05 -0.000233484 -0.000228769 
-7.10075 0.745718 -0.0306411 -0.0119574 0.0819478 -0.0818881 -0.0119574 32.7836 2.34476 1.26135 0.199726 0.52438 -0.000132463 -0.000321841 -0.000281577 
-7.09707 0.747605 -0.0195298 -0.0107875 0.0818914 -0.0818377 -0.0107875 32.8803 2.35886 1.26296 0.170958 0.666692 -0.000202083 -0.000426842 -0.000332784 
-7.09338 0.748646 -0.00843015 -0.00953077 0.081832 -0.0817847 -0.00953077 32.9774 2.37079 1.26458 0.142304 0.826381 -0.000290848 -0.000547915 -0.000379066 
-7.0897 0.748839 0.0026399 -0.00818475 0.0817697 -0.0817291 -0.00818475 33.0748 2.38056 1.26619 0.113809 1.0018 -0.00039955 -0.0006832 -0.000416556 
-7.08601 0.748185 0.0136624 -0.00674708 0.0817046 -0.081671 -0.00674708 33.1726 2.38817 1.26782 0.0855186 1.19128 -0.000528277 -0.000830228 -0.000441564 
-7.08233 0.746684 0.0246195 -0.00521538 0.0816367 -0.0816104 -0.00521538 33.2707 2.39363 1.26944 0.0574784 1.39313 -0.000676419 -0.000986012 -0.000450675 
-7.07864 0.744335 0.0354932 -0.00358728 0.0815661 -0.0815474 -0.00358728 33.3691 2.39694 1.27107 0.0297343 1.60562 -0.000842663 -0.00114708 -0.000440809 
-7.07496 0.741143 0.0462651 -0.00186094 0.0814927 -0.0814821 -0.00186094 33.4679 2.39813 1.2727 0.00233015 1.82597 -0.00102446 -0.00130887 -0.000409092 
-7.07127 0.737115 0.0569165 -3.49396e-05 0.0814168 -0.0814145 -3.49396e-05 33.5671 2.39721 1.27433 -0.024691 2.05049 -0.00121794 -0.00146587 -0.000353195 
-7.06759 0.732258 0.0674287 0.00189209 0.0813382 -0.0813447 0.00189209 33.6665 2.39421 1.27597 -0.0512863 2.27544 -0.00141847 -0.00161248 -0.00027176 
-7.0639 0.72658 0.0777829 0.00392153 0.0812572 -0.0812727 0.00392153 33.7664 2.38916 1.27761 -0.0774131 2.49708 -0.00162079 -0.00174318 -0.000164465 
-7.06022 0.720087 0.0879605 0.00605473 0.0811738 -0.0811986 0.00605473 33.8666 2.38207 1.27924 -0.103028 2.71168 -0.00181916 -0.00185277 -3.20588e-05 
-7.05653 0.712791 0.0979426 0.00829217 0.0810881 -0.0811226 0.00829217 33.9671 2.37299 1.28089 -0.128093 2.91566 -0.00200769 -0.00193661 0.000123634 
-7.05285 0.704707 0.10771 0.0106336 0.081 -0.0810446 0.0106336 34.068 2.36195 1.28253 -0.152569 3.1056 -0.00218049 -0.0019908 0.000299766 
-7.04916 0.695851 0.117245 0.0130786 0.0809099 -0.0809647 0.0130786 34.1692 2.34899 1.28417 -0.17642 3.27806 -0.0023318 -0.00201225 0.000492522 
-7.04548 0.686236 0.126528 0.015627 0.0808176 -0.0808831 0.015627 34.2708 2.33416 1.28582 -0.199609 3.42961 -0.00245615 -0.00199879 0.000697174 
-7.04179 0.67588 0.13554 0.0182783 0.0807234 -0.0807998 0.0182783 34.3728 2.31749 1.28746 -0.222099 3.55688 -0.00254863 -0.00194938 0.000908176 
-7.03811 0.6648 0.144264 0.021031 0.0806273 -0.0807148 0.021031 34.4751 2.29904 1.28911 -0.243858 3.65773 -0.00260584 -0.00186473 0.00111964 
-7.03442 0.65302 0.15268 0.0238824 0.0805294 -0.0806283 0.0238824 34.5777 2.27886 1.29076 -0.264857 3.73113 -0.00262604 -0.00174716 0.00132572 
-7.03074 0.640562 0.160771 0.0268296 0.0804298 -0.0805404 0.0268296 34.6807 2.257 1.29241 -0.285068 3.7761 -0.00260836 -0.00159986 0.00152056 
-7.02705 0.627451 0.16852 0.02987 0.0803286 -0.0804511 0.02987 34.7841 2.23353 1.29406 -0.304463 3.79167 -0.00255286 -0.00142684 0.00169841 
-7.02337 0.613708 0.175908 0.0330006 0.0802259 -0.0803605 0.0330006 34.8878 2.2085 1.29571 -0.323015 3.77693 -0.00246058 -0.00123293 0.0018537 
-7.01968 0.599362 0.182918 0.0362172 0.0801219 -0.0802688 0.0362172 34.9919 2.18197 1.29736 -0.3407 3.73227 -0.00233438 -0.00102402 0.00198193 
-7.016 0.584442 0.189536 0.0395138 0.0800166 -0.0801759 0.0395138 35.0964 2.154 1.29901 -0.357502 3.65937 -0.00217866 -0.000806607 0.00207988 
-7.01231 0.56898 0.195744 0.0428847 0.0799101 -0.0800819 0.0428847 35.2012 2.12467 1.30066 -0.373403 3.55993 -0.0019984 -0.000587153 0.00214524 
-7.00863 0.553007 0.201528 0.0463239 0.0798026 -0.0799871 0.0463239 35.3063 2.09404 1.30231 -0.388388 3.43564 -0.00179904 -0.00037192 0.00217654 
-7.00494 0.536552 0.206872 0.0498255 0.0796942 -0.0798913 0.0498255 35.4119 2.06217 1.30396 -0.402439 3.28823 -0.00158635 -0.000166852 0.00217323 
-7.00126 0.519651 0.211761 0.0533819 0.079585 -0.0797948 0.0533819 35.5178 2.02915 1.30561 -0.415546 3.1201 -0.00136653 2.25591e-05 0.00213602 
-6.99757 0.50234 0.216184 0.0569838 0.0794751 -0.0796976 0.0569838 35.624 1.99503 1.30726 -0.427705 2.93419 -0.00114595 0.000191561 0.00206693 
-6.99389 0.484658 0.22013 0.0606217 0.0793646 -0.0795997 0.0606217 35.7306 1.9599 1.30891 -0.438911 2.73353 -0.000930601 0.000336339 0.00196885 
-6.9902 0.466642 0.223585 0.0642864 0.0792536 -0.0795013 0.0642864 35.8376 1.92383 1.31056 -0.449162 2.52109 -0.000725984 0.000454087 0.00184537 
-6.98652 0.44833 0.226538 0.0679685 0.0791423 -0.0794025 0.0679685 35.9449 1.88689 1.31221 -0.458453 2.29989 -0.000536922 0.000543051 0.0017007 
-6.98283 0.429761 0.22898 0.0716568 0.0790308 -0.0793033 0.0716568 36.0526 1.84916 1.31386 -0.466786 2.07273 -0.000367427 0.000602498 0.0015394 
-6.97915 0.410978 0.230905 0.0753388 0.0789192 -0.0792037 0.0753388 36.1607 1.81071 1.31551 -0.474172 1.8423 -0.000220639 0.000632667 0.00136621 
-6.97546 0.392025 0.232305 0.0790018 0.0788076 -0.0791039 0.0790018 36.2691 1.77161 1.31716 -0.480617 1.61125 -9.88083e-05 0.000634761 0.00118606 
-6.97178 0.372943 0.233176 0.0826332 0.0786961 -0.079004 0.0826332 36.3779 1.73195 1.31881 -0.486132 1.38226 -3.23266e-06 0.000610892 0.00100394 
-6.9681 0.353775 0.233509 0.0862201 0.0785848 -0.0789039 0.0862201 36.4871 1.69179 1.32046 -0.490726 1.15795 6.57659e-05 0.000563992 0.000824662 
-6.96441 0.334565 0.233303 0.0897488 0.0784739 -0.0788038 0.0897488 36.5966 1.65121 1.3221 -0.494414 0.940379 0.000108777 0.000497415 0.000652417 
-6.96073 0.315359 0.232559 0.093204 0.0783635 -0.0787038 0.093204 36.7065 1.61028 1.32375 -0.497216 0.731004 0.000127117 0.000414713 0.000490658 
-6.95704 0.296202 0.231277 0.0965708 0.0782536 -0.0786038 0.0965708 36.8168 1.56907 1.3254 -0.499153 0.531275 0.000122749 0.000319762 0.000342443 
-6.95336 0.277138 0.229459 0.0998339 0.0781444 -0.078504 0.0998339 36.9274 1.52765 1.32704 -0.500244 0.342634 9.82446e-05 0.000216668 0.000210373 
-6.94967 0.258213 0.227104 0.102978 0.078036 -0.0784043 0.102978 37.0384 1.48609 1.32869 -0.500512 0.1665 5.67025e-05 0.000109645 9.65084e-05 
-6.94599 0.239472 0.22422 0.105988 0.0779284 -0.078305 0.105988 37.1498 1.44447 1.33033 -0.499981 0.00368754 1.44598e-06 2.50819e-06 1.99747e-06 
-6.9423 0.220959 0.220816 0.108848 0.0778219 -0.078206 0.108848 37.2615 1.40283 1.33198 -0.49868 -0.145575 -6.42088e-05 -0.000101484 -7.28375e-05 
-6.93862 0.202719 0.2169 0.111542 0.0777164 -0.0781073 0.111542 37.3737 1.36125 1.33362 -0.496637 -0.281085 -0.000136895 -0.00019935 -0.000128133 
-6.93493 0.184796 0.212483 0.114053 0.077612 -0.0780091 0.114053 37.4861 1.31979 1.33527 -0.493884 -0.402638 -0.000213255 -0.000288425 -0.000164462 
-6.93125 0.167234 0.207576 0.116367 0.0775089 -0.0779113 0.116367 37.599 1.2785 1.33691 -0.490448 -0.510048 -0.000290019 -0.000366423 -0.000182824 
-6.92756 0.150075 0.202191 0.118468 0.0774071 -0.077814 0.118468 37.7122 1.23745 1.33855 -0.486362 -0.60351 -0.000364288 -0.000431737 -0.000184731 
-6.92388 0.133359 0.19635 0.120342 0.0773068 -0.0777173 0.120342 37.8258 1.19669 1.3402 -0.481658 -0.68359 -0.000433661 -0.000483459 -0.000172074 
-6.92019 0.117125 0.190069 0.121973 0.0772079 -0.0776212 0.121973 37.9398 1.15627 1.34184 -0.476372 -0.750874 -0.000496084 -0.000521111 -0.000146912 
-6.91651 0.101413 0.18337 0.123349 0.0771105 -0.0775257 0.123349 38.0542 1.11623 1.34348 -0.470536 -0.805944 -0.000549864 -0.000544619 -0.000111409 
-6.91282 0.0862619 0.176271 0.124455 0.0770148 -0.0774308 0.124455 38.1689 1.07664 1.34512 -0.464186 -0.849392 -0.000593689 -0.000554291 -6.7793e-05 
-6.90914 0.0717069 0.168796 0.125278 0.0769207 -0.0773367 0.125278 38.284 1.03752 1.34676 -0.457354 -0.881938 -0.000626716 -0.000550865 -1.8307e-05 
-6.90545 0.0577784 0.160972 0.125809 0.0768283 -0.0772433 0.125809 38.3995 0.998933 1.34841 -0.450075 -0.904433 -0.000648574 -0.000535448 3.48769e-05 
-6.90177 0.0445068 0.152829 0.126038 0.0767377 -0.0771507 0.126038 38.5154 0.960901 1.35005 -0.442384 -0.917734 -0.000659263 -0.000509378 8.97255e-05 
-6.89808 0.0319224 0.144393 0.125954 0.0766488 -0.0770589 0.125954 38.6317 0.923466 1.35169 -0.434315 -0.922699 -0.00065911 -0.000474165 0.000144385 
-6.8944 0.0200553 0.135694 0.125549 0.0765618 -0.0769679 0.125549 38.7483 0.886665 1.35333 -0.425901 -0.920182 -0.000648736 -0.000431431 0.000197211 
-6.89071 0.00892929 0.126763 0.124815 0.0764767 -0.0768777 0.124815 38.8653 0.850528 1.35497 -0.417176 -0.911002 -0.000628987 -0.000382841 0.000246788 
-6.88703 -0.00143814 0.117634 0.123749 0.0763934 -0.0767885 0.123749 38.9827 0.815081 1.35662 -0.408171 -0.895936 -0.000600888 -0.000330057 0.000291937 
-6.88334 -0.0110297 0.108343 0.122348 0.0763121 -0.0767001 0.122348 39.1005 0.780348 1.35826 -0.398916 -0.875762 -0.000565623 -0.000274705 0.000331733 
-6.87966 -0.0198282 0.0989239 0.12061 0.0762326 -0.0766127 0.12061 39.2187 0.746354 1.3599 -0.389442 -0.851257 -0.00052449 -0.00021833 0.000365512 
-6.87597 -0.0278167 0.0894123 0.118531 0.076155 -0.0765262 0.118531 39.3372 0.713121 1.36154 -0.379781 -0.823192 -0.000478844 -0.000162353 0.000392874 
-6.87229 -0.0349858 0.0798445 0.116114 0.0760794 -0.0764408 0.116114 39.4562 0.68067 1.36319 -0.36996 -0.79223 -0.00042999 -0.000108014 0.000413616 
-6.8686 -0.0413338 0.0702586 0.113363 0.0760056 -0.0763563 0.113363 39.5755 0.649013 1.36483 -0.360004 -0.758916 -0.000379161 -5.63783e-05 0.000427699 
-6.86492 -0.0468595 0.0606925 0.110284 0.0759338 -0.0762728 0.110284 39.6952 0.618162 1.36648 -0.349939 -0.723794 -0.000327548 -8.3442e-06 0.000435276 
-6.86123 -0.0515616 0.0511845 0.106885 0.0758638 -0.0761904 0.106885 39.8153 0.588131 1.36812 -0.339788 -0.687407 -0.000276267 3.53735e-05 0.000436683 
-6.85755 -0.055439 0.0417724 0.10317 0.0757956 -0.076109 0.10317 39.9358 0.558931 1.36977 -0.329577 -0.650291 -0.000226328 7.42575e-05 0.000432413 
-6.85386 -0.0584988 0.0324936 0.0991499 0.0757292 -0.0760287 0.0991499 40.0567 0.530572 1.37142 -0.319328 -0.612868 -0.000178572 0.000107975 0.00042302 
-6.85018 -0.0607563 0.0233846 0.0948404 0.0756646 -0.0759495 0.0948404 40.178 0.503057 1.37307 -0.309057 -0.575441 -0.00013368 0.000136344 0.000409076 
-6.84649 -0.062227 0.0144816 0.0902566 0.0756018 -0.0758714 0.0902566 40.2997 0.476389 1.37472 -0.298783 -0.538304 -9.2212e-05 0.00015933 0.000391222 
-6.84281 -0.0629266 0.00582124 0.0854137 0.0755406 -0.0757945 0.0854137 40.4218 0.450572 1.37637 -0.288524 -0.501755 -5.45984e-05 0.000177042 0.000370154 
-6.83912 -0.0628712 -0.00256031 0.0803273 0.075481 -0.0757186 0.0803273 40.5443 0.42561 1.37802 -0.278296 -0.466086 -2.1129e-05 0.000189724 0.0003466 
-6.83544 -0.0620839 -0.01063 0.0750168 0.0754231 -0.0756439 0.0750168 40.6671 0.401503 1.37967 -0.268115 -0.431502 8.04703e-06 0.000197705 0.000321234 
-6.83175 -0.0605957 -0.0183582 0.0695054 0.0753666 -0.0755704 0.0695054 40.7904 0.378249 1.38133 -0.25799 -0.398116 3.28942e-05 0.000201358 0.000294656 
-6.82807 -0.0584379 -0.0257155 0.0638169 0.0753116 -0.075498 0.0638169 40.9141 0.355845 1.38299 -0.247933 -0.366035 5.34718e-05 0.00020112 0.000267444 
-6.82439 -0.0556419 -0.0326724 0.0579747 0.075258 -0.0754269 0.0579747 41.0382 0.334288 1.38464 -0.237954 -0.335368 6.99292e-05 0.000197477 0.000240145 
-6.8207 -0.0522391 -0.0391996 0.0520026 0.0752057 -0.0753569 0.0520026 41.1627 0.313575 1.3863 -0.228063 -0.306221 8.24984e-05 0.000190953 0.000213263 
-6.81702 -0.0482667 -0.0452734 0.0459266 0.0751547 -0.0752881 0.0459266 41.2876 0.293703 1.38797 -0.218268 -0.278648 9.14692e-05 0.00018206 0.000187214 
-6.81333 -0.0437676 -0.0508756 0.0397754 0.0751048 -0.0752205 0.0397754 41.4129 0.274666 1.38963 -0.208575 -0.252645 9.7163e-05 0.000171277 0.000162325 
-6.80965 -0.0387851 -0.0559887 0.033578 0.0750561 -0.075154 0.033578 41.5386 0.256456 1.39129 -0.198986 -0.228207 9.99318e-05 0.00015907 0.000138868 
-6.80596 -0.0333623 -0.0605948 0.027363 0.0750084 -0.0750888 0.027363 41.6647 0.239068 1.39296 -0.189508 -0.205329 0.00010015 0.000145887 0.000117064 
-6.80228 -0.0275427 -0.0646764 0.0211594 0.0749616 -0.0750248 0.0211594 41.7912 0.222497 1.39463 -0.180144 -0.184003 9.82055e-05 0.000132146 9.70774e-05 
-6.79859 -0.0213723 -0.068223 0.0149964 0.0749157 -0.074962 0.0149964 41.9182 0.206734 1.39631 -0.170897 -0.164201 9.44776e-05 0.000118214 7.90065e-05 
-6.79491 -0.0149004 -0.0712313 0.00890366 0.0748706 -0.0749004 0.00890366 42.0455 0.191774 1.39798 -0.161768 -0.145864 8.93229e-05 0.000104403 6.28911e-05 
-6.79122 -0.00817616 -0.0736987 0.00291078 0.0748262 -0.0748399 0.00291078 42.1733 0.177607 1.39966 -0.152755 -0.128936 8.30804e-05 9.09803e-05 4.87294e-05 
-6.78754 -0.00124893 -0.0756222 -0.00295253 0.0747824 -0.0747807 -0.00295253 42.3015 0.164228 1.40134 -0.143861 -0.113359 7.60668e-05 7.81705e-05 3.64838e-05 
-6.78385 0.00583203 -0.0769993 -0.0086567 0.0747393 -0.0747226 -0.0086567 42.4302 0.151628 1.40302 -0.135085 -0.0990744 6.85728e-05 6.61556e-05 2.60844e-05 
-6.78017 0.0130179 -0.0778347 -0.0141741 0.0746966 -0.0746656 -0.0141741 42.5592 0.139801 1.40471 -0.126425 -0.0860193 6.08555e-05 5.50719e-05 1.74326e-05 
-6.77648 0.0202606 -0.078141 -0.0194793 0.0746543 -0.0746098 -0.0194793 42.6887 0.128739 1.4064 -0.11788 -0.0741243 5.31356e-05 4.5012e-05 1.04079e-05 
-6.7728 0.0275118 -0.0779311 -0.0245468 0.0746124 -0.0745551 -0.0245468 42.8186 0.118436 1.40809 -0.109447 -0.0633194 4.56002e-05 3.60322e-05 4.87492e-06 
-6.76911 0.0347233 -0.0772178 -0.0293514 0.0745707 -0.0745015 -0.0293514 42.9489 0.108884 1.40978 -0.101124 -0.0535351 3.84032e-05 2.81556e-05 6.88223e-07 
-6.76543 0.0418471 -0.0760144 -0.0338677 0.0745293 -0.074449 -0.0338677 43.0796 0.100076 1.41148 -0.0929074 -0.0447017 3.1666e-05 2.13768e-05 -2.30286e-06 
-6.76174 0.0488389 -0.0743403 -0.0380748 0.074488 -0.0743975 -0.0380748 43.2108 0.0920053 1.41318 -0.084795 -0.0367534 2.54817e-05 1.56673e-05 -4.25035e-06 
-6.75806 0.0556587 -0.0722219 -0.0419561 0.0744468 -0.0743471 -0.0419561 43.3424 0.0846668 1.41489 -0.076783 -0.0296285 1.99171e-05 1.09792e-05 -5.3049e-06 
-6.75437 0.0622665 -0.0696857 -0.0454954 0.0744057 -0.0742976 -0.0454954 43.4744 0.0780542 1.4166 -0.0688677 -0.0232655 1.50124e-05 7.24753e-06 -5.61256e-06 
-6.75069 0.0686226 -0.0667584 -0.0486764 0.0743645 -0.0742491 -0.0486764 43.6069 0.0721618 1.41831 -0.0610452 -0.0176029 1.07841e-05 4.39416e-06 -5.31155e-06 
-6.747 0.0746871 -0.0634669 -0.051483 0.0743233 -0.0742015 -0.051483 43.7398 0.0669837 1.42002 -0.053312 -0.0125795 7.22778e-06 2.33254e-06 -4.5297e-06 
-6.74332 0.0804271 -0.0598421 -0.053905 0.074282 -0.0741548 -0.053905 43.8732 0.0625147 1.42174 -0.045664 -0.00814091 4.32588e-06 9.72457e-07 -3.38505e-06 
-6.73963 0.0858165 -0.0559196 -0.0559382 0.0742405 -0.074109 -0.0559382 44.007 0.0587506 1.42347 -0.0380975 -0.00424004 2.04967e-06 2.21693e-07 -1.9863e-06 
-6.73595 0.0908296 -0.0517349 -0.057579 0.0741989 -0.074064 -0.057579 44.1412 0.0556872 1.42519 -0.0306084 -0.000830323 3.57915e-07 -1.28638e-08 -4.298e-07 
-6.73226 0.0954409 -0.047324 -0.0588237 0.0741571 -0.0740198 -0.0588237 44.2759 0.0533201 1.42692 -0.0231928 0.00213484 -8.00045e-07 1.77796e-07 1.20171e-06 
-6.72858 0.0996249 -0.0427225 -0.0596687 0.0741151 -0.0739762 -0.0596687 44.411 0.0516451 1.42866 -0.0158466 0.00470183 -1.48102e-06 7.07537e-07 2.83947e-06 
-6.72489 0.103364 -0.0379674 -0.0601169 0.0740728 -0.0739334 -0.0601169 44.5465 0.0506588 1.4304 -0.00856611 0.00691054 -1.7433e-06 1.496e-06 4.42477e-06 
-6.72121 0.106651 -0.0330968 -0.060178 0.0740302 -0.0738912 -0.060178 44.6825 0.0503583 1.43214 -0.00134768 0.0087937 -1.64563e-06 2.46823e-06 5.90715e-06 
-6.71752 0.109476 -0.0281491 -0.0598619 0.0739874 -0.0738497 -0.0598619 44.819 0.0507412 1.43389 0.00581231 0.0103837 -1.24783e-06 3.5563e-06 7.24771e-06 
-6.71384 0.111833 -0.0231625 -0.0591788 0.0739443 -0.0738086 -0.0591788 44.9559 0.0518047 1.43564 0.0129175 0.0117128 -6.08707e-07 4.70072e-06 8.41897e-06 
-6.71015 0.113712 -0.0181752 -0.0581388 0.0739009 -0.0737681 -0.0581388 45.0933 0.0535462 1.43739 0.0199714 0.0128132 2.15996e-07 5.85121e-06 9.40398e-06 
-6.70647 0.115115 -0.0132232 -0.0567579 0.0738573 -0.0737281 -0.0567579 45.2311 0.0559637 1.43915 0.0269774 0.0137122 1.17488e-06 6.96475e-06 1.01918e-05 
-6.70278 0.116051 -0.0083403 -0.0550579 0.0738133 -0.0736884 -0.0550579 45.3693 0.059056 1.44092 0.0339385 0.0144311 2.22053e-06 8.00422e-06 1.07754e-05 
-6.6991 0.116529 -0.00356008 -0.0530612 0.0737692 -0.0736491 -0.0530612 45.5081 0.0628217 1.44269 0.0408576 0.0149914 3.30996e-06 8.94036e-06 1.11553e-05 
-6.69541 0.116559 0.00108385 -0.0507901 0.0737248 -0.0736101 -0.0507901 45.6473 0.0672598 1.44446 0.0477377 0.0154141 4.40557e-06 9.75191e-06 1.13378e-05 
-6.69173 0.116151 0.00555805 -0.0482671 0.0736801 -0.0735714 -0.0482671 45.7869 0.072369 1.44624 0.0545817 0.0157205 5.47579e-06 1.04252e-05 1.13347e-05 
-6.68804 0.115321 0.00983403 -0.0455181 0.0736353 -0.073533 -0.0455181 45.927 0.0781486 1.44802 0.0613923 0.0159281 6.4941e-06 1.09511e-05 1.1159e-05 
-6.68436 0.114093 0.0138888 -0.0425736 0.0735902 -0.0734947 -0.0425736 46.0676 0.0845985 1.44981 0.0681716 0.0160503 7.43794e-06 1.1324e-05 1.08243e-05 
-6.68067 0.11249 0.0176998 -0.0394639 0.073545 -0.0734565 -0.0394639 46.2086 0.0917186 1.4516 0.0749219 0.0161005 8.28971e-06 1.15429e-05 1.03467e-05 
-6.67699 0.110537 0.0212442 -0.0362195 0.0734997 -0.0734185 -0.0362195 46.3501 0.0995089 1.45339 0.0816455 0.016092 9.03685e-06 1.16116e-05 9.74387e-06 
-6.67331 0.108257 0.0244998 -0.0328709 0.0734543 -0.0733805 -0.0328709 46.4921 0.107969 1.45519 0.0883445 0.0160378 9.67161e-06 1.15376e-05 9.03423e-06 
-6.66962 0.105679 0.0274507 -0.0294496 0.0734088 -0.0733425 -0.0294496 46.6345 0.1171 1.457 0.0950208 0.0159488 1.01891e-05 1.13294e-05 8.235e-06 
-6.66594 0.102833 0.0300888 -0.0259881 0.0733632 -0.0733045 -0.0259881 46.7774 0.126902 1.4588 0.101676 0.0158326 1.05864e-05 1.0996e-05 7.36167e-06 
-6.66225 0.0997515 0.0324063 -0.022519 0.0733177 -0.0732665 -0.022519 46.9208 0.137376 1.46062 0.108311 0.0156968 1.08631e-05 1.05478e-05 6.42939e-06 
-6.65857 0.0964666 0.0343957 -0.019075 0.0732722 -0.0732284 -0.019075 47.0647 0.148522 1.46244 0.114929 0.015549 1.10219e-05 9.99636e-06 5.45255e-06 
-6.65488 0.0930099 0.0360493 -0.0156887 0.0732267 -0.0731902 -0.0156887 47.209 0.160342 1.46426 0.12153 0.0153968 1.10672e-05 9.35401e-06 4.44432e-06 
-6.6512 0.0894134 0.0373666 -0.0123905 0.0731814 -0.0731519 -0.0123905 47.3538 0.172836 1.46608 0.128115 0.0152459 1.10042e-05 8.63195e-06 3.41593e-06 
-6.64751 0.0857092 0.0383551 -0.00920882 0.0731362 -0.0731134 -0.00920882 47.4991 0.186006 1.46791 0.134686 0.0150999 1.08374e-05 7.84015e-06 2.37692e-06 
-6.64383 0.0819293 0.0390228 -0.00617173 0.0730911 -0.0730748 -0.00617173 47.6449 0.199854 1.46975 0.141243 0.0149624 1.05723e-05 6.98838e-06 1.33586e-06 
-6.64014 0.0781058 0.0393774 -0.00330737 0.0730463 -0.073036 -0.00330737 47.7911 0.214379 1.47159 0.147787 0.014837 1.0215e-05 6.08606e-06 3.00206e-07 
-6.63646 0.0742707 0.0394272 -0.000643756 0.0730017 -0.072997 -0.000643756 47.9379 0.229585 1.47343 0.15432 0.014727 9.77174e-06 5.14195e-06 -7.23677e-07 
-6.63277 0.0704527 0.0391858 0.00179569 0.0729573 -0.0729577 0.00179569 48.0851 0.245472 1.47528 0.160841 0.0146348 9.24802e-06 4.16372e-06 -1.73043e-06 
-6.62909 0.0666767 0.0386736 0.00399284 0.0729132 -0.0729183 0.00399284 48.2328 0.262042 1.47713 0.167352 0.0145611 8.64841e-06 3.15812e-06 -2.71518e-06 
-6.6254 0.0629677 0.0379112 0.00592985 0.0728694 -0.0728787 0.00592985 48.381 0.279296 1.47899 0.173853 0.0145065 7.97749e-06 2.13172e-06 -3.67335e-06 
-6.62172 0.0593505 0.0369194 0.00758891 0.072826 -0.0728388 0.00758891 48.5297 0.297237 1.48085 0.180343 0.0144716 7.23992e-06 1.09088e-06 -4.60061e-06 
-6.61803 0.0558496 0.0357188 0.00895237 0.0727829 -0.0727987 0.00895237 48.6788 0.315866 1.48271 0.186824 0.014457 6.44034e-06 4.186e-08 -5.49283e-06 
-6.61435 0.0524842 0.0343333 0.0100087 0.0727402 -0.0727584 0.0100087 48.8285 0.335185 1.48458 0.193296 0.0144626 5.58314e-06 -1.00918e-06 -6.34564e-06 
-6.61066 0.0492668 0.0327904 0.0107537 0.0726978 -0.0727179 0.0107537 48.9787 0.355195 1.48645 0.199759 0.014487 4.6726e-06 -2.05573e-06 -7.15409e-06 
-6.60698 0.0462097 0.0311176 0.0111833 0.0726559 -0.0726772 0.0111833 49.1293 0.375898 1.48833 0.206212 0.0145289 3.71357e-06 -3.09082e-06 -7.91286e-06 
-6.60329 0.043325 0.0293427 0.0112938 0.0726144 -0.0726363 0.0112938 49.2805 0.397297 1.49021 0.212657 0.0145872 2.71158e-06 -4.10692e-06 -8.6163e-06 
-6.59961 0.0406248 0.0274932 0.0110814 0.0725733 -0.0725952 0.0110814 49.4322 0.419392 1.4921 0.219093 0.0146605 1.67286e-06 -5.09602e-06 -9.25853e-06 
-6.59592 0.0381146 0.0255966 0.0105488 0.0725326 -0.072554 0.0105488 49.5843 0.442187 1.49398 0.22552 0.0147471 6.04454e-07 -6.04943e-06 -9.83321e-06 
-6.59224 0.0357928 0.02368 0.009706 0.0724923 -0.0725127 0.009706 49.737 0.465682 1.49588 0.231937 0.0148447 -4.85677e-07 -6.95778e-06 -1.03335e-05 
-6.58855 0.033657 0.0217707 0.00856365 0.0724525 -0.0724713 0.00856365 49.8902 0.489879 1.49777 0.238346 0.0149514 -1.58847e-06 -7.81113e-06 -1.07525e-05 
-6.58487 0.0317048 0.0198958 0.00713229 0.0724131 -0.0724298 0.00713229 50.0439 0.514781 1.49967 0.244745 0.0150647 -2.6938e-06 -8.59921e-06 -1.10835e-05 
-6.58118 0.0299339 0.0180824 0.00542265 0.0723741 -0.0723882 0.00542265 50.198 0.540389 1.50158 0.251135 0.0151825 -3.79056e-06 -9.31159e-06 -1.13201e-05 
-6.5775 0.0283364 0.0163543 0.00345048 0.0723356 -0.0723466 0.00345048 50.3527 0.566705 1.50349 0.257516 0.0153026 -4.86675e-06 -9.93784e-06 -1.14561e-05 
-6.57381 0.026898 0.0147313 0.00123764 0.0722974 -0.072305 0.00123764 50.508 0.593731 1.5054 0.263886 0.0154225 -5.90958e-06 -1.04678e-05 -1.14865e-05 
-6.57013 0.025604 0.013233 -0.00119366 0.0722596 -0.0722634 -0.00119366 50.6637 0.621468 1.50732 0.270247 0.01554 -6.90571e-06 -1.08918e-05 -1.14068e-05 
-6.56644 0.0244397 0.0118789 -0.00382121 0.0722222 -0.0722219 -0.00382121 50.8199 0.649919 1.50924 0.276598 0.0156526 -7.84146e-06 -1.1201e-05 -1.12138e-05 
-6.56276 0.0233905 0.0106885 -0.00662273 0.0721852 -0.0721804 -0.00662273 50.9767 0.679084 1.51116 0.282938 0.015758 -8.7031e-06 -1.13879e-05 -1.09059e-05 
-6.55907 0.0224385 0.00967577 -0.00957326 0.0721485 -0.0721391 -0.00957326 51.134 0.708967 1.51309 0.289268 0.015854 -9.47729e-06 -1.14463e-05 -1.04829e-05 
-6.55539 0.0215625 0.00884796 -0.0126446 0.0721121 -0.0720979 -0.0126446 51.2918 0.739567 1.51502 0.295587 0.015939 -1.01515e-05 -1.13721e-05 -9.94671e-06 
-6.5517 0.0207409 0.00821204 -0.0158084 0.072076 -0.0720569 -0.0158084 51.4501 0.770889 1.51696 0.301896 0.0160109 -1.0714e-05 -1.11629e-05 -9.30089e-06 
-6.54802 0.0199523 0.00777491 -0.0190363 0.0720403 -0.0720161 -0.0190363 51.609 0.802932 1.5189 0.308193 0.0160682 -1.11547e-05 -1.08187e-05 -8.55085e-06 
-6.54433 0.0191752 0.00754335 -0.0222998 0.0720048 -0.0719755 -0.0222998 51.7683 0.835698 1.52084 0.314479 0.0161089 -1.14646e-05 -1.03414e-05 -7.70385e-06 
-6.54065 0.0183884 0.00751797 -0.025571 0.0719696 -0.0719351 -0.025571 51.9282 0.86919 1.52279 0.320754 0.0161317 -1.16371e-05 -9.73573e-06 -6.76917e-06 
-6.53696 0.017571 0.00769195 -0.0288219 0.0719346 -0.0718951 -0.0288219 52.0887 0.903409 1.52474 0.327018 0.0161357 -1.1668e-05 -9.00883e-06 -5.75795e-06 
-6.53328 0.0167023 0.00805795 -0.0320249 0.0718998 -0.0718553 -0.0320249 52.2496 0.938357 1.5267 0.33327 0.0161201 -1.15555e-05 -8.17018e-06 -4.68277e-06 
-6.5296 0.0157616 0.00860869 -0.0351522 0.0718652 -0.0718159 -0.0351522 52.4112 0.974034 1.52866 0.339511 0.016084 -1.12999e-05 -7.23131e-06 -3.55751e-06 
-6.52591 0.014728 0.00933669 -0.0381761 0.0718309 -0.0717768 -0.0381761 52.5732 1.01044 1.53062 0.34574 0.0160267 -1.09043e-05 -6.20572e-06 -2.39713e-06 
-6.52223 0.0135844 0.0102294 -0.0410719 0.0717966 -0.0717381 -0.0410719 52.7358 1.04759 1.53259 0.351957 0.0159478 -1.03743e-05 -5.1088e-06 -1.21748e-06 
-6.51854 0.0123179 0.0112681 -0.0438187 0.0717626 -0.0716998 -0.0438187 52.8989 1.08546 1.53456 0.358163 0.0158475 -9.7185e-06 -3.95753e-06 -3.49419e-08 
-6.51486 0.0109158 0.0124336 -0.0463956 0.0717286 -0.0716619 -0.0463956 53.0626 1.12408 1.53654 0.364358 0.0157261 -8.9475e-06 -2.7698e-06 1.1341e-06 
-6.51117 0.00936548 0.0137065 -0.0487821 0.0716948 -0.0716245 -0.0487821 53.2268 1.16343 1.53852 0.370541 0.0155838 -8.07399e-06 -1.56412e-06 2.27347e-06 
-6.50749 0.00765437 0.0150678 -0.0509575 0.0716611 -0.0715874 -0.0509575 53.3915 1.20353 1.54051 0.376712 0.015421 -7.11242e-06 -3.59298e-07 3.36752e-06 
-6.5038 0.00577562 0.0164953 -0.0529059 0.0716276 -0.0715509 -0.0529059 53.5568 1.24436 1.5425 0.382872 0.0152384 -6.07889e-06 8.25998e-07 4.40146e-06 
-6.50012 0.00372938 0.017964 -0.0546177 0.0715941 -0.0715148 -0.0546177 53.7227 1.28594 1.54449 0.389021 0.0150371 -4.99074e-06 1.97371e-06 5.36184e-06 
-6.49643 0.00151625 0.0194483 -0.0560835 0.0715607 -0.0714792 -0.0560835 53.8891 1.32826 1.54649 0.395159 0.0148185 -3.86597e-06 3.06682e-06 6.23673e-06 
-6.49275 -0.000863168 0.0209229 -0.057294 0.0715274 -0.071444 -0.057294 54.056 1.37133 1.54849 0.401286 0.0145837 -2.72277e-06 4.08971e-06 7.01584e-06 
-6.48906 -0.00340811 0.0223622 -0.0582399 0.0714942 -0.0714094 -0.0582399 54.2235 1.41515 1.5505 0.407402 0.0143341 -1.57923e-06 5.02837e-06 7.69073e-06 
-6.48538 -0.0061117 0.0237414 -0.0589174 0.0714611 -0.0713752 -0.0589174 54.3916 1.45972 1.55251 0.413507 0.0140711 -4.52961e-07 5.87077e-06 8.25501e-06 
-6.48169 -0.00895928 0.0250362 -0.0593293 0.071428 -0.0713415 -0.0593293 54.5602 1.50504 1.55453 0.419602 0.0137967 6.39334e-07 6.60715e-06 8.70452e-06 
-6.47801 -0.0119357 0.0262221 -0.0594791 0.0713951 -0.0713084 -0.0594791 54.7294 1.55111 1.55655 0.425687 0.0135126 1.68225e-06 7.23009e-06 9.03722e-06 
-6.47432 -0.0150259 0.027275 -0.0593699 0.0713623 -0.0712757 -0.0593699 54.8992 1.59794 1.55858 0.431761 0.0132208 2.66197e-06 7.7345e-06 9.25305e-06 
-6.47064 -0.0182145 0.0281707 -0.0590053 0.0713295 -0.0712435 -0.0590053 55.0695 1.64552 1.56061 0.437826 0.0129232 3.56643e-06 8.11767e-06 9.35392e-06 
-6.46695 -0.0214815 0.0288884 -0.0583932 0.0712969 -0.0712118 -0.0583932 55.2404 1.69386 1.56264 0.443882 0.0126216 4.38556e-06 8.3792e-06 9.34354e-06 
-6.46327 -0.0248006 0.0294117 -0.0575472 0.0712644 -0.0711805 -0.0575472 55.4119 1.74297 1.56468 0.449927 0.0123182 5.11141e-06 8.52093e-06 9.2273e-06 
-6.45958 -0.0281452 0.0297246 -0.0564812 0.0712321 -0.0711497 -0.0564812 55.5839 1.79283 1.56673 0.455964 0.0120149 5.73815e-06 8.54672e-06 9.012e-06 
-6.4559 -0.0314887 0.029811 -0.0552094 0.0711999 -0.0711194 -0.0552094 55.7565 1.84346 1.56878 0.461992 0.0117139 6.2621e-06 8.46218e-06 8.70558e-06 
-6.45221 -0.0348044 0.029655 -0.0537457 0.0711679 -0.0710896 -0.0537457 55.9297 1.89486 1.57084 0.468011 0.0114171 6.68162e-06 8.27445e-06 8.31685e-06 
-6.44853 -0.0380637 0.0292461 -0.0521067 0.071136 -0.0710602 -0.0521067 56.1034 1.94702 1.5729 0.474022 0.0111266 6.99692e-06 7.99178e-06 7.85516e-06 
-6.44484 -0.041235 0.0285807 -0.0503125 0.0711044 -0.0710312 -0.0503125 56.2778 1.99995 1.57496 0.480025 0.0108439 7.20984e-06 7.62325e-06 7.3301e-06 
-6.44116 -0.0442871 0.0276557 -0.0483831 0.0710729 -0.0710026 -0.0483831 56.4527 2.05366 1.57703 0.486019 0.010571 7.32371e-06 7.17851e-06 6.75138e-06 
-6.43747 -0.0471883 0.0264679 -0.0463387 0.0710417 -0.0709744 -0.0463387 56.6282 2.10814 1.57911 0.492006 0.0103096 7.34315e-06 6.66759e-06 6.12855e-06 
-6.43379 -0.0499073 0.0250144 -0.0441995 0.0710107 -0.0709467 -0.0441995 56.8043 2.16339 1.58119 0.497985 0.0100614 7.27378e-06 6.10053e-06 5.47082e-06 
-6.4301 -0.0524139 0.0232982 -0.0419857 0.07098 -0.0709193 -0.0419857 56.981 2.21942 1.58328 0.503956 0.00982786 7.12179e-06 5.487e-06 4.78674e-06 
-6.42642 -0.0546801 0.0213294 -0.039718 0.0709496 -0.0708922 -0.039718 57.1582 2.27624 1.58537 0.509921 0.00961019 6.89365e-06 4.83611e-06 4.08404e-06 
-6.42273 -0.0566778 0.0191192 -0.037417 0.0709194 -0.0708656 -0.037417 57.3361 2.33383 1.58747 0.515878 0.00940954 6.59602e-06 4.15642e-06 3.36974e-06 
-6.41905 -0.0583791 0.0166785 -0.0351033 0.0708895 -0.0708392 -0.0351033 57.5145 2.39221 1.58957 0.521829 0.00922702 6.23565e-06 3.45586e-06 2.65011e-06 
-6.41536 -0.059756 0.0140182 -0.0327975 0.07086 -0.0708132 -0.0327975 57.6936 2.45137 1.59168 0.527772 0.00906377 5.81914e-06 2.74159e-06 1.93057e-06 
-6.41168 -0.0607853 0.0111542 -0.0305184 0.0708308 -0.0707875 -0.0305184 57.8732 2.51132 1.59379 0.533709 0.00892059 5.35255e-06 2.01989e-06 1.21567e-06 
-6.40799 -0.0614496 0.008108 -0.028282 0.070802 -0.0707621 -0.028282 58.0535 2.57207 1.59591 0.539639 0.00879785 4.84136e-06 1.29625e-06 5.09236e-07 
-6.40431 -0.0617322 0.00490195 -0.0261043 0.0707734 -0.070737 -0.0261043 58.2343 2.6336 1.59803 0.545563 0.00869587 4.29063e-06 5.7558e-07 -1.85457e-07 
-6.40062 -0.0616163 0.00155819 -0.0240014 0.0707453 -0.0707122 -0.0240014 58.4158 2.69593 1.60016 0.551481 0.00861499 3.70508e-06 -1.37687e-07 -8.65553e-07 
-6.39694 -0.0610852 -0.00190103 -0.0219892 0.0707175 -0.0706876 -0.0219892 58.5979 2.75906 1.6023 0.557392 0.00855554 3.08901e-06 -8.39533e-07 -1.52855e-06 
-6.39325 -0.0601288 -0.00545126 -0.0200803 0.0706901 -0.0706632 -0.0200803 58.7805 2.82298 1.60444 0.563297 0.00851752 2.44633e-06 -1.52619e-06 -2.1721e-06 
-6.38957 -0.0587457 -0.00906503 -0.0182833 0.070663 -0.0706391 -0.0182833 58.9638 2.88771 1.60658 0.569196 0.00850051 1.78065e-06 -2.19389e-06 -2.79376e-06 
-6.38589 -0.0569352 -0.0127147 -0.0166063 0.0706364 -0.0706152 -0.0166063 59.1477 2.95324 1.60874 0.575088 0.00850407 1.09565e-06 -2.8387e-06 -3.39089e-06 
-6.3822 -0.0546965 -0.0163725 -0.0150575 0.0706101 -0.0705915 -0.0150575 59.3322 3.01958 1.61089 0.580975 0.00852777 3.95155e-07 -3.45644e-06 -3.96059e-06 
-6.37852 -0.052029 -0.0200109 -0.0136449 0.0705842 -0.070568 -0.0136449 59.5174 3.08672 1.61306 0.586855 0.00857113 -3.16723e-07 -4.04266e-06 -4.49959e-06 
-6.37483 -0.0489389 -0.0236029 -0.0123733 0.0705587 -0.0705447 -0.0123733 59.7031 3.15468 1.61523 0.592729 0.00863348 -1.03546e-06 -4.59238e-06 -5.00414e-06 
-6.37115 -0.0454415 -0.0271221 -0.0112425 0.0705335 -0.0705216 -0.0112425 59.8895 3.22344 1.6174 0.598597 0.00871382 -1.7559e-06 -5.10004e-06 -5.46981e-06 
-6.36746 -0.0415529 -0.0305424 -0.0102524 0.0705087 -0.0704986 -0.0102524 60.0765 3.29302 1.61958 0.604459 0.00881111 -2.47218e-06 -5.55955e-06 -5.89167e-06 
-6.36378 -0.0372889 -0.0338377 -0.0094026 0.0704843 -0.0704758 -0.0094026 60.2642 3.36342 1.62177 0.610315 0.00892433 -3.17764e-06 -5.96445e-06 -6.26435e-06 
-6.36009 -0.0326657 -0.0369818 -0.00869275 0.0704602 -0.0704531 -0.00869275 60.4524 3.43464 1.62396 0.616164 0.00905244 -3.86484e-06 -6.30797e-06 -6.58215e-06 
-6.35641 -0.0277047 -0.0399518 -0.00811977 0.0704365 -0.0704306 -0.00811977 60.6413 3.50668 1.62616 0.622007 0.0091943 -4.52557e-06 -6.5831e-06 -6.83904e-06 
-6.35272 -0.0224344 -0.0427288 -0.00767691 0.070413 -0.0704082 -0.00767691 60.8309 3.57954 1.62836 0.627844 0.00934854 -5.1508e-06 -6.78275e-06 -7.02879e-06 
-6.34904 -0.0168841 -0.0452943 -0.00735713 0.0703899 -0.0703859 -0.00735713 61.021 3.65323 1.63057 0.633675 0.00951383 -5.7309e-06 -6.90001e-06 -7.14523e-06 
-6.34535 -0.0110827 -0.0476299 -0.0071534 0.0703671 -0.0703637 -0.0071534 61.2118 3.72775 1.63278 0.639499 0.00968881 -6.25581e-06 -6.9285e-06 -7.18252e-06 
-6.34167 -0.00505942 -0.0497171 -0.00705865 0.0703446 -0.0703417 -0.00705865 61.4033 3.8031 1.635 0.645316 0.00987211 -6.71527e-06 -6.86255e-06 -7.13532e-06 
-6.33798 0.00115393 -0.051542 -0.00706443 0.0703223 -0.0703197 -0.00706443 61.5954 3.87928 1.63723 0.651127 0.0100624 -7.09903e-06 -6.69752e-06 -6.99905e-06 
-6.3343 0.0075221 -0.0530972 -0.00716029 0.0703003 -0.0702978 -0.00716029 61.7881 3.9563 1.63946 0.656931 0.0102583 -7.39716e-06 -6.43003e-06 -6.77007e-06 
-6.33061 0.0140096 -0.0543754 -0.00733568 0.0702785 -0.070276 -0.00733568 61.9815 4.03415 1.6417 0.662729 0.0104583 -7.60034e-06 -6.0582e-06 -6.44596e-06 
-6.32693 0.0205808 -0.0553696 -0.00758004 0.0702569 -0.0702543 -0.00758004 62.1756 4.11285 1.64394 0.66852 0.0106612 -7.70018e-06 -5.58195e-06 -6.02565e-06 
-6.32324 0.0272003 -0.0560727 -0.00788279 0.0702355 -0.0702326 -0.00788279 62.3703 4.19238 1.64619 0.674305 0.0108656 -7.6895e-06 -5.00308e-06 -5.50968e-06 
-6.31956 0.033833 -0.0564824 -0.00823332 0.0702143 -0.070211 -0.00823332 62.5656 4.27276 1.64845 0.680082 0.0110701 -7.56276e-06 -4.32557e-06 -4.9003e-06 
-6.31587 0.0404449 -0.0566029 -0.00862095 0.0701932 -0.0701895 -0.00862095 62.7617 4.35399 1.65071 0.685853 0.0112736 -7.31625e-06 -3.55556e-06 -4.20163e-06 
-6.31219 0.0470017 -0.0564391 -0.00903499 0.0701723 -0.070168 -0.00903499 62.9583 4.43606 1.65298 0.691617 0.0114749 -6.94835e-06 -2.70139e-06 -3.41961e-06 
-6.3085 0.0534694 -0.0559956 -0.00946475 0.0701515 -0.0701466 -0.00946475 63.1557 4.51899 1.65525 0.697374 0.0116729 -6.45964e-06 -1.77351e-06 -2.56203e-06 
-6.30482 0.0598138 -0.0552773 -0.00989955 0.0701308 -0.0701252 -0.00989955 63.3537 4.60277 1.65753 0.703125 0.0118664 -5.8531e-06 -7.84453e-07 -1.63849e-06 
-6.30113 0.0660042 -0.0542927 -0.0103297 0.0701102 -0.0701039 -0.0103297 63.5524 4.68741 1.65981 0.708868 0.0120544 -5.13425e-06 2.51338e-07 -6.60341e-07 
-6.29745 0.0720142 -0.0530555 -0.0107468 0.0700896 -0.0700826 -0.0107468 63.7517 4.7729 1.6621 0.714604 0.012236 -4.31115e-06 1.31779e-06 3.59513e-07 
-6.29376 0.0778178 -0.0515798 -0.0111426 0.0700692 -0.0700614 -0.0111426 63.9518 4.85925 1.6644 0.720334 0.0124106 -3.39428e-06 2.39748e-06 1.40684e-06 
-6.29008 0.0833892 -0.0498797 -0.0115088 0.0700487 -0.0700402 -0.0115088 64.1525 4.94647 1.6667 0.726056 0.0125771 -2.39637e-06 3.472e-06 2.46628e-06 
-6.28639 0.0887024 -0.0479695 -0.0118372 0.0700283 -0.070019 -0.0118372 64.3539 5.03455 1.66901 0.731772 0.012735 -1.33232e-06 4.52223e-06 3.52164e-06 
-6.28271 0.0937363 -0.0458653 -0.0121209 0.0700078 -0.0699978 -0.0121209 64.5559 5.12349 1.67132 0.73748 0.0128835 -2.1889e-07 5.52885e-06 4.55617e-06 
-6.27902 0.0984767 -0.043586 -0.0123551 0.0699874 -0.0699767 -0.0123551 64.7587 5.21331 1.67364 0.743182 0.0130222 9.25587e-07 6.47284e-06 5.55302e-06 
-6.27534 0.10291 -0.0411509 -0.0125351 0.069967 -0.0699556 -0.0125351 64.9621 5.304 1.67597 0.748877 0.0131507 2.08164e-06 7.33581e-06 6.49547e-06 
-6.27165 0.107022 -0.0385792 -0.012656 0.0699465 -0.0699345 -0.012656 65.1663 5.39556 1.6783 0.754565 0.0132688 3.229e-06 8.10043e-06 7.36731e-06 
-6.26797 0.110799 -0.03589 -0.0127133 0.069926 -0.0699135 -0.0127133 65.3711 5.48799 1.68063 0.760246 0.0133759 4.34705e-06 8.7508e-06 8.15311e-06 
-6.26428 0.114233 -0.0331027 -0.0127036 0.0699054 -0.0698925 -0.0127036 65.5766 5.58131 1.68298 0.76592 0.0134718 5.41522e-06 9.27296e-06 8.83864e-06 
-6.2606 0.117322 -0.030237 -0.0126253 0.0698848 -0.0698715 -0.0126253 65.7828 5.6755 1.68533 0.771588 0.0135566 6.4136e-06 9.65524e-06 9.41126e-06 
-6.25691 0.120065 -0.0273125 -0.012477 0.0698642 -0.0698506 -0.012477 65.9898 5.77058 1.68768 0.777249 0.0136302 7.32324e-06 9.8885e-06 9.86005e-06 
-6.25323 0.122462 -0.0243488 -0.0122575 0.0698434 -0.0698296 -0.0122575 66.1974 5.86654 1.69004 0.782903 0.0136926 8.1266e-06 9.9663e-06 1.01761e-05 
-6.24954 0.124512 -0.0213656 -0.0119653 0.0698227 -0.0698087 -0.0119653 66.4057 5.96339 1.69241 0.788551 0.0137437 8.80792e-06 9.88508e-06 1.03525e-05 
-6.24586 0.126217 -0.0183811 -0.0116001 0.0698018 -0.0697879 -0.0116001 66.6147 6.06113 1.69478 0.794192 0.0137837 9.35362e-06 9.6444e-06 1.03849e-05 
-6.24218 0.127587 -0.015412 -0.0111629 0.0697809 -0.069767 -0.0111629 66.8245 6.15976 1.69716 0.799827 0.0138128 9.75271e-06 9.24695e-06 1.02715e-05 
-6.23849 0.128632 -0.0124748 -0.0106546 0.0697599 -0.0697462 -0.0106546 67.035 6.25929 1.69954 0.805455 0.0138313 9.9969e-06 8.69847e-06 1.00129e-05 
-6.23481 0.129362 -0.00958576 -0.0100763 0.0697389 -0.0697255 -0.0100763 67.2461 6.35971 1.70193 0.811077 0.0138395 1.00808e-05 8.00757e-06 9.61211e-06 
-6.23112 0.129786 -0.00676135 -0.00942913 0.0697178 -0.0697047 -0.00942913 67.458 6.46103 1.70433 0.816693 0.0138378 1.00021e-05 7.18563e-06 9.07463e-06 
-6.22744 0.129916 -0.00401598 -0.00871468 0.0696966 -0.0696841 -0.00871468 67.6706 6.56325 1.70673 0.822303 0.0138264 9.76134e-06 6.24655e-06 8.4083e-06 
-6.22375 0.129769 -0.00136115 -0.0079354 0.0696754 -0.0696634 -0.0079354 67.884 6.66638 1.70913 0.827907 0.0138057 9.3625e-06 5.20654e-06 7.62318e-06 
-6.22007 0.129361 0.00119186 -0.00709376 0.0696541 -0.0696428 -0.00709376 68.0981 6.77041 1.71155 0.833504 0.0137763 8.81232e-06 4.08367e-06 6.7313e-06 
-6.21638 0.128708 0.00363177 -0.00619227 0.0696328 -0.0696223 -0.00619227 68.3129 6.87535 1.71397 0.839096 0.0137386 8.12043e-06 2.89757e-06 5.74643e-06 
-6.2127 0.127826 0.00594733 -0.00523343 0.0696114 -0.0696018 -0.00523343 68.5284 6.98121 1.71639 0.844682 0.013693 7.29905e-06 1.66898e-06 4.68383e-06 
-6.20901 0.126733 0.00812938 -0.00422008 0.06959 -0.0695813 -0.00422008 68.7446 7.08797 1.71882 0.850262 0.01364 6.36278e-06 4.19392e-07 3.56001e-06 
-6.20533 0.125448 0.0101718 -0.00315554 0.0695686 -0.0695609 -0.00315554 68.9616 7.19565 1.72126 0.855837 0.0135801 5.3283e-06 -8.29417e-07 2.39236e-06 
-6.20164 0.123988 0.0120686 -0.00204321 0.0695472 -0.0695406 -0.00204321 69.1794 7.30425 1.7237 0.861405 0.0135137 4.21399e-06 -2.05579e-06 1.19892e-06 
-6.19796 0.122374 0.0138141 -0.000886458 0.0695257 -0.0695203 -0.000886458 69.3979 7.41377 1.72615 0.866969 0.0134414 3.03959e-06 -3.23861e-06 -2.00515e-09 
-6.19427 0.120622 0.0154023 0.000311338 0.0695042 -0.0695001 0.000311338 69.6171 7.52422 1.7286 0.872527 0.0133637 1.8258e-06 -4.3577e-06 -1.19214e-06 
-6.19059 0.118753 0.0168291 0.00154649 0.0694828 -0.06948 0.00154649 69.8371 7.63558 1.73106 0.87808 0.0132809 5.93868e-07 -5.3942e-06 -2.35353e-06 
-6.1869 0.116782 0.018093 0.00281488 0.0694614 -0.0694599 0.00281488 70.0578 7.74788 1.73353 0.883627 0.0131937 -6.3482e-07 -6.33092e-06 -3.46887e-06 
-6.18322 0.11473 0.0191927 0.00411232 0.06944 -0.0694398 0.00411232 70.2793 7.86111 1.736 0.889169 0.0131025 -1.83914e-06 -7.15261e-06 -4.52175e-06 
-6.17953 0.112612 0.0201269 0.00543465 0.0694186 -0.0694199 0.00543465 70.5015 7.97527 1.73848 0.894707 0.0130078 -2.99861e-06 -7.84624e-06 -5.49695e-06 
-6.17585 0.110448 0.0208941 0.0067777 0.0693973 -0.0694 0.0067777 70.7245 8.09037 1.74096 0.900239 0.0129101 -4.0938e-06 -8.40122e-06 -6.38065e-06 
-6.17216 0.108254 0.0214945 0.00813698 0.069376 -0.0693802 0.00813698 70.9483 8.2064 1.74345 0.905766 0.0128098 -5.10664e-06 -8.80951e-06 -7.16062e-06 
-6.16848 0.106044 0.02193 0.00950751 0.0693548 -0.0693604 0.00950751 71.1728 8.32338 1.74595 0.911289 0.0127074 -6.02067e-06 -9.06573e-06 -7.82636e-06 
-6.16479 0.103835 0.0222025 0.0108843 0.0693337 -0.0693408 0.0108843 71.3981 8.4413 1.74845 0.916806 0.0126033 -6.82141e-06 -9.16722e-06 -8.36928e-06 
-6.16111 0.101641 0.0223143 0.0122623 0.0693127 -0.0693212 0.0122623 71.6242 8.56016 1.75096 0.922319 0.0124978 -7.4965e-06 -9.11407e-06 -8.78276e-06 
-6.15742 0.0994784 0.0222674 0.0136366 0.0692918 -0.0693017 0.0136366 71.851 8.67998 1.75347 0.927828 0.0123914 -8.03598e-06 -8.90907e-06 -9.06229e-06 
-6.15374 0.09736 0.0220649 0.0150018 0.0692709 -0.0692822 0.0150018 72.0786 8.80074 1.75599 0.933332 0.0122844 -8.43231e-06 -8.55759e-06 -9.20539e-06 
-6.15005 0.0952984 0.0217112 0.0163525 0.0692502 -0.0692629 0.0163525 72.307 8.92246 1.75852 0.938831 0.0121772 -8.68054e-06 -8.06741e-06 -9.21169e-06 
-6.14637 0.0933057 0.021211 0.017683 0.0692297 -0.0692436 0.017683 72.5362 9.04514 1.76105 0.944326 0.0120699 -8.7783e-06 -7.44864e-06 -9.08284e-06 
-6.14268 0.0913938 0.020569 0.0189877 0.0692092 -0.0692244 0.0189877 72.7662 9.16877 1.76359 0.949817 0.011963 -8.72587e-06 -6.71345e-06 -8.82252e-06 
-6.139 0.0895749 0.0197898 0.020261 0.0691889 -0.0692052 0.020261 72.9969 9.29337 1.76613 0.955303 0.0118568 -8.5261e-06 -5.87583e-06 -8.43633e-06 
-6.13531 0.0878598 0.0188789 0.0214974 0.0691688 -0.0691862 0.0214974 73.2284 9.41893 1.76868 0.960785 0.0117515 -8.18429e-06 -4.95136e-06 -7.93161e-06 
-6.13163 0.0862578 0.0178429 0.0226914 0.0691488 -0.0691672 0.0226914 73.4608 9.54546 1.77124 0.966263 0.0116473 -7.70809e-06 -3.95685e-06 -7.31736e-06 
-6.12794 0.084778 0.0166888 0.0238377 0.0691289 -0.0691483 0.0238377 73.6939 9.67296 1.7738 0.971737 0.0115445 -7.1073e-06 -2.9101e-06 -6.60404e-06 
-6.12426 0.0834295 0.0154234 0.0249306 0.0691093 -0.0691296 0.0249306 73.9278 9.80143 1.77637 0.977207 0.0114432 -6.39375e-06 -1.82957e-06 -5.80346e-06 
-6.12057 0.0822213 0.0140534 0.025965 0.0690898 -0.0691108 0.025965 74.1625 9.93088 1.77894 0.982673 0.0113437 -5.58102e-06 -7.34086e-07 -4.92855e-06 
-6.11689 0.0811615 0.0125867 0.0269357 0.0690705 -0.0690922 0.0269357 74.3981 10.0613 1.78152 0.988135 0.0112462 -4.68422e-06 3.57521e-07 -3.99314e-06 
-6.1132 0.0802565 0.0110319 0.0278386 0.0690514 -0.0690737 0.0278386 74.6344 10.1927 1.78411 0.993593 0.0111508 -3.71965e-06 1.4267e-06 -3.01177e-06 
-6.10952 0.0795124 0.00939818 0.0286695 0.0690324 -0.0690553 0.0286695 74.8716 10.3251 1.7867 0.999047 0.0110577 -2.70459e-06 2.45548e-06 -1.99947e-06 
-6.10583 0.0789354 0.00769442 0.0294244 0.0690137 -0.0690369 0.0294244 75.1095 10.4585 1.7893 1.0045 0.0109669 -1.65699e-06 3.42676e-06 -9.71551e-07 
-6.10215 0.0785317 0.00592965 0.0300991 0.0689952 -0.0690187 0.0300991 75.3483 10.5928 1.7919 1.00994 0.0108787 -5.9517e-07 4.32459e-06 5.66119e-08 
-6.09847 0.0783062 0.00411356 0.0306903 0.0689768 -0.0690006 0.0306903 75.5879 10.7282 1.79452 1.01539 0.0107932 4.62526e-07 5.13441e-06 1.06982e-06 
-6.09478 0.0782618 0.002257 0.0311961 0.0689587 -0.0689825 0.0311961 75.8283 10.8646 1.79713 1.02083 0.0107104 1.49798e-06 5.84325e-06 2.05323e-06 
-6.0911 0.0784014 0.000370927 0.0316147 0.0689407 -0.0689646 0.0316147 76.0696 11.0019 1.79976 1.02626 0.0106306 2.4936e-06 6.43998e-06 2.99259e-06 
-6.08741 0.0787277 -0.00153372 0.0319444 0.068923 -0.0689468 0.0319444 76.3117 11.1403 1.80239 1.03169 0.0105536 3.43264e-06 6.91541e-06 3.87438e-06 
-6.08373 0.0792433 -0.00344599 0.0321834 0.0689055 -0.068929 0.0321834 76.5546 11.2796 1.80502 1.03712 0.0104798 4.2994e-06 7.26248e-06 4.68605e-06 
-6.08004 0.0799495 -0.00535446 0.0323309 0.0688881 -0.0689114 0.0323309 76.7983 11.42 1.80766 1.04255 0.0104091 5.07953e-06 7.47633e-06 5.41615e-06 
-6.07636 0.0808444 -0.00724696 0.0323878 0.068871 -0.0688939 0.0323878 77.0429 11.5614 1.81031 1.04797 0.0103416 5.76024e-06 7.55433e-06 6.05448e-06 
-6.07267 0.0819264 -0.00911127 0.0323551 0.068854 -0.0688766 0.0323551 77.2883 11.7037 1.81297 1.05339 0.0102773 6.33044e-06 7.49618e-06 6.59221e-06 
-6.06899 0.0831935 -0.0109352 0.032234 0.0688372 -0.0688593 0.032234 77.5346 11.8471 1.81563 1.0588 0.0102165 6.78101e-06 7.30386e-06 7.02203e-06 
-6.0653 0.0846438 -0.0127064 0.0320255 0.0688206 -0.0688422 0.0320255 77.7817 11.9916 1.8183 1.06422 0.010159 7.10485e-06 6.98157e-06 7.33821e-06 
-6.06162 0.0862733 -0.0144128 0.0317315 0.0688042 -0.0688251 0.0317315 78.0297 12.137 1.82097 1.06962 0.0101049 7.29705e-06 6.53572e-06 7.53667e-06 
-6.05793 0.0880745 -0.0160422 0.0313557 0.068788 -0.0688082 0.0313557 78.2785 12.2835 1.82365 1.07503 0.0100544 7.35488e-06 5.97473e-06 7.61503e-06 
-6.05425 0.0900397 -0.0175824 0.0309015 0.0687719 -0.0687915 0.0309015 78.5282 12.431 1.82634 1.08043 0.0100073 7.27793e-06 5.30897e-06 7.57263e-06 
-6.05056 0.0921608 -0.0190215 0.0303728 0.068756 -0.0687748 0.0303728 78.7787 12.5795 1.82903 1.08583 0.00996375 7.06803e-06 4.55056e-06 7.41059e-06 
-6.04688 0.0944302 -0.0203472 0.0297732 0.0687402 -0.0687583 0.0297732 79.0301 12.729 1.83173 1.09123 0.00992371 6.72932e-06 3.71319e-06 7.13172e-06 
-6.04319 0.0968374 -0.0215482 0.0291069 0.0687246 -0.0687418 0.0291069 79.2824 12.8796 1.83443 1.09662 0.00988719 6.2681e-06 2.81193e-06 6.74056e-06 
-6.03951 0.0993684 -0.0226143 0.0283795 0.0687092 -0.0687255 0.0283795 79.5355 13.0313 1.83715 1.10201 0.00985412 5.69275e-06 1.86292e-06 6.24323e-06 
-6.03582 0.102009 -0.0235358 0.0275963 0.0686938 -0.0687093 0.0275963 79.7895 13.1839 1.83986 1.10739 0.00982444 5.01366e-06 8.83206e-07 5.64746e-06 
-6.03214 0.104743 -0.0243024 0.026763 0.0686786 -0.0686933 0.026763 80.0444 13.3376 1.84259 1.11278 0.00979809 4.24307e-06 -1.09563e-07 4.96244e-06 
-6.02845 0.107558 -0.0249044 0.0258849 0.0686634 -0.0686773 0.0258849 80.3002 13.4924 1.84532 1.11816 0.009775 3.39486e-06 -1.09741e-06 4.19877e-06 
-6.02477 0.110436 -0.0253333 0.0249682 0.0686484 -0.0686615 0.0249682 80.5568 13.6482 1.84806 1.12354 0.00975506 2.48439e-06 -2.06233e-06 3.36826e-06 
-6.02108 0.113357 -0.0255836 0.0240191 0.0686335 -0.0686457 0.0240191 80.8144 13.8051 1.8508 1.12891 0.00973811 1.52818e-06 -2.98655e-06 2.48382e-06 
-6.0174 0.1163 -0.0256498 0.0230442 0.0686187 -0.0686301 0.0230442 81.0728 13.963 1.85355 1.13428 0.00972395 5.43779e-07 -3.85285e-06 1.55932e-06 
-6.01371 0.119244 -0.0255267 0.0220502 0.0686039 -0.0686145 0.0220502 81.3321 14.122 1.85631 1.13965 0.00971241 -4.50584e-07 -4.64486e-06 6.09407e-07 
-6.01003 0.122169 -0.0252088 0.0210435 0.0685892 -0.068599 0.0210435 81.5923 14.2821 1.85907 1.14502 0.0097033 -1.43628e-06 -5.3474e-06 -3.50697e-07 
-6.00634 0.125053 -0.0246933 0.0200308 0.0685745 -0.0685837 0.0200308 81.8534 14.4432 1.86184 1.15038 0.0096964 -2.39462e-06 -5.94668e-06 -1.30541e-06 
-6.00266 0.127872 -0.0239815 0.0190192 0.0685599 -0.0685684 0.0190192 82.1155 14.6054 1.86462 1.15574 0.00969139 -3.30711e-06 -6.43065e-06 -2.239e-06 
-5.99897 0.130602 -0.0230749 0.0180154 0.0685453 -0.0685532 0.0180154 82.3784 14.7687 1.8674 1.1611 0.00968797 -4.15588e-06 -6.78921e-06 -3.1358e-06 
-5.99529 0.133219 -0.0219752 0.0170266 0.0685308 -0.068538 0.0170266 82.6422 14.933 1.87019 1.16645 0.00968583 -4.92397e-06 -7.01452e-06 -3.9805e-06 
-5.9916 0.135699 -0.0206841 0.0160597 0.0685162 -0.0685229 0.0160597 82.907 15.0984 1.87299 1.1718 0.00968466 -5.59571e-06 -7.10118e-06 -4.75839e-06 
-5.98792 0.138017 -0.0192061 0.0151215 0.0685017 -0.0685079 0.0151215 83.1726 15.2649 1.87579 1.17715 0.0096841 -6.15706e-06 -7.04643e-06 -5.45564e-06 
-5.98423 0.140152 -0.0175512 0.0142189 0.0684872 -0.0684929 0.0142189 83.4392 15.4325 1.8786 1.1825 0.00968375 -6.59589e-06 -6.85021e-06 -6.05948e-06 
-5.98055 0.14208 -0.0157295 0.0133587 0.0684727 -0.068478 0.0133587 83.7067 15.6012 1.88142 1.18784 0.00968318 -6.90232e-06 -6.51533e-06 -6.55855e-06 
-5.97686 0.14378 -0.0137512 0.0125476 0.0684582 -0.0684631 0.0125476 83.9752 15.771 1.88424 1.19318 0.00968198 -7.06902e-06 -6.04751e-06 -6.94315e-06 
-5.97318 0.145228 -0.0116267 0.0117925 0.0684436 -0.0684483 0.0117925 84.2445 15.9418 1.88707 1.19852 0.00967972 -7.09146e-06 -5.45533e-06 -7.20545e-06 
-5.96949 0.146404 -0.00936915 0.0110998 0.0684291 -0.0684335 0.0110998 84.5148 16.1138 1.8899 1.20386 0.00967599 -6.96805e-06 -4.75017e-06 -7.33972e-06 
-5.96581 0.147294 -0.00699682 0.0104749 0.0684145 -0.0684187 0.0104749 84.7861 16.2869 1.89275 1.20919 0.00967034 -6.70031e-06 -3.94601e-06 -7.34252e-06 
-5.96212 0.147882 -0.00452846 0.00992341 0.0683999 -0.068404 0.00992341 85.0582 16.4611 1.89559 1.21452 0.00966236 -6.29292e-06 -3.05924e-06 -7.21284e-06 
-5.95844 0.148153 -0.00198281 0.00945086 0.0683853 -0.0683893 0.00945086 85.3313 16.6363 1.89845 1.21985 0.00965161 -5.75373e-06 -2.10832e-06 -6.95221e-06 
-5.95475 0.148093 0.000621356 0.00906273 0.0683706 -0.0683746 0.00906273 85.6054 16.8127 1.90131 1.22518 0.00963766 -5.09363e-06 -1.11347e-06 -6.56472e-06 
-5.95107 0.147692 0.00326331 0.00876335 0.0683559 -0.0683599 0.00876335 85.8804 16.9902 1.90418 1.2305 0.00962013 -4.32645e-06 -9.61802e-08 -6.0571e-06 
-5.94739 0.146948 0.00591895 0.00855505 0.0683412 -0.0683452 0.00855505 86.1564 17.1689 1.90706 1.23582 0.00959873 -3.46869e-06 9.21228e-07 -5.43863e-06 
-5.9437 0.145861 0.00856381 0.00843999 0.0683264 -0.0683306 0.00843999 86.4333 17.3486 1.90994 1.24114 0.00957318 -2.53913e-06 1.91619e-06 -4.72092e-06 
-5.94002 0.14443 0.0111735 0.00842028 0.0683117 -0.068316 0.00842028 86.7112 17.5295 1.91283 1.24646 0.00954319 -1.5584e-06 2.86642e-06 -3.91777e-06 
-5.93633 0.142653 0.0137235 0.00849805 0.0682969 -0.0683014 0.00849805 86.9901 17.7115 1.91572 1.25178 0.00950848 -5.48552e-07 3.75045e-06 -3.04487e-06 
-5.93265 0.140537 0.0161894 0.00867333 0.0682821 -0.0682868 0.00867333 87.2699 17.8946 1.91862 1.25709 0.00946885 4.67494e-07 4.54826e-06 -2.11954e-06 
-5.92896 0.138097 0.0185471 0.00894252 0.0682672 -0.0682723 0.00894252 87.5507 18.0789 1.92153 1.2624 0.00942428 1.46654e-06 5.2418e-06 -1.16034e-06 
-5.92528 0.135351 0.0207723 0.00930168 0.0682524 -0.0682577 0.00930168 87.8325 18.2643 1.92445 1.26771 0.00937474 2.42573e-06 5.81549e-06 -1.86584e-07 
-5.92159 0.132314 0.0228407 0.00974686 0.0682375 -0.0682432 0.00974686 88.1153 18.4509 1.92737 1.27301 0.00932021 3.32314e-06 6.25662e-06 7.82056e-07 
-5.91791 0.129005 0.0247283 0.0102741 0.0682227 -0.0682287 0.0102741 88.399 18.6386 1.9303 1.27832 0.00926069 4.13833e-06 6.55566e-06 1.72601e-06 
-5.91422 0.125446 0.0264135 0.0108766 0.0682079 -0.0682142 0.0108766 88.6837 18.8274 1.93324 1.28362 0.00919625 4.85291e-06 6.70659e-06 2.62627e-06 
-5.91054 0.121667 0.0278801 0.0115432 0.0681931 -0.0681998 0.0115432 88.9695 19.0174 1.93618 1.28892 0.00912719 5.45112e-06 6.70717e-06 3.46489e-06 
-5.90685 0.117704 0.0291123 0.0122617 0.0681783 -0.0681854 0.0122617 89.2562 19.2086 1.93913 1.29422 0.00905383 5.92017e-06 6.55886e-06 4.22543e-06 
-5.90317 0.113588 0.0300942 0.0130205 0.0681635 -0.068171 0.0130205 89.5439 19.4009 1.94208 1.29952 0.00897646 6.25053e-06 6.26671e-06 4.89325e-06 
-5.89948 0.109352 0.03081 0.0138075 0.0681488 -0.0681567 0.0138075 89.8326 19.5943 1.94504 1.30481 0.0088954 6.43614e-06 5.8392e-06 5.45587e-06 
-5.8958 0.105033 0.0312495 0.0146086 0.0681342 -0.0681424 0.0146086 90.1223 19.789 1.94801 1.31011 0.00881105 6.47458e-06 5.28807e-06 5.90326e-06 
-5.89211 0.10067 0.0314123 0.0154055 0.0681196 -0.0681281 0.0154055 90.413 19.9848 1.95099 1.3154 0.00872395 6.36714e-06 4.62793e-06 6.22807e-06 
-5.88843 0.0963034 0.0312986 0.0161795 0.0681051 -0.0681139 0.0161795 90.7048 20.1818 1.95397 1.32069 0.00863466 6.11861e-06 3.87581e-06 6.42573e-06 
-5.88474 0.0919749 0.0309092 0.0169119 0.0680907 -0.0680997 0.0169119 90.9975 20.3799 1.95696 1.32598 0.00854375 5.73707e-06 3.05057e-06 6.49441e-06 
-5.88106 0.0877248 0.0302445 0.0175841 0.0680763 -0.0680856 0.0175841 91.2913 20.5793 1.95996 1.33127 0.00845178 5.23362e-06 2.17247e-06 6.43503e-06 
-5.87737 0.0835916 0.0293118 0.0181771 0.0680621 -0.0680715 0.0181771 91.5861 20.7798 1.96296 1.33655 0.00835933 4.62198e-06 1.26256e-06 6.25112e-06 
-5.87369 0.0796102 0.0281305 0.0186709 0.068048 -0.0680574 0.0186709 91.8819 20.9815 1.96597 1.34184 0.00826699 3.91814e-06 3.42173e-07 5.9487e-06 
-5.87 0.0758153 0.0267211 0.0190459 0.068034 -0.0680435 0.0190459 92.1788 21.1844 1.96899 1.34712 0.00817538 3.13983e-06 -5.6762e-07 5.53605e-06 
-5.86632 0.0722413 0.0251042 0.019282 0.0680201 -0.0680295 0.019282 92.4767 21.3885 1.97201 1.3524 0.00808509 2.30606e-06 -1.44651e-06 5.0234e-06 
-5.86263 0.0689227 0.0233006 0.0193596 0.0680063 -0.0680156 0.0193596 92.7756 21.5938 1.97504 1.35769 0.00799674 1.43661e-06 -2.2754e-06 4.4227e-06 
-5.85895 0.0658869 0.0213361 0.0192615 0.0679927 -0.0680018 0.0192615 93.0756 21.8003 1.97808 1.36297 0.00791086 5.5157e-07 -3.03677e-06 3.74722e-06 
-5.85526 0.0631487 0.0192465 0.0189754 0.0679792 -0.067988 0.0189754 93.3766 22.0079 1.98112 1.36825 0.00782789 -3.2915e-07 -3.71498e-06 3.01128e-06 
-5.85158 0.0607215 0.0170685 0.0184896 0.0679658 -0.0679743 0.0184896 93.6787 22.2169 1.98417 1.37352 0.00774822 -1.18616e-06 -4.29655e-06 2.22996e-06 
-5.84789 0.0586185 0.0148387 0.0177924 0.0679526 -0.0679606 0.0177924 93.9818 22.427 1.98723 1.3788 0.00767229 -2.00102e-06 -4.77036e-06 1.41884e-06 
-5.84421 0.0568531 0.0125939 0.016872 0.0679395 -0.067947 0.016872 94.286 22.6383 1.99029 1.38408 0.0076005 -2.75658e-06 -5.12785e-06 5.93641e-07 
-5.84052 0.0554285 0.0103718 0.0157225 0.0679266 -0.0679334 0.0157225 94.5913 22.8508 1.99336 1.38935 0.00753313 -3.43725e-06 -5.36298e-06 -2.29992e-07 
-5.83684 0.0543297 0.00821217 0.0143483 0.0679138 -0.0679199 0.0143483 94.8976 23.0646 1.99644 1.39463 0.0074702 -4.02914e-06 -5.47218e-06 -1.03673e-06 
-5.83315 0.0535396 0.00615494 0.0127549 0.0679011 -0.0679065 0.0127549 95.205 23.2796 1.99953 1.3999 0.00741171 -4.52033e-06 -5.45452e-06 -1.81168e-06 
-5.82947 0.0530411 0.00424002 0.010948 0.0678886 -0.0678931 0.010948 95.5134 23.4959 2.00262 1.40517 0.00735764 -4.90111e-06 -5.3117e-06 -2.54069e-06 
-5.82578 0.052817 0.0025073 0.00893317 0.0678761 -0.0678797 0.00893317 95.823 23.7133 2.00572 1.41045 0.007308 -5.16413e-06 -5.04801e-06 -3.21048e-06 
-5.8221 0.0528414 0.000991736 0.00672278 0.0678638 -0.0678665 0.00672278 96.1336 23.932 2.00882 1.41572 0.00726263 -5.30442e-06 -4.67014e-06 -3.80886e-06 
-5.81841 0.0530716 -0.000280878 0.0043418 0.0678516 -0.0678532 0.0043418 96.4453 24.152 2.01194 1.42099 0.00722109 -5.31943e-06 -4.18701e-06 -4.32474e-06 
-5.81473 0.0534631 -0.00128575 0.00181659 0.0678395 -0.0678401 0.00181659 96.7581 24.3732 2.01506 1.42626 0.00718292 -5.20921e-06 -3.60981e-06 -4.7484e-06 
-5.81104 0.0539716 -0.00199809 -0.000826502 0.0678275 -0.067827 -0.000826502 97.072 24.5956 2.01818 1.43153 0.00714765 -4.97655e-06 -2.95192e-06 -5.07176e-06 
-5.80736 0.0545525 -0.00239319 -0.0035611 0.0678155 -0.067814 -0.0035611 97.387 24.8193 2.02132 1.4368 0.00711483 -4.62702e-06 -2.22862e-06 -5.2885e-06 
-5.80368 0.0551584 -0.0024564 -0.00635628 0.0678037 -0.067801 -0.00635628 97.7031 25.0443 2.02446 1.44206 0.00708391 -4.16881e-06 -1.4568e-06 -5.39427e-06 
-5.79999 0.0557357 -0.00219191 -0.00917263 0.0677919 -0.0677882 -0.00917263 98.0203 25.2705 2.02761 1.44733 0.0070542 -3.61268e-06 -6.54713e-07 -5.38672e-06 
-5.79631 0.0562305 -0.00160606 -0.0119698 0.0677801 -0.0677754 -0.0119698 98.3386 25.498 2.03076 1.4526 0.00702501 -2.9719e-06 1.58361e-07 -5.26575e-06 
-5.79262 0.0565888 -0.000705131 -0.0147073 0.0677684 -0.0677627 -0.0147073 98.658 25.7267 2.03392 1.45786 0.00699563 -2.26203e-06 9.6254e-07 -5.03368e-06 
-5.78894 0.0567564 0.000504457 -0.0173449 0.0677567 -0.0677501 -0.0173449 98.9785 25.9567 2.03709 1.46313 0.00696536 -1.50064e-06 1.7378e-06 -4.69525e-06 
-5.78525 0.0566853 0.00200507 -0.019843 0.0677451 -0.0677376 -0.019843 99.3002 26.188 2.04027 1.46839 0.00693353 -7.06929e-07 2.46453e-06 -4.2577e-06 
-5.78157 0.0563381 0.00375771 -0.0221641 0.0677334 -0.0677252 -0.0221641 99.623 26.4206 2.04345 1.47366 0.00689952 9.87492e-08 3.12408e-06 -3.73067e-06 
-5.77788 0.0556788 0.00572097 -0.0242705 0.0677218 -0.0677129 -0.0242705 99.9469 26.6545 2.04664 1.47892 0.00686272 8.95422e-07 3.6993e-06 -3.12605e-06 
-5.7742 0.0546713 0.00785344 -0.0261247 0.0677102 -0.0677007 -0.0261247 100.272 26.8897 2.04984 1.48419 0.00682252 1.66207e-06 4.1751e-06 -2.45778e-06 
-5.77051 0.0532796 0.0101137 -0.0276894 0.0676986 -0.0676887 -0.0276894 100.598 27.1261 2.05304 1.48945 0.0067783 2.37822e-06 4.53895e-06 -1.74154e-06 
-5.76683 0.0514815 0.0124535 -0.0289345 0.067687 -0.0676767 -0.0289345 100.926 27.3639 2.05625 1.49471 0.0067296 3.02465e-06 4.78142e-06 -9.94448e-07 
-5.76314 0.0492811 0.014812 -0.0298442 0.0676754 -0.0676649 -0.0298442 101.254 27.6029 2.05947 1.49997 0.00667625 3.58414e-06 4.89667e-06 -2.34587e-07 
-5.75946 0.0466857 0.0171266 -0.0304044 0.0676637 -0.0676532 -0.0304044 101.584 27.8433 2.0627 1.50524 0.00661811 4.04195e-06 4.88257e-06 5.19618e-07 
-5.75577 0.0437023 0.0193349 -0.0306009 0.0676521 -0.0676417 -0.0306009 101.914 28.0849 2.06593 1.5105 0.00655501 4.38635e-06 4.74073e-06 1.24989e-06 
-5.75209 0.0403383 0.0213746 -0.0304198 0.0676405 -0.0676302 -0.0304198 102.246 28.3279 2.06917 1.51576 0.00648683 4.60896e-06 4.47653e-06 1.93859e-06 
-5.7484 0.036617 0.0231858 -0.0298584 0.0676289 -0.0676189 -0.0298584 102.58 28.5722 2.07242 1.52102 0.00641362 4.70516e-06 4.09906e-06 2.56928e-06 
-5.74472 0.0325933 0.0247141 -0.0289365 0.0676173 -0.0676077 -0.0289365 102.914 28.8178 2.07567 1.52628 0.00633583 4.67445e-06 3.62094e-06 3.1274e-06 
-5.74103 0.0283255 0.0259057 -0.0276762 0.0676058 -0.0675967 -0.0276762 103.249 29.0648 2.07894 1.53155 0.00625394 4.52016e-06 3.05757e-06 3.6006e-06 
-5.73735 0.023872 0.0267067 -0.0260999 0.0675943 -0.0675858 -0.0260999 103.586 29.3131 2.0822 1.53681 0.00616845 4.24922e-06 2.42657e-06 3.97903e-06 
-5.73366 0.0192913 0.0270634 -0.0242299 0.0675828 -0.067575 -0.0242299 103.924 29.5627 2.08548 1.54207 0.00607984 3.87187e-06 1.74714e-06 4.25556e-06 
-5.72998 0.014652 0.0269348 -0.0220985 0.0675714 -0.0675643 -0.0220985 104.263 29.8136 2.08877 1.54733 0.00598876 3.40132e-06 1.03948e-06 4.42601e-06 
-5.72629 0.0100425 0.0263056 -0.0197575 0.06756 -0.0675538 -0.0197575 104.603 30.0659 2.09206 1.5526 0.00589614 2.85324e-06 3.24018e-07 4.48929e-06 
-5.72261 0.00555373 0.0251633 -0.0172611 0.0675487 -0.0675434 -0.0172611 104.944 30.3196 2.09536 1.55786 0.00580294 2.24503e-06 -3.7936e-07 4.44714e-06 
-5.71892 0.00127643 0.0234953 -0.0146633 0.0675375 -0.067533 -0.0146633 105.287 30.5745 2.09866 1.56312 0.00571012 1.59503e-06 -1.05195e-06 4.30389e-06 
-5.71524 -0.0026986 0.0212892 -0.0120185 0.0675265 -0.0675228 -0.0120185 105.631 30.8309 2.10198 1.56839 0.00561865 9.22005e-07 -1.67671e-06 4.06616e-06 
-5.71155 -0.00628371 0.018551 -0.00938294 0.0675155 -0.0675127 -0.00938294 105.976 31.0886 2.1053 1.57365 0.00552951 2.44466e-07 -2.23873e-06 3.74255e-06 
-5.70787 -0.00939748 0.0153226 -0.00681802 0.0675046 -0.0675026 -0.00681802 106.322 31.3476 2.10863 1.57892 0.00544372 -4.19843e-07 -2.72549e-06 3.34323e-06 
-5.70418 -0.0119592 0.0116506 -0.00438551 0.0674939 -0.0674927 -0.00438551 106.67 31.6081 2.11197 1.58418 0.00536231 -1.05443e-06 -3.1271e-06 2.87953e-06 
-5.7005 -0.0138882 0.00758123 -0.0021472 0.0674834 -0.0674828 -0.0021472 107.018 31.8699 2.11531 1.58945 0.0052863 -1.64444e-06 -3.4363e-06 2.36351e-06 
-5.69681 -0.0151038 0.00316104 -0.000164828 0.0674729 -0.0674729 -0.000164828 107.368 32.1331 2.11866 1.59472 0.00521671 -2.17689e-06 -3.64848e-06 1.80761e-06 
-5.69313 -0.0155434 -0.00154913 0.00150796 0.0674627 -0.0674632 0.00150796 107.719 32.3976 2.12202 1.59999 0.00515442 -2.64076e-06 -3.76139e-06 1.22425e-06 
-5.68944 -0.0151802 -0.00645955 0.00283387 0.0674526 -0.0674534 0.00283387 108.072 32.6636 2.12539 1.60526 0.00509999 -3.02691e-06 -3.77485e-06 6.2557e-07 
-5.68576 -0.0139915 -0.011477 0.00377752 0.0674427 -0.0674438 0.00377752 108.425 32.9309 2.12876 1.61053 0.00505396 -3.32815e-06 -3.69069e-06 2.34655e-08 
-5.68207 -0.0119548 -0.0165084 0.00430357 0.0674329 -0.0674341 0.00430357 108.78 33.1997 2.13215 1.6158 0.00501687 -3.53921e-06 -3.51259e-06 -5.70626e-07 
-5.67839 -0.00904786 -0.0214604 0.00437676 0.0674233 -0.0674245 0.00437676 109.136 33.4698 2.13554 1.62107 0.00498924 -3.65671e-06 -3.24591e-06 -1.14581e-06 
-5.6747 -0.00527405 -0.0262385 0.00397758 0.0674138 -0.0674149 0.00397758 109.494 33.7413 2.13893 1.62634 0.00497136 -3.67886e-06 -2.89728e-06 -1.69176e-06 
-5.67102 -0.000689584 -0.0307452 0.00311856 0.0674045 -0.0674053 0.00311856 109.852 34.0143 2.14234 1.63162 0.00496301 -3.6052e-06 -2.47444e-06 -2.19845e-06 
-5.66733 0.004643 -0.0348826 0.00181609 0.0673953 -0.0673957 0.00181609 110.212 34.2886 2.14575 1.63689 0.00496388 -3.43695e-06 -1.98653e-06 -2.65628e-06 
-5.66365 0.0106612 -0.038553 8.65679e-05 0.0673863 -0.0673862 8.65679e-05 110.573 34.5644 2.14917 1.64217 0.00497371 -3.17706e-06 -1.44404e-06 -3.05612e-06 
-5.65997 0.0173022 -0.0416586 -0.00205349 0.0673773 -0.0673766 -0.00205349 110.936 34.8416 2.1526 1.64745 0.00499219 -2.83037e-06 -8.58816e-07 -3.38948e-06 
-5.65628 0.0244823 -0.0441167 -0.00457236 0.0673685 -0.0673671 -0.00457236 111.3 35.1202 2.15604 1.65272 0.0050188 -2.40343e-06 -2.43872e-07 -3.64843e-06 
-5.6526 0.0320745 -0.0458753 -0.00740699 0.0673598 -0.0673576 -0.00740699 111.665 35.4003 2.15948 1.658 0.00505256 -1.90462e-06 3.86519e-07 -3.82562e-06 
-5.64891 0.0399461 -0.0468861 -0.0104905 0.0673511 -0.067348 -0.0104905 112.031 35.6817 2.16293 1.66328 0.00509241 -1.34453e-06 1.01682e-06 -3.91472e-06 
-5.64523 0.0479647 -0.0471011 -0.013756 0.0673424 -0.0673385 -0.013756 112.399 35.9647 2.16639 1.66857 0.00513728 -7.35952e-07 1.6305e-06 -3.91087e-06 
-5.64154 0.0559979 -0.0464721 -0.0171365 0.0673338 -0.067329 -0.0171365 112.767 36.249 2.16986 1.67385 0.00518613 -9.38384e-08 2.21036e-06 -3.811e-06 
-5.63786 0.0639096 -0.0449768 -0.0205598 0.0673252 -0.0673195 -0.0205598 113.138 36.5349 2.17333 1.67913 0.00523781 5.6497e-07 2.73904e-06 -3.61408e-06 
-5.63417 0.0715563 -0.0426465 -0.0239426 0.0673166 -0.0673101 -0.0239426 113.509 36.8221 2.17681 1.68442 0.00529096 1.22199e-06 3.19941e-06 -3.32139e-06 
-5.63049 0.0787936 -0.0395189 -0.0272 0.067308 -0.0673006 -0.0272 113.882 37.1109 2.1803 1.68971 0.00534418 1.85752e-06 3.57528e-06 -2.93694e-06 
-5.6268 0.0854771 -0.0356318 -0.0302473 0.0672993 -0.0672912 -0.0302473 114.256 37.4011 2.1838 1.69499 0.00539611 2.45128e-06 3.85217e-06 -2.46769e-06 
-5.62312 0.0914626 -0.0310234 -0.0329999 0.0672906 -0.0672818 -0.0329999 114.632 37.6927 2.1873 1.70028 0.00544535 2.98312e-06 4.01804e-06 -1.92362e-06 
-5.61943 0.0966247 -0.0257549 -0.0353824 0.0672818 -0.0672724 -0.0353824 115.008 37.9859 2.19082 1.70557 0.00549063 3.43393e-06 4.06409e-06 -1.31768e-06 
-5.61575 0.100878 -0.0199369 -0.037339 0.0672729 -0.0672631 -0.037339 115.386 38.2805 2.19434 1.71086 0.00553093 3.78667e-06 3.98551e-06 -6.65565e-07 
-5.61206 0.104141 -0.013686 -0.0388165 0.0672639 -0.0672538 -0.0388165 115.766 38.5766 2.19787 1.71615 0.00556522 4.02707e-06 3.78175e-06 1.4828e-08 
-5.60838 0.106334 -0.00711906 -0.0397616 0.0672548 -0.0672446 -0.0397616 116.147 38.8742 2.2014 1.72145 0.0055925 4.14441e-06 3.45687e-06 7.03884e-07 
-5.60469 0.107376 -0.000352817 -0.040121 0.0672457 -0.0672354 -0.040121 116.529 39.1732 2.20495 1.72674 0.00561176 4.13214e-06 3.01956e-06 1.3809e-06 
-5.60101 0.107221 0.00648882 -0.0398619 0.0672364 -0.0672262 -0.0398619 116.912 39.4738 2.2085 1.73204 0.00562224 3.98862e-06 2.48325e-06 2.02489e-06 
-5.59732 0.105894 0.0132667 -0.0389941 0.067227 -0.0672171 -0.0389941 117.297 39.7759 2.21206 1.73734 0.00562371 3.71751e-06 1.86569e-06 2.61562e-06 
-5.59364 0.10343 0.0198399 -0.037533 0.0672175 -0.067208 -0.037533 117.683 40.0795 2.21563 1.74263 0.00561599 3.32744e-06 1.188e-06 3.13438e-06 
-5.58995 0.0998658 0.0260672 -0.035494 0.0672079 -0.067199 -0.035494 118.071 40.3846 2.2192 1.74793 0.00559891 2.83169e-06 4.7385e-07 3.56471e-06 
-5.58627 0.095235 0.0318078 -0.0328925 0.0671983 -0.06719 -0.0328925 118.46 40.6912 2.22279 1.75324 0.00557229 2.24774e-06 -2.51491e-07 3.89299e-06 
-5.58258 0.0896049 0.0369358 -0.0297637 0.0671885 -0.0671811 -0.0297637 118.85 40.9993 2.22638 1.75854 0.00553623 1.59664e-06 -9.62174e-07 4.10922e-06 
-5.5789 0.083111 0.0413584 -0.0261848 0.0671787 -0.0671722 -0.0261848 119.242 41.309 2.22998 1.76384 0.00549139 9.02177e-07 -1.6331e-06 4.20769e-06 
-5.57521 0.0758975 0.0449867 -0.0222384 0.0671689 -0.0671634 -0.0222384 119.635 41.6201 2.23358 1.76915 0.00543852 1.8943e-07 -2.24108e-06 4.18687e-06 
-5.57153 0.0681085 0.0477321 -0.0180074 0.0671591 -0.0671545 -0.0180074 120.03 41.9329 2.2372 1.77446 0.00537834 -5.1626e-07 -2.76574e-06 4.04928e-06 
-5.56784 0.0598883 0.049506 -0.0135745 0.0671493 -0.0671458 -0.0135745 120.426 42.2471 2.24082 1.77977 0.00531159 -1.19034e-06 -3.19025e-06 3.80129e-06 
-5.56416 0.0513926 0.0502506 -0.00902883 0.0671395 -0.067137 -0.00902883 120.823 42.5629 2.24445 1.78508 0.00523917 -1.81005e-06 -3.50202e-06 3.45291e-06 
-5.56047 0.0428018 0.0499756 -0.00447346 0.0671297 -0.0671283 -0.00447346 121.222 42.8803 2.24809 1.7904 0.00516226 -2.35545e-06 -3.69326e-06 3.01733e-06 
-5.55679 0.0342998 0.0486991 -1.33187e-05 0.06712 -0.0671196 -1.33187e-05 121.622 43.1992 2.25174 1.79571 0.00508213 -2.81012e-06 -3.7609e-06 2.51005e-06 
-5.5531 0.0260703 0.0464396 0.00424666 0.0671104 -0.067111 0.00424666 122.023 43.5197 2.25539 1.80103 0.00500003 -3.1616e-06 -3.70645e-06 1.94817e-06 
-5.54942 0.0182969 0.0432154 0.00820163 0.0671009 -0.0671023 0.00820163 122.426 43.8417 2.25906 1.80635 0.00491719 -3.40162e-06 -3.53566e-06 1.34965e-06 
-5.54573 0.0111466 0.0390744 0.011759 0.0670915 -0.0670937 0.011759 122.831 44.1653 2.26273 1.81167 0.00483481 -3.52614e-06 -3.25797e-06 7.3261e-07 
-5.54205 0.00474919 0.0341291 0.0148534 0.0670822 -0.0670851 0.0148534 123.237 44.4905 2.2664 1.81699 0.00475397 -3.53507e-06 -2.88585e-06 1.14733e-07 
-5.53836 -0.000770304 0.0285006 0.0174229 0.0670731 -0.0670766 0.0174229 123.644 44.8173 2.27009 1.82232 0.00467573 -3.43212e-06 -2.43421e-06 -4.87234e-07 
-5.53468 -0.00528692 0.0223099 0.0194056 0.0670642 -0.067068 0.0194056 124.053 45.1456 2.27379 1.82765 0.00460115 -3.22431e-06 -1.91967e-06 -1.05793e-06 
-5.53099 -0.00867583 0.0156783 0.0207398 0.0670554 -0.0670595 0.0207398 124.463 45.4756 2.27749 1.83298 0.0045313 -2.92149e-06 -1.35991e-06 -1.58372e-06 
-5.52731 -0.0108487 0.00873689 0.0213884 0.0670468 -0.067051 0.0213884 124.874 45.8071 2.2812 1.83831 0.00446702 -2.53565e-06 -7.72886e-07 -2.05287e-06 
-5.52362 -0.011798 0.00163937 0.021369 0.0670384 -0.0670426 0.021369 125.288 46.1403 2.28492 1.84365 0.00440875 -2.08028e-06 -1.76412e-07 -2.4554e-06 
-5.51994 -0.0115274 -0.00545756 0.0207065 0.0670301 -0.0670342 0.0207065 125.702 46.475 2.28865 1.84899 0.00435683 -1.57025e-06 4.1211e-07 -2.78319e-06 
-5.51626 -0.0100404 -0.0123972 0.0194261 0.067022 -0.0670258 0.0194261 126.118 46.8114 2.29238 1.85433 0.00431162 -1.02133e-06 9.76064e-07 -3.03008e-06 
-5.51257 -0.00734057 -0.019023 0.0175527 0.0670141 -0.0670175 0.0175527 126.536 47.1494 2.29612 1.85967 0.00427348 -4.49837e-07 1.49998e-06 -3.19183e-06 
-5.50889 -0.00346645 -0.0251943 0.0151329 0.0670064 -0.0670093 0.0151329 126.955 47.489 2.29987 1.86501 0.00424255 1.27814e-07 1.96971e-06 -3.26589e-06 
-5.5052 0.00146523 -0.0308066 0.0122613 0.0669988 -0.0670011 0.0122613 127.375 47.8302 2.30363 1.87036 0.00421848 6.9524e-07 2.37239e-06 -3.25116e-06 
-5.50152 0.00732706 -0.0357604 0.00903911 0.0669913 -0.0669929 0.00903911 127.797 48.1731 2.3074 1.87571 0.00420085 1.23623e-06 2.69675e-06 -3.14827e-06 
-5.49783 0.0139916 -0.039956 0.00556756 0.0669839 -0.0669849 0.00556756 128.221 48.5176 2.31118 1.88106 0.00418923 1.73507e-06 2.93339e-06 -2.9597e-06 
-5.49415 0.0213314 -0.0432941 0.00194783 0.0669767 -0.0669769 0.00194783 128.646 48.8637 2.31496 1.88642 0.00418321 2.17693e-06 3.07506e-06 -2.68983e-06 
-5.49046 0.0292069 -0.0457076 -0.00171549 0.0669695 -0.0669691 -0.00171549 129.072 49.2115 2.31875 1.89177 0.00418226 2.54816e-06 3.11687e-06 -2.34488e-06 
-5.48678 0.0374505 -0.047203 -0.00531022 0.0669624 -0.0669613 -0.00531022 129.5 49.561 2.32255 1.89713 0.0041856 2.8366e-06 3.05642e-06 -1.93288e-06 
-5.48309 0.0458913 -0.047797 -0.00872313 0.0669554 -0.0669536 -0.00872313 129.93 49.9121 2.32636 1.9025 0.00419245 3.03207e-06 2.89422e-06 -1.46386e-06 
-5.47941 0.0543581 -0.0475063 -0.011841 0.0669484 -0.066946 -0.011841 130.361 50.2648 2.33018 1.90786 0.00420199 3.12685e-06 2.63393e-06 -9.4975e-07 
-5.47572 0.0626796 -0.0463477 -0.0145506 0.0669414 -0.0669385 -0.0145506 130.794 50.6193 2.334 1.91323 0.00421342 3.11617e-06 2.28249e-06 -4.04239e-07 
-5.47204 0.0707021 -0.0443657 -0.0167569 0.0669344 -0.0669311 -0.0167569 131.228 50.9754 2.33784 1.9186 0.00422598 2.99861e-06 1.85015e-06 1.57497e-07 
-5.46835 0.0783109 -0.041668 -0.0184066 0.0669274 -0.0669239 -0.0184066 131.663 51.3332 2.34168 1.92397 0.00423899 2.77642e-06 1.35038e-06 7.19186e-07 
-5.46467 0.0853971 -0.0383714 -0.0194522 0.0669203 -0.0669167 -0.0194522 132.101 51.6927 2.34553 1.92935 0.00425181 2.4556e-06 7.9946e-07 1.26395e-06 
-5.46098 0.0918517 -0.0345926 -0.0198463 0.0669133 -0.0669096 -0.0198463 132.54 52.0539 2.34939 1.93473 0.00426378 2.04594e-06 2.16061e-07 1.77481e-06 
-5.4573 0.0975658 -0.0304482 -0.0195413 0.0669062 -0.0669026 -0.0195413 132.98 52.4168 2.35325 1.94011 0.00427425 1.56078e-06 -3.79331e-07 2.2353e-06 
-5.45361 0.102464 -0.0260595 -0.018518 0.066899 -0.0668956 -0.018518 133.422 52.7814 2.35713 1.94549 0.00428272 1.01679e-06 -9.65171e-07 2.63011e-06 
-5.44993 0.106549 -0.0215576 -0.0168219 0.0668918 -0.0668888 -0.0168219 133.865 53.1477 2.36101 1.95088 0.0042891 4.33362e-07 -1.51985e-06 2.946e-06 
-5.44624 0.109835 -0.0170752 -0.0145078 0.0668846 -0.066882 -0.0145078 134.311 53.5158 2.3649 1.95627 0.00429335 -1.68341e-07 -2.02265e-06 3.17213e-06 
-5.44256 0.112335 -0.0127449 -0.0116308 0.0668773 -0.0668752 -0.0116308 134.757 53.8855 2.3688 1.96167 0.0042954 -7.66175e-07 -2.45454e-06 3.30052e-06 
-5.43887 0.114064 -0.00869946 -0.00824556 0.06687 -0.0668685 -0.00824556 135.206 54.257 2.37271 1.96706 0.00429523 -1.33788e-06 -2.79898e-06 3.32634e-06 
-5.43519 0.11506 -0.00505011 -0.0044254 0.0668626 -0.0668618 -0.0044254 135.655 54.6302 2.37663 1.97246 0.00429289 -1.86202e-06 -3.04267e-06 3.24821e-06 
-5.4315 0.115424 -0.00185826 -0.000286409 0.0668552 -0.0668552 -0.000286409 136.107 55.0052 2.38056 1.97786 0.00428873 -2.31894e-06 -3.17628e-06 3.0684e-06 
-5.42782 0.115264 0.000821921 0.00404914 0.0668478 -0.0668485 0.00404914 136.56 55.3819 2.38449 1.98327 0.0042831 -2.69158e-06 -3.19467e-06 2.79253e-06 
-5.42413 0.114689 0.00293625 0.00845895 0.0668404 -0.0668418 0.00845895 137.015 55.7603 2.38843 1.98868 0.0042764 -2.96609e-06 -3.09703e-06 2.42937e-06 
-5.42045 0.113808 0.00443064 0.0128208 0.066833 -0.0668351 0.0128208 137.471 56.1405 2.39239 1.99409 0.00426898 -3.13229e-06 -2.88691e-06 1.99044e-06 
-5.41676 0.112728 0.00528166 0.0170173 0.0668256 -0.0668284 0.0170173 137.929 56.5225 2.39635 1.99951 0.00426124 -3.18406e-06 -2.57197e-06 1.48964e-06 
-5.41308 0.111557 0.00553878 0.0209433 0.0668182 -0.0668217 0.0209433 138.389 56.9062 2.40032 2.00492 0.00425356 -3.11953e-06 -2.16372e-06 9.4277e-07 
-5.40939 0.110401 0.00526207 0.0244952 0.0668108 -0.0668149 0.0244952 138.85 57.2917 2.40429 2.01035 0.00424633 -2.94105e-06 -1.67704e-06 3.66985e-07 
-5.40571 0.109367 0.00451163 0.0275693 0.0668035 -0.066808 0.0275693 139.313 57.679 2.40828 2.01577 0.00423996 -2.65509e-06 -1.12955e-06 -2.19762e-07 
-5.40202 0.108563 0.00334757 0.0300622 0.0667962 -0.0668011 0.0300622 139.778 58.0681 2.41227 2.0212 0.00423483 -2.27193e-06 -5.40996e-07 -7.99272e-07 
-5.39834 0.108069 0.00184645 0.0318956 0.0667889 -0.0667942 0.0318956 140.244 58.459 2.41628 2.02663 0.00423124 -1.80523e-06 6.74807e-08 -1.35362e-06 
-5.39465 0.107906 0.00012433 0.0330522 0.0667818 -0.0667872 0.0330522 140.712 58.8516 2.42029 2.03207 0.00422924 -1.27153e-06 6.73992e-07 -1.86555e-06 
-5.39097 0.108088 -0.00169689 0.0335233 0.0667746 -0.0667801 0.0335233 141.181 59.2461 2.42431 2.03751 0.00422883 -6.89868e-07 1.25654e-06 -2.31895e-06 
-5.38728 0.108627 -0.00349534 0.0333006 0.0667676 -0.0667729 0.0333006 141.653 59.6424 2.42834 2.04295 0.00423003 -8.11634e-08 1.79379e-06 -2.69933e-06 
-5.3836 0.109534 -0.00514915 0.0323755 0.0667605 -0.0667658 0.0323755 142.125 60.0405 2.43238 2.0484 0.00423284 5.32478e-07 2.26581e-06 -2.9943e-06 
-5.37991 0.110793 -0.00654758 0.0307669 0.0667536 -0.0667585 0.0307669 142.6 60.4404 2.43642 2.05384 0.00423715 1.1285e-06 2.65469e-06 -3.19385e-06 
-5.37623 0.112318 -0.00760699 0.0285595 0.0667467 -0.0667513 0.0285595 143.076 60.8422 2.44048 2.0593 0.00424249 1.68451e-06 2.94507e-06 -3.29052e-06 
-5.37255 0.114014 -0.00824772 0.0258479 0.0667398 -0.066744 0.0258479 143.554 61.2458 2.44454 2.06475 0.00424837 2.17906e-06 3.12487e-06 -3.27995e-06 
-5.36886 0.115783 -0.00839017 0.0227268 0.066733 -0.0667366 0.0227268 144.034 61.6512 2.44861 2.07021 0.0042543 2.59253e-06 3.18592e-06 -3.16117e-06 
-5.36518 0.117529 -0.00795478 0.0192908 0.0667262 -0.0667293 0.0192908 144.516 62.0585 2.45269 2.07568 0.00425978 2.90792e-06 3.12445e-06 -2.93681e-06 
-5.36149 0.11915 -0.00689265 0.0156432 0.0667194 -0.066722 0.0156432 144.999 62.4676 2.45678 2.08114 0.00426428 3.11174e-06 2.94145e-06 -2.61318e-06 
-5.35781 0.120523 -0.0052303 0.011908 0.0667126 -0.0667146 0.011908 145.484 62.8786 2.46088 2.08661 0.00426717 3.19456e-06 2.64275e-06 -2.20019e-06 
-5.35412 0.121527 -0.00300564 0.00821246 0.0667058 -0.0667073 0.00821246 145.97 63.2915 2.46498 2.09209 0.00426781 3.15171e-06 2.23915e-06 -1.71122e-06 
-5.35044 0.122037 -0.000256569 0.00468389 0.066699 -0.0667 0.00468389 146.459 63.7062 2.4691 2.09756 0.00426557 2.98371e-06 1.74607e-06 -1.16281e-06 
-5.34675 0.121932 0.00297892 0.00144952 0.0666923 -0.0666928 0.00144952 146.949 64.1228 2.47322 2.10304 0.00425981 2.69647e-06 1.18319e-06 -5.74156e-07 
-5.34307 0.121111 0.00663718 -0.00138041 0.0666854 -0.0666856 -0.00138041 147.441 64.5413 2.47735 2.10853 0.00424998 2.30127e-06 5.73651e-07 3.35461e-08 
-5.33938 0.119532 0.0105907 -0.00373782 0.0666786 -0.0666784 -0.00373782 147.935 64.9617 2.48149 2.11402 0.00423578 1.81451e-06 -5.69069e-08 6.37972e-07 
-5.3357 0.117166 0.014702 -0.00556114 0.0666718 -0.0666713 -0.00556114 148.43 65.384 2.48564 2.11951 0.00421692 1.25687e-06 -6.81619e-07 1.21666e-06 
-5.33201 0.113978 0.0188338 -0.00678876 0.0666649 -0.0666642 -0.00678876 148.927 65.8082 2.4898 2.125 0.00419311 6.52406e-07 -1.27364e-06 1.74792e-06 
-5.32833 0.109938 0.0228488 -0.00735917 0.066658 -0.0666573 -0.00735917 149.426 66.2343 2.49396 2.1305 0.00416409 2.74954e-08 -1.80743e-06 2.21183e-06 
-5.32464 0.10505 0.0266113 -0.00724023 0.066651 -0.0666504 -0.00724023 149.927 66.6623 2.49814 2.13601 0.00412973 -5.90444e-07 -2.26008e-06 2.59111e-06 
-5.32096 0.0994175 0.0299898 -0.00647379 0.0666441 -0.0666435 -0.00647379 150.43 67.0922 2.50232 2.14151 0.0040904 -1.17446e-06 -2.61273e-06 2.87228e-06 
-5.31727 0.093155 0.0328533 -0.00511319 0.0666371 -0.0666368 -0.00511319 150.934 67.5241 2.50651 2.14703 0.0040465 -1.69951e-06 -2.85142e-06 3.04606e-06 
-5.31359 0.0863786 0.035071 -0.00321174 0.0666302 -0.0666301 -0.00321174 151.44 67.9579 2.51071 2.15254 0.00399845 -2.14368e-06 -2.96764e-06 3.10762e-06 
-5.3099 0.0792043 0.036512 -0.000822806 0.0666232 -0.0666234 -0.000822806 151.948 68.3936 2.51492 2.15806 0.00394666 -2.48915e-06 -2.95861e-06 3.05678e-06 
-5.30622 0.0717697 0.0370761 0.00198186 0.0666163 -0.0666169 0.00198186 152.458 68.8313 2.51914 2.16358 0.00389166 -2.72303e-06 -2.82745e-06 2.8979e-06 
-5.30253 0.064267 0.0367406 0.00508372 0.0666094 -0.0666104 0.00508372 152.97 69.271 2.52337 2.16911 0.00383431 -2.83808e-06 -2.58291e-06 2.63976e-06 
-5.29885 0.0568969 0.0354951 0.00835687 0.0666025 -0.0666039 0.00835687 153.483 69.7126 2.52761 2.17464 0.0037755 -2.83265e-06 -2.23855e-06 2.29475e-06 
-5.29516 0.0498604 0.0333292 0.0116754 0.0665957 -0.0665976 0.0116754 153.998 70.1561 2.53185 2.18018 0.00371614 -2.7105e-06 -1.81184e-06 1.87809e-06 
-5.29148 0.0433582 0.0302325 0.0149135 0.066589 -0.0665912 0.0149135 154.516 70.6017 2.53611 2.18572 0.0036571 -2.48026e-06 -1.32308e-06 1.40703e-06 
-5.28779 0.0375757 0.0262315 0.0179528 0.0665823 -0.0665849 0.0179528 155.035 71.0492 2.54037 2.19126 0.00359929 -2.1548e-06 -7.94327e-07 9.00063e-07 
-5.28411 0.0326581 0.0214476 0.0206947 0.0665758 -0.0665787 0.0206947 155.555 71.4988 2.54464 2.19681 0.00354352 -1.75032e-06 -2.48324e-07 3.76041e-07 
-5.28042 0.0287444 0.0160173 0.0230436 0.0665693 -0.0665725 0.0230436 156.078 71.9503 2.54892 2.20236 0.00349065 -1.28553e-06 2.92511e-07 -1.46487e-07 
-5.27674 0.0259736 0.0100772 0.024904 0.0665629 -0.0665663 0.024904 156.603 72.4038 2.55321 2.20792 0.00344149 -7.80602e-07 8.06987e-07 -6.49953e-07 
-5.27305 0.0244844 0.00376368 0.0261805 0.0665567 -0.0665602 0.0261805 157.129 72.8593 2.55751 2.21348 0.00339687 -2.56355e-07 1.2759e-06 -1.1183e-06 
-5.26937 0.024371 -0.00277304 0.0268044 0.0665505 -0.0665541 0.0268044 157.658 73.3169 2.56182 2.21905 0.00335748 2.66646e-07 1.68252e-06 -1.53733e-06 
-5.26568 0.0256109 -0.00934745 0.0267781 0.0665445 -0.066548 0.0267781 158.188 73.7764 2.56614 2.22462 0.00332363 7.68626e-07 2.0128e-06 -1.89474e-06 
-5.262 0.0281631 -0.0157683 0.0261148 0.0665385 -0.0665419 0.0261148 158.72 74.238 2.57046 2.23019 0.00329553 1.23104e-06 2.25564e-06 -2.1803e-06 
-5.25831 0.0319862 -0.0218444 0.0248282 0.0665327 -0.0665359 0.0248282 159.254 74.7017 2.5748 2.23577 0.00327345 1.63711e-06 2.40319e-06 -2.38608e-06 
-5.25463 0.0370391 -0.0273844 0.0229317 0.066527 -0.0665299 0.0229317 159.791 75.1674 2.57914 2.24136 0.0032576 1.97221e-06 2.45091e-06 -2.5065e-06 
-5.25094 0.0432389 -0.032219 0.0204622 0.0665213 -0.066524 0.0204622 160.329 75.6351 2.5835 2.24695 0.00324805 2.22417e-06 2.39752e-06 -2.53821e-06 
-5.24726 0.0503933 -0.036236 0.0175186 0.0665158 -0.066518 0.0175186 160.868 76.1049 2.58786 2.25254 0.00324437 2.38323e-06 2.24474e-06 -2.47995e-06 
-5.24357 0.0582921 -0.0393326 0.0142097 0.0665103 -0.0665121 0.0142097 161.41 76.5767 2.59223 2.25814 0.00324606 2.4426e-06 1.99772e-06 -2.33286e-06 
-5.23989 0.0667253 -0.0414059 0.0106446 0.0665048 -0.0665063 0.0106446 161.954 77.0506 2.59661 2.26374 0.00325261 2.39885e-06 1.66509e-06 -2.10079e-06 
-5.2362 0.0754825 -0.0423532 0.00693193 0.0664994 -0.0665004 0.00693193 162.5 77.5266 2.601 2.26935 0.00326351 2.25227e-06 1.25891e-06 -1.79028e-06 
-5.23252 0.0843468 -0.0421123 0.00318107 0.066494 -0.0664946 0.00318107 163.048 78.0047 2.6054 2.27496 0.00327817 2.00704e-06 7.9439e-07 -1.41061e-06 
-5.22883 0.0930829 -0.0407298 -0.000497927 0.0664887 -0.0664888 -0.000497927 163.597 78.4849 2.60981 2.28058 0.00329577 1.67127e-06 2.89644e-07 -9.73679e-07 
-5.22515 0.101452 -0.0382698 -0.00399482 0.0664833 -0.066483 -0.00399482 164.149 78.9672 2.61422 2.2862 0.00331544 1.25721e-06 -2.34718e-07 -4.94013e-07 
-5.22147 0.109217 -0.0347967 -0.00719938 0.0664779 -0.0664773 -0.00719938 164.703 79.4516 2.61865 2.29183 0.00333632 7.81104e-07 -7.56249e-07 1.15049e-08 
-5.21778 0.116139 -0.0303746 -0.0100014 0.0664725 -0.0664716 -0.0100014 165.258 79.9381 2.62309 2.29746 0.00335755 2.62728e-07 -1.25157e-06 5.24124e-07 
-5.2141 0.122012 -0.0250963 -0.0123121 0.0664671 -0.0664659 -0.0123121 165.816 80.4267 2.62753 2.3031 0.0033783 -2.75256e-07 -1.69745e-06 1.02388e-06 
-5.21041 0.126718 -0.0191303 -0.0141008 0.0664616 -0.0664602 -0.0141008 166.375 80.9175 2.63198 2.30874 0.00339786 -8.08292e-07 -2.07207e-06 1.49045e-06 
-5.20673 0.130156 -0.0126584 -0.0153464 0.0664561 -0.0664545 -0.0153464 166.937 81.4103 2.63645 2.31438 0.00341554 -1.31111e-06 -2.35622e-06 1.90408e-06 
-5.20304 0.132221 -0.0058618 -0.0160277 0.0664505 -0.0664489 -0.0160277 167.501 81.9054 2.64092 2.32003 0.00343064 -1.759e-06 -2.53448e-06 2.24651e-06 
-5.19936 0.132812 0.00107785 -0.0161237 0.0664449 -0.0664432 -0.0161237 168.067 82.4026 2.6454 2.32569 0.00344247 -2.12918e-06 -2.59621e-06 2.50196e-06 
-5.19567 0.131872 0.00798316 -0.0156366 0.0664392 -0.0664375 -0.0156366 168.634 82.9019 2.64989 2.33135 0.00345045 -2.40219e-06 -2.53652e-06 2.65808e-06 
-5.19199 0.129474 0.0146877 -0.0146319 0.0664334 -0.0664319 -0.0146319 169.204 83.4034 2.65439 2.33702 0.00345429 -2.56336e-06 -2.35693e-06 2.70697e-06 
-5.1883 0.125711 0.0210271 -0.013186 0.0664276 -0.0664262 -0.013186 169.776 83.9071 2.6589 2.34269 0.00345378 -2.60359e-06 -2.06527e-06 2.6455e-06 
-5.18462 0.12068 0.0268368 -0.0113752 0.0664217 -0.0664206 -0.0113752 170.35 84.413 2.66342 2.34836 0.00344869 -2.52005e-06 -1.67537e-06 2.47557e-06 
-5.18093 0.114472 0.0319523 -0.00927586 0.0664159 -0.0664149 -0.00927586 170.926 84.921 2.66795 2.35404 0.0034388 -2.31641e-06 -1.20646e-06 2.20414e-06 
-5.17725 0.107211 0.0362388 -0.00696985 0.0664099 -0.0664092 -0.00696985 171.504 85.4312 2.67249 2.35973 0.003424 -2.00287e-06 -6.82204e-07 1.84308e-06 
-5.17356 0.0990962 0.0396431 -0.0045548 0.066404 -0.0664035 -0.0045548 172.084 85.9437 2.67704 2.36542 0.00340459 -1.59575e-06 -1.2936e-07 1.40867e-06 
-5.16988 0.0903402 0.0421263 -0.00213096 0.0663981 -0.0663978 -0.00213096 172.666 86.4584 2.68159 2.37112 0.00338088 -1.1163e-06 4.23919e-07 9.20529e-07 
-5.16619 0.0811559 0.0436491 0.000201417 0.0663921 -0.0663921 0.000201417 173.251 86.9752 2.68616 2.37682 0.00335321 -5.89406e-07 9.49706e-07 4.00596e-07 
-5.16251 0.0717561 0.0441727 0.00234209 0.0663862 -0.0663864 0.00234209 173.837 87.4943 2.69073 2.38253 0.00332193 -4.22026e-08 1.42183e-06 -1.27998e-07 
-5.15882 0.0623469 0.0436885 0.00420441 0.0663803 -0.0663807 0.00420441 174.426 88.0157 2.69532 2.38824 0.00328741 4.97475e-07 1.8173e-06 -6.42052e-07 
-5.15514 0.0531166 0.0422739 0.00573967 0.0663744 -0.066375 0.00573967 175.016 88.5392 2.69991 2.39396 0.00325022 1.00269e-06 2.11764e-06 -1.11949e-06 
-5.15145 0.0442502 0.040021 0.00690575 0.0663686 -0.0663692 0.00690575 175.609 89.0651 2.70451 2.39968 0.00321094 1.44891e-06 2.3097e-06 -1.54044e-06 
-5.14777 0.0359327 0.037022 0.00766053 0.0663629 -0.0663635 0.00766053 176.204 89.5931 2.70913 2.40541 0.00317014 1.81524e-06 2.38626e-06 -1.88807e-06 
-5.14408 0.028349 0.033369 0.0079619 0.0663572 -0.0663579 0.0079619 176.801 90.1235 2.71375 2.41114 0.00312842 2.08542e-06 2.34611e-06 -2.14929e-06 
-5.1404 0.0216535 0.0291655 0.00778631 0.0663515 -0.0663522 0.00778631 177.4 90.6561 2.71838 2.41688 0.00308632 2.24845e-06 2.19395e-06 -2.31516e-06 
-5.13671 0.0159139 0.0245467 0.00716268 0.066346 -0.0663466 0.00716268 178.002 91.191 2.72302 2.42262 0.00304437 2.29896e-06 1.93984e-06 -2.38105e-06 
-5.13303 0.0111825 0.0196533 0.0061291 0.0663405 -0.066341 0.0061291 178.605 91.7282 2.72767 2.42837 0.00300306 2.23723e-06 1.59852e-06 -2.34671e-06 
-5.12934 0.00751185 0.0146261 0.0047237 0.0663351 -0.0663354 0.0047237 179.211 92.2676 2.73233 2.43413 0.00296288 2.06897e-06 1.18853e-06 -2.21607e-06 
-5.12566 0.00495431 0.00960587 0.00298458 0.0663298 -0.0663299 0.00298458 179.819 92.8094 2.737 2.43989 0.00292435 1.80482e-06 7.31062e-07 -1.99688e-06 
-5.12197 0.00353109 0.00472227 0.000958818 0.0663245 -0.0663245 0.000958818 180.429 93.3535 2.74168 2.44566 0.00288789 1.45953e-06 2.48902e-07 -1.70013e-06 
-5.11829 0.00317409 7.31967e-05 -0.00128095 0.0663193 -0.0663191 -0.00128095 181.041 93.8999 2.74637 2.45143 0.00285374 1.05114e-06 -2.3469e-07 -1.33944e-06 
-5.1146 0.00379937 -0.00424911 -0.00365753 0.0663142 -0.0663137 -0.00365753 181.656 94.4487 2.75107 2.45721 0.00282211 6.00135e-07 -6.96931e-07 -9.30575e-07 
-5.11092 0.00532296 -0.00815239 -0.00609374 0.0663092 -0.0663085 -0.00609374 182.273 94.9997 2.75577 2.46299 0.0027932 1.28526e-07 -1.1165e-06 -4.90791e-07 
-5.10723 0.0076609 -0.0115444 -0.0085124 0.0663042 -0.0663032 -0.0085124 182.892 95.5531 2.76049 2.46878 0.00276721 -3.41198e-07 -1.47443e-06 -3.81538e-08 
-5.10355 0.0107165 -0.0143547 -0.0108407 0.0662993 -0.0662981 -0.0108407 183.513 96.1089 2.76522 2.47457 0.00274427 -7.87018e-07 -1.75483e-06 4.09132e-07 
-5.09986 0.0143563 -0.0165757 -0.0130185 0.0662944 -0.066293 -0.0130185 184.136 96.667 2.76995 2.48037 0.00272427 -1.18819e-06 -1.94534e-06 8.33269e-07 
-5.09618 0.0184401 -0.0182111 -0.0149879 0.0662895 -0.066288 -0.0149879 184.762 97.2275 2.7747 2.48618 0.00270703 -1.52606e-06 -2.03766e-06 1.21739e-06 
-5.09249 0.0228278 -0.0192646 -0.0166911 0.0662847 -0.066283 -0.0166911 185.39 97.7904 2.77946 2.49199 0.0026924 -1.78488e-06 -2.02798e-06 1.54618e-06 
-5.08881 0.0273793 -0.0197401 -0.0180703 0.0662799 -0.0662782 -0.0180703 186.02 98.3556 2.78422 2.49781 0.00268022 -1.9525e-06 -1.91719e-06 1.80643e-06 
-5.08512 0.0319646 -0.0196579 -0.0190799 0.0662751 -0.0662733 -0.0190799 186.653 98.9233 2.789 2.50364 0.00267028 -2.02099e-06 -1.71086e-06 1.98755e-06 
-5.08144 0.0364838 -0.0190872 -0.0197107 0.0662704 -0.0662685 -0.0197107 187.288 99.4933 2.79378 2.50947 0.00266229 -1.98694e-06 -1.41903e-06 2.08191e-06 
-5.07776 0.0408422 -0.018106 -0.0199599 0.0662657 -0.0662638 -0.0199599 187.925 100.066 2.79858 2.5153 0.00265591 -1.8518e-06 -1.05597e-06 2.08534e-06 
-5.07407 0.0449452 -0.0167925 -0.0198248 0.0662609 -0.0662591 -0.0198248 188.564 100.641 2.80338 2.52114 0.00265082 -1.62202e-06 -6.39625e-07 1.99732e-06 
-5.07039 0.0486982 -0.0152248 -0.0193027 0.0662562 -0.0662544 -0.0193027 189.206 101.218 2.8082 2.52699 0.00264669 -1.30884e-06 -1.90852e-07 1.82126e-06 
-5.0667 0.0520286 -0.0134815 -0.0184034 0.0662515 -0.0662498 -0.0184034 189.85 101.798 2.81302 2.53285 0.00264322 -9.27915e-07 2.67516e-07 1.56439e-06 
-5.06302 0.0549296 -0.0116434 -0.0171737 0.0662468 -0.0662452 -0.0171737 190.496 102.38 2.81786 2.53871 0.00264019 -4.98647e-07 7.11825e-07 1.23767e-06 
-5.05933 0.0574062 -0.00979166 -0.0156671 0.066242 -0.0662406 -0.0156671 191.145 102.964 2.8227 2.54457 0.00263741 -4.32062e-08 1.11883e-06 8.55348e-07 
-5.05565 0.0594634 -0.00800744 -0.0139374 0.0662373 -0.066236 -0.0139374 191.796 103.552 2.82756 2.55045 0.00263467 4.14566e-07 1.46695e-06 4.34335e-07 
-5.05196 0.0611064 -0.00637186 -0.0120379 0.0662326 -0.0662315 -0.0120379 192.449 104.141 2.83242 2.55633 0.00263177 8.50385e-07 1.7374e-06 -6.43521e-09 
-5.04828 0.0623545 -0.00495091 -0.0100272 0.0662279 -0.0662269 -0.0100272 193.105 104.733 2.83729 2.56221 0.00262857 1.24085e-06 1.9154e-06 -4.46865e-07 
-5.04459 0.0632702 -0.00376528 -0.00797758 0.0662232 -0.0662224 -0.00797758 193.763 105.328 2.84218 2.5681 0.00262507 1.56483e-06 1.99107e-06 -8.66684e-07 
-5.04091 0.0639239 -0.0028272 -0.00596434 0.0662185 -0.0662179 -0.00596434 194.424 105.925 2.84707 2.574 0.00262135 1.8047e-06 1.96004e-06 -1.24646e-06 
-5.03722 0.064386 -0.00214892 -0.00406261 0.0662139 -0.0662134 -0.00406261 195.087 106.524 2.85198 2.5799 0.00261744 1.94727e-06 1.8237e-06 -1.56853e-06 
-5.03354 0.0647268 -0.00174265 -0.00234751 0.0662092 -0.0662088 -0.00234751 195.752 107.126 2.85689 2.58582 0.0026134 1.98456e-06 1.58913e-06 -1.81781e-06 
-5.02985 0.0650099 -0.0016037 -0.00088557 0.0662045 -0.0662043 -0.00088557 196.42 107.731 2.86182 2.59173 0.00260929 1.91428e-06 1.26879e-06 -1.98255e-06 
-5.02617 0.0652776 -0.00167606 0.000282896 0.0661999 -0.0661997 0.000282896 197.09 108.338 2.86675 2.59766 0.00260519 1.74003e-06 8.79882e-07 -2.05489e-06 
-5.02248 0.0655682 -0.00189406 0.00112252 0.0661953 -0.0661952 0.00112252 197.762 108.947 2.87169 2.60359 0.00260119 1.47104e-06 4.43418e-07 -2.03129e-06 
-5.0188 0.06592 -0.00219201 0.00159792 0.0661907 -0.0661906 0.00159792 198.437 109.56 2.87665 2.60952 0.00259738 1.12181e-06 -1.69217e-08 -1.91262e-06 
-5.01511 0.0663713 -0.00250421 0.00167373 0.0661862 -0.0661861 0.00167373 199.115 110.174 2.88161 2.61546 0.00259384 7.11217e-07 -4.76051e-07 -1.70422e-06 
-5.01143 0.0669403 -0.00276538 0.00133258 0.0661816 -0.0661815 0.00133258 199.795 110.792 2.88659 2.62141 0.00259063 2.61615e-07 -9.08821e-07 -1.4156e-06 
-5.00774 0.0675835 -0.0029114 0.0006122 0.0661771 -0.0661769 0.0006122 200.477 111.411 2.89157 2.62737 0.00258766 -2.02381e-07 -1.29131e-06 -1.06005e-06 
-5.00406 0.0682452 -0.00287837 -0.000439098 0.0661726 -0.0661724 -0.000439098 201.162 112.034 2.89657 2.63333 0.00258481 -6.55113e-07 -1.60213e-06 -6.54099e-07 
-5.00037 0.06887 -0.0026024 -0.00177302 0.0661681 -0.0661678 -0.00177302 201.849 112.659 2.90157 2.6393 0.00258199 -1.07128e-06 -1.82364e-06 -2.16897e-07 
-4.99669 0.0694026 -0.00201963 -0.00334128 0.0661636 -0.0661632 -0.00334128 202.539 113.286 2.90659 2.64528 0.00257908 -1.42737e-06 -1.94303e-06 2.30711e-07 
-4.993 0.0697807 -0.00108746 -0.00508479 0.0661592 -0.0661586 -0.00508479 203.231 113.917 2.91161 2.65126 0.00257591 -1.70299e-06 -1.95308e-06 6.67134e-07 
-4.98932 0.0699219 0.000170553 -0.00691106 0.0661547 -0.0661541 -0.00691106 203.926 114.549 2.91665 2.65725 0.00257218 -1.88196e-06 -1.85261e-06 1.07099e-06 
-4.98563 0.0697396 0.00171806 -0.00872111 0.0661503 -0.0661495 -0.00872111 204.623 115.185 2.92169 2.66324 0.00256752 -1.95348e-06 -1.64679e-06 1.42216e-06 
-4.98195 0.0691472 0.00351871 -0.010416 0.0661458 -0.066145 -0.010416 205.323 115.823 2.92675 2.66924 0.00256159 -1.91287e-06 -1.3471e-06 1.70282e-06 
-4.97826 0.0680583 0.00553616 -0.0118967 0.0661414 -0.0661405 -0.0118967 206.025 116.464 2.93181 2.67525 0.00255402 -1.76212e-06 -9.70775e-07 1.89851e-06 
-4.97458 0.0664095 0.00771458 -0.0130752 0.0661369 -0.066136 -0.0130752 206.73 117.107 2.93689 2.68127 0.00254452 -1.50994e-06 -5.39961e-07 1.99903e-06 
-4.97089 0.0642108 0.00993704 -0.0138979 0.0661325 -0.0661315 -0.0138979 207.438 117.753 2.94197 2.68729 0.0025329 -1.17142e-06 -8.03848e-08 1.99921e-06 
-4.96721 0.0614865 0.0120746 -0.014318 0.0661281 -0.0661271 -0.014318 208.148 118.402 2.94707 2.69332 0.00251903 -7.67096e-07 3.80288e-07 1.89922e-06 
-4.96352 0.0582606 0.0139984 -0.0142884 0.0661236 -0.0661226 -0.0142884 208.86 119.053 2.95218 2.69936 0.00250275 -3.21696e-07 8.14209e-07 1.70465e-06 
-4.95984 0.0545576 0.0155794 -0.0137625 0.0661192 -0.0661183 -0.0137625 209.576 119.708 2.95729 2.7054 0.00248393 1.37425e-07 1.19514e-06 1.42623e-06 
-4.95615 0.0504341 0.0166993 -0.0127177 0.0661148 -0.0661139 -0.0127177 210.293 120.364 2.96242 2.71145 0.00246252 5.82045e-07 1.50022e-06 1.07935e-06 
-4.95247 0.0460506 0.0172727 -0.0112095 0.0661104 -0.0661096 -0.0112095 211.014 121.024 2.96756 2.71751 0.00243889 9.85133e-07 1.7118e-06 6.83229e-07 
-4.94878 0.0415878 0.017221 -0.00930886 0.066106 -0.0661054 -0.00930886 211.737 121.686 2.97271 2.72357 0.00241346 1.32274e-06 1.81841e-06 2.59463e-07 
-4.9451 0.0372267 0.0164656 -0.00708667 0.0661016 -0.0661012 -0.00708667 212.462 122.351 2.97786 2.72964 0.00238666 1.57547e-06 1.81538e-06 -1.69323e-07 
-4.94141 0.0331481 0.0149277 -0.00461383 0.0660973 -0.066097 -0.00461383 213.191 123.019 2.98303 2.73572 0.0023589 1.72962e-06 1.70492e-06 -5.80751e-07 
-4.93773 0.0295327 0.0125656 -0.00197159 0.066093 -0.0660928 -0.00197159 213.921 123.689 2.98821 2.7418 0.00233067 1.77788e-06 1.49581e-06 -9.53939e-07 
-4.93405 0.0265609 0.00945617 0.000725504 0.0660887 -0.0660887 0.000725504 214.655 124.363 2.9934 2.7479 0.00230258 1.71969e-06 1.2027e-06 -1.27066e-06 
-4.93036 0.0244129 0.00569988 0.00335622 0.0660845 -0.0660847 0.00335622 215.391 125.039 2.9986 2.75399 0.00227529 1.56089e-06 8.44768e-07 -1.51624e-06 
-4.92668 0.0232688 0.00139737 0.00579932 0.0660803 -0.0660807 0.00579932 216.13 125.717 3.00381 2.7601 0.00224945 1.31302e-06 4.44396e-07 -1.68008e-06 
-4.92299 0.0233089 -0.00335079 0.00793361 0.0660762 -0.0660767 0.00793361 216.872 126.399 3.00903 2.76621 0.00222572 9.9237e-07 2.56328e-08 -1.75599e-06 
-4.91931 0.0246683 -0.00842066 0.00965653 0.0660721 -0.0660727 0.00965653 217.616 127.083 3.01426 2.77234 0.00220469 6.18736e-07 -3.87223e-07 -1.74211e-06 
-4.91562 0.0273348 -0.0136125 0.0109264 0.0660681 -0.0660688 0.0109264 218.363 127.771 3.0195 2.77846 0.00218671 2.14204e-07 -7.70857e-07 -1.64064e-06 
-4.91194 0.0312666 -0.0187109 0.0117139 0.0660641 -0.0660649 0.0117139 219.112 128.46 3.02476 2.7846 0.00217213 -1.97947e-07 -1.10401e-06 -1.45765e-06 
-4.90825 0.0364216 -0.0235009 0.0119897 0.0660602 -0.066061 0.0119897 219.865 129.153 3.03002 2.79074 0.00216125 -5.94439e-07 -1.36849e-06 -1.20271e-06 
-4.90457 0.042758 -0.0277672 0.0117245 0.0660564 -0.0660571 0.0117245 220.62 129.849 3.03529 2.79689 0.00215441 -9.53148e-07 -1.54997e-06 -8.8837e-07 
-4.90088 0.050186 -0.0313167 0.0109159 0.0660525 -0.0660532 0.0109159 221.378 130.547 3.04058 2.80305 0.00215178 -1.25405e-06 -1.63844e-06 -5.29553e-07 
-4.8972 0.0584584 -0.0340298 0.00965082 0.0660488 -0.0660494 0.00965082 222.138 131.249 3.04587 2.80922 0.00215303 -1.47977e-06 -1.62836e-06 -1.43017e-07 
-4.89351 0.0672956 -0.0358018 0.00803423 0.066045 -0.0660456 0.00803423 222.902 131.953 3.05118 2.81539 0.00215772 -1.61656e-06 -1.51928e-06 2.52854e-07 
-4.88983 0.076418 -0.0365279 0.00617122 0.0660413 -0.0660418 0.00617122 223.668 132.66 3.05649 2.82157 0.00216542 -1.65517e-06 -1.31616e-06 6.38683e-07 
-4.88614 0.0855462 -0.0361035 0.00416687 0.0660376 -0.0660379 0.00416687 224.437 133.37 3.06182 2.82776 0.00217569 -1.59167e-06 -1.0295e-06 9.94919e-07 
-4.88246 0.0944042 -0.034472 0.00212791 0.0660339 -0.0660341 0.00212791 225.209 134.083 3.06716 2.83395 0.00218804 -1.42789e-06 -6.74946e-07 1.30272e-06 
-4.87877 0.102729 -0.0317365 0.000166703 0.0660302 -0.0660303 0.000166703 225.983 134.799 3.07251 2.84016 0.00220176 -1.17164e-06 -2.72807e-07 1.54479e-06 
-4.87509 0.110261 -0.0280338 -0.00160327 0.0660264 -0.0660265 -0.00160327 226.76 135.518 3.07786 2.84637 0.0022161 -8.36868e-07 1.52757e-07 1.7065e-06 
-4.8714 0.116738 -0.0235003 -0.00306851 0.0660227 -0.0660227 -0.00306851 227.541 136.239 3.08323 2.85258 0.0022303 -4.43174e-07 5.74991e-07 1.77692e-06 
-4.86772 0.121901 -0.0182727 -0.00411551 0.066019 -0.0660189 -0.00411551 228.323 136.964 3.08861 2.85881 0.00224362 -1.49597e-08 9.66186e-07 1.74987e-06 
-4.86403 0.125544 -0.012508 -0.00465691 0.0660152 -0.0660151 -0.00465691 229.109 137.691 3.09401 2.86504 0.00225537 4.20013e-07 1.29963e-06 1.62465e-06 
-4.86035 0.127647 -0.00643279 -0.00469345 0.0660114 -0.0660113 -0.00469345 229.898 138.422 3.09941 2.87128 0.00226512 8.32545e-07 1.55176e-06 1.40662e-06 
-4.85666 0.128227 -0.000288007 -0.00424442 0.0660076 -0.0660075 -0.00424442 230.69 139.155 3.10482 2.87753 0.00227249 1.19418e-06 1.7041e-06 1.10696e-06 
-4.85298 0.127304 0.00568532 -0.00332912 0.0660037 -0.0660037 -0.00332912 231.484 139.892 3.11024 2.88379 0.00227709 1.47934e-06 1.74472e-06 7.4218e-07 
-4.84929 0.124894 0.0112462 -0.00196684 0.0659998 -0.0659999 -0.00196684 232.281 140.631 3.11568 2.89005 0.00227853 1.66732e-06 1.66946e-06 3.3325e-07 
-4.84561 0.121065 0.0161822 -0.000196861 0.065996 -0.065996 -0.000196861 233.082 141.374 3.12112 2.89633 0.00227656 1.74417e-06 1.48255e-06 -9.55962e-08 
-4.84192 0.116042 0.0203791 0.00187338 0.065992 -0.0659922 0.00187338 233.885 142.119 3.12658 2.90261 0.0022713 1.70413e-06 1.19667e-06 -5.18556e-07 
-4.83824 0.110085 0.0237435 0.00412189 0.0659881 -0.0659884 0.00412189 234.691 142.867 3.13205 2.90889 0.00226298 1.54999e-06 8.31744e-07 -9.10167e-07 
-4.83455 0.103454 0.0261818 0.00642671 0.0659842 -0.0659846 0.00642671 235.5 143.619 3.13752 2.91519 0.00225182 1.29278e-06 4.13387e-07 -1.24699e-06 
-4.83087 0.0964106 0.0276006 0.00866584 0.0659803 -0.0659808 0.00866584 236.312 144.374 3.14301 2.92149 0.00223804 9.50933e-07 -2.90361e-08 -1.50911e-06 
-4.82718 0.0892075 0.0279477 0.0107284 0.0659763 -0.065977 0.0107284 237.126 145.131 3.14851 2.9278 0.00222192 5.48859e-07 -4.64611e-07 -1.68142e-06 
-4.8235 0.0820733 0.0273132 0.0125418 0.0659724 -0.0659731 0.0125418 237.944 145.892 3.15402 2.93412 0.00220386 1.15077e-07 -8.63252e-07 -1.75465e-06 
-4.81981 0.0752314 0.0258179 0.0140416 0.0659686 -0.0659693 0.0140416 238.765 146.656 3.15954 2.94045 0.00218433 -3.20076e-07 -1.19795e-06 -1.72577e-06 
-4.81613 0.068905 0.0235828 0.0151635 0.0659647 -0.0659655 0.0151635 239.589 147.422 3.16508 2.94679 0.00216377 -7.26695e-07 -1.44667e-06 -1.59796e-06 
-4.81244 0.0633176 0.0207287 0.0158431 0.0659609 -0.0659618 0.0158431 240.416 148.192 3.17062 2.95313 0.00214263 -1.07743e-06 -1.59376e-06 -1.3803e-06 
-4.80876 0.0586508 0.017384 0.0160404 0.0659571 -0.065958 0.0160404 241.245 148.965 3.17617 2.95948 0.00212134 -1.34933e-06 -1.63087e-06 -1.08691e-06 
-4.80507 0.0549405 0.0137035 0.0158003 0.0659534 -0.0659543 0.0158003 242.078 149.742 3.18174 2.96584 0.0021002 -1.52522e-06 -1.55722e-06 -7.35994e-07 
-4.80139 0.0521908 0.0098478 0.0151863 0.0659497 -0.0659505 0.0151863 242.914 150.521 3.18731 2.97221 0.00207951 -1.59471e-06 -1.37954e-06 -3.48723e-07 
-4.7977 0.050406 0.00597755 0.0142618 0.065946 -0.0659468 0.0142618 243.753 151.303 3.1929 2.97858 0.00205955 -1.55481e-06 -1.11144e-06 5.20748e-08 
-4.79402 0.04959 0.00225334 0.0130903 0.0659424 -0.0659431 0.0130903 244.595 152.089 3.1985 2.98497 0.00204062 -1.40986e-06 -7.72314e-07 4.43248e-07 
-4.79034 0.049723 -0.00118759 0.0117392 0.0659388 -0.0659395 0.0117392 245.44 152.878 3.20411 2.99136 0.00202297 -1.1711e-06 -3.85919e-07 8.02621e-07 
-4.78665 0.0506997 -0.00429067 0.0102899 0.0659352 -0.0659359 0.0102899 246.288 153.67 3.20973 2.99776 0.00200666 -8.55711e-07 2.12451e-08 1.11009e-06 
-4.78297 0.0523961 -0.00701958 0.00882694 0.0659317 -0.0659323 0.00882694 247.139 154.465 3.21536 3.00417 0.00199172 -4.85766e-07 4.21565e-07 1.34863e-06 
-4.77928 0.0546882 -0.00933798 0.00743479 0.0659282 -0.0659287 0.00743479 247.993 155.263 3.221 3.01059 0.00197821 -8.67772e-08 7.88094e-07 1.50524e-06 
-4.7756 0.0574519 -0.0112096 0.00619796 0.0659248 -0.0659252 0.00619796 248.851 156.064 3.22666 3.01701 0.00196615 3.13975e-07 1.0963e-06 1.5716e-06 
-4.77191 0.0605707 -0.0126135 0.00518374 0.0659213 -0.0659217 0.00518374 249.711 156.869 3.23232 3.02344 0.00195555 6.89222e-07 1.32564e-06 1.54449e-06 
-4.76823 0.0639559 -0.0135843 0.00439786 0.0659179 -0.0659183 0.00439786 250.575 157.677 3.238 3.02989 0.00194637 1.01344e-06 1.46083e-06 1.4259e-06 
-4.76454 0.0675246 -0.014169 0.00383225 0.0659145 -0.0659148 0.00383225 251.442 158.488 3.24369 3.03634 0.00193853 1.26452e-06 1.49288e-06 1.22303e-06 
-4.76086 0.071194 -0.0144144 0.00347885 0.0659112 -0.0659114 0.00347885 252.311 159.303 3.24939 3.0428 0.00193196 1.42522e-06 1.41977e-06 9.4792e-07 
-4.75717 0.0748813 -0.0143674 0.00332962 0.0659078 -0.065908 0.00332962 253.185 160.121 3.2551 3.04926 0.00192659 1.48441e-06 1.2466e-06 6.16805e-07 
-4.75349 0.0785127 -0.0140686 0.00336753 0.0659044 -0.0659046 0.00336753 254.061 160.942 3.26082 3.05574 0.00192233 1.43788e-06 9.8539e-07 2.49276e-07 
-4.7498 0.0820462 -0.0135344 0.00354312 0.0659011 -0.0659013 0.00354312 254.94 161.766 3.26655 3.06223 0.00191913 1.28867e-06 6.54297e-07 -1.32812e-07 
-4.74612 0.0854472 -0.0127761 0.00379957 0.0658978 -0.0658979 0.00379957 255.823 162.594 3.27229 3.06872 0.00191691 1.04703e-06 2.7649e-07 -5.06569e-07 
-4.74243 0.0886811 -0.0118049 0.00408006 0.0658944 -0.0658946 0.00408006 256.709 163.424 3.27805 3.07522 0.00191559 7.29766e-07 -1.21385e-07 -8.49387e-07 
-4.73875 0.0917132 -0.0106321 0.00432776 0.0658911 -0.0658913 0.00432776 257.598 164.259 3.28382 3.08173 0.0019151 3.5919e-07 -5.10995e-07 -1.14028e-06 
-4.73506 0.0945028 -0.00926553 0.00449616 0.0658878 -0.065888 0.00449616 258.49 165.096 3.2896 3.08825 0.00191534 -3.83328e-08 -8.64271e-07 -1.36112e-06 
-4.73138 0.0969869 -0.00770073 0.00457648 0.0658845 -0.0658846 0.00457648 259.386 165.937 3.29539 3.09478 0.00191611 -4.34155e-07 -1.15533e-06 -1.49774e-06 
-4.72769 0.0990972 -0.00593038 0.0045686 0.0658812 -0.0658813 0.0045686 260.285 166.782 3.30119 3.10132 0.00191717 -7.99276e-07 -1.36237e-06 -1.54091e-06 
-4.72401 0.100766 -0.00394718 0.00447239 0.0658779 -0.065878 0.00447239 261.187 167.629 3.307 3.10786 0.0019183 -1.10646e-06 -1.4694e-06 -1.48708e-06 
-4.72032 0.101924 -0.00174383 0.00428772 0.0658746 -0.0658747 0.00428772 262.092 168.48 3.31282 3.11442 0.00191926 -1.33232e-06 -1.46757e-06 -1.33881e-06 
-4.71664 0.102507 0.000673407 0.00402127 0.0658713 -0.0658714 0.00402127 263.001 169.335 3.31866 3.12098 0.00191983 -1.45919e-06 -1.35611e-06 -1.10477e-06 
-4.71295 0.102459 0.00324787 0.0037049 0.0658679 -0.0658681 0.0037049 263.913 170.193 3.32451 3.12755 0.00191976 -1.47666e-06 -1.14255e-06 -7.99366e-07 
-4.70927 0.101729 0.00591124 0.00337632 0.0658646 -0.0658648 0.00337632 264.828 171.054 3.33036 3.13413 0.00191881 -1.38258e-06 -8.4242e-07 -4.41958e-07 
-4.70558 0.100263 0.00859518 0.00307325 0.0658613 -0.0658615 0.00307325 265.747 171.919 3.33623 3.14072 0.00191676 -1.18347e-06 -4.78216e-07 -5.56984e-08 
-4.7019 0.0980107 0.0112314 0.00283341 0.065858 -0.0658581 0.00283341 266.669 172.787 3.34212 3.14732 0.00191335 -8.94203e-07 -7.78058e-08 3.33956e-07 
-4.69821 0.0949439 0.013746 0.00268426 0.0658547 -0.0658548 0.00268426 267.594 173.658 3.34801 3.15393 0.0019084 -5.3705e-07 3.2771e-07 7.00978e-07 
-4.69453 0.0911339 0.016045 0.00261485 0.0658514 -0.0658515 0.00261485 268.523 174.533 3.35391 3.16054 0.00190188 -1.39968e-07 7.06559e-07 1.0207e-06 
-4.69084 0.0866742 0.0180292 0.0026052 0.0658481 -0.0658482 0.0026052 269.455 175.412 3.35983 3.16717 0.0018938 2.65754e-07 1.02899e-06 1.27162e-06 
-4.68716 0.0816583 0.0195999 0.00263531 0.0658448 -0.0658449 0.00263531 270.391 176.294 3.36576 3.1738 0.00188418 6.48067e-07 1.26971e-06 1.43698e-06 
-4.68347 0.0761798 0.0206579 0.0026852 0.0658415 -0.0658416 0.0026852 271.33 177.18 3.3717 3.18045 0.00187303 9.76798e-07 1.41005e-06 1.50591e-06 
-4.67979 0.0703498 0.0211255 0.00272892 0.0658382 -0.0658383 0.00272892 272.272 178.069 3.37765 3.1871 0.00186041 1.22617e-06 1.43946e-06 1.47434e-06 
-4.6761 0.0643457 0.0210046 0.00271782 0.0658349 -0.065835 0.00271782 273.218 178.961 3.38361 3.19376 0.00184651 1.37706e-06 1.35656e-06 1.34527e-06 
-4.67242 0.058361 0.0203166 0.00259787 0.0658316 -0.0658317 0.00259787 274.167 179.858 3.38959 3.20043 0.00183155 1.41848e-06 1.16905e-06 1.12847e-06 
-4.66873 0.0525889 0.0190824 0.00231502 0.0658284 -0.0658285 0.00231502 275.12 180.757 3.39557 3.20711 0.00181576 1.34839e-06 8.9298e-07 8.39648e-07 
-4.66505 0.0472228 0.0173234 0.00181525 0.0658252 -0.0658252 0.00181525 276.076 181.661 3.40157 3.2138 0.00179936 1.17374e-06 5.51296e-07 4.99255e-07 
-4.66136 0.0424354 0.0150807 0.0010594 0.065822 -0.065822 0.0010594 277.036 182.567 3.40758 3.2205 0.00178259 9.09768e-07 1.71884e-07 1.30965e-07 
-4.65768 0.0383198 0.0124731 6.55059e-05 0.0658188 -0.0658188 6.55059e-05 277.999 183.478 3.4136 3.22721 0.00176568 5.78592e-07 -2.14767e-07 -2.40017e-07 
-4.65399 0.0349498 0.00963802 -0.0011346 0.0658157 -0.0658156 -0.0011346 278.966 184.392 3.41964 3.23392 0.00174887 2.07346e-07 -5.78064e-07 -5.88721e-07 
-4.65031 0.0323996 0.00671282 -0.00250912 0.0658126 -0.0658124 -0.00250912 279.936 185.31 3.42568 3.24065 0.00173242 -1.74108e-07 -8.89744e-07 -8.92107e-07 
-4.64663 0.0307429 0.00383487 -0.00402624 0.0658095 -0.0658092 -0.00402624 280.91 186.231 3.43174 3.24739 0.00171655 -5.35582e-07 -1.12605e-06 -1.13056e-06 
-4.64294 0.0300207 0.00112902 -0.00564222 0.0658065 -0.0658061 -0.00564222 281.887 187.156 3.43781 3.25413 0.00170149 -8.48919e-07 -1.26947e-06 -1.2891e-06 
-4.63926 0.0301454 -0.00132866 -0.00726692 0.0658034 -0.065803 -0.00726692 282.868 188.085 3.44389 3.26088 0.0016873 -1.09004e-06 -1.30986e-06 -1.35813e-06 
-4.63557 0.030998 -0.003474 -0.00879891 0.0658004 -0.0658 -0.00879891 283.853 189.017 3.44998 3.26765 0.00167404 -1.24072e-06 -1.2452e-06 -1.33405e-06 
-4.63189 0.0324593 -0.00524279 -0.0101368 0.0657974 -0.0657969 -0.0101368 284.841 189.953 3.45608 3.27442 0.00166174 -1.28996e-06 -1.08167e-06 -1.21945e-06 
-4.6282 0.0344106 -0.00657087 -0.011179 0.0657945 -0.0657939 -0.011179 285.832 190.893 3.4622 3.2812 0.00165045 -1.23479e-06 -8.33154e-07 -1.02288e-06 
-4.62452 0.0367324 -0.00741896 -0.0118417 0.0657915 -0.065791 -0.0118417 286.828 191.836 3.46833 3.288 0.0016402 -1.08043e-06 -5.20077e-07 -7.58262e-07 
-4.62083 0.0393044 -0.00784601 -0.0121097 0.0657886 -0.065788 -0.0121097 287.827 192.783 3.47447 3.2948 0.00163094 -8.39858e-07 -1.67848e-07 -4.43934e-07 
-4.61715 0.0420057 -0.00793515 -0.0119848 0.0657856 -0.0657851 -0.0119848 288.829 193.734 3.48062 3.30161 0.00162261 -5.3284e-07 1.9506e-07 -1.01543e-07 
-4.61346 0.0447158 -0.00776953 -0.0114686 0.0657827 -0.0657823 -0.0114686 289.835 194.689 3.48679 3.30843 0.00161514 -1.84458e-07 5.39317e-07 2.45364e-07 
-4.60978 0.0473138 -0.00743227 -0.0105631 0.0657798 -0.0657794 -0.0105631 290.845 195.647 3.49296 3.31526 0.00160848 1.76854e-07 8.37038e-07 5.72898e-07 
-4.60609 0.0497022 -0.00700176 -0.00929303 0.0657769 -0.0657766 -0.00929303 291.859 196.609 3.49915 3.3221 0.00160256 5.21548e-07 1.06403e-06 8.58431e-07 
-4.60241 0.0518766 -0.00653752 -0.00777557 0.065774 -0.0657737 -0.00777557 292.876 197.575 3.50535 3.32895 0.00159739 8.21357e-07 1.20179e-06 1.08218e-06 
-4.59872 0.0538555 -0.00609432 -0.00615077 0.0657711 -0.0657709 -0.00615077 293.897 198.545 3.51156 3.33581 0.00159298 1.0516e-06 1.23904e-06 1.22857e-06 
-4.59504 0.0556575 -0.00572696 -0.00455869 0.0657683 -0.0657681 -0.00455869 294.922 199.519 3.51779 3.34268 0.00158934 1.19322e-06 1.17267e-06 1.28734e-06 
-4.59135 0.0573012 -0.00549023 -0.00313942 0.0657654 -0.0657653 -0.00313942 295.95 200.496 3.52403 3.34956 0.00158649 1.23433e-06 1.00804e-06 1.25423e-06 
-4.58767 0.0588052 -0.00541545 -0.00201961 0.0657626 -0.0657625 -0.00201961 296.983 201.477 3.53028 3.35645 0.00158441 1.17125e-06 7.58622e-07 1.13138e-06 
-4.58398 0.0601881 -0.00543924 -0.0012718 0.0657597 -0.0657597 -0.0012718 298.019 202.463 3.53654 3.36335 0.001583 1.00886e-06 4.44961e-07 9.27128e-07 
-4.5803 0.0614685 -0.00547428 -0.000954846 0.0657569 -0.0657569 -0.000954846 299.058 203.452 3.54281 3.37026 0.00158212 7.60354e-07 9.31766e-08 6.55668e-07 
-4.57661 0.0626651 -0.00543332 -0.00112763 0.0657541 -0.065754 -0.00112763 300.102 204.445 3.5491 3.37718 0.00158167 4.46377e-07 -2.67081e-07 3.36168e-07 
-4.57293 0.0637964 -0.00522904 -0.00184903 0.0657513 -0.0657512 -0.00184903 301.149 205.441 3.5554 3.38411 0.0015815 9.33943e-08 -6.05069e-07 -8.48752e-09 
-4.56924 0.0648604 -0.00478164 -0.00314371 0.0657485 -0.0657484 -0.00314371 302.201 206.442 3.56171 3.39105 0.00158147 -2.68426e-07 -8.9154e-07 -3.53266e-07 
-4.56556 0.0657706 -0.00404189 -0.00489669 0.0657457 -0.0657455 -0.00489669 303.256 207.447 3.56803 3.398 0.00158136 -6.07702e-07 -1.10124e-06 -6.72731e-07 
-4.56187 0.0664188 -0.00296832 -0.00695731 0.065743 -0.0657427 -0.00695731 304.315 208.455 3.57436 3.40496 0.0015809 -8.94512e-07 -1.21524e-06 -9.42883e-07 
-4.55819 0.0666969 -0.00151949 -0.00917493 0.0657402 -0.0657398 -0.00917493 305.377 209.468 3.58071 3.41192 0.00157985 -1.10312e-06 -1.22279e-06 -1.14304e-06 
-4.5545 0.0664968 0.000346034 -0.0113989 0.0657374 -0.065737 -0.0113989 306.444 210.484 3.58707 3.4189 0.00157796 -1.21441e-06 -1.12253e-06 -1.25755e-06 
-4.55082 0.0657219 0.00263562 -0.0134809 0.0657347 -0.0657342 -0.0134809 307.515 211.505 3.59344 3.42589 0.00157499 -1.21788e-06 -9.22923e-07 -1.27717e-06 
-4.54713 0.0643239 0.00521568 -0.0152823 0.0657319 -0.0657314 -0.0152823 308.589 212.529 3.59983 3.43289 0.00157076 -1.11284e-06 -6.41674e-07 -1.20005e-06 
-4.54345 0.0622665 0.00791622 -0.016667 0.0657292 -0.0657286 -0.016667 309.667 213.558 3.60623 3.4399 0.00156511 -9.08675e-07 -3.04241e-07 -1.032e-06 
-4.53976 0.0595138 0.0105672 -0.0174991 0.0657264 -0.0657258 -0.0174991 310.75 214.591 3.61264 3.44692 0.00155786 -6.24121e-07 5.8468e-08 -7.86155e-07 
-4.53608 0.0560298 0.0129987 -0.0176423 0.0657236 -0.065723 -0.0176423 311.836 215.627 3.61906 3.45395 0.00154885 -2.85606e-07 4.12967e-07 -4.82042e-07 
-4.53239 0.0518228 0.0150429 -0.0170003 0.0657208 -0.0657203 -0.0170003 312.926 216.668 3.62549 3.46099 0.001538 7.51986e-08 7.26442e-07 -1.44031e-07 
-4.52871 0.0470875 0.0165413 -0.0156431 0.0657181 -0.0657176 -0.0156431 314.021 217.713 3.63194 3.46804 0.00152551 4.24566e-07 9.70182e-07 2.00744e-07 
-4.52502 0.0420674 0.0173378 -0.0136841 0.0657153 -0.0657149 -0.0136841 315.119 218.761 3.6384 3.4751 0.0015117 7.3024e-07 1.12245e-06 5.24931e-07 
-4.52134 0.0370059 0.0172763 -0.0112369 0.0657126 -0.0657122 -0.0112369 316.221 219.814 3.64487 3.48217 0.00149684 9.64551e-07 1.17043e-06 8.03272e-07 
-4.51765 0.0321464 0.0162009 -0.00841477 0.0657098 -0.0657096 -0.00841477 317.327 220.871 3.65136 3.48926 0.00148126 1.10698e-06 1.11131e-06 1.01463e-06 
-4.51397 0.0277368 0.0140054 -0.00534465 0.0657071 -0.065707 -0.00534465 318.438 221.933 3.65785 3.49635 0.00146526 1.14597e-06 9.52303e-07 1.14363e-06 
-4.51028 0.0240445 0.0107963 -0.00220983 0.0657044 -0.0657044 -0.00220983 319.552 222.998 3.66436 3.50345 0.00144929 1.07985e-06 7.09791e-07 1.18182e-06 
-4.5066 0.0213417 0.00673598 0.000791426 0.0657017 -0.0657018 0.000791426 320.671 224.068 3.67089 3.51056 0.00143384 9.16634e-07 4.07378e-07 1.12804e-06 
-4.50291 0.019901 0.00198696 0.00346082 0.0656991 -0.0656992 0.00346082 321.793 225.141 3.67742 3.51769 0.00141938 6.72888e-07 7.34588e-08 9.88194e-07 
-4.49923 0.0199946 -0.00328831 0.00560007 0.0656965 -0.0656967 0.00560007 322.92 226.219 3.68397 3.52482 0.00140639 3.71899e-07 -2.61505e-07 7.74459e-07 
-4.49555 0.0218325 -0.00890235 0.00704628 0.0656939 -0.0656942 0.00704628 324.051 227.301 3.69053 3.53197 0.00139527 4.13873e-08 -5.67694e-07 5.04079e-07 
-4.49186 0.0253571 -0.0145606 0.00778822 0.0656914 -0.0656916 0.00778822 325.186 228.387 3.6971 3.53912 0.0013862 -2.88921e-07 -8.18251e-07 1.97935e-07 
-4.48818 0.0304391 -0.0199398 0.00785528 0.0656889 -0.0656891 0.00785528 326.325 229.478 3.70369 3.54629 0.00137927 -5.89613e-07 -9.91351e-07 -1.20782e-07 
-4.48449 0.0369489 -0.0247167 0.00727687 0.0656864 -0.0656866 0.00727687 327.468 230.573 3.71029 3.55346 0.00137458 -8.33999e-07 -1.07195e-06 -4.2813e-07 
-4.48081 0.0447573 -0.0285681 0.00608238 0.0656839 -0.0656841 0.00608238 328.615 231.672 3.7169 3.56065 0.00137221 -1.0003e-06 -1.05301e-06 -7.01061e-07 
-4.47712 0.0536845 -0.0312152 0.0043288 0.0656815 -0.0656816 0.0043288 329.767 232.775 3.72352 3.56785 0.00137219 -1.07339e-06 -9.35986e-07 -9.1893e-07 
-4.47344 0.0633319 -0.0325727 0.00219274 0.0656791 -0.0656792 0.00219274 330.923 233.883 3.73016 3.57506 0.00137423 -1.04586e-06 -7.30679e-07 -1.06466e-06 
-4.46975 0.0732416 -0.0326076 -0.00011672 0.0656767 -0.0656767 -0.00011672 332.083 234.995 3.73681 3.58228 0.00137792 -9.19042e-07 -4.54908e-07 -1.12609e-06 
-4.46607 0.082956 -0.0312869 -0.00239052 0.0656743 -0.0656742 -0.00239052 333.247 236.111 3.74348 3.58951 0.00138289 -7.03361e-07 -1.33384e-07 -1.0971e-06 
-4.46238 0.092017 -0.0285776 -0.0044196 0.0656719 -0.0656718 -0.0044196 334.416 237.232 3.75015 3.59675 0.00138874 -4.1781e-07 2.04224e-07 -9.78528e-07 
-4.4587 0.100003 -0.0245022 -0.00601692 0.0656695 -0.0656693 -0.00601692 335.589 238.357 3.75684 3.604 0.00139507 -8.85888e-08 5.25829e-07 -7.78371e-07 
-4.45501 0.106649 -0.0193266 -0.00709223 0.0656671 -0.0656669 -0.00709223 336.766 239.486 3.76354 3.61126 0.00140144 2.53056e-07 7.9988e-07 -5.11585e-07 
-4.45133 0.111734 -0.0133835 -0.00758179 0.0656647 -0.0656645 -0.00758179 337.947 240.62 3.77026 3.61854 0.00140739 5.73647e-07 9.98515e-07 -1.99231e-07 
-4.44764 0.115038 -0.00700545 -0.00742189 0.0656622 -0.065662 -0.00742189 339.133 241.758 3.77699 3.62582 0.00141247 8.40783e-07 1.10059e-06 1.33006e-07 
-4.44396 0.116338 -0.000525264 -0.0065488 0.0656598 -0.0656596 -0.0065488 340.323 242.901 3.78373 3.63312 0.0014162 1.02659e-06 1.09425e-06 4.56876e-07 
-4.44027 0.115493 0.00573466 -0.00493354 0.0656573 -0.0656572 -0.00493354 341.517 244.048 3.79048 3.64043 0.00141819 1.11095e-06 9.78646e-07 7.44065e-07 
-4.43659 0.112715 0.0114975 -0.00270145 0.0656548 -0.0656548 -0.00270145 342.716 245.199 3.79725 3.64774 0.00141831 1.08422e-06 7.64607e-07 9.69042e-07 
-4.4329 0.10831 0.016499 -2.07392e-05 0.0656523 -0.0656524 -2.07392e-05 343.919 246.355 3.80403 3.65507 0.0014165 9.48438e-07 4.73563e-07 1.1116e-06 
-4.42922 0.102587 0.0204749 0.0029404 0.0656498 -0.0656499 0.0029404 345.127 247.516 3.81082 3.66241 0.0014127 7.17254e-07 1.35326e-07 1.15884e-06 
-4.42553 0.0958543 0.0231612 0.00601375 0.0656473 -0.0656475 0.00601375 346.339 248.681 3.81763 3.66976 0.00140685 4.14596e-07 -2.15043e-07 1.10646e-06 
-4.42185 0.0884402 0.0243531 0.00903554 0.0656448 -0.0656451 0.00903554 347.555 249.85 3.82445 3.67713 0.00139896 7.21722e-08 -5.41043e-07 9.59343e-07 
-4.41816 0.0807606 0.0241142 0.0118619 0.0656423 -0.0656427 0.0118619 348.776 251.024 3.83128 3.6845 0.00138932 -2.74085e-07 -8.08942e-07 7.31219e-07 
-4.41448 0.0732563 0.0225835 0.0143546 0.0656398 -0.0656402 0.0143546 350.002 252.203 3.83813 3.69188 0.00137834 -5.88225e-07 -9.91572e-07 4.43072e-07 
-4.41079 0.0663681 0.0198999 0.0163752 0.0656374 -0.0656378 0.0163752 351.232 253.386 3.84499 3.69928 0.00136639 -8.38197e-07 -1.07113e-06 1.20933e-07 
-4.40711 0.0605371 0.0162023 0.0177857 0.0656349 -0.0656354 0.0177857 352.466 254.574 3.85186 3.70669 0.00135386 -9.99178e-07 -1.04085e-06 -2.06619e-07 
-4.40342 0.0561432 0.0116572 0.0184787 0.0656325 -0.065633 0.0184787 353.705 255.766 3.85874 3.71411 0.00134115 -1.056e-06 -9.05429e-07 -5.11097e-07 
-4.39974 0.0532906 0.00655686 0.0184892 0.0656301 -0.0656306 0.0184892 354.948 256.963 3.86564 3.72154 0.00132862 -1.00444e-06 -6.8025e-07 -7.66615e-07 
-4.39605 0.0520045 0.00122937 0.0178922 0.0656278 -0.0656282 0.0178922 356.196 258.165 3.87256 3.72898 0.00131664 -8.5139e-07 -3.89484e-07 -9.52042e-07 
-4.39237 0.0523105 -0.00399728 0.016763 0.0656255 -0.0656259 0.016763 357.449 259.371 3.87948 3.73643 0.00130559 -6.13787e-07 -6.34239e-08 -1.05264e-06 
-4.38868 0.0542339 -0.00879504 0.0151766 0.0656232 -0.0656235 0.0151766 358.706 260.582 3.88642 3.74389 0.00129584 -3.16679e-07 2.64699e-07 -1.0611e-06 
-4.385 0.0577432 -0.0128698 0.0132191 0.0656209 -0.0656212 0.0132191 359.968 261.797 3.89337 3.75137 0.0012877 9.4664e-09 5.62008e-07 -9.77784e-07 
-4.38131 0.0625451 -0.016084 0.0110268 0.0656186 -0.0656189 0.0110268 361.234 263.018 3.90034 3.75886 0.00128117 3.31693e-07 7.98907e-07 -8.10374e-07 
-4.37763 0.0682707 -0.0183448 0.00875018 0.0656164 -0.0656166 0.00875018 362.505 264.243 3.90732 3.76635 0.0012762 6.17481e-07 9.51747e-07 -5.73388e-07 
-4.37394 0.0745513 -0.0195597 0.00654008 0.0656141 -0.0656143 0.00654008 363.781 265.472 3.91431 3.77386 0.00127269 8.37843e-07 1.00514e-06 -2.87149e-07 
-4.37026 0.081018 -0.0196359 0.00454713 0.0656119 -0.065612 0.00454713 365.061 266.707 3.92132 3.78139 0.00127059 9.70187e-07 9.53549e-07 2.38077e-08 
-4.36657 0.0873168 -0.0185246 0.00290495 0.0656097 -0.0656098 0.00290495 366.346 267.946 3.92834 3.78892 0.00126977 1.00058e-06 8.01907e-07 3.32663e-07 
-4.36289 0.0931614 -0.0163803 0.00166756 0.0656075 -0.0656075 0.00166756 367.636 269.19 3.93537 3.79646 0.00126992 9.25154e-07 5.65275e-07 6.12375e-07 
-4.3592 0.0982855 -0.0134172 0.00086584 0.0656053 -0.0656053 0.00086584 368.93 270.439 3.94242 3.80402 0.00127065 7.5092e-07 2.6779e-07 8.3785e-07 
-4.35552 0.102423 -0.00984927 0.000530653 0.0656031 -0.0656031 0.000530653 370.229 271.693 3.94948 3.81159 0.00127159 4.95499e-07 -5.94595e-08 9.88247e-07 
-4.35184 0.105307 -0.0058906 0.000692863 0.0656009 -0.0656009 0.000692863 371.533 272.951 3.95655 3.81917 0.00127236 1.85649e-07 -3.81502e-07 1.04906e-06 
-4.34815 0.106729 -0.00175565 0.00136356 0.0655987 -0.0655987 0.00136356 372.842 274.215 3.96364 3.82676 0.00127262 -1.45328e-07 -6.63195e-07 1.0138e-06 
-4.34447 0.106746 0.00233912 0.00246055 0.0655964 -0.0655965 0.00246055 374.156 275.483 3.97074 3.83436 0.00127218 -4.61176e-07 -8.73286e-07 8.84999e-07 
-4.34078 0.105493 0.00617671 0.0038741 0.0655942 -0.0655943 0.0038741 375.474 276.756 3.97785 3.84198 0.00127091 -7.26839e-07 -9.88113e-07 6.74153e-07 
-4.3371 0.103108 0.00954007 0.00549452 0.065592 -0.0655921 0.00549452 376.797 278.034 3.98498 3.84961 0.00126869 -9.12498e-07 -9.9445e-07 4.00745e-07 
-4.33341 0.0997263 0.0122122 0.00721208 0.0655897 -0.0655899 0.00721208 378.125 279.317 3.99212 3.85724 0.00126539 -9.97099e-07 -8.91221e-07 9.05035e-08 
-4.32973 0.095507 0.014015 0.00891389 0.0655875 -0.0655877 0.00891389 379.458 280.605 3.99928 3.8649 0.00126091 -9.70988e-07 -6.89871e-07 -2.27029e-07 
-4.32604 0.0907177 0.0149565 0.0104718 0.0655853 -0.0655855 0.0104718 380.796 281.898 4.00645 3.87256 0.00125544 -8.37328e-07 -4.13243e-07 -5.2152e-07 
-4.32236 0.0856584 0.0151004 0.0117533 0.0655831 -0.0655833 0.0117533 382.138 283.196 4.01363 3.88023 0.0012492 -6.11594e-07 -9.27164e-08 -7.65012e-07 
-4.31867 0.0806292 0.0145101 0.0126256 0.0655808 -0.0655811 0.0126256 383.486 284.499 4.02083 3.88792 0.00124244 -3.19633e-07 2.35528e-07 -9.34656e-07 
-4.31499 0.0759299 0.0132493 0.0129561 0.0655787 -0.0655789 0.0129561 384.838 285.807 4.02804 3.89562 0.00123537 5.39419e-09 5.34684e-07 -1.01486e-06 
-4.3113 0.0718213 0.0114063 0.0126367 0.0655765 -0.0655767 0.0126367 386.196 287.12 4.03526 3.90333 0.00122823 3.26853e-07 7.71484e-07 -9.98664e-07 
-4.30762 0.0683732 0.00918876 0.0116783 0.0655743 -0.0655745 0.0116783 387.558 288.438 4.0425 3.91105 0.00122115 6.08747e-07 9.19837e-07 -8.88248e-07 
-4.30393 0.0655983 0.00684036 0.0101273 0.0655721 -0.0655723 0.0101273 388.926 289.761 4.04976 3.91879 0.00121424 8.19697e-07 9.63677e-07 -6.94665e-07 
-4.30025 0.0635088 0.00460488 0.00803039 0.06557 -0.0655702 0.00803039 390.298 291.089 4.05702 3.92654 0.00120761 9.36434e-07 8.98719e-07 -4.36771e-07 
-4.29656 0.0621172 0.00272605 0.00543424 0.0655679 -0.065568 0.00543424 391.676 292.423 4.0643 3.93429 0.00120137 9.46357e-07 7.32876e-07 -1.39387e-07 
-4.29288 0.0613992 0.00141401 0.0024109 0.0655658 -0.0655658 0.0024109 393.058 293.761 4.0716 3.94207 0.00119559 8.48864e-07 4.85307e-07 1.69053e-07 
-4.28919 0.0611495 0.000714484 -0.000843004 0.0655637 -0.0655636 -0.000843004 394.446 295.105 4.0789 3.94985 0.00119016 6.55318e-07 1.84256e-07 4.59092e-07 
-4.28551 0.0611081 0.000622973 -0.00409277 0.0655616 -0.0655615 -0.00409277 395.839 296.454 4.08623 3.95765 0.00118491 3.87997e-07 -1.35874e-07 7.02886e-07 
-4.28182 0.0610146 0.00113496 -0.00710368 0.0655595 -0.0655594 -0.00710368 397.236 297.807 4.09356 3.96545 0.00117968 7.77511e-08 -4.38315e-07 8.76889e-07 
-4.27814 0.0606088 0.00224594 -0.00964106 0.0655574 -0.0655572 -0.00964106 398.639 299.167 4.10091 3.97327 0.00117431 -2.3943e-07 -6.88142e-07 9.64221e-07 
-4.27445 0.0596683 0.00391269 -0.0114996 0.0655553 -0.0655551 -0.0114996 400.047 300.531 4.10828 3.98111 0.00116863 -5.26558e-07 -8.56386e-07 9.56456e-07 
-4.27077 0.0581586 0.0059003 -0.0126195 0.0655533 -0.065553 -0.0126195 401.461 301.901 4.11566 3.98895 0.00116252 -7.50027e-07 -9.23562e-07 8.54617e-07 
-4.26708 0.0561029 0.0079146 -0.012986 0.0655512 -0.065551 -0.012986 402.879 303.275 4.12305 3.99681 0.00115584 -8.83692e-07 -8.8212e-07 6.69187e-07 
-4.2634 0.0535247 0.0096614 -0.0125845 0.0655491 -0.0655489 -0.0125845 404.303 304.656 4.13046 4.00468 0.00114849 -9.12094e-07 -7.37471e-07 4.19148e-07 
-4.25971 0.0504474 0.0108465 -0.0114002 0.0655471 -0.0655469 -0.0114002 405.731 306.041 4.13788 4.01256 0.00114034 -8.32452e-07 -5.0746e-07 1.30112e-07 
-4.25603 0.0469383 0.011218 -0.00946245 0.065545 -0.0655448 -0.00946245 407.165 307.432 4.14531 4.02046 0.00113134 -6.55154e-07 -2.20304e-07 -1.6829e-07 
-4.25234 0.0432852 0.0107359 -0.00702165 0.065543 -0.0655428 -0.00702165 408.605 308.828 4.15276 4.02837 0.0011218 -4.026e-07 8.89421e-08 -4.45695e-07 
-4.24866 0.0398448 0.00942645 -0.00439738 0.0655409 -0.0655408 -0.00439738 410.049 310.229 4.16023 4.03629 0.00111215 -1.05961e-07 3.83115e-07 -6.74453e-07 
-4.24497 0.0369739 0.00731591 -0.00190923 0.0655389 -0.0655388 -0.00190923 411.499 311.636 4.1677 4.04422 0.0011028 1.98926e-07 6.27548e-07 -8.32397e-07 
-4.24129 0.0350292 0.00443057 0.000123216 0.0655369 -0.0655369 0.000123216 412.954 313.048 4.1752 4.05217 0.00109419 4.7594e-07 7.94101e-07 -9.04865e-07 
-4.2376 0.0343097 0.000847364 0.00141911 0.0655349 -0.0655349 0.00141911 414.415 314.466 4.1827 4.06012 0.00108668 6.92865e-07 8.64187e-07 -8.85819e-07 
-4.23392 0.0348213 -0.0030998 0.0018942 0.0655329 -0.0655329 0.0018942 415.881 315.889 4.19022 4.0681 0.00108041 8.2476e-07 8.30442e-07 -7.77968e-07 
-4.23023 0.0364772 -0.00699567 0.00152644 0.065531 -0.065531 0.00152644 417.352 317.318 4.19776 4.07608 0.00107544 8.56616e-07 6.97465e-07 -5.92506e-07 
-4.22655 0.0391906 -0.010425 0.000293795 0.065529 -0.065529 0.000293795 418.829 318.752 4.20531 4.08408 0.00107182 7.85045e-07 4.81304e-07 -3.48071e-07 
-4.22286 0.0428747 -0.0129724 -0.00182574 0.0655271 -0.0655271 -0.00182574 420.311 320.191 4.21287 4.09208 0.00106962 6.1865e-07 2.0763e-07 -6.89779e-08 
-4.21918 0.0473865 -0.0142842 -0.00480032 0.0655252 -0.0655251 -0.00480032 421.798 321.636 4.22045 4.10011 0.00106881 3.77054e-07 -9.11413e-08 2.17041e-07 
-4.21549 0.0522953 -0.0143225 -0.00832141 0.0655233 -0.0655232 -0.00832141 423.291 323.087 4.22804 4.10814 0.00106902 8.87931e-08 -3.7929e-07 4.81208e-07 
-4.21181 0.0570784 -0.0131506 -0.0119919 0.0655214 -0.0655212 -0.0119919 424.79 324.543 4.23565 4.11619 0.00106972 -2.11367e-07 -6.21555e-07 6.96202e-07 
-4.20813 0.0612127 -0.0108318 -0.0154144 0.0655195 -0.0655193 -0.0154144 426.294 326.004 4.24327 4.12425 0.00107042 -4.86305e-07 -7.87423e-07 8.39021e-07 
-4.20444 0.0641754 -0.00742944 -0.018192 0.0655176 -0.0655174 -0.018192 427.803 327.472 4.25091 4.13232 0.0010706 -7.01126e-07 -8.5522e-07 8.93689e-07 
-4.20076 0.065526 -0.00306665 -0.01998 0.0655157 -0.0655154 -0.01998 429.318 328.945 4.25856 4.14041 0.00106982 -8.27862e-07 -8.15394e-07 8.53447e-07 
-4.19707 0.0652525 0.00182288 -0.0207082 0.0655138 -0.0655135 -0.0207082 430.839 330.423 4.26623 4.14851 0.0010679 -8.49713e-07 -6.72454e-07 7.22122e-07 
-4.19339 0.0634821 0.00670481 -0.020395 0.0655119 -0.0655116 -0.020395 432.365 331.907 4.27391 4.15662 0.00106479 -7.63549e-07 -4.44546e-07 5.13794e-07 
-4.1897 0.0603418 0.0110447 -0.0190589 0.06551 -0.0655097 -0.0190589 433.897 333.397 4.2816 4.16475 0.00106041 -5.80476e-07 -1.61136e-07 2.51261e-07 
-4.18602 0.0559588 0.0143082 -0.0167186 0.0655081 -0.0655079 -0.0167186 435.434 334.893 4.28931 4.17289 0.00105469 -3.24503e-07 1.40816e-07 -3.64656e-08 
-4.18233 0.0505249 0.0160413 -0.0134447 0.0655062 -0.065506 -0.0134447 436.977 336.394 4.29704 4.18104 0.00104764 -2.94234e-08 4.21817e-07 -3.17466e-07 
-4.17865 0.0445734 0.0162133 -0.0095824 0.0655043 -0.0655042 -0.0095824 438.526 337.901 4.30478 4.18921 0.00103958 2.65889e-07 6.45442e-07 -5.60815e-07 
-4.17496 0.0387493 0.0149323 -0.00556702 0.0655024 -0.0655023 -0.00556702 440.08 339.414 4.31253 4.19739 0.00103097 5.23093e-07 7.83396e-07 -7.40343e-07 
-4.17128 0.0336978 0.0123065 -0.00183386 0.0655005 -0.0655005 -0.00183386 441.64 340.932 4.3203 4.20558 0.00102223 7.09509e-07 8.19048e-07 -8.37437e-07 
-4.16759 0.030064 0.00844393 0.00118179 0.0654986 -0.0654986 0.00118179 443.206 342.456 4.32809 4.21378 0.00101383 8.02205e-07 7.49246e-07 -8.4283e-07 
-4.16391 0.0283929 0.00351085 0.00311091 0.0654968 -0.0654968 0.00311091 444.777 343.987 4.33588 4.222 0.00100617 7.9059e-07 5.84267e-07 -7.57216e-07 
-4.16022 0.0286955 -0.002018 0.00393792 0.065495 -0.065495 0.00393792 446.355 345.523 4.3437 4.23023 0.00099942 6.77237e-07 3.46082e-07 -5.90714e-07 
-4.15654 0.0308056 -0.00756545 0.00376441 0.0654931 -0.0654932 0.00376441 447.938 347.064 4.35153 4.23848 0.000993712 4.77439e-07 6.56039e-08 -3.61776e-07 
-4.15285 0.0345571 -0.0125542 0.00269211 0.0654913 -0.0654914 0.00269211 449.527 348.612 4.35937 4.24674 0.000989155 2.17249e-07 -2.21153e-07 -9.52546e-08 
-4.14917 0.0397836 -0.0164071 0.0008227 0.0654896 -0.0654896 0.0008227 451.121 350.166 4.36723 4.25501 0.000985866 -6.98099e-08 -4.77546e-07 1.80203e-07 
-4.14548 0.0462606 -0.0186395 -0.00170403 0.0654878 -0.0654878 -0.00170403 452.722 351.725 4.3751 4.26329 0.000983895 -3.4688e-07 -6.70767e-07 4.3507e-07 
-4.1418 0.0534488 -0.0192673 -0.00454289 0.065486 -0.065486 -0.00454289 454.328 353.291 4.38299 4.27159 0.000982948 -5.78058e-07 -7.75595e-07 6.41687e-07 
-4.13811 0.0607036 -0.018474 -0.00727974 0.0654843 -0.0654842 -0.00727974 455.941 354.862 4.39089 4.2799 0.000982612 -7.3271e-07 -7.77694e-07 7.77014e-07 
-4.13443 0.0673798 -0.0164435 -0.00950038 0.0654826 -0.0654825 -0.00950038 457.559 356.44 4.39881 4.28823 0.000982476 -7.89655e-07 -6.75949e-07 8.25348e-07 
-4.13074 0.0728327 -0.0133595 -0.0107906 0.0654808 -0.0654807 -0.0107906 459.183 358.023 4.40674 4.29657 0.00098213 -7.40395e-07 -4.83154e-07 7.80438e-07 
-4.12706 0.0765251 -0.00944588 -0.0108113 0.0654791 -0.065479 -0.0108113 460.813 359.613 4.41469 4.30492 0.000981209 -5.90817e-07 -2.24828e-07 6.46669e-07 
-4.12337 0.0785082 -0.00514491 -0.00963282 0.0654773 -0.0654772 -0.00963282 462.45 361.208 4.42266 4.31329 0.000979616 -3.60961e-07 6.39603e-08 4.39059e-07 
-4.11969 0.0790332 -0.000973127 -0.00746489 0.0654756 -0.0654755 -0.00746489 464.092 362.81 4.43064 4.32167 0.000977341 -8.22535e-08 3.43587e-07 1.81472e-07 
-4.116 0.0783513 0.00255287 -0.00451718 0.0654738 -0.0654738 -0.00451718 465.74 364.418 4.43863 4.33006 0.000974377 2.06871e-07 5.75465e-07 -9.62015e-08 
-4.11232 0.0767138 0.0049165 -0.000999413 0.0654721 -0.0654721 -0.000999413 467.394 366.032 4.44664 4.33847 0.000970714 4.6634e-07 7.27504e-07 -3.61566e-07 
-4.10863 0.074404 0.00569866 0.00286169 0.0654703 -0.0654704 0.00286169 469.054 367.652 4.45466 4.34689 0.000966384 6.6014e-07 7.78735e-07 -5.83603e-07 
-4.10495 0.0718821 0.00501918 0.00674538 0.0654686 -0.0654687 0.00674538 470.721 369.278 4.4627 4.35533 0.00096164 7.61645e-07 7.22504e-07 -7.36589e-07 
-4.10126 0.0696692 0.00318307 0.0102986 0.0654669 -0.065467 0.0102986 472.393 370.91 4.47076 4.36378 0.000956811 7.57341e-07 5.67214e-07 -8.03178e-07 
-4.09758 0.0682862 0.000495494 0.0131683 0.0654651 -0.0654653 0.0131683 474.072 372.549 4.47883 4.37224 0.000952226 6.48473e-07 3.34867e-07 -7.76244e-07 
-4.09389 0.0682543 -0.00273837 0.0150014 0.0654634 -0.0654636 0.0150014 475.757 374.194 4.48692 4.38072 0.000948215 4.50609e-07 5.78053e-08 -6.59478e-07 
-4.09021 0.0699839 -0.0062009 0.0155191 0.0654617 -0.0654619 0.0155191 477.448 375.845 4.49502 4.38921 0.000945056 1.91278e-07 -2.25828e-07 -4.66701e-07 
-4.08652 0.0732656 -0.00950474 0.0148584 0.0654601 -0.0654602 0.0148584 479.145 377.502 4.50313 4.39772 0.000942749 -9.38186e-08 -4.77092e-07 -2.20121e-07 
-4.08284 0.077675 -0.0122383 0.013301 0.0654584 -0.0654586 0.013301 480.849 379.166 4.51127 4.40624 0.000941198 -3.65291e-07 -6.6123e-07 5.18597e-08 
-4.07915 0.082787 -0.0139899 0.0111284 0.0654567 -0.0654569 0.0111284 482.558 380.836 4.51941 4.41477 0.000940305 -5.85294e-07 -7.52417e-07 3.17673e-07 
-4.07547 0.088177 -0.0143481 0.00862241 0.0654551 -0.0654552 0.00862241 484.274 382.512 4.52758 4.42332 0.000939972 -7.22744e-07 -7.37446e-07 5.46138e-07 
-4.07178 0.0934195 -0.0129978 0.0060615 0.0654534 -0.0654535 0.0060615 485.997 384.195 4.53575 4.43188 0.000940077 -7.57737e-07 -6.17772e-07 7.10053e-07 
-4.0681 0.0980865 -0.0101722 0.00370566 0.0654518 -0.0654519 0.00370566 487.725 385.884 4.54395 4.44045 0.000940359 -6.84469e-07 -4.09563e-07 7.89345e-07 
-4.06442 0.101749 -0.0062969 0.00180844 0.0654502 -0.0654502 0.00180844 489.46 387.58 4.55216 4.44904 0.000940505 -5.12539e-07 -1.41946e-07 7.73692e-07 
-4.06073 0.103977 -0.00179797 0.000623357 0.0654485 -0.0654485 0.000623357 491.202 389.282 4.56038 4.45765 0.000940205 -2.66096e-07 1.46764e-07 6.64174e-07 
-4.05705 0.104343 0.00289867 0.000403937 0.0654469 -0.0654469 0.000403937 492.949 390.99 4.56862 4.46627 0.000939146 1.92634e-08 4.14444e-07 4.73563e-07 
-4.05336 0.102526 0.00737919 0.00133711 0.0654452 -0.0654452 0.00133711 494.703 392.705 4.57688 4.4749 0.000937063 3.01536e-07 6.21441e-07 2.25108e-07 
-4.04968 0.0988432 0.0112995 0.00322785 0.0654436 -0.0654436 0.00322785 496.464 394.427 4.58515 4.48355 0.000933944 5.38763e-07 7.36934e-07 -5.02189e-08 
-4.04599 0.0938332 0.0143401 0.00574523 0.0654419 -0.065442 0.00574523 498.231 396.155 4.59344 4.49221 0.000929871 6.95675e-07 7.43853e-07 -3.17911e-07 
-4.04231 0.0880367 0.0161818 0.00855815 0.0654402 -0.0654403 0.00855815 500.005 397.889 4.60174 4.50088 0.000924926 7.49133e-07 6.41502e-07 -5.44451e-07 
-4.03862 0.0819941 0.0165053 0.0113355 0.0654386 -0.0654387 0.0113355 501.785 399.631 4.61006 4.50957 0.00091919 6.91675e-07 4.45675e-07 -7.01642e-07 
-4.03494 0.0762232 0.015081 0.0137659 0.065437 -0.0654371 0.0137659 503.571 401.378 4.6184 4.51828 0.000912773 5.3265e-07 1.86223e-07 -7.70257e-07 
-4.03125 0.0711115 0.0122005 0.0156516 0.0654353 -0.0654355 0.0156516 505.364 403.133 4.62675 4.52699 0.00090596 2.96751e-07 -9.76087e-08 -7.42597e-07 
-4.02757 0.0669996 0.00834317 0.0168361 0.0654337 -0.0654339 0.0168361 507.164 404.894 4.63512 4.53573 0.000899097 1.9888e-08 -3.63428e-07 -6.23218e-07 
-4.02388 0.064228 0.00398858 0.0171627 0.0654321 -0.0654323 0.0171627 508.971 406.662 4.6435 4.54448 0.000892529 -2.56474e-07 -5.72136e-07 -4.28001e-07 
-4.0202 0.0631372 -0.00038373 0.0164751 0.0654305 -0.0654307 0.0164751 510.784 408.436 4.6519 4.55324 0.000886602 -4.91557e-07 -6.93603e-07 -1.81875e-07 
-4.01651 0.0639703 -0.00432414 0.0146732 0.0654289 -0.0654291 0.0146732 512.603 410.217 4.66031 4.56201 0.00088161 -6.51145e-07 -7.10787e-07 8.44556e-08 
-4.01283 0.0663978 -0.00755906 0.0119897 0.0654274 -0.0654275 0.0119897 514.43 412.005 4.66874 4.57081 0.00087754 -7.12096e-07 -6.21707e-07 3.38148e-07 
-4.00914 0.0698818 -0.00987898 0.00877838 0.0654258 -0.0654259 0.00877838 516.263 413.8 4.67719 4.57961 0.000874268 -6.65609e-07 -4.39826e-07 5.47845e-07 
-4.00546 0.0738841 -0.0110745 0.00539333 0.0654243 -0.0654243 0.00539333 518.102 415.602 4.68565 4.58843 0.000871668 -5.18702e-07 -1.92349e-07 6.87432e-07 
-4.00177 0.0778665 -0.0109362 0.00218854 0.0654227 -0.0654228 0.00218854 519.949 417.41 4.69413 4.59727 0.000869615 -2.93407e-07 8.3583e-08 7.3931e-07 
-3.99809 0.0813293 -0.00932696 -0.00051395 0.0654212 -0.0654212 -0.00051395 521.802 419.225 4.70262 4.60612 0.000867977 -2.37111e-08 3.46263e-07 6.96712e-07 
-3.9944 0.0840014 -0.00653963 -0.00258221 0.0654197 -0.0654197 -0.00258221 523.663 421.047 4.71114 4.61498 0.000866563 2.49325e-07 5.55568e-07 5.64726e-07 
-3.99072 0.0856963 -0.00302549 -0.0039544 0.0654182 -0.0654181 -0.0039544 525.53 422.876 4.71966 4.62386 0.000865164 4.83646e-07 6.79079e-07 3.59961e-07 
-3.98703 0.0862273 0.000763896 -0.00456875 0.0654166 -0.0654166 -0.00456875 527.403 424.712 4.72821 4.63276 0.000863571 6.42688e-07 6.97283e-07 1.08708e-07 
-3.98335 0.0854082 0.004377 -0.00436352 0.0654151 -0.0654151 -0.00436352 529.284 426.555 4.73676 4.64167 0.000861575 7.01272e-07 6.06942e-07 -1.56285e-07 
-3.97966 0.0831202 0.00740566 -0.00332115 0.0654136 -0.0654135 -0.00332115 531.172 428.405 4.74534 4.65059 0.000859002 6.49901e-07 4.22002e-07 -4.00049e-07 
-3.97598 0.0796546 0.00970313 -0.00169022 0.065412 -0.065412 -0.00169022 533.066 430.262 4.75393 4.65953 0.000855894 4.96722e-07 1.71699e-07 -5.90267e-07 
-3.97229 0.0754549 0.0112201 0.000181445 0.0654105 -0.0654105 0.000181445 534.968 432.126 4.76254 4.66849 0.000852373 2.66202e-07 -1.04243e-07 -7.01817e-07 
-3.96861 0.0709653 0.0119074 0.00194587 0.065409 -0.065409 0.00194587 536.876 433.997 4.77116 4.67746 0.000848561 -4.8837e-09 -3.62066e-07 -7.20144e-07 
-3.96492 0.0666298 0.0117158 0.00325508 0.0654075 -0.0654075 0.00325508 538.792 435.875 4.7798 4.68644 0.00084458 -2.73367e-07 -5.60987e-07 -6.4318e-07 
-3.96124 0.0628397 0.0106403 0.00380537 0.0654059 -0.065406 0.00380537 540.715 437.76 4.78846 4.69544 0.000840544 -4.96608e-07 -6.69694e-07 -4.81549e-07 
-3.95755 0.0596659 0.0089441 0.00356323 0.0654044 -0.0654045 0.00356323 542.644 439.652 4.79713 4.70446 0.000836511 -6.39248e-07 -6.71261e-07 -2.57085e-07 
-3.95387 0.0570582 0.00699163 0.00259698 0.0654029 -0.065403 0.00259698 544.581 441.551 4.80582 4.71349 0.000832519 -6.78825e-07 -5.65842e-07 4.93247e-11 
-3.95018 0.0549664 0.00514756 0.000975142 0.0654014 -0.0654014 0.000975142 546.525 443.458 4.81453 4.72253 0.000828605 -6.09388e-07 -3.7068e-07 2.55368e-07 
-3.9465 0.0533402 0.00377654 -0.00123377 0.0654 -0.0653999 -0.00123377 548.476 445.372 4.82325 4.73159 0.000824807 -4.42475e-07 -1.17373e-07 4.74671e-07 
-3.94281 0.0521062 0.00318384 -0.00393357 0.0653985 -0.0653984 -0.00393357 550.434 447.293 4.83199 4.74067 0.00082114 -2.05279e-07 1.53164e-07 6.28608e-07 
-3.93913 0.0510497 0.0033079 -0.00685731 0.065397 -0.065397 -0.00685731 552.399 449.221 4.84075 4.74976 0.000817483 6.36499e-08 3.97167e-07 6.96508e-07 
-3.93544 0.0499019 0.00394721 -0.00967289 0.0653956 -0.0653955 -0.00967289 554.372 451.157 4.84952 4.75886 0.000813663 3.20411e-07 5.74964e-07 6.69263e-07 
-3.93176 0.048394 0.00490004 -0.0120481 0.0653941 -0.065394 -0.0120481 556.352 453.1 4.85831 4.76798 0.000809505 5.22866e-07 6.57552e-07 5.50802e-07 
-3.92807 0.0462571 0.00596461 -0.0136506 0.0653927 -0.0653925 -0.0136506 558.339 455.05 4.86711 4.77712 0.000804836 6.37702e-07 6.31582e-07 3.57764e-07 
-3.92439 0.0432945 0.00693605 -0.0142065 0.0653912 -0.0653911 -0.0142065 560.333 457.008 4.87593 4.78627 0.00079952 6.46205e-07 5.01861e-07 1.17353e-07 
-3.92071 0.0397617 0.00759008 -0.0138057 0.0653898 -0.0653896 -0.0138057 562.335 458.973 4.88477 4.79544 0.000793666 5.47777e-07 2.90797e-07 -1.36502e-07 
-3.91702 0.0360882 0.00769488 -0.0126786 0.0653883 -0.0653882 -0.0126786 564.344 460.945 4.89363 4.80463 0.000787475 3.59874e-07 3.43261e-08 -3.68275e-07 
-3.91334 0.0327043 0.00701866 -0.011056 0.0653869 -0.0653868 -0.011056 566.361 462.925 4.9025 4.81382 0.000781148 1.14766e-07 -2.24399e-07 -5.45967e-07 
-3.90965 0.0300399 0.00532959 -0.00916845 0.0653855 -0.0653854 -0.00916845 568.385 464.913 4.91139 4.82304 0.000774887 -1.46096e-07 -4.42351e-07 -6.45529e-07 
-3.90597 0.0284908 0.00246868 -0.00724303 0.0653841 -0.065384 -0.00724303 570.416 466.908 4.92029 4.83227 0.000768894 -3.79137e-07 -5.8379e-07 -6.54072e-07 
-3.90228 0.0282352 -0.00126203 -0.00548283 0.0653827 -0.0653826 -0.00548283 572.455 468.91 4.92921 4.84151 0.000763375 -5.4591e-07 -6.26064e-07 -5.71434e-07 
-3.8986 0.0293664 -0.00538051 -0.00408167 0.0653813 -0.0653812 -0.00408167 574.501 470.92 4.93815 4.85078 0.000758534 -6.19346e-07 -5.63123e-07 -4.09957e-07 
-3.89491 0.0319775 -0.00940437 -0.00323336 0.0653799 -0.0653799 -0.00323336 576.555 472.938 4.94711 4.86005 0.000754578 -5.88e-07 -4.06253e-07 -1.92585e-07 
-3.89123 0.0361616 -0.0128512 -0.00313172 0.0653785 -0.0653785 -0.00313172 578.616 474.963 4.95608 4.86934 0.000751713 -4.57687e-07 -1.82011e-07 5.03849e-08 
-3.88754 0.0419328 -0.0152838 -0.0039159 0.0653772 -0.0653771 -0.0039159 580.685 476.996 4.96507 4.87865 0.000750092 -2.5033e-07 7.22092e-08 2.85408e-07 
-3.88386 0.0487987 -0.0165559 -0.00537456 0.0653758 -0.0653758 -0.00537456 582.762 479.037 4.97408 4.88798 0.000749528 -4.06057e-10 3.14022e-07 4.79864e-07 
-3.88017 0.0560669 -0.0166354 -0.00715802 0.0653745 -0.0653744 -0.00715802 584.846 481.085 4.9831 4.89732 0.000749704 2.50068e-07 5.02485e-07 6.06155e-07 
-3.87649 0.0630445 -0.015491 -0.00891626 0.0653731 -0.065373 -0.00891626 586.938 483.141 4.99214 4.90667 0.000750298 4.58194e-07 6.04909e-07 6.45689e-07 
-3.8728 0.0690388 -0.0130912 -0.0102993 0.0653718 -0.0653717 -0.0102993 589.038 485.205 5.0012 4.91605 0.000750992 5.87503e-07 6.02737e-07 5.91883e-07 
-3.86912 0.0734323 -0.00946135 -0.0109982 0.0653704 -0.0653703 -0.0109982 591.145 487.276 5.01028 4.92543 0.000751486 6.1458e-07 4.95316e-07 4.51629e-07 
-3.86543 0.0760971 -0.00499772 -0.0109722 0.0653691 -0.065369 -0.0109722 593.26 489.355 5.01937 4.93484 0.000751615 5.33781e-07 3.00676e-07 2.44818e-07 
-3.86175 0.0771013 -0.000244328 -0.0102871 0.0653677 -0.0653677 -0.0102871 595.383 491.443 5.02848 4.94426 0.00075127 3.58678e-07 5.26821e-08 1.58861e-09 
-3.85806 0.0765131 0.00425436 -0.0090093 0.0653664 -0.0653663 -0.0090093 597.514 493.538 5.0376 4.95369 0.000750338 1.19959e-07 -2.04805e-07 -2.42061e-07 
-3.85438 0.074401 0.0079539 -0.00720491 0.0653651 -0.065365 -0.00720491 599.652 495.641 5.04675 4.96315 0.00074871 -1.39838e-07 -4.25723e-07 -4.49655e-07 
-3.85069 0.0708827 0.0103766 -0.00495964 0.0653637 -0.0653637 -0.00495964 601.798 497.751 5.05591 4.97261 0.000746298 -3.73946e-07 -5.70246e-07 -5.89874e-07 
-3.84701 0.0664024 0.0114841 -0.00248669 0.0653624 -0.0653623 -0.00248669 603.953 499.87 5.06509 4.9821 0.000743171 -5.401e-07 -6.12367e-07 -6.41637e-07 
-3.84332 0.0615354 0.0114152 -5.07915e-05 0.065361 -0.065361 -5.07915e-05 606.115 501.997 5.07428 4.9916 0.000739461 -6.08477e-07 -5.44798e-07 -5.97432e-07 
-3.83964 0.0568577 0.0103095 0.00208317 0.0653597 -0.0653597 0.00208317 608.285 504.132 5.0835 5.00112 0.000735299 -5.67172e-07 -3.80242e-07 -4.64395e-07 
-3.83595 0.0529452 0.00830623 0.00365031 0.0653583 -0.0653584 0.00365031 610.463 506.275 5.09273 5.01065 0.000730817 -4.24304e-07 -1.48979e-07 -2.63122e-07 
-3.83227 0.0503095 0.00555984 0.00443419 0.065357 -0.0653571 0.00443419 612.649 508.426 5.10197 5.0202 0.000726145 -2.06416e-07 1.06762e-07 -2.44216e-08 
-3.82858 0.0490337 0.00232362 0.00454088 0.0653557 -0.0653558 0.00454088 614.843 510.585 5.11124 5.02976 0.000721405 4.64831e-08 3.40575e-07 2.15458e-07 
-3.8249 0.0490255 -0.00110864 0.0042082 0.0653544 -0.0653545 0.0042082 617.045 512.752 5.12052 5.03935 0.000716715 2.8829e-07 5.10323e-07 4.20356e-07 
-3.82121 0.0501925 -0.00444304 0.00367436 0.0653531 -0.0653532 0.00367436 619.256 514.928 5.12982 5.04894 0.000712192 4.75214e-07 5.85749e-07 5.59661e-07 
-3.81753 0.052442 -0.00738566 0.00317758 0.0653519 -0.0653519 0.00317758 621.474 517.111 5.13914 5.05856 0.000707954 5.73697e-07 5.53862e-07 6.12855e-07 
-3.81384 0.055673 -0.0096798 0.00293166 0.0653506 -0.0653506 0.00293166 623.701 519.303 5.14848 5.06819 0.000704111 5.664e-07 4.21157e-07 5.72498e-07 
-3.81016 0.0597269 -0.0113196 0.00298593 0.0653493 -0.0653493 0.00298593 625.935 521.503 5.15783 5.07784 0.000700725 4.55205e-07 2.12318e-07 4.452e-07 
-3.80647 0.0644212 -0.0124027 0.00332175 0.0653481 -0.0653481 0.00332175 628.178 523.711 5.1672 5.0875 0.000697836 2.6085e-07 -3.4226e-08 2.50615e-07 
-3.80279 0.0695738 -0.0130272 0.00392023 0.0653468 -0.0653468 0.00392023 630.43 525.928 5.17659 5.09718 0.000695484 1.92137e-08 -2.73207e-07 1.85197e-08 
-3.7991 0.0750021 -0.0132912 0.00476253 0.0653456 -0.0653456 0.00476253 632.689 528.153 5.18599 5.10688 0.00069371 -2.25155e-07 -4.60691e-07 -2.15633e-07 
-3.79542 0.0805242 -0.0132737 0.00581528 0.0653443 -0.0653444 0.00581528 634.957 530.386 5.19542 5.11659 0.000692543 -4.27082e-07 -5.62036e-07 -4.15995e-07 
-3.79173 0.0859609 -0.0129238 0.00694614 0.0653431 -0.0653431 0.00694614 637.233 532.628 5.20486 5.12632 0.000691933 -5.48921e-07 -5.58184e-07 -5.51637e-07 
-3.78805 0.0911341 -0.0121361 0.0079814 0.0653419 -0.0653419 0.0079814 639.518 534.878 5.21432 5.13607 0.000691799 -5.67507e-07 -4.49339e-07 -6.01243e-07 
-3.78436 0.0958657 -0.0108053 0.00874724 0.0653406 -0.0653407 0.00874724 641.811 537.137 5.22379 5.14584 0.000692059 -4.78697e-07 -2.55278e-07 -5.5654e-07 
-3.78068 0.0999778 -0.00882571 0.00906981 0.0653394 -0.0653395 0.00906981 644.112 539.404 5.23329 5.15562 0.000692629 -2.98497e-07 -1.20256e-08 -4.23838e-07 
-3.77699 0.103284 -0.00612238 0.00881455 0.0653382 -0.0653382 0.00881455 646.422 541.68 5.2428 5.16542 0.000693413 -6.04471e-08 2.34599e-07 -2.23334e-07 
-3.77331 0.105545 -0.00283012 0.00811864 0.0653369 -0.065337 0.00811864 648.741 543.964 5.25233 5.17523 0.000694195 1.90345e-07 4.37392e-07 1.37327e-08 
-3.76963 0.106495 0.000827479 0.00723411 0.0653357 -0.0653358 0.00723411 651.067 546.257 5.26188 5.18506 0.000694711 4.05462e-07 5.56727e-07 2.49635e-07 
-3.76594 0.105871 0.00462651 0.00641339 0.0653345 -0.0653345 0.00641339 653.403 548.558 5.27145 5.19491 0.0006947 5.42573e-07 5.68576e-07 4.46073e-07 
-3.76226 0.10341 0.00834308 0.00590891 0.0653333 -0.0653333 0.00590891 655.747 550.868 5.28103 5.20478 0.000693896 5.74088e-07 4.69786e-07 5.70553e-07 
-3.75857 0.0989274 0.011747 0.00593265 0.065332 -0.0653321 0.00593265 658.1 553.187 5.29063 5.21466 0.000692075 4.93213e-07 2.79344e-07 6.02129e-07 
-3.75489 0.0928074 0.0145647 0.00641312 0.0653308 -0.0653308 0.00641312 660.461 555.515 5.30025 5.22456 0.000689277 3.15964e-07 3.50192e-08 5.35519e-07 
-3.7512 0.0856748 0.0165036 0.00715764 0.0653296 -0.0653296 0.00715764 662.831 557.851 5.30989 5.23447 0.000685655 7.78808e-08 -2.14504e-07 3.82066e-07 
-3.74752 0.0781556 0.0172713 0.00797312 0.0653284 -0.0653284 0.00797312 665.21 560.196 5.31955 5.24441 0.000681363 -1.73369e-07 -4.19656e-07 1.67634e-07 
-3.74383 0.0708757 0.0165755 0.00866641 0.0653271 -0.0653272 0.00866641 667.597 562.55 5.32922 5.25436 0.000676555 -3.87739e-07 -5.40041e-07 -7.18838e-08 
-3.74015 0.0644254 0.0142051 0.00905547 0.0653259 -0.065326 0.00905547 669.994 564.913 5.33892 5.26433 0.000671393 -5.22945e-07 -5.52522e-07 -2.96719e-07 
-3.73646 0.0591416 0.0105264 0.00903664 0.0653247 -0.0653248 0.00903664 672.399 567.284 5.34863 5.27431 0.000666084 -5.52951e-07 -4.55739e-07 -4.69981e-07 
-3.73278 0.0552514 0.00615544 0.00854017 0.0653235 -0.0653236 0.00854017 674.813 569.665 5.35836 5.28432 0.000660859 -4.72967e-07 -2.70068e-07 -5.6378e-07 
-3.72909 0.0529816 0.00170921 0.00749647 0.0653223 -0.0653224 0.00749647 677.235 572.054 5.3681 5.29433 0.000655947 -3.0005e-07 -3.32124e-08 -5.63645e-07 
-3.72541 0.0525591 -0.00219529 0.00583593 0.0653212 -0.0653212 0.00583593 679.667 574.453 5.37787 5.30437 0.000651579 -6.93776e-08 2.07501e-07 -4.70604e-07 
-3.72172 0.0541257 -0.00500661 0.00353274 0.06532 -0.06532 0.00353274 682.108 576.86 5.38765 5.31443 0.000647947 1.72908e-07 4.04485e-07 -3.00688e-07 
-3.71804 0.0572147 -0.00664432 0.00087594 0.0653188 -0.0653188 0.00087594 684.558 579.277 5.39746 5.3245 0.000644976 3.78613e-07 5.18872e-07 -8.21239e-08 
-3.71435 0.0610926 -0.00723391 -0.00170779 0.0653177 -0.0653177 -0.00170779 687.016 581.702 5.40728 5.33459 0.000642471 5.06617e-07 5.27957e-07 1.4886e-07 
-3.71067 0.0650252 -0.00690174 -0.0037912 0.0653165 -0.0653165 -0.0037912 689.484 584.137 5.41712 5.34469 0.00064024 5.31109e-07 4.29963e-07 3.53711e-07 
-3.70698 0.0682781 -0.00577419 -0.00494701 0.0653154 -0.0653154 -0.00494701 691.961 586.581 5.42698 5.35482 0.00063809 4.47069e-07 2.44768e-07 4.97919e-07 
-3.7033 0.0702103 -0.0039975 -0.00482794 0.0653143 -0.0653142 -0.00482794 694.447 589.034 5.43685 5.36496 0.000635853 2.7169e-07 1.02629e-08 5.56964e-07 
-3.69961 0.0708614 -0.00186265 -0.00366863 0.0653131 -0.0653131 -0.00366863 696.942 591.496 5.44675 5.37512 0.000633558 4.12062e-08 -2.25266e-07 5.20881e-07 
-3.69593 0.0705716 0.000275406 -0.00196104 0.065312 -0.065312 -0.00196104 699.446 593.967 5.45666 5.3853 0.000631321 -1.96711e-07 -4.13286e-07 3.9603e-07 
-3.69224 0.0696824 0.00206141 -0.000198279 0.0653108 -0.0653108 -0.000198279 701.96 596.448 5.46659 5.39549 0.000629255 -3.92878e-07 -5.15083e-07 2.03915e-07 
-3.68856 0.0685354 0.00314012 0.00112653 0.0653097 -0.0653097 0.00112653 704.482 598.938 5.47654 5.4057 0.000627477 -5.06742e-07 -5.09724e-07 -2.25222e-08 
-3.68487 0.0674355 0.00323105 0.00157342 0.0653086 -0.0653086 0.00157342 707.014 601.437 5.48651 5.41593 0.000626077 -5.147e-07 -3.98328e-07 -2.44506e-07 
-3.68119 0.0664155 0.00260488 0.00109417 0.0653074 -0.0653075 0.00109417 709.556 603.946 5.4965 5.42618 0.000624973 -4.14864e-07 -2.03831e-07 -4.23849e-07 
-3.6775 0.0653872 0.00177877 -0.000184281 0.0653063 -0.0653063 -0.000184281 712.106 606.464 5.50651 5.43645 0.000624003 -2.27792e-07 3.33321e-08 -5.2932e-07 
-3.67382 0.0642614 0.00127105 -0.00213415 0.0653052 -0.0653052 -0.00213415 714.666 608.992 5.51654 5.44673 0.000623007 7.33339e-09 2.63304e-07 -5.42194e-07 
-3.67013 0.0629491 0.00160001 -0.00462766 0.0653041 -0.0653041 -0.00462766 717.236 611.529 5.52658 5.45703 0.000621823 2.40666e-07 4.37202e-07 -4.59829e-07 
-3.66645 0.0613508 0.00318909 -0.00750886 0.065303 -0.0653029 -0.00750886 719.815 614.076 5.53664 5.46735 0.000620294 4.22213e-07 5.17654e-07 -2.96501e-07 
-3.66276 0.059288 0.00575321 -0.0104113 0.0653019 -0.0653018 -0.0104113 722.403 616.632 5.54673 5.47769 0.000618293 5.12748e-07 4.87166e-07 -8.11813e-08 
-3.65908 0.0565465 0.00868686 -0.0128735 0.0653008 -0.0653007 -0.0128735 725.001 619.198 5.55683 5.48804 0.000615706 4.9262e-07 3.5229e-07 1.47516e-07 
-3.65539 0.0529121 0.011383 -0.0144332 0.0652997 -0.0652996 -0.0144332 727.609 621.773 5.56695 5.49842 0.000612421 3.6638e-07 1.42506e-07 3.48307e-07 
-3.65171 0.0481703 0.0132344 -0.0146285 0.0652986 -0.0652985 -0.0146285 730.226 624.358 5.57709 5.50881 0.000608324 1.62059e-07 -9.60659e-08 4.84871e-07 
-3.64802 0.0422098 0.013693 -0.0130943 0.0652975 -0.0652974 -0.0130943 732.853 626.953 5.58725 5.51922 0.000603346 -7.49079e-08 -3.10882e-07 5.32748e-07 
-3.64434 0.0356976 0.0126547 -0.0102004 0.0652964 -0.0652963 -0.0102004 735.489 629.557 5.59742 5.52964 0.000597744 -2.92069e-07 -4.55092e-07 4.84289e-07 
-3.64065 0.0296568 0.0102192 -0.00665225 0.0652953 -0.0652952 -0.00665225 738.135 632.171 5.60762 5.54009 0.000591922 -4.42207e-07 -4.98239e-07 3.49749e-07 
-3.63697 0.0251123 0.00648685 -0.00315728 0.0652942 -0.0652942 -0.00315728 740.791 634.795 5.61784 5.55055 0.000586288 -4.93704e-07 -4.32541e-07 1.54713e-07 
-3.63328 0.0230889 0.00155823 -0.000422797 0.0652931 -0.0652931 -0.000422797 743.457 637.429 5.62807 5.56104 0.000581248 -4.36929e-07 -2.73875e-07 -6.50594e-08 
-3.6296 0.0244667 -0.00440149 0.000927703 0.065292 -0.065292 0.000927703 746.132 640.073 5.63833 5.57154 0.00057717 -2.85581e-07 -5.76433e-08 -2.70273e-07 
-3.62592 0.0290147 -0.0107317 0.000913073 0.065291 -0.065291 0.000913073 748.818 642.726 5.6486 5.58206 0.000574127 -7.31236e-08 1.69087e-07 -4.24712e-07 
-3.62223 0.0359879 -0.0165424 -0.000150752 0.0652899 -0.0652899 -0.000150752 751.513 645.39 5.65889 5.59259 0.000572055 1.54097e-07 3.57174e-07 -5.01095e-07 
-3.61855 0.044639 -0.0209428 -0.00194623 0.0652889 -0.0652889 -0.00194623 754.218 648.064 5.6692 5.60315 0.00057089 3.46452e-07 4.65647e-07 -4.85793e-07 
-3.61486 0.0542203 -0.0230416 -0.00415582 0.0652879 -0.0652879 -0.00415582 756.933 650.747 5.67953 5.61372 0.000570567 4.6157e-07 4.70508e-07 -3.81347e-07 
-3.61118 0.0639788 -0.0220898 -0.00646081 0.0652869 -0.0652868 -0.00646081 759.658 653.441 5.68989 5.62431 0.000570999 4.7354e-07 3.70105e-07 -2.06237e-07 
-3.60749 0.0731189 -0.0184401 -0.00853334 0.0652858 -0.0652858 -0.00853334 762.393 656.144 5.70026 5.63493 0.000571925 3.78723e-07 1.85848e-07 8.06163e-09 
-3.60381 0.0808252 -0.0129604 -0.0100413 0.0652848 -0.0652848 -0.0100413 765.139 658.858 5.71064 5.64555 0.000573003 1.97316e-07 -4.16575e-08 2.22153e-07 
-3.60012 0.0862821 -0.0065218 -0.0106526 0.0652838 -0.0652837 -0.0106526 767.894 661.582 5.72105 5.6562 0.00057389 -3.02558e-08 -2.61021e-07 3.95695e-07 
-3.59644 0.0886742 4.86491e-06 -0.0100351 0.0652828 -0.0652827 -0.0100351 770.659 664.316 5.73148 5.66687 0.000574243 -2.51946e-07 -4.21566e-07 4.95119e-07 
-3.59275 0.0873426 0.00579485 -0.00792959 0.0652817 -0.0652817 -0.00792959 773.435 667.061 5.74193 5.67755 0.000573755 -4.16019e-07 -4.85391e-07 5.00556e-07 
-3.58907 0.0828608 0.0103867 -0.00465147 0.0652807 -0.0652807 -0.00465147 776.221 669.816 5.7524 5.68826 0.000572413 -4.83787e-07 -4.37136e-07 4.10539e-07 
-3.58538 0.0763853 0.013491 -0.000787613 0.0652797 -0.0652797 -0.000787613 779.017 672.581 5.76288 5.69898 0.000570341 -4.39297e-07 -2.88001e-07 2.42457e-07 
-3.5817 0.0690759 0.0148189 0.00307347 0.0652786 -0.0652786 0.00307347 781.823 675.356 5.77339 5.70972 0.000567664 -2.9317e-07 -7.30457e-08 2.8996e-08 
-3.57801 0.0620925 0.0140821 0.00634325 0.0652776 -0.0652776 0.00634325 784.64 678.142 5.78392 5.72048 0.000564506 -8.00421e-08 1.57195e-07 -1.88375e-07 
-3.57433 0.0565156 0.0110819 0.00849309 0.0652766 -0.0652766 0.00849309 787.467 680.938 5.79446 5.73126 0.000560999 1.49757e-07 3.48769e-07 -3.6762e-07 
-3.57064 0.0527935 0.00633682 0.00947152 0.0652756 -0.0652756 0.00947152 790.305 683.745 5.80503 5.74206 0.00055732 3.42262e-07 4.57149e-07 -4.7443e-07 
-3.56696 0.0510723 0.000708189 0.00945524 0.0652746 -0.0652746 0.00945524 793.153 686.562 5.81562 5.75288 0.000553668 4.52703e-07 4.57679e-07 -4.88842e-07 
-3.56327 0.0514961 -0.00494049 0.00862235 0.0652736 -0.0652736 0.00862235 796.011 689.389 5.82622 5.76371 0.000550243 4.55902e-07 3.51112e-07 -4.08877e-07 
-3.55959 0.054209 -0.00974572 0.00715097 0.0652726 -0.0652726 0.00715097 798.88 692.228 5.83685 5.77457 0.000547244 3.51909e-07 1.6313e-07 -2.50641e-07 
-3.5559 0.05927 -0.0129267 0.00523316 0.0652716 -0.0652716 0.00523316 801.76 695.077 5.84749 5.78544 0.000544845 1.65683e-07 -6.18832e-08 -4.49945e-08 
-3.55222 0.0660517 -0.0143703 0.00317345 0.0652706 -0.0652706 0.00317345 804.65 697.936 5.85816 5.79634 0.000543023 -5.88367e-08 -2.71091e-07 1.6835e-07 
-3.54853 0.0735943 -0.014286 0.00133077 0.0652696 -0.0652697 0.00133077 807.551 700.806 5.86884 5.80725 0.000541652 -2.68591e-07 -4.15132e-07 3.48044e-07 
-3.54485 0.0809361 -0.0128857 6.43811e-05 0.0652687 -0.0652687 6.43811e-05 810.462 703.688 5.87955 5.81818 0.000540611 -4.13626e-07 -4.59665e-07 4.58936e-07 
-3.54116 0.0871153 -0.010381 -0.000266428 0.0652677 -0.0652677 -0.000266428 813.384 706.579 5.89027 5.82913 0.000539775 -4.58982e-07 -3.93731e-07 4.78996e-07 
-3.53748 0.0912711 -0.00700603 0.000635898 0.0652668 -0.0652668 0.000635898 816.317 709.482 5.90102 5.8401 0.000539028 -3.93343e-07 -2.32792e-07 4.03903e-07 
-3.53379 0.0933705 -0.00317837 0.0025641 0.0652658 -0.0652658 0.0025641 819.261 712.395 5.91178 5.85109 0.000538292 -2.32207e-07 -1.5461e-08 2.48257e-07 
-3.53011 0.0937848 0.000594884 0.00506409 0.0652648 -0.0652648 0.00506409 822.216 715.32 5.92257 5.8621 0.000537515 -1.45053e-08 2.05575e-07 4.29344e-08 
-3.52642 0.0928882 0.00380598 0.00768011 0.0652639 -0.0652639 0.00768011 825.181 718.255 5.93337 5.87313 0.000536642 2.06632e-07 3.76276e-07 -1.70918e-07 
-3.52274 0.0910547 0.00594716 0.00995639 0.0652629 -0.0652629 0.00995639 828.157 721.201 5.9442 5.88417 0.000535619 3.76793e-07 4.54545e-07 -3.50087e-07 
-3.51905 0.0886466 0.00659167 0.0114724 0.0652619 -0.065262 0.0114724 831.145 724.158 5.95505 5.89524 0.000534398 4.53783e-07 4.20824e-07 -4.58091e-07 
-3.51537 0.0859272 0.00598399 0.0120993 0.065261 -0.065261 0.0120993 834.143 727.127 5.96591 5.90633 0.000532992 4.18358e-07 2.83289e-07 -4.72821e-07 
-3.51168 0.0831107 0.00470044 0.0118526 0.06526 -0.0652601 0.0118526 837.153 730.106 5.9768 5.91743 0.000531438 2.79252e-07 7.60131e-08 -3.91224e-07 
-3.508 0.0804111 0.00331969 0.0107488 0.0652591 -0.0652591 0.0107488 840.173 733.097 5.98771 5.92856 0.000529779 7.11372e-08 -1.49423e-07 -2.30009e-07 
-3.50431 0.0780425 0.00242043 0.00880434 0.0652581 -0.0652582 0.00880434 843.205 736.099 5.99863 5.9397 0.000528053 -1.53941e-07 -3.36759e-07 -2.22926e-08 
-3.50063 0.076175 0.00250831 0.00607329 0.0652572 -0.0652572 0.00607329 846.247 739.112 6.00958 5.95087 0.00052629 -3.39549e-07 -4.39136e-07 1.89172e-07 
-3.49694 0.0746114 0.00347579 0.00292487 0.0652562 -0.0652563 0.00292487 849.301 742.136 6.02055 5.96205 0.000524427 -4.3897e-07 -4.30841e-07 3.60713e-07 
-3.49326 0.0729708 0.00490879 -0.000114173 0.0652553 -0.0652553 -0.000114173 852.367 745.171 6.03154 5.97326 0.000522357 -4.27067e-07 -3.14002e-07 4.56713e-07 
-3.48957 0.070871 0.00639099 -0.00251588 0.0652544 -0.0652544 -0.00251588 855.443 748.218 6.04255 5.98448 0.000519972 -3.06992e-07 -1.18416e-07 4.57198e-07 
-3.48589 0.0679297 0.00750603 -0.00375232 0.0652535 -0.0652534 -0.00375232 858.531 751.276 6.05358 5.99572 0.000517164 -1.09711e-07 1.05792e-07 3.62283e-07 
-3.48221 0.0638565 0.00787035 -0.00338261 0.0652525 -0.0652525 -0.00338261 861.63 754.346 6.06463 6.00699 0.00051385 1.13749e-07 3.00976e-07 1.924e-07 
-3.47852 0.059142 0.00737924 -0.00170666 0.0652516 -0.0652516 -0.00170666 864.741 757.427 6.0757 6.01827 0.000510174 3.05668e-07 4.17195e-07 -1.59604e-08 
-3.47484 0.054672 0.00606893 0.000601179 0.0652507 -0.0652507 0.000601179 867.863 760.52 6.08679 6.02957 0.000506393 4.17012e-07 4.25378e-07 -2.18484e-07 
-3.47115 0.0513351 0.00397674 0.00286366 0.0652497 -0.0652498 0.00286366 870.996 763.624 6.09791 6.0409 0.000502764 4.20028e-07 3.24521e-07 -3.72681e-07 
-3.46747 0.0500199 0.00113998 0.00440354 0.0652488 -0.0652489 0.00440354 874.142 766.74 6.10904 6.05224 0.000499544 3.14988e-07 1.41465e-07 -4.46753e-07 
-3.46378 0.051479 -0.00235296 0.00461785 0.0652479 -0.0652479 0.00461785 877.298 769.867 6.1202 6.0636 0.000496967 1.29644e-07 -7.63699e-08 -4.25911e-07 
-3.4601 0.0552915 -0.00597335 0.00354394 0.065247 -0.065247 0.00354394 880.467 773.006 6.13137 6.07499 0.000495062 -8.81068e-08 -2.73052e-07 -3.14953e-07 
-3.45641 0.0604368 -0.00896739 0.00154641 0.0652461 -0.0652462 0.00154641 883.647 776.157 6.14257 6.08639 0.00049375 -2.8205e-07 -3.97955e-07 -1.37335e-07 
-3.45273 0.0658894 -0.0105795 -0.00100749 0.0652453 -0.0652453 -0.00100749 886.838 779.32 6.15378 6.09781 0.000492953 -4.01798e-07 -4.18614e-07 6.93958e-08 
-3.44904 0.0706238 -0.0100541 -0.00375055 0.0652444 -0.0652444 -0.00375055 890.042 782.494 6.16502 6.10926 0.000492595 -4.15804e-07 -3.29284e-07 2.61249e-07 
-3.44536 0.073682 -0.00677606 -0.0063272 0.0652435 -0.0652435 -0.0063272 893.257 785.681 6.17628 6.12072 0.000492578 -3.19826e-07 -1.52832e-07 3.96952e-07 
-3.44167 0.0746934 -0.00135804 -0.00848393 0.0652426 -0.0652426 -0.00848393 896.484 788.879 6.18756 6.13221 0.000492655 -1.38486e-07 6.4691e-08 4.46655e-07 
-3.43799 0.0735916 0.00495301 -0.0100199 0.0652417 -0.0652417 -0.0100199 899.723 792.089 6.19886 6.14371 0.000492494 8.03514e-08 2.65459e-07 3.98706e-07 
-3.4343 0.0703124 0.0109048 -0.0107349 0.0652408 -0.0652408 -0.0107349 902.974 795.311 6.21018 6.15523 0.000491768 2.77751e-07 3.95125e-07 2.62974e-07 
-3.43062 0.0647918 0.015245 -0.0104284 0.06524 -0.0652399 -0.0104284 906.237 798.545 6.22153 6.16678 0.000490147 3.99701e-07 4.17984e-07 6.93907e-08 
-3.42693 0.0570686 0.0168534 -0.00895524 0.0652391 -0.065239 -0.00895524 909.512 801.791 6.23289 6.17835 0.000487354 4.12554e-07 3.27631e-07 -1.38357e-07 
-3.42325 0.0480922 0.0157791 -0.00665808 0.0652382 -0.0652382 -0.00665808 912.799 805.05 6.24428 6.18993 0.000483598 3.13444e-07 1.49611e-07 -3.13174e-07 
-3.41956 0.0392881 0.0126818 -0.00413454 0.0652373 -0.0652373 -0.00413454 916.098 808.32 6.25568 6.20154 0.000479336 1.30819e-07 -6.63803e-08 -4.16209e-07 
-3.41588 0.0320858 0.00822695 -0.00198444 0.0652364 -0.0652364 -0.00198444 919.409 811.603 6.26711 6.21317 0.000475028 -8.44663e-08 -2.61148e-07 -4.25593e-07 
-3.41219 0.0279149 0.00307962 -0.0008076 0.0652356 -0.0652356 -0.0008076 922.733 814.898 6.27856 6.22481 0.000471137 -2.73722e-07 -3.82422e-07 -3.40688e-07 
-3.40851 0.0280194 -0.00211188 -0.00111997 0.0652347 -0.0652347 -0.00111997 926.068 818.205 6.29003 6.23648 0.000468077 -3.86349e-07 -3.98557e-07 -1.8136e-07 
-3.40482 0.0319791 -0.00685133 -0.0026845 0.0652339 -0.0652338 -0.0026845 929.416 821.525 6.30153 6.24817 0.000465866 -3.92536e-07 -3.05953e-07 1.69577e-08 
-3.40114 0.0384948 -0.0107228 -0.00486648 0.065233 -0.065233 -0.00486648 932.777 824.857 6.31304 6.25988 0.000464311 -2.90843e-07 -1.29953e-07 2.10401e-07 
-3.39745 0.0462591 -0.0133112 -0.00702757 0.0652322 -0.0652322 -0.00702757 936.149 828.201 6.32458 6.27161 0.000463217 -1.09072e-07 8.13563e-08 3.55833e-07 
-3.39377 0.0539649 -0.0142012 -0.00852946 0.0652313 -0.0652313 -0.00852946 939.535 831.558 6.33613 6.28336 0.000462387 1.02738e-07 2.69762e-07 4.20381e-07 
-3.39008 0.0604024 -0.0130573 -0.00880228 0.0652305 -0.0652305 -0.00880228 942.932 834.927 6.34771 6.29514 0.000461638 2.85665e-07 3.82771e-07 3.8907e-07 
-3.3864 0.0652502 -0.0102676 -0.00789892 0.0652297 -0.0652296 -0.00789892 946.342 838.309 6.35931 6.30693 0.000460873 3.88295e-07 3.88474e-07 2.68726e-07 
-3.38271 0.0686609 -0.00660691 -0.00620484 0.0652288 -0.0652288 -0.00620484 949.765 841.704 6.37093 6.31874 0.000460045 3.81442e-07 2.84929e-07 8.67417e-08 
-3.37903 0.0707913 -0.00285358 -0.00410862 0.065228 -0.065228 -0.00410862 953.2 845.111 6.38258 6.33058 0.000459108 2.6673e-07 1.01086e-07 -1.15027e-07 
-3.37534 0.0717987 0.000214039 -0.00199883 0.0652272 -0.0652272 -0.00199883 956.648 848.531 6.39424 6.34244 0.000458014 7.65237e-08 -1.11059e-07 -2.8982e-07 
-3.37166 0.0718489 0.00189925 -0.000236519 0.0652263 -0.0652263 -0.000236519 960.109 851.963 6.40593 6.35431 0.000456724 -1.34983e-07 -2.91082e-07 -3.96881e-07 
-3.36797 0.0711906 0.00225877 0.00107106 0.0652255 -0.0652255 0.00107106 963.582 855.409 6.41764 6.36621 0.000455272 -3.07212e-07 -3.87496e-07 -4.11187e-07 
-3.36429 0.0701169 0.00175601 0.00195367 0.0652247 -0.0652247 0.00195367 967.068 858.867 6.42937 6.37813 0.00045373 -3.90748e-07 -3.72724e-07 -3.29467e-07 
-3.3606 0.0689215 0.000858326 0.00244242 0.0652239 -0.0652239 0.00244242 970.567 862.339 6.44112 6.39007 0.000452172 -3.61654e-07 -2.51113e-07 -1.70983e-07 
-3.35692 0.067898 3.30932e-05 0.00256839 0.0652231 -0.0652231 0.00256839 974.079 865.823 6.45289 6.40203 0.000450671 -2.28431e-07 -5.77556e-08 2.69781e-08 
-3.35323 0.067313 -0.000299809 0.00237345 0.0652223 -0.0652223 0.00237345 977.604 869.32 6.46469 6.41402 0.00044929 -2.96414e-08 1.51545e-07 2.1785e-07 
-3.34955 0.0671821 -0.000164512 0.00200007 0.0652214 -0.0652215 0.00200007 981.142 872.83 6.47651 6.42602 0.000447988 1.7709e-07 3.16216e-07 3.56604e-07 
-3.34586 0.0673837 0.000172539 0.00164564 0.0652206 -0.0652206 0.00164564 984.693 876.353 6.48835 6.43805 0.00044667 3.31504e-07 3.88299e-07 4.10277e-07 
-3.34218 0.0677947 0.000442445 0.0015081 0.0652198 -0.0652198 0.0015081 988.257 879.89 6.50021 6.45009 0.000445241 3.8829e-07 3.46624e-07 3.65988e-07 
-3.3385 0.0682922 0.000376312 0.00178539 0.065219 -0.065219 0.00178539 991.834 883.439 6.5121 6.46216 0.000443605 3.30679e-07 2.03411e-07 2.3433e-07 
-3.33481 0.0687747 -0.00026163 0.00264511 0.0652182 -0.0652182 0.00264511 995.424 887.002 6.524 6.47425 0.000441683 1.75814e-07 1.0665e-09 4.71187e-08 
-3.33113 0.069346 -0.00139315 0.00396736 0.0652174 -0.0652174 0.00396736 999.028 890.578 6.53593 6.48637 0.000439568 -3.00465e-08 -2.00278e-07 -1.5022e-07 
-3.32744 0.0702229 -0.00276677 0.00547359 0.0652166 -0.0652167 0.00547359 1002.64 894.168 6.54788 6.4985 0.000437444 -2.25561e-07 -3.4096e-07 -3.09988e-07 
-3.32376 0.0716233 -0.0041292 0.0068836 0.0652159 -0.0652159 0.0068836 1006.27 897.77 6.55986 6.51065 0.0004355 -3.52744e-07 -3.79571e-07 -3.93851e-07 
-3.32007 0.0737654 -0.00522716 0.00791719 0.0652151 -0.0652151 0.00791719 1009.92 901.387 6.57185 6.52283 0.00043392 -3.74095e-07 -3.05051e-07 -3.8193e-07 
-3.31639 0.0768162 -0.00582301 0.00832212 0.0652143 -0.0652143 0.00832212 1013.57 905.016 6.58387 6.53503 0.000432868 -2.83478e-07 -1.39714e-07 -2.77324e-07 
-3.3127 0.0804542 -0.00582963 0.00811505 0.0652135 -0.0652135 0.00811505 1017.25 908.66 6.59591 6.54725 0.000432285 -1.07739e-07 6.73586e-08 -1.05167e-07 
-3.30902 0.0840847 -0.00524385 0.00746257 0.0652127 -0.0652128 0.00746257 1020.93 912.316 6.60797 6.55949 0.000431989 1.00681e-07 2.54228e-07 9.29104e-08 
-3.30533 0.0871107 -0.00406338 0.00653294 0.065212 -0.065212 0.00653294 1024.63 915.987 6.62006 6.57175 0.000431795 2.78811e-07 3.64252e-07 2.6837e-07 
-3.30165 0.0889346 -0.00228597 0.00549437 0.0652112 -0.0652112 0.00549437 1028.34 919.671 6.63217 6.58404 0.000431518 3.72065e-07 3.63408e-07 3.77567e-07 
-3.29796 0.0890184 6.75341e-05 0.00450763 0.0652104 -0.0652104 0.00450763 1032.06 923.369 6.6443 6.59635 0.000430986 3.51264e-07 2.51304e-07 3.92818e-07 
-3.29428 0.0874005 0.00275103 0.00366051 0.0652096 -0.0652096 0.00366051 1035.8 927.08 6.65645 6.60868 0.000430126 2.22367e-07 6.2068e-08 3.09907e-07 
-3.29059 0.0844446 0.00539139 0.00299969 0.0652089 -0.0652089 0.00299969 1039.55 930.806 6.66863 6.62103 0.000428927 2.51076e-08 -1.45885e-07 1.4952e-07 
-3.28691 0.0805178 0.00761409 0.00257138 0.0652081 -0.0652081 0.00257138 1043.32 934.545 6.68082 6.6334 0.000427376 -1.79181e-07 -3.07979e-07 -4.78338e-08 
-3.28322 0.0759876 0.00904458 0.00242181 0.0652073 -0.0652073 0.00242181 1047.1 938.298 6.69305 6.6458 0.000425461 -3.26728e-07 -3.73757e-07 -2.32071e-07 
-3.27954 0.0712212 0.00934808 0.0025825 0.0652066 -0.0652066 0.0025825 1050.89 942.066 6.70529 6.65821 0.000423179 -3.71498e-07 -3.22927e-07 -3.5638e-07 
-3.27585 0.0665863 0.00858263 0.00294014 0.0652058 -0.0652058 0.00294014 1054.7 945.847 6.71756 6.67065 0.000420633 -2.99968e-07 -1.71975e-07 -3.89438e-07 
-3.27217 0.0624509 0.0070302 0.0032988 0.065205 -0.0652051 0.0032988 1058.52 949.642 6.72985 6.68312 0.000417981 -1.35336e-07 3.11875e-08 -3.23478e-07 
-3.26848 0.0591828 0.00497534 0.0034616 0.0652043 -0.0652043 0.0034616 1062.36 953.451 6.74216 6.6956 0.000415384 7.00936e-08 2.2259e-07 -1.7602e-07 
-3.2648 0.0571501 0.00270262 0.00323168 0.0652035 -0.0652035 0.00323168 1066.21 957.275 6.75449 6.70811 0.000413003 2.51582e-07 3.42378e-07 1.48802e-08 
-3.26111 0.0566666 0.000491545 0.00243622 0.0652028 -0.0652028 0.00243622 1070.07 961.113 6.76685 6.72063 0.000410985 3.52282e-07 3.53441e-07 2.00472e-07 
-3.25743 0.0575063 -0.00142889 0.0011437 0.065202 -0.0652021 0.0011437 1073.95 964.965 6.77923 6.73319 0.000409351 3.40776e-07 2.527e-07 3.33543e-07 
-3.25374 0.0591315 -0.00285881 -0.000438432 0.0652013 -0.0652013 -0.000438432 1077.84 968.832 6.79164 6.74576 0.000408045 2.20869e-07 7.21459e-08 3.80143e-07 
-3.25006 0.0610011 -0.00359869 -0.00210104 0.0652006 -0.0652006 -0.00210104 1081.75 972.712 6.80406 6.75836 0.000407014 3.07092e-08 -1.30879e-07 3.28281e-07 
-3.24637 0.0625737 -0.00344901 -0.00363498 0.0651998 -0.0651998 -0.00363498 1085.67 976.608 6.81652 6.77097 0.000406202 -1.68959e-07 -2.91568e-07 1.91231e-07 
-3.24269 0.0633471 -0.00225115 -0.00484434 0.0651991 -0.0651991 -0.00484434 1089.61 980.518 6.82899 6.78362 0.000405548 -3.13927e-07 -3.58217e-07 4.40856e-09 
-3.239 0.0632161 -0.000262012 -0.00566751 0.0651984 -0.0651984 -0.00566751 1093.56 984.442 6.84149 6.79628 0.000404929 -3.57077e-07 -3.08953e-07 -1.8349e-07 
-3.23532 0.0623062 0.00201946 -0.0061211 0.0651976 -0.0651976 -0.0061211 1097.53 988.381 6.85401 6.80897 0.000404185 -2.83939e-07 -1.59327e-07 -3.22949e-07 
-3.23163 0.0607462 0.00409131 -0.00622269 0.0651969 -0.0651969 -0.00622269 1101.51 992.335 6.86655 6.82167 0.000403155 -1.18103e-07 4.2028e-08 -3.7678e-07 
-3.22795 0.0586646 0.0054516 -0.00598986 0.0651962 -0.0651962 -0.00598986 1105.5 996.303 6.87912 6.83441 0.000401679 8.58984e-08 2.28904e-07 -3.30417e-07 
-3.22426 0.0562011 0.0056507 -0.00545045 0.0651955 -0.0651954 -0.00545045 1109.51 1000.29 6.89171 6.84716 0.000399623 2.60376e-07 3.39431e-07 -1.96352e-07 
-3.22058 0.0536092 0.00477794 -0.00473802 0.0651947 -0.0651947 -0.00473802 1113.53 1004.28 6.90432 6.85994 0.000397111 3.47486e-07 3.37297e-07 -1.11069e-08 
-3.21689 0.0512093 0.00324 -0.00404836 0.065194 -0.065194 -0.00404836 1117.57 1008.3 6.91696 6.87274 0.000394423 3.19006e-07 2.24077e-07 1.75188e-07 
-3.21321 0.0493227 0.00144761 -0.00357808 0.0651933 -0.0651933 -0.00357808 1121.62 1012.32 6.92962 6.88556 0.000391839 1.85366e-07 3.81244e-08 3.12751e-07 
-3.20952 0.0482709 -0.000188465 -0.00352376 0.0651926 -0.0651926 -0.00352376 1125.69 1016.37 6.9423 6.89841 0.000389641 -8.43299e-09 -1.58675e-07 3.65403e-07 
-3.20584 0.0483354 -0.00129022 -0.00405198 0.0651919 -0.0651919 -0.00405198 1129.78 1020.43 6.95501 6.91128 0.00038808 -1.98084e-07 -3.01462e-07 3.1976e-07 
-3.20215 0.0493837 -0.00182149 -0.00501581 0.0651912 -0.0651912 -0.00501581 1133.88 1024.5 6.96774 6.92417 0.000387096 -3.20789e-07 -3.43125e-07 1.88133e-07 
-3.19847 0.0510367 -0.00194957 -0.00608172 0.0651905 -0.0651905 -0.00608172 1137.99 1028.59 6.9805 6.93708 0.000386442 -3.35399e-07 -2.69529e-07 5.67984e-09 
-3.19478 0.0529119 -0.00184448 -0.00691368 0.0651898 -0.0651898 -0.00691368 1142.12 1032.69 6.99328 6.95002 0.00038587 -2.36538e-07 -1.04965e-07 -1.78244e-07 
-3.1911 0.0546269 -0.00167623 -0.00717567 0.0651891 -0.0651891 -0.00717567 1146.26 1036.81 7.00608 6.96298 0.000385132 -5.73219e-08 9.51015e-08 -3.13161e-07 
-3.18742 0.0558358 -0.00160521 -0.00656958 0.0651884 -0.0651884 -0.00656958 1150.42 1040.94 7.0189 6.97597 0.000384002 1.4108e-07 2.62323e-07 -3.61519e-07 
-3.18373 0.056582 -0.00169014 -0.00519866 0.0651877 -0.0651877 -0.00519866 1154.6 1045.09 7.03175 6.98898 0.000382489 2.90352e-07 3.39213e-07 -3.09852e-07 
-3.18005 0.0571424 -0.00192851 -0.00340766 0.065187 -0.065187 -0.00340766 1158.79 1049.26 7.04463 7.00201 0.000380743 3.39172e-07 2.99539e-07 -1.72809e-07 
-3.17636 0.0577973 -0.00231697 -0.00154462 0.0651863 -0.0651863 -0.00154462 1162.99 1053.44 7.05753 7.01506 0.000378917 2.7108e-07 1.57368e-07 1.11916e-08 
-3.17268 0.0588269 -0.0028522 4.23939e-05 0.0651856 -0.0651856 4.23939e-05 1167.21 1057.63 7.07045 7.02814 0.000377164 1.10025e-07 -3.79741e-08 1.90857e-07 
-3.16899 0.0604861 -0.00352286 0.00103521 0.0651849 -0.0651849 0.00103521 1171.45 1061.84 7.0834 7.04124 0.000375626 -8.80943e-08 -2.1904e-07 3.16347e-07 
-3.16531 0.0627542 -0.00423185 0.00143671 0.0651842 -0.0651842 0.00143671 1175.7 1066.07 7.09637 7.05437 0.000374351 -2.54696e-07 -3.23378e-07 3.52907e-07 
-3.16162 0.0654435 -0.00482991 0.00144504 0.0651836 -0.0651836 0.00144504 1179.97 1070.31 7.10936 7.06752 0.000373327 -3.31957e-07 -3.14872e-07 2.90392e-07 
-3.15794 0.0683639 -0.00516703 0.00126112 0.0651829 -0.0651829 0.00126112 1184.25 1074.57 7.12238 7.08069 0.000372541 -2.92858e-07 -1.96386e-07 1.46253e-07 
-3.15425 0.0713252 -0.0050932 0.00108584 0.0651822 -0.0651822 0.00108584 1188.55 1078.84 7.13542 7.09389 0.00037198 -1.50848e-07 -9.10935e-09 -3.91056e-08 
-3.15057 0.0741359 -0.00447602 0.00110799 0.0651816 -0.0651816 0.00110799 1192.87 1083.13 7.14849 7.10711 0.000371624 4.44512e-08 1.81421e-07 -2.1342e-07 
-3.14688 0.0765922 -0.00337503 0.00138408 0.0651809 -0.0651809 0.00138408 1197.2 1087.44 7.16158 7.12035 0.000371366 2.24189e-07 3.07931e-07 -3.27071e-07 
-3.1432 0.078482 -0.00196774 0.00188934 0.0651802 -0.0651802 0.00188934 1201.54 1091.76 7.17469 7.13362 0.000371049 3.24249e-07 3.25077e-07 -3.4716e-07 
-3.13951 0.0795934 -0.000433397 0.00259781 0.0651795 -0.0651795 0.00259781 1205.91 1096.1 7.18783 7.14691 0.000370514 3.08325e-07 2.26136e-07 -2.67379e-07 
-3.13583 0.0797142 0.00104876 0.00348354 0.0651789 -0.0651789 0.00348354 1210.29 1100.45 7.201 7.16022 0.0003696 1.81677e-07 4.62514e-08 -1.10471e-07 
-3.13214 0.0786715 0.00230294 0.0045138 0.0651782 -0.0651782 0.0045138 1214.68 1104.83 7.21419 7.17356 0.00036817 -9.97669e-09 -1.49614e-07 7.78859e-08 
-3.12846 0.0767233 0.00319144 0.00558099 0.0651775 -0.0651775 0.00558099 1219.09 1109.21 7.2274 7.18692 0.000366314 -1.9684e-07 -2.90363e-07 2.42488e-07 
-3.12477 0.0743954 0.00360023 0.00653101 0.0651769 -0.0651769 0.00653101 1223.52 1113.62 7.24064 7.20031 0.000364261 -3.11072e-07 -3.25247e-07 3.35392e-07 
-3.12109 0.0722176 0.00341563 0.00720906 0.0651762 -0.0651762 0.00720906 1227.97 1118.03 7.2539 7.21372 0.000362246 -3.11687e-07 -2.42281e-07 3.30024e-07 
-3.1174 0.0707198 0.00252398 0.00746032 0.0651756 -0.0651756 0.00746032 1232.43 1122.47 7.26719 7.22715 0.000360502 -1.99135e-07 -7.21587e-08 2.28586e-07 
-3.11372 0.0703838 0.000845909 0.00714857 0.0651749 -0.0651749 0.00714857 1236.9 1126.92 7.2805 7.24061 0.000359242 -1.46792e-08 1.23243e-07 6.09669e-08 
-3.11003 0.0711535 -0.00131303 0.0063457 0.0651743 -0.0651743 0.0063457 1241.4 1131.39 7.29384 7.2541 0.000358441 1.74594e-07 2.7303e-07 -1.24044e-07 
-3.10635 0.0726347 -0.00340555 0.00525433 0.0651736 -0.0651736 0.00525433 1245.91 1135.88 7.3072 7.2676 0.000357929 2.99414e-07 3.22362e-07 -2.72292e-07 
-3.10266 0.074428 -0.00488061 0.00407912 0.065173 -0.065173 0.00407912 1250.43 1140.38 7.32058 7.28114 0.000357533 3.13453e-07 2.52644e-07 -3.3981e-07 
-3.09898 0.0761339 -0.00518717 0.00302473 0.0651723 -0.0651723 0.00302473 1254.98 1144.9 7.33399 7.29469 0.00035708 2.1095e-07 8.91501e-08 -3.06077e-07 
-3.09529 0.0773704 -0.00384259 0.00228142 0.0651717 -0.0651717 0.00228142 1259.54 1149.43 7.34743 7.30827 0.000356409 2.97269e-08 -1.07495e-07 -1.80745e-07 
-3.09161 0.0779524 -0.00114217 0.00187574 0.065171 -0.065171 0.00187574 1264.11 1153.99 7.36089 7.32188 0.000355496 -1.62318e-07 -2.63623e-07 -1.36723e-09 
-3.08792 0.07782 0.00212489 0.00173032 0.0651704 -0.0651704 0.00173032 1268.71 1158.56 7.37438 7.33551 0.000354408 -2.92858e-07 -3.20506e-07 1.77915e-07 
-3.08424 0.0769152 0.00516148 0.00176612 0.0651698 -0.0651698 0.00176612 1273.32 1163.14 7.38789 7.34916 0.000353212 -3.1264e-07 -2.56736e-07 3.02893e-07 
-3.08055 0.0751801 0.00717052 0.0019041 0.0651691 -0.0651691 0.0019041 1277.94 1167.74 7.40142 7.36284 0.000351973 -2.14272e-07 -9.64668e-08 3.35788e-07 
-3.07687 0.072578 0.00743361 0.0020618 0.0651685 -0.0651685 0.0020618 1282.59 1172.37 7.41498 7.37654 0.000350755 -3.51445e-08 9.95961e-08 2.66745e-07 
-3.07318 0.0693185 0.00614066 0.00211742 0.0651679 -0.0651679 0.00211742 1287.25 1177 7.42857 7.39027 0.000349571 1.5661e-07 2.57064e-07 1.16846e-07 
-3.0695 0.0657692 0.00406441 0.00192387 0.0651672 -0.0651672 0.00192387 1291.93 1181.66 7.44218 7.40402 0.0003484 2.87832e-07 3.15998e-07 -6.81297e-08 
-3.06581 0.0623003 0.0019872 0.00133367 0.0651666 -0.0651666 0.00133367 1296.63 1186.33 7.45582 7.4178 0.000347223 3.08281e-07 2.539e-07 -2.31512e-07 
-3.06213 0.0592819 0.000691361 0.000199301 0.065166 -0.065166 0.000199301 1301.34 1191.02 7.46948 7.4316 0.000346021 2.10133e-07 9.46452e-08 -3.23082e-07 
-3.05844 0.05705 0.000880458 -0.00159577 0.0651653 -0.0651653 -0.00159577 1306.07 1195.73 7.48317 7.44543 0.000344774 3.1338e-08 -1.00362e-07 -3.1463e-07 
-3.05476 0.0555411 0.00233569 -0.0038057 0.0651647 -0.0651647 -0.0038057 1310.82 1200.45 7.49688 7.45928 0.000343467 -1.58757e-07 -2.55684e-07 -2.08876e-07 
-3.05107 0.054432 0.00424 -0.00594962 0.0651641 -0.0651641 -0.00594962 1315.58 1205.19 7.51062 7.47315 0.00034209 -2.86216e-07 -3.11088e-07 -3.8819e-08 
-3.04739 0.0533954 0.0057662 -0.00754265 0.0651635 -0.0651635 -0.00754265 1320.37 1209.95 7.52438 7.48705 0.000340634 -3.01397e-07 -2.45161e-07 1.42398e-07 
-3.04371 0.052104 0.00608713 -0.00809995 0.0651629 -0.0651628 -0.00809995 1325.17 1214.73 7.53817 7.50098 0.000339086 -1.98599e-07 -8.39349e-08 2.78055e-07 
-3.04002 0.0502826 0.00446222 -0.00719778 0.0651622 -0.0651622 -0.00719778 1329.99 1219.52 7.55199 7.51493 0.000337444 -1.85452e-08 1.09095e-07 3.25711e-07 
-3.03634 0.0482768 0.00118022 -0.00513873 0.0651616 -0.0651616 -0.00513873 1334.82 1224.34 7.56583 7.52891 0.000335782 1.67545e-07 2.57919e-07 2.70737e-07 
-3.03265 0.0468387 -0.00279533 -0.00270156 0.065161 -0.065161 -0.00270156 1339.68 1229.17 7.57969 7.54291 0.000334225 2.86231e-07 3.04125e-07 1.30895e-07 
-3.02897 0.0467278 -0.00648917 -0.000673299 0.0651604 -0.0651604 -0.000673299 1344.55 1234.02 7.59358 7.55694 0.000332899 2.90867e-07 2.29862e-07 -4.94622e-08 
-3.02528 0.0487035 -0.00892603 0.000159 0.0651598 -0.0651598 0.000159 1349.44 1238.88 7.6075 7.57099 0.000331932 1.79871e-07 6.47248e-08 -2.13426e-07 
-3.0216 0.0534067 -0.00921172 -0.000905802 0.0651592 -0.0651592 -0.000905802 1354.35 1243.77 7.62144 7.58507 0.000331432 -2.73283e-09 -1.2592e-07 -3.09295e-07 
-3.01791 0.0600524 -0.00742983 -0.00353312 0.0651586 -0.0651586 -0.00353312 1359.27 1248.67 7.63541 7.59917 0.000331301 -1.84397e-07 -2.66301e-07 -3.06421e-07 
-3.01423 0.0669104 -0.00431185 -0.00670206 0.065158 -0.065158 -0.00670206 1364.22 1253.59 7.64941 7.6133 0.000331305 -2.92071e-07 -2.99757e-07 -2.05044e-07 
-3.01054 0.0722336 -0.000600847 -0.00937948 0.0651574 -0.0651574 -0.00937948 1369.18 1258.53 7.66343 7.62745 0.000331204 -2.81538e-07 -2.11951e-07 -3.7156e-08 
-3.00686 0.074275 0.00296011 -0.0105322 0.0651568 -0.0651568 -0.0105322 1374.16 1263.49 7.67748 7.64163 0.000330763 -1.563e-07 -3.78756e-08 1.42994e-07 
-3.00317 0.0714789 0.00565933 -0.00922919 0.0651562 -0.0651562 -0.00922919 1379.16 1268.46 7.69155 7.65584 0.000329763 3.26345e-08 1.51375e-07 2.76293e-07 
-2.99949 0.064634 0.00716904 -0.00578861 0.0651556 -0.0651556 -0.00578861 1384.18 1273.46 7.70565 7.67007 0.000328251 2.07291e-07 2.77848e-07 3.18837e-07 
-2.9958 0.0560985 0.00741859 -0.00136534 0.065155 -0.065155 -0.00136534 1389.21 1278.47 7.71977 7.68432 0.000326448 2.95698e-07 2.89733e-07 2.5704e-07 
-2.99212 0.0482595 0.00634205 0.00287037 0.0651544 -0.0651544 0.00287037 1394.27 1283.5 7.73393 7.6986 0.000324579 2.61938e-07 1.82789e-07 1.11805e-07 
-2.98843 0.0435042 0.00387351 0.00574826 0.0651538 -0.0651538 0.00574826 1399.34 1288.55 7.7481 7.71291 0.000322868 1.20647e-07 1.64518e-09 -6.88241e-08 
-2.98475 0.0440204 -5.63855e-06 0.00620157 0.0651532 -0.0651532 0.00620157 1404.43 1293.62 7.76231 7.72725 0.000321526 -6.95148e-08 -1.78972e-07 -2.25697e-07 
-2.98106 0.0495184 -0.00472652 0.00444893 0.0651526 -0.0651526 0.00444893 1409.55 1298.71 7.77654 7.7416 0.000320578 -2.30024e-07 -2.84736e-07 -3.07581e-07 
-2.97738 0.0580318 -0.00932259 0.001579 0.0651521 -0.0651521 0.001579 1414.68 1303.82 7.79079 7.75599 0.000319929 -2.94287e-07 -2.71809e-07 -2.87488e-07 
-2.97369 0.0675626 -0.0128198 -0.00130311 0.0651515 -0.0651515 -0.00130311 1419.82 1308.94 7.80508 7.7704 0.000319479 -2.3522e-07 -1.45254e-07 -1.71794e-07 
-2.97001 0.0761125 -0.014244 -0.00309227 0.0651509 -0.0651509 -0.00309227 1424.99 1314.09 7.81939 7.78484 0.000319128 -7.71381e-08 4.2345e-08 1.33429e-09 
-2.96632 0.0818116 -0.0127216 -0.00277546 0.0651503 -0.0651503 -0.00277546 1430.18 1319.25 7.83372 7.7993 0.000318782 1.13644e-07 2.12196e-07 1.74133e-07 
-2.96264 0.0844057 -0.00864558 -0.0005005 0.0651498 -0.0651498 -0.0005005 1435.38 1324.43 7.84809 7.81379 0.000318407 2.56313e-07 2.92298e-07 2.88416e-07 
-2.95895 0.0847457 -0.00327523 0.0027906 0.0651492 -0.0651492 0.0027906 1440.61 1329.64 7.86247 7.8283 0.000318011 2.89919e-07 2.48252e-07 3.0535e-07 
-2.95527 0.0837043 0.00211328 0.00614041 0.0651486 -0.0651486 0.00614041 1445.85 1334.86 7.87689 7.84285 0.000317602 1.99686e-07 9.83638e-08 2.18847e-07 
-2.95158 0.0821538 0.00624376 0.00859151 0.065148 -0.065148 0.00859151 1451.12 1340.1 7.89133 7.85741 0.00031719 2.3834e-08 -9.36345e-08 5.79454e-08 
-2.9479 0.0809091 0.0079386 0.00926051 0.0651475 -0.0651475 0.00926051 1456.4 1345.36 7.9058 7.87201 0.000316779 -1.62307e-07 -2.45475e-07 -1.22758e-07 
-2.94421 0.0800466 0.00728097 0.00821148 0.0651469 -0.0651469 0.00821148 1461.7 1350.64 7.9203 7.88663 0.000316331 -2.78383e-07 -2.91556e-07 -2.61494e-07 
-2.94053 0.0791318 0.00522589 0.00616361 0.0651463 -0.0651463 0.00616361 1467.02 1355.94 7.93482 7.90128 0.000315778 -2.73766e-07 -2.11523e-07 -3.10406e-07 
-2.93684 0.0777202 0.00274572 0.00384915 0.0651457 -0.0651457 0.00384915 1472.36 1361.26 7.94937 7.91595 0.000315049 -1.50089e-07 -3.97855e-08 -2.52326e-07 
-2.93316 0.0753673 0.000812864 0.00200035 0.0651452 -0.0651452 0.00200035 1477.73 1366.59 7.96395 7.93065 0.000314075 3.87584e-08 1.48831e-07 -1.07195e-07 
-2.92947 0.0716907 0.000322883 0.00129514 0.0651446 -0.0651446 0.00129514 1483.11 1371.95 7.97855 7.94537 0.000312798 2.0982e-07 2.71622e-07 7.44665e-08 
-2.92579 0.0671128 0.00117359 0.00170578 0.065144 -0.065144 0.00170578 1488.51 1377.33 7.99318 7.96013 0.000311283 2.87793e-07 2.74756e-07 2.29179e-07 
-2.9221 0.062619 0.00256553 0.0027114 0.0651435 -0.0651435 0.0027114 1493.93 1382.73 8.00784 7.97491 0.000309687 2.38685e-07 1.57328e-07 3.03098e-07 
-2.91842 0.0592063 0.00368497 0.00378104 0.0651429 -0.0651429 0.00378104 1499.37 1388.15 8.02253 7.98971 0.000308166 8.47232e-08 -2.84547e-08 2.70873e-07 
-2.91473 0.0578713 0.00371818 0.00438372 0.0651424 -0.0651424 0.00438372 1504.83 1393.59 8.03724 8.00455 0.000306879 -1.05735e-07 -2.00517e-07 1.44223e-07 
-2.91105 0.0595087 0.00193539 0.00402869 0.0651418 -0.0651418 0.00402869 1510.31 1399.04 8.05198 8.01941 0.000305971 -2.48445e-07 -2.83035e-07 -3.24275e-08 
-2.90736 0.0636641 -0.00128589 0.00275567 0.0651412 -0.0651412 0.00275567 1515.81 1404.52 8.06674 8.03429 0.000305426 -2.80091e-07 -2.39445e-07 -1.97339e-07 
-2.90368 0.0689303 -0.00478608 0.000979031 0.0651407 -0.0651407 0.000979031 1521.33 1410.02 8.08154 8.04921 0.00030512 -1.86179e-07 -8.87404e-08 -2.92447e-07 
-2.9 0.0738802 -0.00738917 -0.000878984 0.0651401 -0.0651401 -0.000878984 1526.87 1415.54 8.09636 8.06415 0.000304921 -8.29213e-09 1.0203e-07 -2.83703e-07 
-2.89631 0.0770866 -0.00791918 -0.00239613 0.0651396 -0.0651396 -0.00239613 1532.44 1421.08 8.11121 8.07911 0.000304702 1.73606e-07 2.47012e-07 -1.73642e-07 
-2.89263 0.0772214 -0.00531662 -0.00318094 0.065139 -0.065139 -0.00318094 1538.02 1426.64 8.12609 8.09411 0.000304339 2.76811e-07 2.80159e-07 -1.2243e-09 
-2.88894 0.0742832 -8.24099e-05 -0.00325408 0.0651385 -0.0651385 -0.00325408 1543.62 1432.22 8.14099 8.10913 0.000303792 2.53852e-07 1.85895e-07 1.71621e-07 
-2.88526 0.0692176 0.00616872 -0.00293035 0.0651379 -0.0651379 -0.00293035 1549.25 1437.83 8.15592 8.12418 0.00030308 1.14906e-07 6.97596e-09 2.82394e-07 
-2.88157 0.0629904 0.011798 -0.00253093 0.0651374 -0.0651374 -0.00253093 1554.89 1443.45 8.17088 8.13925 0.000302222 -7.63824e-08 -1.74714e-07 2.90867e-07 
-2.87789 0.0565676 0.0151668 -0.00237699 0.0651368 -0.0651368 -0.00237699 1560.56 1449.09 8.18587 8.15436 0.000301238 -2.31933e-07 -2.75662e-07 1.93924e-07 
-2.8742 0.0508845 0.0147641 -0.00276365 0.0651363 -0.0651363 -0.00276365 1566.24 1454.76 8.20088 8.16949 0.00030015 -2.79904e-07 -2.49354e-07 2.69105e-08 
-2.87052 0.046458 0.010817 -0.00363191 0.0651357 -0.0651357 -0.00363191 1571.95 1460.44 8.21592 8.18464 0.000298989 -1.98183e-07 -1.08075e-07 -1.49146e-07 
-2.86683 0.0435036 0.00480649 -0.00466734 0.0651352 -0.0651352 -0.00466734 1577.68 1466.15 8.23099 8.19983 0.000297799 -2.49155e-08 8.25373e-08 -2.69859e-07 
-2.86315 0.0422299 -0.00175871 -0.00554983 0.0651346 -0.0651346 -0.00554983 1583.43 1471.88 8.24609 8.21504 0.000296619 1.59067e-07 2.33836e-07 -2.91111e-07 
-2.85946 0.0428456 -0.00736995 -0.00595929 0.0651341 -0.0651341 -0.00595929 1589.2 1477.62 8.26122 8.23028 0.000295492 2.67844e-07 2.75398e-07 -2.05302e-07 
-2.85578 0.0455223 -0.0106061 -0.00560292 0.0651336 -0.0651336 -0.00560292 1594.99 1483.39 8.27637 8.24555 0.000294459 2.50582e-07 1.87954e-07 -4.41975e-08 
-2.85209 0.0499174 -0.0112547 -0.00456496 0.065133 -0.065133 -0.00456496 1600.8 1489.19 8.29155 8.26084 0.000293549 1.15483e-07 1.25913e-08 1.32664e-07 
-2.84841 0.0553138 -0.00998481 -0.00320452 0.0651325 -0.0651325 -0.00320452 1606.64 1495 8.30676 8.27617 0.000292784 -7.37772e-08 -1.68206e-07 2.59808e-07 
-2.84472 0.0609856 -0.00748521 -0.00188696 0.065132 -0.065132 -0.00188696 1612.49 1500.83 8.322 8.29152 0.000292187 -2.27713e-07 -2.69088e-07 2.89977e-07 
-2.84104 0.0662072 -0.00444484 -0.000977619 0.0651314 -0.0651314 -0.000977619 1618.37 1506.69 8.33727 8.3069 0.000291779 -2.73144e-07 -2.42071e-07 2.11744e-07 
-2.83735 0.0702801 -0.0015299 -0.000811681 0.0651309 -0.0651309 -0.000811681 1624.27 1512.57 8.35256 8.3223 0.000291575 -1.88026e-07 -9.9554e-08 5.39992e-08 
-2.83367 0.0728881 0.000911667 -0.00130125 0.0651304 -0.0651304 -0.00130125 1630.19 1518.47 8.36788 8.33774 0.000291508 -1.24487e-08 9.09449e-08 -1.24414e-07 
-2.82998 0.0739966 0.00276638 -0.00204669 0.0651298 -0.0651298 -0.00204669 1636.13 1524.39 8.38323 8.3532 0.000291443 1.69558e-07 2.38127e-07 -2.56187e-07 
-2.8263 0.0735777 0.00392623 -0.00264113 0.0651293 -0.0651293 -0.00264113 1642.1 1530.33 8.39861 8.36869 0.000291249 2.698e-07 2.70513e-07 -2.90889e-07 
-2.82261 0.0716033 0.00428321 -0.0026777 0.0651288 -0.0651288 -0.0026777 1648.08 1536.3 8.41402 8.3842 0.000290791 2.38962e-07 1.71712e-07 -2.14697e-07 
-2.81893 0.0680895 0.00374457 -0.00178275 0.0651283 -0.0651283 -0.00178275 1654.09 1542.28 8.42946 8.39975 0.000289949 9.16638e-08 -1.04721e-08 -5.65119e-08 
-2.81524 0.06368 0.00243482 -5.60957e-05 0.0651277 -0.0651277 -5.60957e-05 1660.12 1548.29 8.44492 8.41532 0.000288794 -9.98239e-08 -1.8682e-07 1.22699e-07 
-2.81156 0.0594857 0.000640234 0.0020499 0.0651272 -0.0651272 0.0020499 1666.18 1554.33 8.46042 8.43093 0.00028754 -2.41418e-07 -2.70984e-07 2.53912e-07 
-2.80787 0.0566287 -0.00134902 0.00407447 0.0651267 -0.0651267 0.00407447 1672.25 1560.38 8.47594 8.44656 0.000286402 -2.63823e-07 -2.22055e-07 2.86926e-07 
-2.80419 0.0562311 -0.00324281 0.00555685 0.0651262 -0.0651262 0.00555685 1678.35 1566.46 8.49149 8.46222 0.000285597 -1.56325e-07 -6.42901e-08 2.09379e-07 
-2.8005 0.0593126 -0.00475848 0.0060676 0.0651256 -0.0651256 0.0060676 1684.47 1572.56 8.50707 8.4779 0.000285325 2.83038e-08 1.25026e-07 5.10443e-08 
-2.79682 0.0654103 -0.00572195 0.00563022 0.0651251 -0.0651251 0.00563022 1690.61 1578.68 8.52268 8.49362 0.00028555 1.99375e-07 2.52886e-07 -1.27552e-07 
-2.79313 0.0729456 -0.00604083 0.0046091 0.0651246 -0.0651246 0.0046091 1696.78 1584.82 8.53831 8.50936 0.000286058 2.71741e-07 2.55336e-07 -2.57326e-07 
-2.78945 0.080313 -0.00562475 0.00337696 0.0651241 -0.0651241 0.00337696 1702.97 1590.99 8.55398 8.52513 0.000286629 2.08062e-07 1.29796e-07 -2.86939e-07 
-2.78576 0.0859065 -0.00438332 0.00230652 0.0651236 -0.0651236 0.00230652 1709.18 1597.18 8.56967 8.54093 0.000287045 3.89722e-08 -6.19056e-08 -2.03557e-07 
-2.78208 0.0882137 -0.00224903 0.00174956 0.0651231 -0.0651231 0.00174956 1715.41 1603.39 8.5854 8.55676 0.000287098 -1.50626e-07 -2.23188e-07 -3.91923e-08 
-2.77839 0.0870937 0.000509249 0.0017501 0.0651225 -0.0651225 0.0017501 1721.67 1609.63 8.60115 8.57262 0.00028673 -2.64079e-07 -2.71675e-07 1.41036e-07 
-2.77471 0.0834481 0.00336684 0.00211817 0.065122 -0.065122 0.00211817 1727.95 1615.89 8.61693 8.58851 0.000285998 -2.43081e-07 -1.8221e-07 2.65073e-07 
-2.77102 0.0782049 0.00579266 0.00265789 0.0651215 -0.0651215 0.00265789 1734.25 1622.17 8.63274 8.60442 0.000284962 -9.82354e-08 -3.55158e-10 2.8322e-07 
-2.76734 0.0722921 0.00725563 0.00317341 0.065121 -0.065121 0.00317341 1740.58 1628.48 8.64858 8.62037 0.000283681 9.60451e-08 1.80731e-07 1.88354e-07 
-2.76365 0.066617 0.00726357 0.00347562 0.0651205 -0.0651205 0.00347562 1746.93 1634.8 8.66445 8.63634 0.000282219 2.39822e-07 2.68231e-07 1.88717e-08 
-2.75997 0.0617804 0.00590484 0.00347584 0.0651199 -0.0651199 0.00347584 1753.3 1641.16 8.68035 8.65234 0.000280682 2.5935e-07 2.17631e-07 -1.56879e-07 
-2.75629 0.0581475 0.00371399 0.00316264 0.0651194 -0.0651194 0.00316264 1759.7 1647.53 8.69628 8.66837 0.000279211 1.45189e-07 5.56133e-08 -2.68353e-07 
-2.7526 0.0560775 0.00123701 0.00252654 0.0651189 -0.0651189 0.00252654 1766.12 1653.93 8.71224 8.68443 0.000277947 -4.31893e-08 -1.33957e-07 -2.71152e-07 
-2.74892 0.0559293 -0.000980097 0.00155809 0.0651184 -0.0651184 0.00155809 1772.56 1660.36 8.72822 8.70052 0.000277031 -2.08247e-07 -2.53291e-07 -1.64551e-07 
-2.74523 0.0580067 -0.00241624 0.000256636 0.0651179 -0.0651179 0.000256636 1779.03 1666.8 8.74424 8.71664 0.000276593 -2.64535e-07 -2.40781e-07 8.47934e-09 
-2.74155 0.0617708 -0.00292798 -0.00124461 0.0651174 -0.0651174 -0.00124461 1785.52 1673.27 8.76028 8.73279 0.000276599 -1.82403e-07 -1.02473e-07 1.78314e-07 
-2.73786 0.0660289 -0.00266522 -0.00270848 0.0651169 -0.0651169 -0.00270848 1792.03 1679.77 8.77636 8.74897 0.000276886 -3.90323e-09 9.02218e-08 2.7587e-07 
-2.73418 0.0695706 -0.00178555 -0.00389508 0.0651164 -0.0651164 -0.00389508 1798.57 1686.29 8.79246 8.76517 0.000277287 1.77629e-07 2.3632e-07 2.60495e-07 
-2.73049 0.071186 -0.000446568 -0.00456452 0.0651159 -0.0651159 -0.00456452 1805.13 1692.83 8.8086 8.78141 0.000277635 2.6576e-07 2.57897e-07 1.3741e-07 
-2.72681 0.0697548 0.0011882 -0.00449729 0.0651154 -0.0651154 -0.00449729 1811.72 1699.4 8.82476 8.79767 0.000277771 2.12491e-07 1.42263e-07 -4.32481e-08 
-2.72312 0.0655418 0.00286384 -0.00378813 0.0651149 -0.0651149 -0.00378813 1818.33 1705.99 8.84096 8.81396 0.000277657 4.53476e-08 -4.96814e-08 -2.06491e-07 
-2.71944 0.0598988 0.00425372 -0.00277843 0.0651144 -0.0651144 -0.00277843 1824.97 1712.6 8.85718 8.83029 0.000277347 -1.46356e-07 -2.15303e-07 -2.83964e-07 
-2.71575 0.054207 0.00502925 -0.00181621 0.0651139 -0.0651139 -0.00181621 1831.63 1719.24 8.87344 8.84664 0.0002769 -2.5938e-07 -2.65413e-07 -2.4292e-07 
-2.71207 0.0498475 0.00486186 -0.00124949 0.0651134 -0.0651134 -0.00124949 1838.32 1725.91 8.88972 8.86302 0.000276372 -2.32431e-07 -1.72653e-07 -1.00249e-07 
-2.70838 0.0481245 0.00345577 -0.00140111 0.0651129 -0.0651129 -0.00140111 1845.03 1732.6 8.90603 8.87944 0.000275821 -7.97547e-08 1.32199e-08 8.43561e-08 
-2.7047 0.0491365 0.00102862 -0.00219924 0.0651124 -0.0651124 -0.00219924 1851.76 1739.31 8.92238 8.89588 0.000275267 1.16052e-07 1.91733e-07 2.33294e-07 
-2.70101 0.052026 -0.00179464 -0.00325905 0.0651119 -0.0651119 -0.00325905 1858.52 1746.05 8.93875 8.91235 0.000274707 2.48422e-07 2.65835e-07 2.83623e-07 
-2.69733 0.0559091 -0.00437789 -0.00418709 0.0651114 -0.0651114 -0.00418709 1865.3 1752.82 8.95516 8.92885 0.000274136 2.44831e-07 1.94851e-07 2.1382e-07 
-2.69364 0.0599019 -0.00608499 -0.00458992 0.0651109 -0.0651109 -0.00458992 1872.11 1759.6 8.97159 8.94538 0.000273549 1.06937e-07 1.73078e-08 5.32906e-08 
-2.68996 0.0631567 -0.00632048 -0.00410159 0.0651104 -0.0651104 -0.00410159 1878.95 1766.42 8.98806 8.96194 0.000272943 -8.96295e-08 -1.69492e-07 -1.29734e-07 
-2.68627 0.0654029 -0.00513616 -0.00279391 0.0651099 -0.0651099 -0.00279391 1885.81 1773.26 9.00455 8.97853 0.000272335 -2.36395e-07 -2.62605e-07 -2.57077e-07 
-2.68259 0.0668321 -0.00310266 -0.00108964 0.0651094 -0.0651094 -0.00108964 1892.69 1780.12 9.02108 8.99516 0.000271756 -2.51939e-07 -2.10374e-07 -2.74095e-07 
-2.6789 0.067649 -0.00080524 0.000578634 0.0651089 -0.0651089 0.000578634 1899.6 1787.01 9.03763 9.01181 0.000271239 -1.27344e-07 -4.14591e-08 -1.73284e-07 
-2.67522 0.0680582 0.00117087 0.00177829 0.0651084 -0.0651084 0.00177829 1906.54 1793.93 9.05422 9.02849 0.000270817 6.8271e-08 1.50461e-07 2.20738e-09 
-2.67153 0.0682578 0.00226826 0.00210548 0.0651079 -0.0651079 0.00210548 1913.5 1800.87 9.07084 9.0452 0.00027052 2.25693e-07 2.58326e-07 1.7682e-07 
-2.66785 0.0683354 0.00237979 0.00162174 0.0651074 -0.0651074 0.00162174 1920.48 1807.84 9.08748 9.06194 0.000270347 2.56348e-07 2.21337e-07 2.74899e-07 
-2.66416 0.0682893 0.00176308 0.000765581 0.0651069 -0.0651069 0.000765581 1927.49 1814.83 9.10416 9.07871 0.00027027 1.42277e-07 5.95418e-08 2.53398e-07 
-2.66048 0.0681155 0.000686263 -1.36464e-05 0.0651064 -0.0651064 -1.36464e-05 1934.53 1821.85 9.12087 9.09552 0.000270262 -5.27737e-08 -1.36369e-07 1.21016e-07 
-2.65679 0.0678097 -0.000582554 -0.00026658 0.0651059 -0.0651059 -0.00026658 1941.6 1828.89 9.13761 9.11235 0.000270294 -2.18382e-07 -2.55432e-07 -6.48983e-08 
-2.65311 0.0673768 -0.0017801 0.000424243 0.0651054 -0.0651054 0.000424243 1948.69 1835.96 9.15438 9.12921 0.00027034 -2.59758e-07 -2.29276e-07 -2.22866e-07 
-2.64942 0.0669673 -0.00272293 0.0019518 0.0651049 -0.0651049 0.0019518 1955.8 1843.06 9.17118 9.14611 0.000270405 -1.52337e-07 -7.18709e-08 -2.82945e-07 
-2.64574 0.0668517 -0.00329294 0.0037797 0.0651045 -0.0651045 0.0037797 1962.95 1850.18 9.18802 9.16303 0.000270518 4.31263e-08 1.27366e-07 -2.17891e-07 
-2.64205 0.0673036 -0.00337392 0.00535891 0.065104 -0.065104 0.00535891 1970.11 1857.33 9.20488 9.17999 0.000270711 2.14492e-07 2.54044e-07 -5.57187e-08 
-2.63837 0.0685969 -0.00284969 0.00614042 0.0651035 -0.0651035 0.00614042 1977.31 1864.51 9.22177 9.19697 0.000271015 2.62366e-07 2.34429e-07 1.32102e-07 
-2.63468 0.0709687 -0.00162094 0.00561291 0.065103 -0.065103 0.00561291 1984.53 1871.71 9.2387 9.21399 0.000271455 1.57861e-07 7.86153e-08 2.61925e-07 
-2.631 0.0740463 0.000129764 0.00389569 0.0651025 -0.0651025 0.00389569 1991.78 1878.94 9.25565 9.23104 0.000271949 -3.9553e-08 -1.24031e-07 2.74954e-07 
-2.62731 0.0769522 0.00198661 0.00162977 0.065102 -0.065102 0.00162977 1999.05 1886.19 9.27264 9.24811 0.00027233 -2.1499e-07 -2.55336e-07 1.64066e-07 
-2.62363 0.0787936 0.00352677 -0.000528161 0.0651015 -0.0651015 -0.000528161 2006.36 1893.48 9.28966 9.26522 0.000272427 -2.64682e-07 -2.37277e-07 -2.16068e-08 
-2.61994 0.0786778 0.00432742 -0.00192142 0.065101 -0.065101 -0.00192142 2013.68 1900.79 9.30671 9.28236 0.00027207 -1.5819e-07 -7.94003e-08 -1.9788e-07 
-2.61626 0.0757835 0.00399624 -0.00193472 0.0651005 -0.0651005 -0.00193472 2021.04 1908.12 9.32379 9.29953 0.000271103 4.17143e-08 1.2506e-07 -2.83869e-07 
-2.61258 0.0705015 0.00265912 -0.00065673 0.0651 -0.0651 -0.00065673 2028.42 1915.49 9.34091 9.31674 0.000269633 2.15713e-07 2.54387e-07 -2.40228e-07 
-2.60889 0.0642361 0.000875207 0.00123539 0.0650995 -0.0650995 0.00123539 2035.83 1922.88 9.35805 9.33397 0.000267981 2.6034e-07 2.32146e-07 -8.76997e-08 
-2.60521 0.0584229 -0.000783037 0.0030464 0.065099 -0.065099 0.0030464 2043.27 1930.3 9.37523 9.35123 0.000266477 1.49934e-07 7.25221e-08 1.03439e-07 
-2.60152 0.0544975 -0.00174315 0.00408103 0.0650985 -0.0650985 0.00408103 2050.73 1937.74 9.39243 9.36853 0.00026545 -4.91025e-08 -1.29184e-07 2.46186e-07 
-2.59784 0.0538097 -0.00146996 0.00368495 0.0650981 -0.0650981 0.00368495 2058.23 1945.21 9.40967 9.38586 0.000265212 -2.184e-07 -2.53396e-07 2.76025e-07 
-2.59415 0.0562314 -7.29913e-05 0.00191088 0.0650976 -0.0650976 0.00191088 2065.75 1952.71 9.42694 9.40322 0.000265752 -2.56828e-07 -2.25825e-07 1.78886e-07 
-2.59047 0.0603852 0.0017936 -0.000591084 0.0650971 -0.0650971 -0.000591084 2073.29 1960.24 9.44425 9.4206 0.000266792 -1.39765e-07 -6.13021e-08 -2.11718e-09 
-2.58678 0.0648549 0.00345856 -0.0031521 0.0650966 -0.0650966 -0.0031521 2080.87 1967.8 9.46158 9.43803 0.000268043 6.39873e-08 1.42477e-07 -1.84271e-07 
-2.5831 0.068224 0.0042506 -0.00510331 0.0650961 -0.0650961 -0.00510331 2088.47 1975.38 9.47895 9.45548 0.000269218 2.30957e-07 2.61523e-07 -2.8222e-07 
-2.57941 0.0691474 0.00354218 -0.00581006 0.0650956 -0.0650956 -0.00581006 2096.1 1983 9.49634 9.47296 0.000270039 2.57441e-07 2.21132e-07 -2.48304e-07 
-2.57573 0.0675332 0.00147422 -0.00523872 0.0650951 -0.0650951 -0.00523872 2103.76 1990.64 9.51377 9.49048 0.000270406 1.25202e-07 4.42525e-08 -9.69532e-08 
-2.57204 0.0643598 -0.00115634 -0.00386878 0.0650946 -0.0650946 -0.00386878 2111.45 1998.3 9.53124 9.50803 0.000270372 -8.50175e-08 -1.6068e-07 1.00869e-07 
-2.56836 0.0606396 -0.00353147 -0.0021962 0.0650941 -0.0650941 -0.0021962 2119.16 2006 9.54873 9.52561 0.000269993 -2.42885e-07 -2.66617e-07 2.51304e-07 
-2.56467 0.0573852 -0.00483314 -0.000716954 0.0650936 -0.0650936 -0.000716954 2126.91 2013.73 9.56626 9.54322 0.000269326 -2.49847e-07 -2.07348e-07 2.82578e-07 
-2.56099 0.0555669 -0.00429477 9.47188e-05 0.0650931 -0.0650931 9.47188e-05 2134.68 2021.48 9.58381 9.56086 0.000268431 -1.01341e-07 -1.95401e-08 1.79671e-07 
-2.5573 0.0554019 -0.00206906 0.000152707 0.0650927 -0.0650927 0.000152707 2142.48 2029.26 9.60141 9.57853 0.000267428 1.09767e-07 1.79669e-07 -8.2465e-09 
-2.55362 0.056457 0.000898173 -0.000294245 0.0650922 -0.0650922 -0.000294245 2150.31 2037.07 9.61903 9.59624 0.000266485 2.51343e-07 2.6595e-07 -1.91471e-07 
-2.54993 0.058278 0.00363511 -0.000986411 0.0650917 -0.0650917 -0.000986411 2158.17 2044.91 9.63668 9.61398 0.000265773 2.34781e-07 1.855e-07 -2.82723e-07 
-2.54625 0.0604107 0.00516993 -0.00166406 0.0650912 -0.0650912 -0.00166406 2166.06 2052.78 9.65437 9.63175 0.000265464 7.03487e-08 -1.14513e-08 -2.38498e-07 
-2.54256 0.0624137 0.00458805 -0.00207616 0.0650907 -0.0650907 -0.00207616 2173.97 2060.68 9.67209 9.64955 0.000265718 -1.39068e-07 -2.01733e-07 -7.94605e-08 
-2.53888 0.0640817 0.00201564 -0.00212948 0.0650902 -0.0650902 -0.00212948 2181.92 2068.61 9.68984 9.66739 0.000266488 -2.61425e-07 -2.65247e-07 1.19116e-07 
-2.53519 0.065415 -0.0015138 -0.00186842 0.0650897 -0.0650897 -0.00186842 2189.9 2076.56 9.70763 9.68526 0.000267552 -2.17633e-07 -1.59983e-07 2.61784e-07 
-2.53151 0.0664208 -0.00493639 -0.00134196 0.0650893 -0.0650893 -0.00134196 2197.9 2084.55 9.72545 9.70316 0.000268682 -3.33039e-08 4.91729e-08 2.78149e-07 
-2.52782 0.0671063 -0.00718823 -0.000599119 0.0650888 -0.0650888 -0.000599119 2205.93 2092.57 9.7433 9.72109 0.000269648 1.74558e-07 2.28914e-07 1.58198e-07 
-2.52414 0.067482 -0.00726167 0.000308155 0.0650883 -0.0650883 0.000308155 2214 2100.61 9.76118 9.73905 0.000270231 2.71095e-07 2.62199e-07 -4.07152e-08 
-2.52045 0.067618 -0.00518912 0.00127294 0.0650878 -0.0650878 0.00127294 2222.09 2108.69 9.77909 9.75705 0.000270399 1.92087e-07 1.25753e-07 -2.2075e-07 
-2.51677 0.0676371 -0.00191924 0.00213992 0.0650873 -0.0650873 0.00213992 2230.21 2116.79 9.79704 9.77508 0.000270285 -1.21703e-08 -9.27707e-08 -2.9245e-07 
-2.51308 0.0676638 0.00156795 0.00275211 0.0650868 -0.0650868 0.00275211 2238.37 2124.93 9.81502 9.79314 0.000270028 -2.08838e-07 -2.51315e-07 -2.19739e-07 
-2.5094 0.0678225 0.00429243 0.00295255 0.0650863 -0.0650863 0.00295255 2246.55 2133.09 9.83304 9.81124 0.000269766 -2.69187e-07 -2.46119e-07 -3.8116e-08 
-2.50571 0.0682297 0.00531845 0.00259685 0.0650858 -0.0650858 0.00259685 2254.76 2141.28 9.85109 9.82936 0.000269634 -1.53067e-07 -7.98683e-08 1.62752e-07 
-2.50203 0.0688454 0.0045432 0.00177802 0.0650853 -0.0650853 0.00177802 2263 2149.51 9.86917 9.84752 0.000269677 6.41595e-08 1.39302e-07 2.83147e-07 
-2.49834 0.0694914 0.00260541 0.000800364 0.0650848 -0.0650848 0.000800364 2271.28 2157.77 9.88728 9.86572 0.000269866 2.3982e-07 2.67452e-07 2.62488e-07 
-2.49466 0.0699842 0.000169671 -2.44485e-05 0.0650843 -0.0650843 -2.44485e-05 2279.58 2166.05 9.90543 9.88394 0.000270168 2.57124e-07 2.19096e-07 1.10022e-07 
-2.49097 0.0701405 -0.00209939 -0.000384734 0.0650838 -0.0650838 -0.000384734 2287.92 2174.37 9.92361 9.9022 0.000270549 1.03142e-07 2.47861e-08 -9.87247e-08 
-2.48729 0.0697887 -0.00355944 1.1914e-05 0.0650833 -0.0650833 1.1914e-05 2296.28 2182.71 9.94182 9.92049 0.000270978 -1.2079e-07 -1.87253e-07 -2.58905e-07 
-2.4836 0.0689827 -0.00399479 0.00108885 0.0650828 -0.0650828 0.00108885 2304.68 2191.09 9.96007 9.93882 0.000271438 -2.65037e-07 -2.75204e-07 -2.88918e-07 
-2.47992 0.067979 -0.00357357 0.00243741 0.0650824 -0.0650824 0.00243741 2313.1 2199.5 9.97835 9.95718 0.000271929 -2.31617e-07 -1.78715e-07 -1.72256e-07 
-2.47623 0.0670412 -0.00247756 0.00363711 0.0650819 -0.0650819 0.00363711 2321.56 2207.94 9.99666 9.97557 0.000272451 -4.13118e-08 3.90159e-08 3.30651e-08 
-2.47255 0.0664332 -0.000888581 0.00426747 0.0650814 -0.0650814 0.00426747 2330.05 2216.41 10.015 9.99399 0.000273003 1.78379e-07 2.31866e-07 2.22961e-07 
-2.46886 0.0664019 0.00100774 0.00392992 0.0650809 -0.0650809 0.00392992 2338.57 2224.91 10.0334 10.0125 0.000273584 2.78155e-07 2.68558e-07 2.99879e-07 
-2.46518 0.0668681 0.00295089 0.00265314 0.0650804 -0.0650804 0.00265314 2347.12 2233.45 10.0518 10.0309 0.000274172 1.88507e-07 1.22368e-07 2.23043e-07 
-2.4615 0.067456 0.0046123 0.000854192 0.0650799 -0.0650799 0.000854192 2355.71 2242.01 10.0702 10.0495 0.000274727 -3.11277e-08 -1.08639e-07 3.04831e-08 
-2.45781 0.067779 0.00566091 -0.00103572 0.0650794 -0.0650794 -0.00103572 2364.32 2250.61 10.0887 10.068 0.000275208 -2.3085e-07 -2.66635e-07 -1.79226e-07 
-2.45413 0.0674504 0.00576568 -0.00258539 0.0650789 -0.0650789 -0.00258539 2372.97 2259.24 10.1072 10.0866 0.000275574 -2.72375e-07 -2.41913e-07 -2.97217e-07 
-2.45044 0.0661089 0.00461949 -0.00338129 0.0650783 -0.0650783 -0.00338129 2381.64 2267.9 10.1258 10.1052 0.000275787 -1.2542e-07 -4.98796e-08 -2.61119e-07 
-2.44676 0.0638905 0.00238958 -0.00336028 0.0650778 -0.0650778 -0.00336028 2390.35 2276.59 10.1444 10.1239 0.000275864 1.09288e-07 1.77526e-07 -8.86143e-08 
-2.44307 0.0613886 -0.000320997 -0.00278111 0.0650773 -0.0650773 -0.00278111 2399.1 2285.32 10.163 10.1426 0.00027587 2.68654e-07 2.82325e-07 1.30854e-07 
-2.43939 0.0592134 -0.00289304 -0.00191447 0.0650768 -0.0650768 -0.00191447 2407.87 2294.07 10.1816 10.1613 0.000275875 2.40761e-07 1.90627e-07 2.82465e-07 
-2.4357 0.0579753 -0.00470732 -0.00103106 0.0650763 -0.0650763 -0.00103106 2416.68 2302.86 10.2003 10.1801 0.000275947 4.39431e-08 -3.47282e-08 2.86154e-07 
-2.43202 0.0582505 -0.00517229 -0.000393249 0.0650758 -0.0650758 -0.000393249 2425.52 2311.68 10.219 10.1989 0.000276152 -1.84615e-07 -2.36637e-07 1.3901e-07 
-2.42833 0.0599286 -0.0042547 -9.57565e-05 0.0650753 -0.0650753 -9.57565e-05 2434.39 2320.54 10.2378 10.2177 0.000276517 -2.83932e-07 -2.72828e-07 -8.24522e-08 
-2.42465 0.0622618 -0.00243957 -7.76336e-05 0.0650748 -0.0650748 -7.76336e-05 2443.29 2329.42 10.2566 10.2366 0.00027703 -1.82465e-07 -1.16194e-07 -2.61596e-07 
-2.42096 0.064478 -0.000231568 -0.000272039 0.0650743 -0.0650743 -0.000272039 2452.23 2338.34 10.2754 10.2555 0.00027768 4.97041e-08 1.24142e-07 -3.02761e-07 
-2.41728 0.0658053 0.00186466 -0.000612132 0.0650738 -0.0650738 -0.000612132 2461.2 2347.3 10.2943 10.2744 0.000278453 2.48259e-07 2.77928e-07 -1.82465e-07 
-2.41359 0.0655107 0.00335814 -0.00103102 0.0650733 -0.0650733 -0.00103102 2470.2 2356.28 10.3132 10.2933 0.000279337 2.70418e-07 2.3411e-07 3.68044e-08 
-2.40991 0.0636611 0.00403885 -0.00146069 0.0650728 -0.0650728 -0.00146069 2479.24 2365.3 10.3321 10.3123 0.00028029 9.79191e-08 2.15775e-08 2.38455e-07 
-2.40622 0.0610739 0.00396034 -0.00183213 0.0650723 -0.0650723 -0.00183213 2488.3 2374.35 10.351 10.3314 0.000281242 -1.47135e-07 -2.08649e-07 3.13423e-07 
-2.40254 0.0585958 0.00318635 -0.00207624 0.0650717 -0.0650717 -0.00207624 2497.41 2383.44 10.37 10.3504 0.000282126 -2.87766e-07 -2.90035e-07 2.194e-07 
-2.39885 0.057073 0.00178061 -0.00212395 0.0650712 -0.0650712 -0.00212395 2506.54 2392.55 10.3891 10.3695 0.000282871 -2.20082e-07 -1.61453e-07 5.36416e-09 
-2.39517 0.0573154 -0.000183607 -0.00191009 0.0650707 -0.0650707 -0.00191009 2515.71 2401.71 10.4081 10.3887 0.000283413 8.89213e-09 8.57667e-08 -2.13294e-07 
-2.39148 0.0593658 -0.00243348 -0.00145128 0.0650702 -0.0650702 -0.00145128 2524.92 2410.89 10.4272 10.4078 0.000283773 2.3281e-07 2.71899e-07 -3.17018e-07 
-2.3878 0.0625401 -0.00450703 -0.000841678 0.0650697 -0.0650697 -0.000841678 2534.15 2420.11 10.4464 10.427 0.000284051 2.86972e-07 2.59869e-07 -2.48037e-07 
-2.38411 0.0661254 -0.0059348 -0.000178471 0.0650691 -0.0650691 -0.000178471 2543.42 2429.37 10.4655 10.4463 0.000284354 1.30035e-07 5.68427e-08 -4.27912e-08 
-2.38043 0.069409 -0.00624737 0.000441136 0.0650686 -0.0650686 0.000441136 2552.73 2438.65 10.4847 10.4656 0.000284788 -1.23916e-07 -1.89262e-07 1.87189e-07 
-2.37674 0.0716983 -0.0050051 0.000923393 0.0650681 -0.0650681 0.000923393 2562.07 2447.98 10.504 10.4849 0.000285452 -2.87726e-07 -2.97049e-07 3.15704e-07 
-2.37306 0.0727355 -0.00240329 0.00124812 0.0650676 -0.0650676 0.00124812 2571.44 2457.33 10.5232 10.5042 0.000286368 -2.38606e-07 -1.85033e-07 2.70798e-07 
-2.36937 0.072679 0.000754538 0.0014656 0.0650671 -0.0650671 0.0014656 2580.85 2466.72 10.5425 10.5236 0.000287477 -1.04308e-08 6.62447e-08 7.50925e-08 
-2.36569 0.0717038 0.00364044 0.00162894 0.0650665 -0.0650665 0.00162894 2590.29 2476.15 10.5619 10.543 0.000288719 2.28189e-07 2.70743e-07 -1.64732e-07 
-2.362 0.0699851 0.00542648 0.00179126 0.065066 -0.065066 0.00179126 2599.77 2485.61 10.5813 10.5624 0.000290034 2.97552e-07 2.7399e-07 -3.15411e-07 
-2.35832 0.0677071 0.00532377 0.00200275 0.0650655 -0.0650655 0.00200275 2609.28 2495.1 10.6007 10.5819 0.000291361 1.42461e-07 7.03377e-08 -2.9107e-07 
-2.35463 0.0652537 0.00339118 0.00224987 0.0650649 -0.0650649 0.00224987 2618.83 2504.63 10.6201 10.6014 0.000292674 -1.22793e-07 -1.89135e-07 -1.02681e-07 
-2.35095 0.0632017 0.000508078 0.00245744 0.0650644 -0.0650644 0.00245744 2628.41 2514.2 10.6396 10.621 0.000293977 -2.97667e-07 -3.07949e-07 1.45972e-07 
-2.34726 0.0621362 -0.00241254 0.00254778 0.0650639 -0.0650639 0.00254778 2638.03 2523.8 10.6591 10.6406 0.000295277 -2.46955e-07 -1.93238e-07 3.15128e-07 
-2.34358 0.0626419 -0.00445768 0.00244317 0.0650633 -0.0650633 0.00244317 2647.68 2533.44 10.6787 10.6602 0.000296579 -6.07775e-09 7.07999e-08 3.07625e-07 
-2.33989 0.0652603 -0.004752 0.00207059 0.0650628 -0.0650628 0.00207059 2657.37 2543.11 10.6983 10.6799 0.000297884 2.42387e-07 2.83636e-07 1.25055e-07 
-2.33621 0.0695725 -0.00325262 0.00146038 0.0650622 -0.0650622 0.00146038 2667.09 2552.82 10.7179 10.6996 0.000299098 3.0643e-07 2.80319e-07 -1.31045e-07 
-2.33252 0.0742203 -0.000730802 0.000744001 0.0650617 -0.0650617 0.000744001 2676.85 2562.56 10.7376 10.7193 0.000300029 1.33534e-07 6.01672e-08 -3.14894e-07 
-2.32884 0.0778065 0.00200817 5.71144e-05 0.0650611 -0.0650611 5.71144e-05 2686.65 2572.34 10.7573 10.7391 0.000300484 -1.44539e-07 -2.08373e-07 -3.1964e-07 
-2.32515 0.0789336 0.00415901 -0.000464604 0.0650606 -0.0650606 -0.000464604 2696.48 2582.15 10.777 10.7589 0.000300269 -3.11136e-07 -3.16095e-07 -1.4079e-07 
-2.32147 0.076276 0.00494591 -0.000691083 0.06506 -0.06506 -0.000691083 2706.35 2592 10.7968 10.7787 0.000299209 -2.34867e-07 -1.77782e-07 1.18873e-07 
-2.31779 0.0701201 0.00425652 -0.000618346 0.0650595 -0.0650595 -0.000618346 2716.25 2601.89 10.8166 10.7986 0.000297557 2.42263e-08 9.80889e-08 3.08773e-07 
-2.3141 0.0623456 0.00263419 -0.000367044 0.0650589 -0.0650589 -0.000367044 2726.19 2611.81 10.8364 10.8185 0.000295986 2.62438e-07 2.9547e-07 3.20003e-07 
-2.31042 0.0549004 0.000650195 -6.31322e-05 0.0650584 -0.0650584 -6.31322e-05 2736.17 2621.77 10.8563 10.8384 0.000295191 2.93959e-07 2.61089e-07 1.47225e-07 
-2.30673 0.049732 -0.00112419 0.000167436 0.0650578 -0.0650578 0.000167436 2746.18 2631.77 10.8762 10.8584 0.000295865 9.40776e-08 2.1545e-08 -1.11026e-07 
-2.30305 0.0487091 -0.00213475 0.000201876 0.0650573 -0.0650573 0.000201876 2756.23 2641.8 10.8961 10.8784 0.000298666 -1.83484e-07 -2.3866e-07 -3.08768e-07 
-2.29936 0.0518872 -0.00221839 -9.81124e-06 0.0650568 -0.0650568 -9.81124e-06 2766.32 2651.87 10.9161 10.8985 0.000303468 -3.21864e-07 -3.15412e-07 -3.31117e-07 
-2.29568 0.0575109 -0.00160269 -0.000444941 0.0650562 -0.0650562 -0.000444941 2776.44 2661.98 10.9361 10.9185 0.000309356 -2.04525e-07 -1.39941e-07 -1.57717e-07 
-2.29199 0.0637463 -0.00053212 -0.00107767 0.0650556 -0.0650556 -0.00107767 2786.6 2672.13 10.9562 10.9387 0.000315385 8.50171e-08 1.57113e-07 1.17572e-07 
-2.28831 0.0687595 0.000748803 -0.00188217 0.0650551 -0.0650551 -0.00188217 2796.8 2682.31 10.9763 10.9588 0.000320607 3.16277e-07 3.37341e-07 3.33126e-07 
-2.28462 0.07078 0.00199594 -0.00282883 0.0650545 -0.0650545 -0.00282883 2807.04 2692.53 10.9964 10.979 0.000324101 2.94825e-07 2.46697e-07 3.54673e-07 
-2.28094 0.0695193 0.00297358 -0.00379994 0.0650539 -0.0650539 -0.00379994 2817.31 2702.79 11.0166 10.9992 0.000325532 3.12528e-08 -4.73695e-08 1.63445e-07 
-2.27725 0.0661845 0.00345448 -0.0045889 0.0650533 -0.0650533 -0.0045889 2827.62 2713.08 11.0368 11.0195 0.000325158 -2.59579e-07 -3.04753e-07 -1.26885e-07 
-2.27357 0.0620487 0.00321178 -0.00498516 0.0650526 -0.0650526 -0.00498516 2837.97 2723.41 11.057 11.0398 0.000323262 -3.37721e-07 -3.13404e-07 -3.40542e-07 
-2.26988 0.0583853 0.00201863 -0.00477819 0.065052 -0.065052 -0.00477819 2848.36 2733.78 11.0773 11.0602 0.000320128 -1.40003e-07 -6.75154e-08 -3.49064e-07 
-2.2662 0.0564296 -0.000329842 -0.00376905 0.0650515 -0.0650515 -0.00376905 2858.78 2744.19 11.0976 11.0805 0.000316054 1.6783e-07 2.28455e-07 -1.50129e-07 
-2.26251 0.0565191 -0.00351479 -0.00203504 0.0650509 -0.0650509 -0.00203504 2869.25 2754.64 11.118 11.1009 0.000311637 3.31955e-07 3.32174e-07 1.33237e-07 
-2.25883 0.0580752 -0.00668326 6.47892e-05 0.0650503 -0.0650503 6.47892e-05 2879.75 2765.13 11.1384 11.1214 0.000307783 2.21869e-07 1.63617e-07 3.31201e-07 
-2.25514 0.0604784 -0.00895826 0.00215872 0.0650498 -0.0650498 0.00215872 2890.29 2775.65 11.1588 11.1419 0.000305413 -6.79071e-08 -1.35628e-07 3.29177e-07 
-2.25146 0.0631087 -0.00946277 0.00387502 0.0650492 -0.0650492 0.00387502 2900.87 2786.21 11.1792 11.1624 0.000305446 -3.00454e-07 -3.22087e-07 1.30617e-07 
-2.24777 0.0653626 -0.00736405 0.00485284 0.0650487 -0.0650487 0.00485284 2911.48 2796.82 11.1997 11.183 0.000308756 -2.85995e-07 -2.4359e-07 -1.49505e-07 
-2.24409 0.0670292 -0.00290445 0.0049957 0.0650481 -0.0650481 0.0049957 2922.14 2807.46 11.2203 11.2036 0.000315112 -2.9243e-08 4.30332e-08 -3.48154e-07 
-2.2404 0.0683021 0.00256584 0.00447952 0.0650475 -0.0650475 0.00447952 2932.84 2818.14 11.2408 11.2242 0.00032314 2.65436e-07 3.07193e-07 -3.40604e-07 
-2.23672 0.0693935 0.00764579 0.00349272 0.0650469 -0.0650469 0.00349272 2943.57 2828.86 11.2615 11.2449 0.000331414 3.46632e-07 3.20761e-07 -1.1886e-07 
-2.23303 0.0705156 0.0109344 0.0022237 0.0650463 -0.0650463 0.0022237 2954.35 2839.62 11.2821 11.2656 0.000338511 1.30693e-07 5.69803e-08 1.8926e-07 
-2.22935 0.0718704 0.0110835 0.000860386 0.0650457 -0.0650457 0.000860386 2965.16 2850.41 11.3028 11.2863 0.000343045 -2.07113e-07 -2.66335e-07 3.89868e-07 
-2.22566 0.0734097 0.00805502 -0.000421734 0.065045 -0.065045 -0.000421734 2976.02 2861.25 11.3235 11.3071 0.000344684 -3.73118e-07 -3.66944e-07 3.50056e-07 
-2.22198 0.0748243 0.00317485 -0.0014601 0.0650444 -0.0650444 -0.0014601 2986.91 2872.13 11.3443 11.3279 0.000344184 -2.19408e-07 -1.53566e-07 9.17997e-08 
-2.21829 0.0757928 -0.00216734 -0.00209276 0.0650438 -0.0650438 -0.00209276 2997.84 2883.05 11.365 11.3488 0.000342353 1.21809e-07 1.90327e-07 -2.2256e-07 
-2.21461 0.0759941 -0.00658189 -0.00215776 0.0650431 -0.0650431 -0.00215776 3008.82 2894.01 11.3859 11.3696 0.00034 3.55695e-07 3.6864e-07 -3.96573e-07 
-2.21092 0.0751189 -0.00872071 -0.00150266 0.0650425 -0.0650425 -0.00150266 3019.83 2905.01 11.4068 11.3906 0.00033792 2.82308e-07 2.29983e-07 -3.2377e-07 
-2.20724 0.0731643 -0.00828585 -0.000215221 0.0650419 -0.0650419 -0.000215221 3030.89 2916.04 11.4277 11.4115 0.000336584 -3.36125e-08 -1.05179e-07 -5.07606e-08 
-2.20355 0.0704497 -0.00608431 0.00136404 0.0650413 -0.0650413 0.00136404 3041.98 2927.12 11.4486 11.4325 0.000336122 -3.19804e-07 -3.48877e-07 2.53385e-07 
-2.19987 0.0673097 -0.00297566 0.00288259 0.0650407 -0.0650407 0.00288259 3053.12 2938.24 11.4696 11.4536 0.000336646 -3.28541e-07 -2.90496e-07 4.00134e-07 
-2.19618 0.0640792 0.000180517 0.00398789 0.0650401 -0.0650401 0.00398789 3064.29 2949.4 11.4906 11.4747 0.00033827 -4.94884e-08 2.22891e-08 2.96616e-07 
-2.1925 0.0610896 0.00254513 0.0043378 0.0650395 -0.0650395 0.0043378 3075.51 2960.61 11.5117 11.4958 0.000341097 2.77851e-07 3.20665e-07 3.64798e-09 
-2.18881 0.0585885 0.00380611 0.0038584 0.0650388 -0.0650388 0.0038584 3086.77 2971.85 11.5328 11.5169 0.000344932 3.65938e-07 3.41878e-07 -2.98503e-07 
-2.18513 0.0567344 0.00421184 0.0027609 0.0650382 -0.0650382 0.0027609 3098.07 2983.13 11.5539 11.5381 0.000349267 1.29253e-07 5.88489e-08 -4.17649e-07 
-2.18144 0.0556817 0.00403783 0.00127035 0.0650375 -0.0650375 0.00127035 3109.41 2994.46 11.5751 11.5594 0.00035358 -2.30311e-07 -2.84978e-07 -2.71179e-07 
-2.17776 0.0555844 0.0035596 -0.000388209 0.0650369 -0.0650369 -0.000388209 3120.79 3005.83 11.5963 11.5806 0.000357348 -3.91816e-07 -3.81763e-07 5.44737e-08 
-2.17408 0.0565842 0.00304632 -0.00199213 0.0650362 -0.0650362 -0.00199213 3132.22 3017.24 11.6175 11.6019 0.000360064 -2.03006e-07 -1.36861e-07 3.52057e-07 
-2.17039 0.0584892 0.0026009 -0.00338159 0.0650355 -0.0650355 -0.00338159 3143.68 3028.69 11.6388 11.6233 0.000361677 1.72107e-07 2.35124e-07 4.26606e-07 
-2.16671 0.0607494 0.00214758 -0.00446424 0.0650349 -0.0650349 -0.00446424 3155.19 3040.18 11.6601 11.6446 0.000362626 3.9569e-07 3.99213e-07 2.26344e-07 
-2.16302 0.062797 0.00160178 -0.00515107 0.0650342 -0.0650342 -0.00515107 3166.74 3051.72 11.6815 11.6661 0.000363371 2.63151e-07 2.04526e-07 -1.21828e-07 
-2.15934 0.0640643 0.000878927 -0.00535307 0.0650336 -0.0650336 -0.00535307 3178.34 3063.29 11.7029 11.6875 0.000364375 -1.09144e-07 -1.76738e-07 -3.94165e-07 
-2.15565 0.0640059 -0.000100254 -0.00498641 0.0650329 -0.0650329 -0.00498641 3189.97 3074.91 11.7243 11.709 0.000366087 -3.86109e-07 -4.01676e-07 -4.13913e-07 
-2.15197 0.0626738 -0.00127304 -0.00410574 0.0650322 -0.0650322 -0.00410574 3201.65 3086.58 11.7458 11.7306 0.000368609 -3.13805e-07 -2.63352e-07 -1.6434e-07 
-2.14828 0.0607682 -0.00242255 -0.00291609 0.0650315 -0.0650315 -0.00291609 3213.37 3098.28 11.7673 11.7521 0.000371674 4.87269e-08 1.19304e-07 1.97591e-07 
-2.1446 0.0590224 -0.00332413 -0.00163004 0.0650308 -0.0650308 -0.00163004 3225.13 3110.03 11.7889 11.7737 0.00037499 3.73711e-07 3.99857e-07 4.37205e-07 
-2.14091 0.0581694 -0.00375317 -0.000460191 0.0650302 -0.0650302 -0.000460191 3236.94 3121.82 11.8105 11.7954 0.000378271 3.58493e-07 3.16035e-07 3.9342e-07 
-2.13723 0.0589179 -0.00349426 0.000386564 0.0650295 -0.0650295 0.000386564 3248.79 3133.66 11.8321 11.8171 0.000381232 8.93639e-09 -6.3109e-08 8.83715e-08 
-2.13354 0.0613148 -0.00258457 0.000858461 0.0650288 -0.0650288 0.000858461 3260.68 3145.54 11.8538 11.8388 0.000383767 -3.55253e-07 -3.90294e-07 -2.80851e-07 
-2.12986 0.0646811 -0.00133841 0.00107397 0.065028 -0.065028 0.00107397 3272.62 3157.46 11.8755 11.8606 0.000385962 -3.92692e-07 -3.58383e-07 -4.69652e-07 
-2.12617 0.0683002 -8.42209e-05 0.00116025 0.0650273 -0.0650273 0.00116025 3284.6 3169.43 11.8972 11.8824 0.00038791 -6.22199e-08 9.27628e-09 -3.49059e-07 
-2.12249 0.0714558 0.000849548 0.00124447 0.0650266 -0.0650266 0.00124447 3296.63 3181.43 11.919 11.9042 0.000389706 3.3113e-07 3.7307e-07 5.54836e-09 
-2.1188 0.0734499 0.00114461 0.00145049 0.0650259 -0.0650259 0.00145049 3308.7 3193.49 11.9408 11.9261 0.000391446 4.17012e-07 3.90466e-07 3.61034e-07 
-2.11512 0.0740959 0.000766346 0.00181009 0.0650252 -0.0650252 0.00181009 3320.81 3205.59 11.9627 11.948 0.000393214 1.09285e-07 3.95851e-08 4.79721e-07 
-2.11143 0.0737744 -5.35185e-06 0.00225297 0.0650245 -0.0650245 0.00225297 3332.97 3217.73 11.9846 11.97 0.000395089 -3.06152e-07 -3.53259e-07 2.78493e-07 
-2.10775 0.0728954 -0.000874245 0.00270349 0.0650237 -0.0650237 0.00270349 3345.17 3229.92 12.0065 11.9919 0.000397144 -4.35403e-07 -4.15691e-07 -1.12629e-07 
-2.10406 0.0718689 -0.00154409 0.00308604 0.065023 -0.065023 0.00308604 3357.41 3242.15 12.0285 12.014 0.000399457 -1.50008e-07 -8.2512e-08 -4.33689e-07 
-2.10038 0.0710949 -0.00172635 0.00332617 0.0650223 -0.0650223 0.00332617 3369.71 3254.42 12.0505 12.0361 0.000402101 2.84014e-07 3.35004e-07 -4.66909e-07 
-2.09669 0.0706843 -0.00135172 0.00338342 0.0650215 -0.0650215 0.00338342 3382.04 3266.74 12.0726 12.0582 0.000405057 4.51731e-07 4.37688e-07 -1.84155e-07 
-2.09301 0.0704243 -0.000596547 0.00325532 0.0650208 -0.0650208 0.00325532 3394.42 3279.11 12.0947 12.0803 0.000408204 1.85147e-07 1.19689e-07 2.29258e-07 
-2.08932 0.0700852 0.000349835 0.00294144 0.06502 -0.06502 0.00294144 3406.85 3291.52 12.1168 12.1025 0.000411416 -2.66517e-07 -3.20416e-07 4.9434e-07 
-2.08564 0.069437 0.00129809 0.00244135 0.0650193 -0.0650193 0.00244135 3419.32 3303.98 12.139 12.1247 0.000414566 -4.66863e-07 -4.57326e-07 4.26394e-07 
-2.08195 0.0682573 0.00206183 0.0017558 0.0650185 -0.0650185 0.0017558 3431.84 3316.48 12.1612 12.147 0.000417532 -2.14125e-07 -1.50624e-07 6.47902e-08 
-2.07827 0.0665339 0.00254042 0.000920829 0.0650177 -0.0650177 0.000920829 3444.4 3329.03 12.1835 12.1693 0.000420268 2.53058e-07 3.08722e-07 -3.47707e-07 
-2.07458 0.0644935 0.00273033 1.23366e-05 0.065017 -0.065017 1.23366e-05 3457.01 3341.63 12.2058 12.1917 0.000422815 4.7884e-07 4.7267e-07 -5.27729e-07 
-2.0709 0.0623752 0.00263324 -0.000891612 0.0650162 -0.0650162 -0.000891612 3469.67 3354.27 12.2281 12.214 0.000425222 2.35674e-07 1.74182e-07 -3.46714e-07 
-2.06721 0.0604184 0.00225086 -0.00171296 0.0650154 -0.0650154 -0.00171296 3482.37 3366.95 12.2505 12.2365 0.000427536 -2.4425e-07 -3.00527e-07 7.65482e-08 
-2.06353 0.0588578 0.00158734 -0.00237498 0.0650146 -0.0650146 -0.00237498 3495.12 3379.69 12.2729 12.2589 0.000429805 -4.8862e-07 -4.84634e-07 4.53035e-07 
-2.05984 0.0577917 0.000720227 -0.00284104 0.0650138 -0.0650138 -0.00284104 3507.91 3392.47 12.2954 12.2814 0.00043213 -2.49986e-07 -1.90275e-07 5.20759e-07 
-2.05616 0.0571619 -0.000188944 -0.00312031 0.065013 -0.065013 -0.00312031 3520.75 3405.3 12.3178 12.304 0.000434666 2.41934e-07 2.97982e-07 2.2742e-07 
-2.05247 0.0569019 -0.000974057 -0.00322449 0.0650122 -0.0650122 -0.00322449 3533.64 3418.17 12.3404 12.3266 0.000437575 4.99176e-07 4.96186e-07 -2.2932e-07 
-2.04879 0.0569451 -0.00146899 -0.00316526 0.0650114 -0.0650114 -0.00316526 3546.58 3431.09 12.363 12.3492 0.000441017 2.58429e-07 1.99828e-07 -5.34177e-07 
-2.0451 0.0572257 -0.00151325 -0.00295457 0.0650106 -0.0650106 -0.00295457 3559.56 3444.06 12.3856 12.3719 0.000445144 -2.48744e-07 -3.04238e-07 -4.70703e-07 
-2.04142 0.0577006 -0.00111675 -0.00261212 0.0650098 -0.0650098 -0.00261212 3572.59 3457.08 12.4082 12.3946 0.000449885 -5.15106e-07 -5.11941e-07 -7.41196e-08 
-2.03773 0.0583532 -0.000486471 -0.00216656 0.0650089 -0.0650089 -0.00216656 3585.67 3470.14 12.4309 12.4173 0.00045491 -2.623e-07 -2.03778e-07 3.85171e-07 
-2.03405 0.059168 0.000159661 -0.00164704 0.0650081 -0.0650081 -0.00164704 3598.79 3483.25 12.4536 12.4401 0.000459876 2.65879e-07 3.20579e-07 5.83238e-07 
-2.03037 0.0601299 0.000603705 -0.00108271 0.0650073 -0.0650073 -0.00108271 3611.97 3496.41 12.4764 12.4629 0.000464437 5.33673e-07 5.29212e-07 3.71495e-07 
-2.02668 0.0612248 0.000634133 -0.00050274 0.0650064 -0.0650064 -0.00050274 3625.19 3509.62 12.4992 12.4858 0.000468258 2.57412e-07 1.98736e-07 -1.09542e-07 
-2.023 0.0624735 0.000238006 6.32691e-05 0.0650055 -0.0650055 6.32691e-05 3638.46 3522.87 12.5221 12.5087 0.000471252 -2.89546e-07 -3.42255e-07 -5.21498e-07 
-2.01931 0.0639383 -0.000365604 0.000585203 0.0650047 -0.0650047 0.000585203 3651.78 3536.18 12.545 12.5316 0.000473626 -5.45475e-07 -5.38722e-07 -5.68097e-07 
-2.01563 0.0656836 -0.000944482 0.00103292 0.0650038 -0.0650038 0.00103292 3665.14 3549.53 12.5679 12.5546 0.000475602 -2.39829e-07 -1.81535e-07 -2.10092e-07 
-2.01194 0.0677736 -0.00126641 0.00137628 0.0650029 -0.0650029 0.00137628 3678.56 3562.93 12.5909 12.5776 0.000477404 3.18296e-07 3.67645e-07 3.02234e-07 
-2.00826 0.0702658 -0.00110654 0.00158617 0.065002 -0.065002 0.00158617 3692.02 3576.38 12.6139 12.6007 0.000479251 5.51328e-07 5.41422e-07 6.04346e-07 
-2.00457 0.0729912 -0.000473029 0.00166646 0.0650011 -0.0650011 0.00166646 3705.54 3589.88 12.637 12.6238 0.000481325 2.11192e-07 1.53406e-07 4.76902e-07 
-2.00089 0.0755138 0.00035085 0.00165992 0.0650003 -0.0650003 0.00165992 3719.1 3603.43 12.66 12.6469 0.000483751 -3.54796e-07 -4.00003e-07 4.97649e-09 
-1.9972 0.0773825 0.00106598 0.00161156 0.0649994 -0.0649994 0.00161156 3732.71 3617.03 12.6832 12.6701 0.000486656 -5.5558e-07 -5.41725e-07 -4.77671e-07 
-1.99352 0.0781458 0.00137325 0.00156639 0.0649985 -0.0649985 0.00156639 3746.38 3630.68 12.7064 12.6933 0.000490164 -1.72369e-07 -1.14863e-07 -6.23301e-07 
-1.98983 0.0773671 0.000983273 0.0015684 0.0649976 -0.0649976 0.0015684 3760.09 3644.38 12.7296 12.7166 0.000494396 4.01384e-07 4.41948e-07 -3.19659e-07 
-1.98615 0.0750795 -7.81363e-05 0.00162824 0.0649967 -0.0649967 0.00162824 3773.85 3658.12 12.7528 12.7399 0.000499309 5.59638e-07 5.41056e-07 2.23653e-07 
-1.98246 0.0718766 -0.00140916 0.00171681 0.0649957 -0.0649957 0.00171681 3787.66 3671.92 12.7761 12.7633 0.000504663 1.21875e-07 6.44129e-08 6.17023e-07 
-1.97878 0.068385 -0.00258596 0.00180269 0.0649948 -0.0649948 0.00180269 3801.53 3685.77 12.7995 12.7866 0.000510209 -4.58211e-07 -4.93489e-07 5.68217e-07 
-1.97509 0.0652313 -0.00318469 0.00185444 0.0649939 -0.0649939 0.00185444 3815.44 3699.67 12.8229 12.8101 0.000515696 -5.5823e-07 -5.34311e-07 1.0045e-07 
-1.97141 0.0630278 -0.00279334 0.0018406 0.0649929 -0.0649929 0.0018406 3829.4 3713.62 12.8463 12.8335 0.000520878 -5.60057e-08 8.57904e-10 -4.53029e-07 
-1.96772 0.0619157 -0.0013917 0.00172821 0.0649919 -0.0649919 0.00172821 3843.42 3727.62 12.8697 12.8571 0.000525612 5.18536e-07 5.47351e-07 -6.85226e-07 
-1.96404 0.0614686 0.000568096 0.00148254 0.064991 -0.064991 0.00148254 3857.48 3741.67 12.8932 12.8806 0.000529886 5.40702e-07 5.11376e-07 -4.16299e-07 
-1.96035 0.0612261 0.00260579 0.00106877 0.06499 -0.06499 0.00106877 3871.6 3755.78 12.9168 12.9042 0.000533691 -2.6599e-08 -8.14365e-08 1.65699e-07 
-1.95667 0.0607279 0.00424113 0.000452054 0.064989 -0.064989 0.000452054 3885.77 3769.93 12.9404 12.9278 0.000537021 -5.74527e-07 -5.95631e-07 6.35281e-07 
-1.95298 0.0595279 0.00500462 -0.000400558 0.064988 -0.064988 -0.000400558 3899.99 3784.14 12.964 12.9515 0.000539878 -5.01126e-07 -4.66902e-07 6.41432e-07 
-1.9493 0.0576634 0.00479128 -0.00145839 0.064987 -0.064987 -0.00145839 3914.26 3798.4 12.9877 12.9752 0.000542532 1.23834e-07 1.74944e-07 1.71827e-07 
-1.94561 0.0557606 0.00394015 -0.00261326 0.064986 -0.064986 -0.00261326 3928.59 3812.71 13.0114 12.999 0.000545583 6.21239e-07 6.33772e-07 -4.32326e-07 
-1.94193 0.0544812 0.0028172 -0.00375227 0.064985 -0.064985 -0.00375227 3942.96 3827.07 13.0351 13.0228 0.000549651 4.39697e-07 4.01361e-07 -7.25019e-07 
-1.93824 0.0544871 0.00178837 -0.00476253 0.064984 -0.064984 -0.00476253 3957.39 3841.48 13.0589 13.0466 0.000555356 -2.34763e-07 -2.81017e-07 -4.82404e-07 
-1.93456 0.0564193 0.00121043 -0.0055322 0.064983 -0.064983 -0.0055322 3971.87 3855.95 13.0827 13.0705 0.000563284 -6.65726e-07 -6.69363e-07 1.29452e-07 
-1.93087 0.0602002 0.00112192 -0.00598514 0.0649819 -0.0649819 -0.00598514 3986.4 3870.47 13.1066 13.0944 0.000572839 -3.61524e-07 -3.19351e-07 6.65363e-07 
-1.92719 0.0648678 0.00116968 -0.00608915 0.0649809 -0.0649809 -0.00608915 4000.99 3885.04 13.1305 13.1183 0.000581969 3.63661e-07 4.04387e-07 7.15537e-07 
-1.9235 0.0694055 0.000976409 -0.00581476 0.0649798 -0.0649798 -0.00581476 4015.63 3899.67 13.1545 13.1423 0.000588534 6.98535e-07 6.92994e-07 2.22209e-07 
-1.91982 0.0727969 0.000164809 -0.0051325 0.0649788 -0.0649788 -0.0051325 4030.32 3914.35 13.1785 13.1664 0.000590393 2.47883e-07 2.04011e-07 -4.49344e-07 
-1.91613 0.0740489 -0.00162911 -0.00401515 0.0649777 -0.0649777 -0.00401515 4045.07 3929.08 13.2025 13.1905 0.00058551 -4.81521e-07 -5.13484e-07 -7.80242e-07 
-1.91245 0.0730067 -0.00429899 -0.00251523 0.0649766 -0.0649766 -0.00251523 4059.87 3943.87 13.2266 13.2146 0.000575564 -6.56658e-07 -6.43056e-07 -5.19795e-07 
-1.90876 0.0705576 -0.0071533 -0.000784468 0.0649755 -0.0649755 -0.000784468 4074.72 3958.71 13.2507 13.2388 0.000566856 -9.55552e-08 -5.51391e-08 1.18765e-07 
-1.90508 0.0676543 -0.00946385 0.00101919 0.0649744 -0.0649744 0.00101919 4089.63 3973.6 13.2749 13.263 0.000565975 5.65317e-07 5.86703e-07 6.61308e-07 
-1.90139 0.0652494 -0.0105025 0.0027378 0.0649733 -0.0649733 0.0027378 4104.59 3988.55 13.2991 13.2872 0.00057951 5.9811e-07 5.77779e-07 7.22321e-07 
-1.89771 0.0642759 -0.00956097 0.0042151 0.0649722 -0.0649722 0.0042151 4119.61 4003.55 13.3233 13.3115 0.000613758 -7.0381e-08 -1.09911e-07 2.32535e-07 
-1.89402 0.0649595 -0.00665068 0.00535506 0.0649711 -0.0649711 0.00535506 4134.68 4018.61 13.3476 13.3358 0.000664397 -7.5351e-07 -7.67216e-07 -5.1852e-07 
-1.89034 0.066636 -0.00268794 0.00613743 0.06497 -0.06497 0.00613743 4149.8 4033.72 13.372 13.3602 0.000713754 -6.08227e-07 -5.7774e-07 -9.63662e-07 
-1.88666 0.0685848 0.00135339 0.00654677 0.0649688 -0.0649688 0.00654677 4164.98 4048.89 13.3963 13.3846 0.000743308 3.08259e-07 3.4834e-07 -6.6285e-07 
-1.88297 0.0700854 0.00449946 0.00656766 0.0649676 -0.0649676 0.00656766 4180.22 4064.11 13.4207 13.4091 0.000734537 8.85796e-07 8.89103e-07 1.84001e-07 
-1.87929 0.0704307 0.00579775 0.00618581 0.0649663 -0.0649663 0.00618581 4195.51 4079.39 13.4452 13.4336 0.000669625 4.00971e-07 3.70362e-07 8.0738e-07 
-1.8756 0.0694236 0.00508591 0.00542994 0.064965 -0.064965 0.00542994 4210.86 4094.72 13.4697 13.4581 0.000556824 -3.94573e-07 -4.1724e-07 6.90211e-07 
-1.87192 0.0675141 0.00320555 0.00438343 0.0649636 -0.0649636 0.00438343 4226.26 4110.11 13.4942 13.4827 0.000437512 -5.21596e-07 -5.17649e-07 1.40139e-07 
-1.86823 0.0651943 0.00106319 0.00313315 0.0649624 -0.0649624 0.00313315 4241.72 4125.55 13.5188 13.5073 0.000355208 -9.9053e-08 -8.35087e-08 -3.01807e-07 
-1.86455 0.0629562 -0.000434659 0.00176599 0.0649614 -0.0649614 0.00176599 4257.23 4141.06 13.5434 13.532 0.000353431 3.41446e-07 3.5071e-07 -4.83804e-07 
-1.86086 0.0612846 -0.000401643 0.000368642 0.0649606 -0.0649606 0.000368642 4272.8 4156.61 13.5681 13.5567 0.000474524 5.10097e-07 5.0134e-07 -3.94739e-07 
-1.85718 0.0603903 0.00128536 -0.000980165 0.06496 -0.06496 -0.000980165 4288.43 4172.23 13.5928 13.5815 0.000716277 -6.38154e-08 -9.05049e-08 2.52038e-07 
-1.85349 0.060132 0.0037694 -0.00221187 0.0649593 -0.0649593 -0.00221187 4304.11 4187.9 13.6176 13.6062 0.00101927 -1.17383e-06 -1.18644e-06 1.29212e-06 
-1.84981 0.0603456 0.00612917 -0.0032586 0.0649581 -0.0649581 -0.0032586 4319.85 4203.62 13.6423 13.6311 0.00132033 -1.11602e-06 -1.08603e-06 1.587e-06 
-1.84612 0.0608668 0.00744336 -0.00405246 0.0649562 -0.0649562 -0.00405246 4335.65 4219.41 13.6672 13.6559 0.00155628 7.36366e-07 7.79116e-07 3.11074e-07 
-1.84244 0.061532 0.00681134 -0.00452676 0.0649533 -0.0649533 -0.00452676 4351.5 4235.25 13.6921 13.6809 0.00166498 2.04602e-06 2.0482e-06 -1.60259e-06 
-1.83875 0.0621979 0.00413454 -0.00466069 0.0649495 -0.0649495 -0.00466069 4367.41 4251.15 13.717 13.7058 0.00162432 8.25732e-07 7.90757e-07 -2.23799e-06 
-1.83507 0.062748 0.000355189 -0.00449299 0.0649453 -0.0649453 -0.00449299 4383.38 4267.1 13.7419 13.7308 0.00146414 -1.21328e-06 -1.23741e-06 -1.04871e-06 
-1.83138 0.0630675 -0.00351502 -0.00406638 0.0649414 -0.0649414 -0.00406638 4399.41 4283.12 13.7669 13.7559 0.00121774 -1.42109e-06 -1.4149e-06 6.20901e-07 
-1.8277 0.0630416 -0.00646442 -0.00342359 0.0649384 -0.0649384 -0.00342359 4415.5 4299.19 13.792 13.781 0.000918426 -8.13165e-08 -6.68439e-08 1.23153e-06 
-1.82401 0.0625613 -0.0075008 -0.00260766 0.0649369 -0.0649369 -0.00260766 4431.64 4315.32 13.8171 13.8061 0.000599511 6.60619e-07 6.648e-07 6.71753e-07 
-1.82033 0.0617448 -0.00640605 -0.00167449 0.064937 -0.064937 -0.00167449 4447.84 4331.51 13.8422 13.8313 0.00029416 2.79272e-07 2.77583e-07 4.69455e-09 
-1.81664 0.0610084 -0.00397719 -0.000696852 0.0649381 -0.0649381 -0.000696852 4464.1 4347.76 13.8674 13.8565 3.53699e-05 -1.30306e-08 -1.32962e-08 -3.91225e-08 
-1.81296 0.0607886 -0.00108005 0.000251331 0.0649395 -0.0649395 0.000251331 4480.42 4364.06 13.8926 13.8817 -0.000143875 1.78094e-07 1.78329e-07 1.9545e-07 
-1.80927 0.0615219 0.00141956 0.00109615 0.0649408 -0.0649408 0.00109615 4496.8 4380.43 13.9178 13.907 -0.000210591 1.22646e-07 1.22431e-07 1.12871e-07 
-1.80559 0.063632 0.00267033 0.00176473 0.0649413 -0.0649413 0.00176473 4513.24 4396.85 13.9431 13.9324 -0.000132758 -1.05786e-07 -1.05779e-07 -9.49778e-08 
-1.8019 0.0670169 0.0024125 0.00222714 0.0649407 -0.0649407 0.00222714 4529.73 4413.34 13.9685 13.9577 8.23468e-05 9.81032e-08 9.82978e-08 1.15611e-07 
-1.79822 0.0708784 0.00117026 0.00251032 0.0649393 -0.0649393 0.00251032 4546.29 4429.88 13.9939 13.9832 0.000375371 3.84995e-08 4.11237e-08 3.67197e-07 
-1.79453 0.0743702 -0.000478224 0.00264514 0.0649374 -0.0649374 0.00264514 4562.91 4446.49 14.0193 14.0086 0.000683375 -7.64438e-07 -7.62139e-07 -1.56617e-07 
-1.79085 0.0766459 -0.00195478 0.00266246 0.0649353 -0.0649353 0.00266246 4579.58 4463.15 14.0448 14.0341 0.000943419 -8.88232e-07 -8.97069e-07 -1.18784e-06 
-1.78716 0.076876 -0.00269022 0.00259278 0.0649333 -0.0649333 0.00259278 4596.32 4479.87 14.0703 14.0597 0.0010936 4.60266e-07 4.44377e-07 -1.40739e-06 
-1.78348 0.0749279 -0.00248974 0.00245155 0.0649316 -0.0649316 0.00245155 4613.12 4496.66 14.0958 14.0853 0.00111535 1.40232e-06 1.4028e-06 -3.17138e-07 
-1.77979 0.071602 -0.00166002 0.00223407 0.0649301 -0.0649301 0.00223407 4629.97 4513.5 14.1214 14.1109 0.0010481 5.29351e-07 5.5082e-07 9.96587e-07 
-1.77611 0.0677642 -0.000542797 0.00193423 0.0649287 -0.0649287 0.00193423 4646.89 4530.41 14.1471 14.1366 0.000935351 -8.33919e-07 -8.18076e-07 1.33567e-06 
-1.77242 0.0642804 0.00052019 0.00154593 0.0649274 -0.0649274 0.00154593 4663.87 4547.38 14.1728 14.1623 0.000820612 -9.49977e-07 -9.59935e-07 6.22586e-07 
-1.76874 0.0620027 0.00119174 0.00106366 0.064926 -0.064926 0.00106366 4680.91 4564.41 14.1985 14.1881 0.000746793 4.09437e-08 1.77278e-08 -3.9194e-07 
-1.76505 0.0611968 0.00132858 0.000507521 0.0649245 -0.0649245 0.000507521 4698.02 4581.5 14.2242 14.2139 0.000731618 8.79192e-07 8.71774e-07 -1.0176e-06 
-1.76137 0.0613343 0.00104997 -6.76666e-05 0.0649229 -0.0649229 -6.76666e-05 4715.18 4598.65 14.2501 14.2397 0.000758723 6.12657e-07 6.34944e-07 -8.62927e-07 
-1.75768 0.0618307 0.000493804 -0.000604636 0.0649213 -0.0649213 -0.000604636 4732.4 4615.86 14.2759 14.2656 0.000809317 -5.09923e-07 -4.81613e-07 3.03008e-08 
-1.754 0.0621014 -0.000202012 -0.00104612 0.0649197 -0.0649197 -0.00104612 4749.69 4633.14 14.3018 14.2916 0.000864613 -1.08749e-06 -1.09391e-06 1.02659e-06 
-1.75031 0.0615717 -0.000900596 -0.00133541 0.064918 -0.064918 -0.00133541 4767.04 4650.47 14.3277 14.3175 0.000906057 -2.31066e-07 -2.7295e-07 1.24986e-06 
-1.74663 0.0601089 -0.00150963 -0.00144108 0.0649164 -0.0649164 -0.00144108 4784.46 4667.87 14.3537 14.3436 0.000925476 1.00301e-06 9.78596e-07 4.18271e-07 
-1.74294 0.0581844 -0.00199777 -0.00136619 0.0649147 -0.0649147 -0.00136619 4801.93 4685.34 14.3797 14.3696 0.000928885 9.40025e-07 9.70659e-07 -7.8721e-07 
-1.73926 0.0563132 -0.00233806 -0.00111632 0.0649131 -0.0649131 -0.00111632 4819.47 4702.86 14.4058 14.3957 0.000923329 -3.56639e-07 -3.06516e-07 -1.35065e-06 
-1.73558 0.0550102 -0.00250354 -0.000697053 0.0649114 -0.0649114 -0.000697053 4837.07 4720.45 14.4319 14.4219 0.000915849 -1.17434e-06 -1.17184e-06 -8.13407e-07 
-1.73189 0.0547825 -0.00246796 -0.000114367 0.0649098 -0.0649098 -0.000114367 4854.73 4738.1 14.4581 14.4481 0.000913401 -4.48427e-07 -5.02084e-07 3.78513e-07 
-1.72821 0.0557729 -0.00223551 0.000607097 0.0649081 -0.0649081 0.000607097 4872.46 4755.82 14.4843 14.4743 0.000919048 8.75734e-07 8.34021e-07 1.27226e-06 
-1.72452 0.0576208 -0.00185251 0.00141691 0.0649063 -0.0649063 0.00141691 4890.25 4773.6 14.5105 14.5006 0.000930473 1.05893e-06 1.0893e-06 1.1405e-06 
-1.72084 0.059929 -0.00136838 0.00226277 0.0649046 -0.0649046 0.00226277 4908.11 4791.44 14.5368 14.5269 0.000944965 -1.80253e-07 -1.11064e-07 5.8437e-08 
-1.71715 0.0623 -0.000832532 0.00309236 0.0649028 -0.0649028 0.00309236 4926.03 4809.35 14.5631 14.5532 0.000959811 -1.21911e-06 -1.20411e-06 -1.11177e-06 
-1.71347 0.0643406 -0.000293689 0.00385344 0.0649011 -0.0649011 0.00385344 4944.01 4827.32 14.5895 14.5796 0.000972336 -6.3473e-07 -7.0211e-07 -1.39315e-06 
-1.70978 0.0658485 0.000231672 0.00449769 0.0648993 -0.0648993 0.00449769 4962.06 4845.36 14.6159 14.6061 0.000981547 8.28407e-07 7.64586e-07 -5.20421e-07 
-1.7061 0.0668875 0.000772108 0.00498224 0.0648974 -0.0648974 0.00498224 4980.18 4863.46 14.6423 14.6326 0.000988805 1.19586e-06 1.22629e-06 8.04161e-07 
-1.70241 0.0675417 0.00135952 0.00526459 0.0648956 -0.0648956 0.00526459 4998.36 4881.63 14.6688 14.6591 0.000995642 -5.82345e-08 3.29209e-08 1.48635e-06 
-1.69873 0.0678948 0.00202583 0.00530229 0.0648938 -0.0648938 0.00530229 5016.6 4899.86 14.6954 14.6857 0.00100359 -1.25664e-06 -1.22794e-06 9.47264e-07 
-1.69504 0.0680301 0.00280168 0.00505363 0.0648919 -0.0648919 0.00505363 5034.91 4918.16 14.722 14.7123 0.00101416 -7.58148e-07 -8.38981e-07 -3.92954e-07 
-1.69136 0.0679998 0.003659 0.00451384 0.06489 -0.06489 0.00451384 5053.28 4936.52 14.7486 14.739 0.00102751 8.00333e-07 7.14124e-07 -1.44352e-06 
-1.68767 0.0678121 0.00448672 0.00373028 0.0648881 -0.0648881 0.00373028 5071.72 4954.95 14.7753 14.7657 0.00104188 1.29776e-06 1.32929e-06 -1.31728e-06 
-1.68399 0.0674718 0.00516752 0.00275424 0.0648862 -0.0648862 0.00275424 5090.23 4973.44 14.802 14.7924 0.00105538 4.60387e-09 1.20607e-07 -7.96564e-08 
-1.6803 0.0669838 0.00558407 0.00163702 0.0648843 -0.0648843 0.00163702 5108.8 4992 14.8287 14.8192 0.00106613 -1.33039e-06 -1.28868e-06 1.25996e-06 
-1.67662 0.0663536 0.00562086 0.000430119 0.0648823 -0.0648823 0.000430119 5127.44 5010.63 14.8555 14.846 0.00107226 -8.38189e-07 -9.37149e-07 1.56994e-06 
-1.67293 0.06561 0.00525088 -0.000805345 0.0648803 -0.0648803 -0.000805345 5146.15 5029.33 14.8824 14.8729 0.00107403 8.26237e-07 7.17814e-07 5.70498e-07 
-1.66925 0.0648152 0.00457339 -0.00199451 0.0648783 -0.0648783 -0.00199451 5164.92 5048.09 14.9092 14.8998 0.00107464 1.35142e-06 1.38814e-06 -9.11512e-07 
-1.66556 0.0640339 0.00369733 -0.00306147 0.0648763 -0.0648763 -0.00306147 5183.76 5066.91 14.9362 14.9268 0.00107754 -5.42998e-09 1.33631e-07 -1.64682e-06 
-1.66188 0.0633309 0.00273165 -0.00393032 0.0648743 -0.0648743 -0.00393032 5202.67 5085.81 14.9631 14.9538 0.00108619 -1.3748e-06 -1.32642e-06 -1.01929e-06 
-1.65819 0.062771 0.0017842 -0.00452589 0.0648722 -0.0648722 -0.00452589 5221.65 5104.77 14.9901 14.9808 0.00110395 -8.35145e-07 -9.55842e-07 4.82394e-07 
-1.65451 0.0624135 0.000908516 -0.00481133 0.0648702 -0.0648702 -0.00481133 5240.69 5123.81 15.0172 15.0079 0.0011311 9.26279e-07 7.96539e-07 1.64525e-06 
-1.65082 0.0623107 7.97571e-05 -0.00480491 0.0648682 -0.0648682 -0.00480491 5259.8 5142.9 15.0443 15.035 0.00116343 1.44886e-06 1.50188e-06 1.46865e-06 
-1.64714 0.0625141 -0.000733014 -0.00452924 0.0648661 -0.0648661 -0.00452924 5278.98 5162.07 15.0714 15.0622 0.00119638 -1.06415e-07 7.19065e-08 1.67468e-08 
-1.64345 0.0630754 -0.00156073 -0.00400692 0.0648639 -0.0648639 -0.00400692 5298.23 5181.31 15.0986 15.0894 0.00122536 -1.59594e-06 -1.54487e-06 -1.5346e-06 
-1.63977 0.0640438 -0.00243319 -0.00326094 0.0648617 -0.0648617 -0.00326094 5317.54 5200.61 15.1258 15.1167 0.00124588 -8.30288e-07 -9.95295e-07 -1.83991e-06 
-1.63608 0.0653564 -0.00332117 -0.00233433 0.0648593 -0.0648593 -0.00233433 5336.93 5219.99 15.1531 15.144 0.00125596 1.16045e-06 1.00652e-06 -5.84403e-07 
-1.6324 0.0667863 -0.0041095 -0.00129934 0.0648569 -0.0648569 -0.00129934 5356.38 5239.43 15.1804 15.1713 0.00125734 1.50545e-06 1.59022e-06 1.18363e-06 
-1.62871 0.0680939 -0.00467617 -0.000230548 0.0648545 -0.0648545 -0.000230548 5375.91 5258.94 15.2078 15.1987 0.00125208 -3.11178e-07 -1.00309e-07 1.96034e-06 
-1.62503 0.0690395 -0.00489921 0.000797487 0.0648521 -0.0648521 0.000797487 5395.5 5278.52 15.2351 15.2261 0.0012422 -1.66726e-06 -1.63415e-06 1.09209e-06 
-1.62134 0.0693869 -0.00465883 0.00171058 0.0648498 -0.0648498 0.00171058 5415.16 5298.17 15.2626 15.2536 0.00122975 -6.15126e-07 -8.1399e-07 -6.75313e-07 
-1.61766 0.0690992 -0.00395179 0.00245486 0.0648476 -0.0648476 0.00245486 5434.9 5317.9 15.2901 15.2811 0.0012172 1.30302e-06 1.15676e-06 -1.85433e-06 
-1.61397 0.0684324 -0.00294647 0.00300636 0.0648455 -0.0648455 0.00300636 5454.7 5337.69 15.3176 15.3087 0.00120764 1.31748e-06 1.4404e-06 -1.47586e-06 
-1.61029 0.0676657 -0.00182505 0.00334349 0.0648434 -0.0648434 0.00334349 5474.57 5357.55 15.3452 15.3363 0.00120419 -5.77786e-07 -3.57313e-07 1.30834e-07 
-1.6066 0.0670787 -0.000769717 0.00344469 0.0648412 -0.0648412 0.00344469 5494.52 5377.48 15.3728 15.3639 0.00120999 -1.63973e-06 -1.64562e-06 1.63944e-06 
-1.60292 0.066946 3.90252e-05 0.00328902 0.064839 -0.064839 0.00328902 5514.53 5397.49 15.4004 15.3916 0.00122811 -3.01613e-07 -5.40401e-07 1.80179e-06 
-1.59923 0.0672806 0.000509994 0.00288939 0.0648366 -0.0648366 0.00288939 5534.62 5417.56 15.4281 15.4193 0.00125838 1.54791e-06 1.42056e-06 4.33371e-07 
-1.59555 0.0677059 0.000685053 0.00230915 0.0648342 -0.0648342 0.00230915 5554.78 5437.71 15.4558 15.4471 0.00129578 1.16111e-06 1.35356e-06 -1.39216e-06 
-1.59187 0.0678139 0.000616903 0.00161576 0.0648317 -0.0648317 0.00161576 5575.01 5457.93 15.4836 15.4749 0.00133489 -1.02265e-06 -7.7489e-07 -2.12945e-06 
-1.58818 0.0671962 0.00035824 0.000876648 0.0648292 -0.0648292 0.000876648 5595.31 5478.21 15.5114 15.5028 0.00137032 -1.77809e-06 -1.85521e-06 -1.06069e-06 
-1.5845 0.0654523 -3.76639e-05 0.000158961 0.0648266 -0.0648266 0.000158961 5615.68 5498.58 15.5393 15.5307 0.00139672 1.41664e-07 -1.70536e-07 9.83568e-07 
-1.58081 0.0626005 -0.000485731 -0.000487976 0.0648241 -0.0648241 -0.000487976 5636.12 5519.01 15.5672 15.5586 0.00141213 1.91315e-06 1.83087e-06 2.25428e-06 
-1.57713 0.0592897 -0.000853006 -0.00104162 0.0648215 -0.0648215 -0.00104162 5656.64 5539.52 15.5952 15.5866 0.0014197 8.28371e-07 1.11645e-06 1.62783e-06 
-1.57344 0.0562209 -0.00100258 -0.00148164 0.0648189 -0.0648189 -0.00148164 5677.23 5560.1 15.6231 15.6146 0.00142302 -1.51976e-06 -1.28485e-06 -3.88548e-07 
-1.56976 0.0540952 -0.000797539 -0.00178772 0.0648163 -0.0648163 -0.00178772 5697.9 5580.75 15.6512 15.6427 0.00142566 -1.59204e-06 -1.77357e-06 -2.0956e-06 
-1.56607 0.0536054 -0.000104184 -0.0019398 0.0648137 -0.0648137 -0.0019398 5718.63 5601.47 15.6792 15.6708 0.00143116 7.4786e-07 4.0979e-07 -2.05041e-06 
-1.56239 0.0549713 0.00102811 -0.00193349 0.064811 -0.064811 -0.00193349 5739.44 5622.27 15.7074 15.6989 0.00144133 1.98397e-06 2.00473e-06 -2.68126e-07 
-1.5587 0.0576929 0.00227147 -0.00178824 0.0648083 -0.0648083 -0.00178824 5760.32 5643.14 15.7355 15.7271 0.00145525 2.04922e-07 5.73024e-07 1.78186e-06 
-1.55502 0.06121 0.00327464 -0.00152551 0.0648056 -0.0648056 -0.00152551 5781.28 5664.09 15.7637 15.7553 0.00147182 -1.93533e-06 -1.77462e-06 2.36831e-06 
-1.55133 0.0649624 0.0036864 -0.00116674 0.0648029 -0.0648029 -0.00116674 5802.31 5685.11 15.792 15.7836 0.00148993 -1.14046e-06 -1.4532e-06 9.50202e-07 
-1.54765 0.0683927 0.00316078 -0.000733476 0.0648002 -0.0648002 -0.000733476 5823.42 5706.2 15.8203 15.8119 0.00150845 1.44924e-06 1.12558e-06 -1.32318e-06 
-1.54396 0.0711022 0.00166209 -0.000252812 0.0647974 -0.0647974 -0.000252812 5844.6 5727.37 15.8486 15.8403 0.00152666 1.85649e-06 2.03317e-06 -2.53463e-06 
-1.54028 0.0729367 -0.000368345 0.000239629 0.0647945 -0.0647945 0.000239629 5865.85 5748.61 15.8769 15.8687 0.00154443 -6.243e-07 -1.95747e-07 -1.61676e-06 
-1.53659 0.0737629 -0.00244858 0.000707498 0.0647917 -0.0647917 0.000707498 5887.18 5769.93 15.9054 15.8971 0.00156167 -2.19547e-06 -2.18048e-06 7.07541e-07 
-1.53291 0.0734472 -0.00409669 0.00111444 0.0647888 -0.0647888 0.00111444 5908.58 5791.32 15.9338 15.9256 0.0015783 -3.62193e-07 -8.09659e-07 2.49248e-06 
-1.52922 0.0718613 -0.00483581 0.00142433 0.0647859 -0.0647859 0.00142433 5930.06 5812.79 15.9623 15.9541 0.00159422 2.08724e-06 1.86424e-06 2.20027e-06 
-1.52554 0.0691705 -0.00449537 0.00161368 0.0647829 -0.0647829 0.00161368 5951.62 5834.33 15.9908 15.9827 0.00160952 1.30436e-06 1.67546e-06 2.68192e-08 
-1.52185 0.0659975 -0.00338089 0.00167875 0.0647799 -0.0647799 0.00167875 5973.25 5855.95 16.0194 16.0113 0.00162454 -1.55906e-06 -1.15534e-06 -2.22327e-06 
-1.51817 0.0630044 -0.00183895 0.00161746 0.0647769 -0.0647769 0.00161746 5994.95 5877.65 16.048 16.0399 0.00163965 -2.01724e-06 -2.22803e-06 -2.63809e-06 
-1.51448 0.0608531 -0.000216145 0.00142774 0.0647739 -0.0647739 0.00142774 6016.74 5899.42 16.0767 16.0686 0.0016552 7.21265e-07 2.01569e-07 -8.21257e-07 
-1.5108 0.0601977 0.00114279 0.00110788 0.0647708 -0.0647708 0.00110788 6038.6 5921.27 16.1054 16.0974 0.00167157 2.37488e-06 2.36923e-06 1.73918e-06 
-1.50711 0.0611907 0.00200899 0.000677433 0.0647677 -0.0647677 0.000677433 6060.53 5943.2 16.1341 16.1261 0.00168889 2.68929e-07 8.15536e-07 2.88937e-06 
-1.50343 0.0631972 0.00233558 0.000189361 0.0647646 -0.0647646 0.000189361 6082.55 5965.2 16.1629 16.1549 0.001707 -2.32295e-06 -2.08193e-06 1.61659e-06 
-1.49974 0.0655132 0.00209164 -0.000300435 0.0647614 -0.0647614 -0.000300435 6104.64 5987.28 16.1917 16.1838 0.0017257 -1.24111e-06 -1.71657e-06 -1.06417e-06 
-1.49606 0.0674349 0.00124625 -0.000736056 0.0647583 -0.0647583 -0.000736056 6126.8 6009.43 16.2206 16.2127 0.0017448 1.87495e-06 1.42007e-06 -2.91684e-06 
-1.49237 0.0682648 -0.000229186 -0.00106199 0.064755 -0.064755 -0.00106199 6149.05 6031.67 16.2495 16.2416 0.00176408 2.03595e-06 2.34948e-06 -2.34732e-06 
-1.48869 0.067726 -0.00221349 -0.00124717 0.0647518 -0.0647517 -0.00124717 6171.37 6053.98 16.2785 16.2706 0.0017834 -1.10747e-06 -4.97823e-07 2.27907e-07 
-1.485 0.0662097 -0.00434771 -0.00129941 0.0647484 -0.0647484 -0.00129941 6193.77 6076.37 16.3075 16.2996 0.00180267 -2.52917e-06 -2.61269e-06 2.68183e-06 
-1.48132 0.0641662 -0.00625176 -0.00122994 0.0647451 -0.0647451 -0.00122994 6216.25 6098.84 16.3365 16.3287 0.0018218 1.44803e-07 -5.32373e-07 2.9344e-06 
-1.47763 0.0620458 -0.00754555 -0.00105 0.0647417 -0.0647417 -0.00105 6238.81 6121.39 16.3656 16.3578 0.00184071 2.65017e-06 2.46973e-06 7.13984e-07 
-1.47395 0.0602967 -0.0078534 -0.000770984 0.0647383 -0.0647383 -0.000770984 6261.45 6144.01 16.3947 16.3869 0.00185932 8.6525e-07 1.50853e-06 -2.16822e-06 
-1.47026 0.0592159 -0.00708908 -0.00041369 0.0647349 -0.0647349 -0.00041369 6284.16 6166.72 16.4238 16.4161 0.00187768 -2.38869e-06 -1.94976e-06 -3.298e-06 
-1.46658 0.0588584 -0.00563103 -1.40346e-05 0.0647314 -0.0647314 -1.40346e-05 6306.96 6189.5 16.453 16.4453 0.00189599 -1.77725e-06 -2.2869e-06 -1.68057e-06 
-1.46289 0.0592572 -0.00389954 0.000390708 0.0647279 -0.0647279 0.000390708 6329.83 6212.36 16.4823 16.4746 0.00191449 1.79193e-06 1.13766e-06 1.39139e-06 
-1.45921 0.0604453 -0.00231492 0.00076326 0.0647244 -0.0647244 0.00076326 6352.78 6235.31 16.5115 16.5039 0.00193344 2.47218e-06 2.76489e-06 3.37443e-06 
-1.45552 0.0624529 -0.00129418 0.00106659 0.0647208 -0.0647208 0.00106659 6375.82 6258.33 16.5408 16.5332 0.00195306 -9.48695e-07 -1.52289e-07 2.57921e-06 
-1.45184 0.0651077 -0.00102989 0.00128033 0.0647172 -0.0647172 0.00128033 6398.93 6281.43 16.5702 16.5626 0.00197342 -2.87098e-06 -2.89004e-06 -3.98466e-07 
-1.44816 0.0679093 -0.00135059 0.00141111 0.0647135 -0.0647135 0.00141111 6422.12 6304.61 16.5996 16.592 0.00199435 -3.10026e-08 -8.767e-07 -3.12405e-06 
-1.44447 0.0703272 -0.00205149 0.00146808 0.0647098 -0.0647098 0.00146808 6445.4 6327.88 16.629 16.6215 0.00201563 2.93504e-06 2.6561e-06 -3.3133e-06 
-1.44079 0.071831 -0.00292783 0.00146033 0.0647061 -0.0647061 0.00146033 6468.75 6351.22 16.6585 16.651 0.00203705 1.03064e-06 1.82403e-06 -7.41865e-07 
-1.4371 0.0718958 -0.00377565 0.00139704 0.0647023 -0.0647023 0.00139704 6492.19 6374.65 16.688 16.6805 0.00205841 -2.66525e-06 -2.09871e-06 2.51861e-06 
-1.43342 0.0703929 -0.00444934 0.00128972 0.0646985 -0.0646985 0.00128972 6515.71 6398.16 16.7176 16.7101 0.00207963 -1.93847e-06 -2.58127e-06 3.7723e-06 
-1.42973 0.0678428 -0.00489895 0.00115381 0.0646946 -0.0646946 0.00115381 6539.3 6421.74 16.7471 16.7397 0.00210087 2.10089e-06 1.29018e-06 1.92711e-06 
-1.42605 0.0648262 -0.00508337 0.00100508 0.0646908 -0.0646908 0.00100508 6562.98 6445.41 16.7768 16.7694 0.0021223 2.66214e-06 3.07105e-06 -1.565e-06 
-1.42236 0.0619238 -0.00496151 0.000859328 0.0646868 -0.0646868 0.000859328 6586.75 6469.16 16.8064 16.7991 0.00214409 -1.31156e-06 -3.26449e-07 -3.85643e-06 
-1.41868 0.0597127 -0.00449335 0.000732285 0.0646829 -0.0646829 0.000732285 6610.59 6493 16.8362 16.8288 0.00216642 -3.13893e-06 -3.25384e-06 -3.02545e-06 
-1.41499 0.0584905 -0.0037165 0.000635866 0.0646788 -0.0646788 0.000635866 6634.52 6516.91 16.8659 16.8586 0.00218933 3.8173e-07 -6.90431e-07 3.22332e-07 
-1.41131 0.0580927 -0.00279722 0.000575658 0.0646748 -0.0646748 0.000575658 6658.53 6540.91 16.8957 16.8884 0.0022127 3.33628e-06 3.12455e-06 3.49806e-06 
-1.40762 0.0583108 -0.00191391 0.000556654 0.0646707 -0.0646707 0.000556654 6682.62 6564.99 16.9255 16.9183 0.00223637 6.00817e-07 1.66374e-06 3.89024e-06 
-1.40394 0.0589366 -0.00124493 0.000583846 0.0646666 -0.0646666 0.000583846 6706.79 6589.16 16.9554 16.9482 0.00226018 -3.24791e-06 -2.70585e-06 1.10585e-06 
-1.40025 0.0597627 -0.000967032 0.000662117 0.0646624 -0.0646624 0.000662117 6731.05 6613.41 16.9853 16.9781 0.00228397 -1.55152e-06 -2.50857e-06 -2.66003e-06 
-1.39657 0.0606351 -0.00113406 0.000788335 0.0646581 -0.0646581 0.000788335 6755.39 6637.74 17.0152 17.0081 0.00230767 2.89256e-06 2.04472e-06 -4.36062e-06 
-1.39288 0.0614904 -0.00159397 0.000945931 0.0646539 -0.0646539 0.000945931 6779.82 6662.15 17.0452 17.0381 0.00233133 2.39592e-06 3.15875e-06 -2.56095e-06 
-1.3892 0.0622734 -0.00217508 0.00111705 0.0646495 -0.0646495 0.00111705 6804.33 6686.65 17.0752 17.0681 0.00235499 -2.31075e-06 -1.20622e-06 1.36498e-06 
-1.38551 0.0629291 -0.0027057 0.00128385 0.0646452 -0.0646452 0.00128385 6828.92 6711.23 17.1053 17.0982 0.00237872 -3.0768e-06 -3.57248e-06 4.29255e-06 
-1.38183 0.0634032 -0.00301526 0.00142852 0.0646408 -0.0646408 0.00142852 6853.6 6735.9 17.1354 17.1283 0.00240257 1.55706e-06 2.63585e-07 3.83572e-06 
-1.37814 0.063688 -0.00301857 0.00153687 0.0646363 -0.0646363 0.00153687 6878.36 6760.65 17.1655 17.1585 0.00242661 3.55686e-06 3.73232e-06 2.80861e-07 
-1.37446 0.063855 -0.00277509 0.00160077 0.0646318 -0.0646318 0.00160077 6903.2 6785.49 17.1957 17.1887 0.00245096 -6.92045e-07 7.10716e-07 -3.59483e-06 
-1.37077 0.0639837 -0.00235827 0.00161273 0.0646273 -0.0646273 0.00161273 6928.14 6810.41 17.2259 17.2189 0.0024757 -3.81868e-06 -3.64266e-06 -4.70003e-06 
-1.36709 0.0641534 -0.00184158 0.00156523 0.0646227 -0.0646227 0.00156523 6953.15 6835.42 17.2561 17.2492 0.00250095 -2.2429e-07 -1.65148e-06 -2.0875e-06 
-1.3634 0.0644425 -0.00129819 0.00145084 0.0646181 -0.0646181 0.00145084 6978.25 6860.51 17.2864 17.2795 0.00252681 3.86243e-06 3.32522e-06 2.25628e-06 
-1.35972 0.0648658 -0.000780626 0.00126951 0.0646134 -0.0646134 0.00126951 7003.44 6885.69 17.3167 17.3098 0.00255332 1.1376e-06 2.5051e-06 4.93275e-06 
-1.35603 0.0653287 -0.000305949 0.00103379 0.0646087 -0.0646087 0.00103379 7028.71 6910.95 17.3471 17.3402 0.00258046 -3.70162e-06 -2.81326e-06 3.78784e-06 
-1.35235 0.065726 0.00011224 0.000757453 0.0646039 -0.0646039 0.000757453 7054.07 6936.3 17.3775 17.3706 0.00260816 -2.00178e-06 -3.23064e-06 -3.71905e-07 
-1.34866 0.0659523 0.000460344 0.000454294 0.0645991 -0.0645991 0.000454294 7079.52 6961.73 17.4079 17.401 0.00263638 3.35874e-06 2.14646e-06 -4.35895e-06 
-1.34498 0.0659034 0.000724952 0.000138113 0.0645942 -0.0645942 0.000138113 7105.05 6987.26 17.4383 17.4315 0.00266508 2.77984e-06 3.79984e-06 -5.05298e-06 
-1.34129 0.065544 0.000908238 -0.0001758 0.0645893 -0.0645893 -0.0001758 7130.67 7012.86 17.4688 17.4621 0.00269416 -2.86293e-06 -1.36809e-06 -1.83126e-06 
-1.33761 0.0649589 0.00103934 -0.000469583 0.0645843 -0.0645843 -0.000469583 7156.38 7038.56 17.4994 17.4926 0.00272347 -3.44435e-06 -4.19661e-06 2.90467e-06 
-1.33392 0.0642447 0.00115008 -0.000725119 0.0645792 -0.0645792 -0.000725119 7182.17 7064.34 17.5299 17.5232 0.00275284 2.24689e-06 5.2164e-07 5.53266e-06 
-1.33024 0.0634982 0.00127228 -0.000924287 0.0645741 -0.0645741 -0.000924287 7208.05 7090.21 17.5605 17.5538 0.00278212 3.97672e-06 4.41539e-06 3.97847e-06 
-1.32655 0.0628157 0.00143751 -0.00104905 0.064569 -0.064569 -0.00104905 7234.02 7116.17 17.5912 17.5845 0.00281115 -1.54486e-06 3.51189e-07 -6.67792e-07 
-1.32287 0.0622751 0.00165639 -0.0010885 0.0645638 -0.0645638 -0.0010885 7260.07 7142.22 17.6219 17.6152 0.00283988 -4.36734e-06 -4.46059e-06 -4.93462e-06 
-1.31918 0.061922 0.00190285 -0.00104417 0.0645585 -0.0645585 -0.00104417 7286.21 7168.35 17.6526 17.6459 0.00286848 7.91252e-07 -1.21262e-06 -5.57395e-06 
-1.3155 0.0617985 0.00214711 -0.000918857 0.0645532 -0.0645532 -0.000918857 7312.45 7194.57 17.6833 17.6767 0.00289713 4.61726e-06 4.34727e-06 -2.02072e-06 
-1.31181 0.0619468 0.0023594 -0.000715349 0.0645478 -0.0645478 -0.000715349 7338.76 7220.88 17.7141 17.7075 0.00292601 -1.78197e-08 2.03214e-06 3.14843e-06 
-1.30813 0.0624083 0.00251003 -0.000436544 0.0645424 -0.0645424 -0.000436544 7365.17 7247.28 17.7449 17.7383 0.0029553 -4.73644e-06 -4.09769e-06 6.10457e-06 
-1.30445 0.0631715 0.00257662 -9.43824e-05 0.0645369 -0.0645369 -9.43824e-05 7391.67 7273.77 17.7758 17.7692 0.00298514 -7.49528e-07 -2.7881e-06 4.59982e-06 
-1.30076 0.0641301 0.00254967 0.000283206 0.0645314 -0.0645314 0.000283206 7418.26 7300.34 17.8066 17.8001 0.00301555 4.73936e-06 3.73631e-06 -3.51756e-07 
-1.29708 0.0651685 0.00242102 0.000666656 0.0645258 -0.0645258 0.000666656 7444.93 7327.01 17.8375 17.8311 0.00304657 1.49105e-06 3.4664e-06 -5.18297e-06 
-1.29339 0.066171 0.00218251 0.0010264 0.0645202 -0.0645202 0.0010264 7471.7 7353.76 17.8685 17.862 0.0030782 -4.64221e-06 -3.28711e-06 -6.355e-06 
-1.28971 0.0670218 0.00182626 0.00133296 0.0645145 -0.0645145 0.00133296 7498.55 7380.61 17.8995 17.893 0.00311048 -2.19236e-06 -4.05924e-06 -2.93265e-06 
-1.28602 0.0676178 0.00137168 0.0015654 0.0645087 -0.0645087 0.0015654 7525.49 7407.54 17.9305 17.9241 0.00314337 4.46238e-06 2.77318e-06 2.71122e-06 
-1.28234 0.0678772 0.000886973 0.00171797 0.0645029 -0.0645029 0.00171797 7552.53 7434.56 17.9615 17.9551 0.00317673 2.84367e-06 4.56389e-06 6.56678e-06 
-1.27865 0.0677209 0.000445365 0.00178653 0.064497 -0.064497 0.00178653 7579.65 7461.68 17.9926 17.9862 0.00321042 -4.21662e-06 -2.21542e-06 5.83699e-06 
-1.27497 0.0670694 0.000120103 0.00176695 0.0644911 -0.0644911 0.00176695 7606.86 7488.88 18.0237 18.0174 0.00324427 -3.43836e-06 -4.98071e-06 9.37881e-07 
-1.27128 0.0658449 -1.59465e-05 0.0016552 0.0644851 -0.0644851 0.0016552 7634.17 7516.18 18.0549 18.0485 0.00327816 3.92095e-06 1.63275e-06 -4.76437e-06 
-1.2676 0.0640881 7.43641e-05 0.00145917 0.064479 -0.064479 0.00145917 7661.57 7543.56 18.086 18.0797 0.00331203 3.97282e-06 5.31328e-06 -7.28954e-06 
-1.26391 0.062055 0.000363622 0.00120831 0.0644729 -0.0644729 0.00120831 7689.05 7571.04 18.1172 18.111 0.00334603 -3.59168e-06 -1.04253e-06 -4.81253e-06 
-1.26023 0.0600241 0.000817627 0.000934306 0.0644667 -0.0644667 0.000934306 7716.63 7598.61 18.1485 18.1422 0.00338034 -4.44792e-06 -5.57018e-06 1.06032e-06 
-1.25654 0.0582738 0.00140218 0.000668874 0.0644604 -0.0644604 0.000668874 7744.3 7626.27 18.1797 18.1735 0.00341513 3.24562e-06 4.59893e-07 6.37331e-06 
-1.25286 0.0570814 0.00208274 0.000443621 0.0644541 -0.0644541 0.000443621 7772.06 7654.02 18.211 18.2048 0.00345057 4.86863e-06 5.76377e-06 7.50091e-06 
-1.24917 0.0566086 0.00279209 0.000281505 0.0644477 -0.0644477 0.000281505 7799.91 7681.86 18.2424 18.2362 0.00348673 -2.89759e-06 1.03613e-07 3.59582e-06 
-1.24549 0.0568059 0.00340328 0.000189658 0.0644412 -0.0644412 0.000189658 7827.86 7709.8 18.2737 18.2676 0.00352349 -5.2413e-06 -5.90667e-06 -2.83169e-06 
-1.2418 0.0576013 0.003783 0.00017353 0.0644347 -0.0644347 0.00017353 7855.89 7737.82 18.3051 18.299 0.00356071 2.55918e-06 -6.39531e-07 -7.56586e-06 
-1.23812 0.0589227 0.00379791 0.000238569 0.0644281 -0.0644281 0.000238569 7884.02 7765.94 18.3365 18.3304 0.00359825 5.57101e-06 6.00925e-06 -7.45546e-06 
-1.23443 0.0606974 0.00331575 0.000390146 0.0644215 -0.0644215 0.000390146 7912.24 7794.16 18.368 18.3619 0.00363598 -2.23991e-06 1.14118e-06 -2.47505e-06 
-1.23075 0.0627803 0.00231024 0.000625879 0.0644147 -0.0644147 0.000625879 7940.56 7822.46 18.3995 18.3934 0.00367382 -5.86284e-06 -6.08157e-06 4.25126e-06 
-1.22706 0.0648934 0.000950927 0.00092906 0.0644079 -0.0644079 0.00092906 7968.96 7850.86 18.431 18.4249 0.00371184 1.94858e-06 -1.60327e-06 8.44956e-06 
-1.22338 0.066744 -0.000571489 0.00128143 0.064401 -0.064401 0.00128143 7997.46 7879.35 18.4625 18.4565 0.00375012 6.12336e-06 6.13491e-06 7.40988e-06 
-1.21969 0.0680394 -0.0020663 0.00166474 0.0643941 -0.0643941 0.00166474 8026.06 7907.93 18.494 18.488 0.00378872 -1.69348e-06 2.02226e-06 1.68735e-06 
-1.21601 0.0684888 -0.00334334 0.00206068 0.0643871 -0.0643871 0.00206068 8054.74 7936.61 18.5256 18.5197 0.00382772 -6.35995e-06 -6.18102e-06 -5.24963e-06 
-1.21232 0.0679771 -0.00426862 0.00244584 0.06438 -0.06438 0.00244584 8083.52 7965.38 18.5573 18.5513 0.00386717 1.48188e-06 -2.39592e-06 -9.16111e-06 
-1.20864 0.066718 -0.00481306 0.00278723 0.0643728 -0.0643728 0.00278723 8112.39 7994.24 18.5889 18.583 0.0039071 6.57925e-06 6.2306e-06 -7.61711e-06 
-1.20495 0.064961 -0.0049591 0.00305085 0.0643656 -0.0643656 0.00305085 8141.36 8023.2 18.6206 18.6146 0.00394749 -1.32009e-06 2.72255e-06 -1.44997e-06 
-1.20127 0.0629559 -0.00468915 0.00320267 0.0643583 -0.0643583 0.00320267 8170.42 8052.25 18.6523 18.6464 0.00398838 -6.78641e-06 -6.29278e-06 5.75905e-06 
-1.19758 0.0609518 -0.00398627 0.00320884 0.0643509 -0.0643509 0.00320884 8199.58 8081.4 18.684 18.6781 0.00402976 1.21385e-06 -3.00056e-06 9.80083e-06 
-1.1939 0.059154 -0.00290057 0.00305332 0.0643434 -0.0643434 0.00305332 8228.83 8110.64 18.7157 18.7099 0.00407162 6.98521e-06 6.37549e-06 8.28341e-06 
-1.19021 0.0576851 -0.00160886 0.00275377 0.0643359 -0.0643359 0.00275377 8258.17 8139.98 18.7475 18.7417 0.00411394 -1.16864e-06 3.22802e-06 1.98436e-06 
-1.18653 0.0566583 -0.000302022 0.00233154 0.0643283 -0.0643283 0.00233154 8287.61 8169.41 18.7793 18.7735 0.00415668 -7.17758e-06 -6.48516e-06 -5.62047e-06 
-1.18284 0.0561867 0.000829087 0.00180801 0.0643206 -0.0643206 0.00180801 8317.15 8198.93 18.8111 18.8053 0.00419979 1.18977e-06 -3.40228e-06 -1.03236e-05 
-1.17916 0.0563829 0.00159436 0.00120466 0.0643128 -0.0643128 0.00120466 8346.78 8228.55 18.843 18.8372 0.00424324 7.36342e-06 6.62676e-06 -9.50564e-06 
-1.17547 0.0572618 0.00189087 0.000555377 0.064305 -0.064305 0.000555377 8376.5 8258.27 18.8748 18.8691 0.00428701 -1.2825e-06 3.51982e-06 -3.52937e-06 
-1.17179 0.0586532 0.00178215 -8.22923e-05 0.064297 -0.064297 -8.22923e-05 8406.32 8288.08 18.9067 18.901 0.00433115 -7.54092e-06 -6.80407e-06 4.50047e-06 
-1.1681 0.0603655 0.00135046 -0.000648133 0.064289 -0.064289 -0.000648133 8436.24 8317.98 18.9387 18.933 0.00437569 1.45206e-06 -3.5764e-06 1.04134e-05 
-1.16442 0.0622075 0.000678045 -0.00108193 0.0642809 -0.0642809 -0.00108193 8466.25 8347.99 18.9706 18.9649 0.00442067 7.70675e-06 7.01998e-06 1.11439e-05 
-1.16074 0.0639881 -0.000152772 -0.00132371 0.0642727 -0.0642727 -0.00132371 8496.35 8378.08 19.0026 18.9969 0.00446614 -1.70358e-06 3.56688e-06 6.26136e-06 
-1.15705 0.065555 -0.00105221 -0.00134212 0.0642644 -0.0642644 -0.00134212 8526.56 8408.28 19.0345 19.0289 0.00451212 -7.85521e-06 -7.27569e-06 -1.87586e-06 
-1.15337 0.0668311 -0.00191605 -0.00116107 0.0642561 -0.0642561 -0.00116107 8556.86 8438.57 19.0666 19.0609 0.00455858 2.04173e-06 -3.4847e-06 -9.34161e-06 
-1.14968 0.0677476 -0.00263847 -0.000810756 0.0642476 -0.0642476 -0.000810756 8587.25 8468.96 19.0986 19.093 0.00460547 7.97724e-06 7.56977e-06 -1.25656e-05 
-1.146 0.068236 -0.00311362 -0.000321374 0.0642391 -0.0642391 -0.000321374 8617.74 8499.44 19.1306 19.1251 0.00465275 -2.47017e-06 3.32176e-06 -1.00012e-05 
-1.14231 0.0682281 -0.0032362 0.000276765 0.0642305 -0.0642305 0.000276765 8648.33 8530.02 19.1627 19.1571 0.0047004 -8.06043e-06 -7.89799e-06 -2.77422e-06 
-1.13863 0.0677179 -0.00296936 0.000940037 0.0642218 -0.0642218 0.000940037 8679.02 8560.69 19.1948 19.1893 0.00474842 2.99113e-06 -3.06889e-06 5.91316e-06 
-1.13494 0.0668209 -0.00240985 0.00159884 0.064213 -0.064213 0.00159884 8709.8 8591.47 19.2269 19.2214 0.00479689 8.0898e-06 8.25368e-06 1.2269e-05 
-1.13126 0.0656664 -0.00166981 0.00218055 0.0642041 -0.0642041 0.00218055 8740.68 8622.34 19.259 19.2535 0.00484593 -3.60512e-06 2.71651e-06 1.35662e-05 
-1.12757 0.064384 -0.0008614 0.00261257 0.0641951 -0.0641951 0.00261257 8771.65 8653.3 19.2912 19.2857 0.00489562 -8.04854e-06 -8.62821e-06 9.24231e-06 
-1.12389 0.063103 -9.66168e-05 0.00282255 0.0641861 -0.0641861 0.00282255 8802.73 8684.37 19.3233 19.3179 0.00494608 4.31026e-06 -2.25477e-06 1.03164e-06 
-1.1202 0.0619303 0.000534911 0.00277265 0.0641769 -0.0641769 0.00277265 8833.9 8715.53 19.3555 19.3501 0.00499731 7.91683e-06 9.00936e-06 -7.83657e-06 
-1.11652 0.0609287 0.000987653 0.0024931 0.0641677 -0.0641677 0.0024931 8865.17 8746.79 19.3877 19.3823 0.00504914 -5.10069e-06 1.67343e-06 -1.39653e-05 
-1.11283 0.060156 0.00122125 0.0020221 0.0641583 -0.0641583 0.0020221 8896.53 8778.15 19.42 19.4146 0.00510139 -7.67019e-06 -9.37852e-06 -1.50773e-05 
-1.10915 0.05967 0.00119532 0.00139785 0.0641489 -0.0641489 0.00139785 8927.99 8809.6 19.4522 19.4468 0.00515386 5.96395e-06 -9.62853e-07 -1.07812e-05 
-1.10546 0.0595279 0.000869886 0.000658642 0.0641393 -0.0641393 0.000658642 8959.56 8841.15 19.4844 19.4791 0.00520638 7.28108e-06 9.71069e-06 -2.59205e-06 
-1.10178 0.0597485 0.000253313 -0.000143351 0.0641297 -0.0641297 -0.000143351 8991.21 8872.8 19.5167 19.5114 0.00525891 -6.8805e-06 1.16241e-07 6.71821e-06 
-1.09809 0.0602727 -0.000549487 -0.000928324 0.0641199 -0.0641199 -0.000928324 9022.97 8904.55 19.549 19.5437 0.00531176 -6.7232e-06 -9.97781e-06 1.41319e-05 
-1.09441 0.0610325 -0.00142215 -0.00161318 0.0641101 -0.0641101 -0.00161318 9054.83 8936.4 19.5813 19.576 0.00536528 7.82596e-06 8.69015e-07 1.73685e-05 
-1.09072 0.0619596 -0.00224832 -0.00211484 0.0641002 -0.0641002 -0.00211484 9086.78 8968.34 19.6136 19.6083 0.00541981 5.9746e-06 1.01524e-05 1.55198e-05 
-1.08704 0.0629861 -0.00291188 -0.00235058 0.0640901 -0.0640901 -0.00235058 9118.83 9000.39 19.6459 19.6407 0.00547569 -8.77086e-06 -1.99165e-06 9.18715e-06 
-1.08335 0.0640595 -0.00333258 -0.00228973 0.06408 -0.06408 -0.00228973 9150.98 9032.53 19.6783 19.673 0.00553305 -5.015e-06 -1.02029e-05 1.60175e-07 
-1.07967 0.065159 -0.00350246 -0.00200661 0.0640697 -0.0640697 -0.00200661 9183.23 9064.77 19.7106 19.7054 0.00559151 9.67563e-06 3.24498e-06 -9.19224e-06 
-1.07598 0.0662672 -0.00342229 -0.00158815 0.0640594 -0.0640594 -0.00158815 9215.58 9097.11 19.743 19.7378 0.0056507 3.82491e-06 1.00879e-05 -1.65957e-05 
-1.0723 0.0673672 -0.00309279 -0.00112131 0.0640489 -0.0640489 -0.00112131 9248.02 9129.54 19.7754 19.7702 0.00571019 -1.04844e-05 -4.61168e-06 -2.04171e-05 
-1.06861 0.0684414 -0.0025149 -0.000692851 0.0640384 -0.0640384 -0.000692851 9280.57 9162.08 19.8078 19.8026 0.00576959 -2.39266e-06 -9.75916e-06 -1.99605e-05 
-1.06493 0.0694425 -0.00171514 -0.000363935 0.0640277 -0.0640277 -0.000363935 9313.21 9194.72 19.8401 19.835 0.00582863 1.11297e-05 6.06078e-06 -1.54862e-05 
-1.06124 0.070262 -0.000772242 -0.00014351 0.0640169 -0.0640169 -0.00014351 9345.96 9227.45 19.8726 19.8674 0.00588733 7.22224e-07 9.17091e-06 -8.00264e-06 
-1.05756 0.0707839 0.000228697 -3.41615e-05 0.064006 -0.064006 -3.41615e-05 9378.8 9260.29 19.905 19.8999 0.00594576 -1.15399e-05 -7.54833e-06 1.07063e-06 
-1.05387 0.0708921 0.00120258 -3.84731e-05 0.063995 -0.063995 -3.84731e-05 9411.74 9293.22 19.9374 19.9323 0.00600396 1.16365e-06 -8.28546e-06 1.02565e-05 
-1.05019 0.0704711 0.00206444 -0.000158915 0.0639838 -0.0639838 -0.000158915 9444.78 9326.25 19.9698 19.9648 0.00606201 1.16419e-05 9.01776e-06 1.83073e-05 
-1.0465 0.0694847 0.00274813 -0.000380633 0.0639726 -0.0639726 -0.000380633 9477.92 9359.38 20.0023 19.9972 0.00612009 -3.22229e-06 7.07336e-06 2.43784e-05 
-1.04282 0.0680602 0.00322636 -0.000653046 0.0639613 -0.0639613 -0.000653046 9511.16 9392.61 20.0347 20.0297 0.00617866 -1.13646e-05 -1.04001e-05 2.80825e-05 
-1.03913 0.066345 0.00347663 -0.000921161 0.0639499 -0.0639499 -0.000921161 9544.5 9425.94 20.0672 20.0622 0.00623823 5.39021e-06 -5.51845e-06 2.94423e-05 
-1.03545 0.0644866 0.00347645 -0.00112999 0.0639383 -0.0639383 -0.00112999 9577.94 9459.37 20.0996 20.0947 0.00629929 1.06467e-05 1.1618e-05 2.87829e-05 
-1.03176 0.0626324 0.0032035 -0.00122466 0.0639267 -0.0639267 -0.00122466 9611.48 9492.9 20.1321 20.1271 0.00636234 -7.58391e-06 3.61944e-06 2.66011e-05 
-1.02808 0.0609188 0.00266585 -0.00117147 0.0639149 -0.0639149 -0.00117147 9645.11 9526.53 20.1646 20.1596 0.00642755 -9.43722e-06 -1.25848e-05 2.34447e-05 
-1.02439 0.0594592 0.00193488 -0.000980837 0.063903 -0.063903 -0.000980837 9678.85 9560.26 20.1971 20.1921 0.0064944 9.69617e-06 -1.39113e-06 1.98199e-05 
-1.02071 0.0583642 0.0010899 -0.000668665 0.0638909 -0.0638909 -0.000668665 9712.69 9594.09 20.2296 20.2246 0.00656227 7.69622e-06 1.3196e-05 1.61395e-05 
-1.01702 0.0577442 0.000210195 -0.000250882 0.0638788 -0.0638788 -0.000250882 9746.62 9628.02 20.262 20.2571 0.00663057 -1.15871e-05 -1.12697e-06 1.2699e-05 
-1.01334 0.0577094 -0.000624976 0.000256535 0.0638665 -0.0638665 0.000256535 9780.66 9662.04 20.2945 20.2896 0.00669868 -5.41175e-06 -1.33359e-05 9.67815e-06 
-1.00966 0.0582768 -0.00134625 0.000828138 0.0638541 -0.0638541 0.000828138 9814.79 9696.17 20.327 20.3221 0.00676632 1.30917e-05 3.85709e-06 7.15828e-06 
-1.00597 0.0592678 -0.00190509 0.00141851 0.0638416 -0.0638416 0.00141851 9849.03 9730.4 20.3595 20.3547 0.00683385 2.62066e-06 1.28981e-05 5.14701e-06 
-1.00229 0.0604786 -0.0022556 0.00197971 0.0638289 -0.0638289 0.00197971 9883.37 9764.73 20.392 20.3872 0.00690174 -1.40417e-05 -6.68291e-06 3.60288e-06 
-0.998601 0.0617059 -0.00235189 0.0024638 0.0638161 -0.0638161 0.0024638 9917.8 9799.15 20.4245 20.4197 0.00697042 5.84291e-07 -1.18048e-05 2.45821e-06 
-0.994916 0.0627463 -0.00214829 0.00282288 0.0638032 -0.0638032 0.00282288 9952.34 9833.68 20.457 20.4522 0.00704036 1.42804e-05 9.45669e-06 1.63648e-06 
-0.991231 0.0634558 -0.00164199 0.00302139 0.0637902 -0.0637902 0.00302139 9986.97 9868.31 20.4895 20.4847 0.00711172 -4.05835e-06 1.00072e-05 1.06389e-06 
-0.987546 0.0638164 -0.000921501 0.00304994 0.063777 -0.063777 0.00304994 10021.7 9903.04 20.522 20.5172 0.00718405 -1.36693e-05 -1.2e-05 6.7587e-07 
-0.983861 0.0638263 -8.70652e-05 0.00290252 0.0637637 -0.0637637 0.00290252 10056.5 9937.86 20.5544 20.5497 0.00725683 7.60001e-06 -7.49055e-06 4.19812e-07 
-0.980176 0.0634839 0.000761082 0.0025731 0.0637503 -0.0637503 0.0025731 10091.5 9972.79 20.5869 20.5822 0.00732953 1.21001e-05 1.41005e-05 2.55084e-07 
-0.976491 0.0627875 0.00152284 0.00205583 0.0637367 -0.0637367 0.00205583 10126.5 10007.8 20.6194 20.6147 0.00740162 -1.09468e-05 4.2952e-06 1.51682e-07 
-0.972807 0.0617994 0.0021228 0.00137197 0.063723 -0.063723 0.00137197 10161.6 10042.9 20.6519 20.6472 0.00747298 -9.53164e-06 -1.55288e-05 8.83057e-08 
-0.969122 0.0607184 0.00253885 0.000601294 0.0637092 -0.0637092 0.000601294 10196.9 10078.2 20.6843 20.6797 0.00754429 1.37921e-05 -5.37507e-07 5.03574e-08 
-0.965437 0.0597615 0.0027558 -0.000168828 0.0636952 -0.0636952 -0.000168828 10232.2 10113.5 20.7168 20.7121 0.00761639 6.02139e-06 1.60737e-05 2.81421e-08 
-0.961752 0.0591453 0.00275843 -0.000851012 0.0636811 -0.0636811 -0.000851012 10267.7 10148.9 20.7493 20.7446 0.00769008 -1.58242e-05 -3.58947e-06 1.54189e-08 
-0.958067 0.0590863 0.00253165 -0.00135803 0.0636669 -0.0636669 -0.00135803 10303.2 10184.5 20.7817 20.7771 0.00776618 -1.73043e-06 -1.55655e-05 8.28543e-09 
-0.954382 0.0596989 0.00207625 -0.00163234 0.0636525 -0.0636525 -0.00163234 10338.8 10220.1 20.8141 20.8095 0.00784505 1.67507e-05 7.82863e-06 4.36792e-09 
-0.950697 0.060876 0.00142775 -0.00168105 0.063638 -0.063638 -0.00168105 10374.6 10255.8 20.8466 20.842 0.00792616 -3.0798e-06 1.38841e-05 2.25942e-09 
-0.947012 0.0624813 0.000626209 -0.00151982 0.0636233 -0.0636233 -0.00151982 10410.4 10291.6 20.879 20.8744 0.0080088 -1.63149e-05 -1.18576e-05 1.14692e-09 
-0.943328 0.0643785 -0.000288282 -0.00116432 0.0636085 -0.0636085 -0.00116432 10446.3 10327.6 20.9114 20.9068 0.0080923 8.03762e-06 -1.09763e-05 5.71385e-10 
-0.939643 0.066431 -0.00127557 -0.000630325 0.0635935 -0.0635935 -0.000630325 10482.4 10363.6 20.9438 20.9393 0.00817598 1.4341e-05 1.52922e-05 2.79395e-10 
-0.935958 0.0684805 -0.00227968 3.75744e-05 0.0635784 -0.0635784 3.75744e-05 10518.5 10399.7 20.9762 20.9717 0.00825927 -1.26637e-05 6.9047e-06 1.34104e-10 
-0.932273 0.07032 -0.00320976 0.000731344 0.0635631 -0.0635631 0.000731344 10554.7 10435.9 21.0085 21.004 0.0083419 -1.07987e-05 -1.7721e-05 6.31896e-11 
-0.928588 0.0717361 -0.00397029 0.00133447 0.0635476 -0.0635476 0.00133447 10591.1 10472.3 21.0409 21.0364 0.00842363 1.64124e-05 -1.8789e-06 2.92331e-11 
-0.924903 0.0725156 -0.00446577 0.00173046 0.063532 -0.063532 0.00173046 10627.5 10508.7 21.0732 21.0688 0.0085042 5.84988e-06 1.87591e-05 1.32791e-11 
-0.921218 0.0724456 -0.00460094 0.00180308 0.0635162 -0.0635162 0.00180308 10664 10545.2 21.1056 21.1011 0.00858339 -1.87371e-05 -3.73745e-06 5.9233e-12 
-0.917533 0.0714371 -0.00433493 0.00150052 0.0635004 -0.0635004 0.00150052 10700.6 10581.8 21.1379 21.1334 0.00866134 1.30863e-07 -1.81045e-05 2.59482e-12 
-0.913849 0.0696774 -0.00374812 0.00091448 0.0634843 -0.0634843 0.00091448 10737.4 10618.5 21.1702 21.1658 0.0087391 1.91746e-05 9.44213e-06 1.11658e-12 
-0.910164 0.0673909 -0.00293726 0.000156061 0.0634682 -0.0634682 0.000156061 10774.2 10655.4 21.2024 21.198 0.00881784 -6.5661e-06 1.56084e-05 4.72064e-13 
-0.906479 0.0648024 -0.00199915 -0.000663619 0.0634519 -0.0634519 -0.000663619 10811.1 10692.3 21.2347 21.2303 0.00889871 -1.74411e-05 -1.46442e-05 1.96122e-13 
-0.902794 0.0621362 -0.00103046 -0.00143354 0.0634354 -0.0634354 -0.00143354 10848.2 10729.3 21.2669 21.2626 0.00898288 1.27332e-05 -1.13127e-05 8.00831e-14 
-0.899109 0.0596101 -0.000107492 -0.00206314 0.0634188 -0.0634188 -0.00206314 10885.3 10766.4 21.2992 21.2948 0.00907089 1.34838e-05 1.87232e-05 3.21434e-14 
-0.895424 0.0574267 0.000739392 -0.00250796 0.063402 -0.063402 -0.00250796 10922.5 10803.6 21.3314 21.327 0.0091619 -1.78301e-05 5.46047e-06 0 
-0.891739 0.0557865 0.00148613 -0.00272988 0.063385 -0.063385 -0.00272988 10959.8 10840.9 21.3635 21.3592 0.00925486 -7.5163e-06 -2.10693e-05 0 
-0.888054 0.05489 0.00210865 -0.00269076 0.0633679 -0.0633679 -0.00269076 10997.2 10878.4 21.3957 21.3914 0.00934875 2.10377e-05 1.48328e-06 0 
-0.88437 0.054937 0.00258293 -0.00235264 0.0633505 -0.0633505 -0.00235264 11034.8 10915.9 21.4278 21.4235 0.00944253 7.51987e-08 2.11587e-05 0 
-0.880685 0.0559831 0.00289145 -0.00171449 0.0633331 -0.0633331 -0.00171449 11072.4 10953.5 21.4599 21.4556 0.00953555 -2.16515e-05 -8.80849e-06 0 
-0.877 0.0577543 0.00303156 -0.000859585 0.0633154 -0.0633154 -0.000859585 11110.1 10991.2 21.492 21.4877 0.0096281 7.96496e-06 -1.868e-05 0 
-0.873315 0.0599313 0.00300272 0.00011713 0.0632976 -0.0632976 0.00011713 11147.9 11029 21.524 21.5198 0.00972057 1.9255e-05 1.56164e-05 0 
-0.86963 0.0621946 0.00280432 0.0011207 0.0632796 -0.0632796 0.0011207 11185.8 11066.9 21.556 21.5518 0.00981336 -1.54815e-05 1.36452e-05 0 
-0.865945 0.0642249 0.00243588 0.00205617 0.0632614 -0.0632614 0.00205617 11223.8 11104.9 21.588 21.5838 0.00990686 -1.38508e-05 -2.09377e-05 0 
-0.86226 0.0657967 0.00191224 0.00283163 0.0632431 -0.0632431 0.00283163 11261.9 11143 21.62 21.6158 0.0100014 2.12597e-05 -6.43254e-06 0 
-0.858575 0.0668997 0.00128368 0.00336207 0.0632246 -0.0632246 0.00336207 11300.1 11181.2 21.6519 21.6477 0.0100968 5.92687e-06 2.38651e-05 0 
-0.854891 0.0675538 0.000605473 0.0035635 0.0632059 -0.0632059 0.0035635 11338.4 11219.5 21.6838 21.6797 0.0101933 -2.41781e-05 -2.20654e-06 0 
-0.851206 0.0677791 -6.71266e-05 0.0033519 0.063187 -0.063187 0.0033519 11376.8 11257.9 21.7157 21.7115 0.0102906 3.53362e-06 -2.3699e-05 0 
-0.847521 0.0675957 -0.000678887 0.00264362 0.063168 -0.063168 0.00264362 11415.3 11296.4 21.7475 21.7434 0.0103888 2.34221e-05 1.11873e-05 0 
-0.843836 0.0670468 -0.00118338 0.00144679 0.0631487 -0.0631487 0.00144679 11453.9 11334.9 21.7793 21.7752 0.0104878 -1.31259e-05 2.01034e-05 0 
-0.840151 0.0662294 -0.00155474 -1.63596e-05 0.0631293 -0.0631293 -1.63596e-05 11492.6 11373.6 21.8111 21.807 0.0105877 -1.86969e-05 -1.92009e-05 0 
-0.836466 0.0652482 -0.00177001 -0.00149311 0.0631097 -0.0631097 -0.00149311 11531.4 11412.4 21.8428 21.8387 0.0106883 2.12029e-05 -1.32349e-05 0 
-0.832781 0.064208 -0.00180623 -0.00273074 0.0630899 -0.0630899 -0.00273074 11570.3 11451.3 21.8745 21.8704 0.0107898 1.03849e-05 2.48934e-05 0 
-0.829096 0.0632133 -0.00164055 -0.00347695 0.0630699 -0.0630699 -0.00347695 11609.2 11490.2 21.9062 21.9021 0.0108919 -2.61471e-05 3.80915e-06 0 
-0.825412 0.0623603 -0.00127894 -0.0035919 0.0630498 -0.0630498 -0.0035919 11648.3 11529.3 21.9378 21.9337 0.0109948 4.00523e-07 -2.70929e-05 0 
-0.821727 0.0617243 -0.000795393 -0.00320104 0.0630294 -0.0630294 -0.00320104 11687.5 11568.5 21.9693 21.9653 0.0110985 2.66963e-05 6.9207e-06 0 
-0.818042 0.0613777 -0.000273675 -0.00246808 0.0630089 -0.0630089 -0.00246808 11726.7 11607.7 22.0009 21.9969 0.0112029 -1.19034e-05 2.50525e-05 0 
-0.814357 0.0613933 0.000202432 -0.00155673 0.0629882 -0.0629882 -0.00155673 11766.1 11647.1 22.0324 22.0284 0.0113081 -2.22668e-05 -1.72936e-05 0 
-0.810672 0.061843 0.000549292 -0.000630579 0.0629672 -0.0629672 -0.000630579 11805.5 11686.5 22.0638 22.0598 0.0114141 2.19712e-05 -1.86634e-05 0 
-0.806987 0.0627226 0.000724599 0.000181576 0.0629461 -0.0629461 0.000181576 11845.1 11726 22.0952 22.0912 0.0115209 1.31958e-05 2.54763e-05 0 
-0.803302 0.0638449 0.000784675 0.000833912 0.0629248 -0.0629248 0.000833912 11884.7 11765.7 22.1266 22.1226 0.0116286 -2.84397e-05 8.58623e-06 0 
-0.799617 0.0649958 0.000800235 0.00129272 0.0629032 -0.0629032 0.00129272 11924.5 11805.4 22.1579 22.1539 0.011737 -8.3078e-07 -2.9781e-05 0 
-0.795933 0.0659616 0.000841998 0.0015243 0.0628815 -0.0628815 0.0015243 11964.3 11845.2 22.1891 22.1852 0.0118462 2.96005e-05 3.74398e-06 0 
-0.792248 0.0665284 0.000980545 0.00149507 0.0628596 -0.0628596 0.00149507 12004.2 11885.1 22.2203 22.2164 0.0119563 -1.25926e-05 2.90174e-05 0 
-0.788563 0.066568 0.00124474 0.00120785 0.0628375 -0.0628375 0.00120785 12044.2 11925.1 22.2515 22.2476 0.0120671 -2.4658e-05 -1.62698e-05 0 
-0.784878 0.0661577 0.00156274 0.000753371 0.0628151 -0.0628151 0.000753371 12084.3 11965.2 22.2826 22.2787 0.0121788 2.43042e-05 -2.28122e-05 0 
-0.781193 0.0654052 0.00184782 0.000235358 0.0627926 -0.0627926 0.000235358 12124.5 12005.4 22.3136 22.3098 0.0122914 1.40632e-05 2.66232e-05 0 
-0.777508 0.0644183 0.00201328 -0.000242469 0.0627698 -0.0627698 -0.000242469 12164.8 12045.7 22.3446 22.3408 0.0124048 -3.15495e-05 1.18169e-05 0 
-0.773823 0.0633048 0.00197249 -0.000576496 0.0627469 -0.0627469 -0.000576496 12205.2 12086.1 22.3756 22.3717 0.012519 3.88111e-07 -3.2563e-05 0 
-0.770138 0.0621711 0.00167497 -0.000698917 0.0627237 -0.0627237 -0.000698917 12245.7 12126.5 22.4065 22.4026 0.0126342 3.22425e-05 2.26534e-06 0 
-0.766454 0.0611207 0.00115842 -0.000629323 0.0627003 -0.0627003 -0.000629323 12286.2 12167.1 22.4373 22.4335 0.0127502 -1.57687e-05 3.24648e-05 0 
-0.762769 0.0602565 0.000473743 -0.00040039 0.0626767 -0.0626767 -0.00040039 12326.9 12207.7 22.4681 22.4643 0.0128671 -2.55748e-05 -1.68787e-05 0 
-0.759084 0.0596815 -0.000328152 -4.47937e-05 0.0626529 -0.0626529 -4.47937e-05 12367.6 12248.5 22.4988 22.495 0.012985 2.85569e-05 -2.57642e-05 0 
-0.755399 0.0594984 -0.00119635 0.000404751 0.0626289 -0.0626289 0.000404751 12408.4 12289.3 22.5295 22.5257 0.0131037 1.24138e-05 2.90395e-05 0 
-0.751714 0.0597488 -0.00207319 0.00090186 0.0626046 -0.0626046 0.00090186 12449.4 12330.2 22.56 22.5563 0.0132235 -3.54237e-05 1.32385e-05 0 
-0.748029 0.060323 -0.00288444 0.0013664 0.0625802 -0.0625802 0.0013664 12490.4 12371.2 22.5906 22.5868 0.0133441 4.66131e-06 -3.59321e-05 0 
-0.744344 0.0610882 -0.00355333 0.00171313 0.0625555 -0.0625555 0.00171313 12531.5 12412.3 22.621 22.6173 0.0134657 3.411e-05 2.97091e-06 0 
-0.740659 0.0619119 -0.0040031 0.00185681 0.0625305 -0.0625305 0.00185681 12572.7 12453.5 22.6514 22.6477 0.0135882 -2.17675e-05 3.55674e-05 0 
-0.736975 0.0626615 -0.00415708 0.00171232 0.0625054 -0.0625054 0.00171232 12614 12494.8 22.6818 22.6781 0.0137116 -2.41723e-05 -1.96494e-05 0 
-0.73329 0.0632241 -0.00397655 0.00125031 0.06248 -0.06248 0.00125031 12655.3 12536.1 22.712 22.7083 0.0138358 3.45469e-05 -2.73567e-05 0 
-0.729605 0.0635365 -0.00351753 0.000580572 0.0624544 -0.0624544 0.000580572 12696.8 12577.6 22.7422 22.7385 0.0139607 7.3652e-06 3.31032e-05 0 
-0.72592 0.0635428 -0.0028506 -0.000165732 0.0624286 -0.0624286 -0.000165732 12738.3 12619.1 22.7724 22.7687 0.0140861 -3.9266e-05 1.24439e-05 0 
-0.722235 0.0631875 -0.00204632 -0.000857435 0.0624025 -0.0624025 -0.000857435 12779.9 12660.7 22.8024 22.7988 0.0142119 1.25185e-05 -3.99641e-05 0 
-0.71855 0.0624148 -0.00117524 -0.00136349 0.0623762 -0.0623762 -0.00136349 12821.7 12702.4 22.8324 22.8287 0.0143379 3.3927e-05 6.32852e-06 0 
-0.714865 0.061235 -0.000302845 -0.0015992 0.0623497 -0.0623497 -0.0015992 12863.5 12744.2 22.8623 22.8587 0.014464 -3.04076e-05 3.80454e-05 0 
-0.711181 0.0598241 0.000518244 -0.00159693 0.0623229 -0.0623229 -0.00159693 12905.3 12786.1 22.8921 22.8885 0.014591 -1.90739e-05 -2.48827e-05 0 
-0.707496 0.0583839 0.00123739 -0.00140727 0.0622959 -0.0622959 -0.00140727 12947.3 12828.1 22.9219 22.9183 0.0147192 4.12188e-05 -2.7043e-05 0 
-0.703811 0.0571162 0.00180397 -0.00108079 0.0622687 -0.0622687 -0.00108079 12989.4 12870.1 22.9515 22.948 0.0148494 -2.02315e-06 3.87682e-05 0 
-0.700126 0.0562228 0.0021674 -0.00066805 0.0622412 -0.0622412 -0.00066805 13031.5 12912.3 22.9811 22.9776 0.014982 -4.13191e-05 8.83342e-06 0 
-0.696441 0.0558393 0.00230389 -0.00021538 0.0622134 -0.0622134 -0.00021538 13073.7 12954.5 23.0107 23.0071 0.0151173 2.39795e-05 -4.42277e-05 0 
-0.692756 0.0559326 0.002258 0.000241725 0.0621855 -0.0621855 0.000241725 13116 12996.8 23.0401 23.0365 0.0152542 2.97395e-05 1.27498e-05 0 
-0.689071 0.0564432 0.00208508 0.000669477 0.0621573 -0.0621573 0.000669477 13158.4 13039.1 23.0694 23.0659 0.0153914 -4.0577e-05 3.91899e-05 0 
-0.685386 0.0573115 0.00184045 0.00103409 0.0621288 -0.0621288 0.00103409 13200.9 13081.6 23.0987 23.0952 0.0155276 -8.79376e-06 -3.26208e-05 0 
-0.681702 0.0584777 0.00157945 0.00130178 0.0621 -0.0621 0.00130178 13243.4 13124.1 23.1279 23.1244 0.0156616 4.64718e-05 -2.40172e-05 0 
-0.678017 0.0598673 0.00134793 0.00144624 0.0620711 -0.0620711 0.00144624 13286 13166.8 23.157 23.1535 0.015793 -1.61319e-05 4.5578e-05 0 
-0.674332 0.0613665 0.00116734 0.00146045 0.0620418 -0.0620418 0.00146045 13328.8 13209.5 23.186 23.1825 0.0159238 -3.89845e-05 1.7624e-06 0 
-0.670647 0.0628555 0.00105524 0.00134044 0.0620123 -0.0620123 0.00134044 13371.5 13252.3 23.2149 23.2114 0.0160563 3.78707e-05 -4.77401e-05 0 
-0.666962 0.0642145 0.00102919 0.00108225 0.0619826 -0.0619826 0.00108225 13414.4 13295.1 23.2437 23.2403 0.016193 1.93045e-05 2.2374e-05 0 
-0.663277 0.0653236 0.00110669 0.000681978 0.0619526 -0.0619526 0.000681978 13457.4 13338.1 23.2724 23.269 0.0163361 -4.95876e-05 3.77399e-05 0 
-0.659592 0.0660996 0.00128147 0.000157148 0.0619224 -0.0619224 0.000157148 13500.4 13381.1 23.3011 23.2976 0.0164866 7.55986e-06 -4.22962e-05 0 
-0.655907 0.0665545 0.00148507 -0.000418639 0.0618919 -0.0618919 -0.000418639 13543.5 13424.2 23.3296 23.3262 0.0166421 4.68801e-05 -1.72274e-05 0 
-0.652223 0.0667157 0.001639 -0.000962736 0.0618612 -0.0618612 -0.000962736 13586.7 13467.3 23.358 23.3546 0.0167993 -3.39255e-05 5.24398e-05 0 
-0.648538 0.0666109 0.00166475 -0.00139249 0.0618301 -0.0618301 -0.00139249 13629.9 13510.6 23.3864 23.383 0.0169552 -2.9322e-05 -9.25289e-06 0 
-0.644853 0.0662674 0.00148392 -0.00162533 0.0617988 -0.0617988 -0.00162533 13673.3 13553.9 23.4146 23.4112 0.0171066 5.13958e-05 -4.92424e-05 0 
-0.641168 0.0657279 0.00106156 -0.00161529 0.0617671 -0.0617671 -0.00161529 13716.7 13597.3 23.4428 23.4394 0.0172517 1.24333e-06 3.50061e-05 0 
-0.637483 0.065075 0.000477664 -0.00141326 0.0617351 -0.0617351 -0.00141326 13760.2 13640.8 23.4708 23.4675 0.0173914 -5.35558e-05 3.2497e-05 0 
-0.633798 0.0643976 -0.000168988 -0.00108594 0.0617029 -0.0617029 -0.00108594 13803.7 13684.4 23.4987 23.4954 0.0175274 2.90541e-05 -5.28795e-05 0 
-0.630113 0.0637849 -0.000779614 -0.000700041 0.0616704 -0.0616704 -0.000700041 13847.3 13728 23.5266 23.5232 0.0176612 3.85173e-05 -5.84784e-06 0 
-0.626428 0.0633259 -0.00125549 -0.000322243 0.0616377 -0.0616377 -0.000322243 13891 13771.7 23.5543 23.551 0.0177944 -5.17924e-05 5.73851e-05 0 
-0.622744 0.0630634 -0.00153073 -1.29774e-07 0.0616048 -0.0616048 -1.29774e-07 13934.8 13815.4 23.5819 23.5786 0.0179286 -9.96063e-06 -2.40198e-05 0 
-0.619059 0.0629172 -0.00162733 0.000269779 0.0615717 -0.0615717 0.000269779 13978.7 13859.3 23.6094 23.6061 0.0180654 5.89202e-05 -4.63747e-05 0 
-0.615374 0.0627863 -0.00158179 0.000499416 0.0615384 -0.0615384 0.000499416 14022.6 13903.2 23.6368 23.6335 0.0182063 -2.36491e-05 4.90652e-05 0 
-0.611689 0.0625701 -0.00143064 0.000700712 0.0615048 -0.0615048 0.000700712 14066.6 13947.2 23.6641 23.6608 0.0183528 -4.69401e-05 2.18544e-05 0 
-0.608004 0.0621677 -0.0012104 0.000885587 0.0614709 -0.0614709 0.000885587 14110.6 13991.2 23.6912 23.688 0.0185065 5.1495e-05 -6.20328e-05 0 
-0.604319 0.0615233 -0.000957107 0.00105906 0.0614366 -0.0614366 0.00105906 14154.7 14035.3 23.7183 23.715 0.0186679 1.84448e-05 1.02993e-05 0 
-0.600634 0.0607023 -0.000705544 0.00120747 0.061402 -0.061402 0.00120747 14198.9 14079.5 23.7452 23.742 0.0188348 -6.37932e-05 5.84773e-05 0 
-0.596949 0.0597904 -0.000490269 0.00131404 0.0613671 -0.0613671 0.00131404 14243.2 14123.8 23.772 23.7688 0.0190044 1.82149e-05 -4.16511e-05 0 
-0.593265 0.0588733 -0.000345844 0.00136196 0.0613319 -0.0613319 0.00136196 14287.5 14168.1 23.7987 23.7955 0.0191739 5.51039e-05 -3.81656e-05 0 
-0.58958 0.0580367 -0.000306804 0.00133446 0.0612964 -0.0612964 0.00133446 14331.9 14212.5 23.8253 23.8221 0.0193408 -5.10728e-05 6.32397e-05 0 
-0.585895 0.0573646 -0.000390729 0.00121831 0.0612606 -0.0612606 0.00121831 14376.4 14256.9 23.8517 23.8486 0.0195032 -2.67683e-05 5.6619e-06 0 
-0.58221 0.0569366 -0.000568767 0.00101 0.0612246 -0.0612246 0.00101 14420.9 14301.5 23.8781 23.8749 0.0196622 6.83416e-05 -6.81549e-05 0 
-0.578525 0.0568312 -0.000804195 0.000707646 0.0611882 -0.0611882 0.000707646 14465.5 14346 23.9043 23.9011 0.0198192 -1.27429e-05 3.05112e-05 0 
-0.57484 0.0571273 -0.00106029 0.000309399 0.0611516 -0.0611516 0.000309399 14510.1 14390.7 23.9303 23.9272 0.0199757 -6.28088e-05 5.38878e-05 0 
-0.571155 0.0579033 -0.00130032 -0.000186575 0.0611146 -0.0611146 -0.000186575 14554.9 14435.4 23.9563 23.9531 0.0201332 5.0295e-05 -6.01885e-05 0 
-0.56747 0.059163 -0.00148548 -0.000756883 0.0610774 -0.0610774 -0.000756883 14599.6 14480.2 23.9821 23.9789 0.0202928 3.48211e-05 -2.3327e-05 0 
-0.563786 0.0607021 -0.00157125 -0.00130826 0.0610398 -0.0610398 -0.00130826 14644.5 14525 24.0078 24.0046 0.020454 -7.24684e-05 7.44566e-05 0 
-0.560101 0.0622811 -0.00151209 -0.00173546 0.061002 -0.061002 -0.00173546 14689.4 14569.9 24.0333 24.0302 0.0206164 7.28182e-06 -1.57935e-05 0 
-0.556416 0.0636603 -0.00126248 -0.00193321 0.0609638 -0.0609638 -0.00193321 14734.3 14614.8 24.0587 24.0556 0.0207795 7.02783e-05 -6.82468e-05 0 
-0.552731 0.0645999 -0.000776953 -0.00179634 0.0609254 -0.0609254 -0.00179634 14779.3 14659.8 24.084 24.0809 0.0209427 -4.94606e-05 5.27795e-05 0 
-0.549046 0.0649421 -6.2966e-05 -0.00128268 0.0608867 -0.0608867 -0.00128268 14824.4 14704.9 24.1091 24.106 0.0211059 -4.279e-05 4.20652e-05 0 
-0.545361 0.0647577 0.000723787 -0.000526701 0.0608476 -0.0608476 -0.000526701 14869.5 14750 24.1341 24.131 0.0212695 7.65506e-05 -7.68682e-05 0 
-0.541676 0.0641573 0.00140184 0.00030647 0.0608083 -0.0608083 0.00030647 14914.7 14795.2 24.159 24.1559 0.0214341 -1.83464e-06 -2.22728e-06 0 
-0.537991 0.0632517 0.00178972 0.00105168 0.0607687 -0.0607687 0.00105168 14960 14840.5 24.1837 24.1806 0.0216004 -7.7736e-05 8.03875e-05 0 
-0.534307 0.0621514 0.00170606 0.00154385 0.0607287 -0.0607287 0.00154385 15005.3 14885.7 24.2082 24.2052 0.0217691 4.86158e-05 -4.06622e-05 0 
-0.530622 0.0609635 0.00106421 0.00167591 0.0606885 -0.0606885 0.00167591 15050.6 14931.1 24.2326 24.2296 0.0219405 5.08338e-05 -6.11397e-05 0 
-0.526937 0.0597845 4.59615e-05 0.0015052 0.0606479 -0.0606479 0.0015052 15096 14976.5 24.2569 24.2539 0.0221138 -8.0722e-05 7.45524e-05 0 
-0.523252 0.0587093 -0.00111962 0.00111802 0.060607 -0.060607 0.00111802 15141.5 15021.9 24.281 24.278 0.0222883 -3.71592e-06 2.32835e-05 0 
-0.519567 0.0578326 -0.0022035 0.000600657 0.0605657 -0.0605657 0.000600657 15187 15067.4 24.305 24.302 0.022463 8.5442e-05 -8.92788e-05 0 
-0.515882 0.0572492 -0.00297669 3.93924e-05 0.0605242 -0.0605242 3.93924e-05 15232.5 15113 24.3288 24.3259 0.0226373 -4.77703e-05 2.34956e-05 0 
-0.512197 0.0570133 -0.0032869 -0.000487502 0.0604823 -0.0604823 -0.000487502 15278.1 15158.6 24.3525 24.3495 0.0228105 -5.91897e-05 7.95693e-05 0 
-0.508512 0.0570618 -0.00320173 -0.000924737 0.0604401 -0.0604401 -0.000924737 15323.8 15204.2 24.376 24.3731 0.0229832 8.50171e-05 -6.64437e-05 0 
-0.504828 0.0573113 -0.00282798 -0.00122112 0.0603976 -0.0603976 -0.00122112 15369.5 15249.9 24.3994 24.3964 0.0231563 9.56737e-06 -4.68402e-05 0 
-0.501143 0.0576781 -0.00227242 -0.00132544 0.0603548 -0.0603548 -0.00132544 15415.2 15295.6 24.4226 24.4196 0.0233304 -9.34101e-05 9.32842e-05 0 
-0.497458 0.0580785 -0.00164183 -0.00118656 0.0603117 -0.0603117 -0.00118656 15461 15341.4 24.4456 24.4427 0.0235063 4.66958e-05 -9.41778e-07 0 
-0.493773 0.0584427 -0.00102222 -0.000792351 0.0602682 -0.0602682 -0.000792351 15506.8 15387.3 24.4685 24.4656 0.0236844 6.80172e-05 -9.57241e-05 0 
-0.490088 0.0587401 -0.00043945 -0.000243992 0.0602244 -0.0602244 -0.000243992 15552.7 15433.1 24.4912 24.4883 0.0238637 -8.93552e-05 5.13024e-05 0 
-0.486403 0.0589473 9.15109e-05 0.000336901 0.0601803 -0.0601803 0.000336901 15598.6 15479.1 24.5137 24.5108 0.0240433 -1.59988e-05 7.18513e-05 0 
-0.482718 0.059041 0.000555676 0.000828717 0.0601358 -0.0601358 0.000828717 15644.6 15525 24.5361 24.5332 0.0242221 0.000101836 -9.05282e-05 0 
-0.479034 0.0589979 0.000938069 0.00110988 0.060091 -0.060091 0.00110988 15690.6 15571 24.5583 24.5555 0.0243991 -4.51963e-05 -2.68872e-05 0 
-0.475349 0.058805 0.00123231 0.0011067 0.0600459 -0.0600459 0.0011067 15736.7 15617.1 24.5804 24.5775 0.0245739 -7.76148e-05 0.000107375 0 
-0.471664 0.0584795 0.00145728 0.000886039 0.0600004 -0.0600004 0.000886039 15782.7 15663.1 24.6022 24.5994 0.0247481 9.35896e-05 -2.79686e-05 0 
-0.467979 0.0580442 0.00163644 0.000540426 0.0599547 -0.0599547 0.000540426 15828.9 15709.3 24.6239 24.6211 0.0249239 2.3361e-05 -9.63013e-05 0 
-0.464294 0.057522 0.00179329 0.000162391 0.0599086 -0.0599086 0.000162391 15875 15755.4 24.6455 24.6427 0.0251032 -0.00011065 7.8505e-05 0 
-0.460609 0.0569358 0.00195129 -0.000155556 0.0598621 -0.0598621 -0.000155556 15921.2 15801.6 24.6668 24.664 0.025288 4.28519e-05 5.9071e-05 0 
-0.456924 0.0563299 0.00211785 -0.000345444 0.0598154 -0.0598154 -0.000345444 15967.5 15847.8 24.688 24.6852 0.0254794 8.82872e-05 -0.00011133 0 
-0.453239 0.0558135 0.00225268 -0.000412195 0.0597683 -0.0597683 -0.000412195 16013.7 15894.1 24.709 24.7062 0.0256751 -9.76304e-05 -4.24188e-06 0 
-0.449555 0.0555075 0.00230666 -0.000374209 0.0597208 -0.0597208 -0.000374209 16060 15940.4 24.7298 24.727 0.0258723 -3.22033e-05 0.000117227 0 
-0.44587 0.0555327 0.00223071 -0.000249883 0.059673 -0.059673 -0.000249883 16106.4 15986.7 24.7505 24.7477 0.0260683 0.000120289 -5.49227e-05 0 
-0.442185 0.0560101 0.00197572 -5.76159e-05 0.0596248 -0.0596248 -5.76159e-05 16152.7 16033.1 24.7709 24.7682 0.0262602 -3.92827e-05 -9.34984e-05 0 
-0.4385 0.0569992 0.00152566 0.000178924 0.0595763 -0.0595763 0.000178924 16199.1 16079.5 24.7912 24.7884 0.0264463 -0.000100531 0.000103598 0 
-0.434815 0.0583755 0.000963842 0.000420244 0.0595273 -0.0595273 0.000420244 16245.5 16125.9 24.8113 24.8085 0.0266273 0.000101022 4.49209e-05 0 
-0.43113 0.0599802 0.000392138 0.000623889 0.059478 -0.059478 0.000623889 16292 16172.3 24.8312 24.8284 0.0268046 4.30339e-05 -0.000129251 0 
-0.427445 0.0616541 -8.75638e-05 0.000747406 0.0594284 -0.0594284 0.000747406 16338.5 16218.8 24.8509 24.8482 0.0269797 -0.000130042 1.73701e-05 0 
-0.42376 0.0632385 -0.000373404 0.00074835 0.0593785 -0.0593785 0.00074835 16385 16265.3 24.8704 24.8677 0.027154 3.35301e-05 0.000124925 0 
-0.420076 0.0645934 -0.000402924 0.000600743 0.0593284 -0.0593284 0.000600743 16431.5 16311.8 24.8897 24.887 0.0273287 0.0001141 -7.88464e-05 0 
-0.416391 0.0656371 -0.000233491 0.000328681 0.0592779 -0.0592779 0.000328681 16478.1 16358.4 24.9089 24.9062 0.0275054 -0.00010278 -9.08027e-05 0 
-0.412706 0.0662989 5.48337e-05 -3.42562e-05 0.0592271 -0.0592271 -3.42562e-05 16524.6 16405 24.9278 24.9251 0.0276854 -5.6444e-05 0.000125184 0 
-0.409021 0.0665079 0.000381988 -0.000454488 0.059176 -0.059176 -0.000454488 16571.2 16451.6 24.9466 24.9439 0.0278701 0.000139757 3.39427e-05 0 
-0.405336 0.0661934 0.00066792 -0.000898431 0.0591245 -0.0591245 -0.000898431 16617.9 16498.2 24.9651 24.9624 0.028061 -2.48269e-05 -0.00014557 0 
-0.401651 0.0653337 0.000848275 -0.00132678 0.0590726 -0.0590726 -0.00132678 16664.5 16544.8 24.9834 24.9808 0.0282585 -0.000129712 3.35849e-05 0 
-0.397966 0.0640576 0.00090701 -0.00168264 0.0590203 -0.0590203 -0.00168264 16711.2 16591.5 25.0016 24.999 0.0284603 0.000102573 0.000134946 0 
-0.394281 0.0625227 0.000837342 -0.00190574 0.0589677 -0.0589677 -0.00190574 16757.9 16638.1 25.0195 25.0169 0.0286638 7.34898e-05 -9.74969e-05 0 
-0.390597 0.0608869 0.000632487 -0.00193579 0.0589146 -0.0589146 -0.00193579 16804.5 16684.8 25.0373 25.0347 0.0288662 -0.000149503 -9.48036e-05 0 
-0.386912 0.0593078 0.00028567 -0.00171254 0.0588612 -0.0588612 -0.00171254 16851.3 16731.5 25.0548 25.0522 0.0290646 1.20325e-05 0.00014428 0 
-0.383227 0.0579258 -0.000195056 -0.00121364 0.0588075 -0.0588075 -0.00121364 16898 16778.3 25.0721 25.0695 0.0292574 0.000147552 3.28218e-05 0 
-0.379542 0.0568274 -0.000755466 -0.00053473 0.0587535 -0.0587535 -0.00053473 16944.7 16825 25.0893 25.0867 0.0294461 -9.8908e-05 -0.000164067 0 
-0.375857 0.0560886 -0.00133237 0.000205632 0.0586991 -0.0586991 0.000205632 16991.5 16871.7 25.1062 25.1036 0.0296331 -9.47464e-05 3.88975e-05 0 
-0.372172 0.0557854 -0.0018626 0.000888897 0.0586443 -0.0586443 0.000888897 17038.2 16918.5 25.1229 25.1203 0.0298206 0.000157509 0.000152737 0 
-0.368487 0.0559937 -0.00228295 0.00139653 0.0585892 -0.0585892 0.00139653 17085 16965.3 25.1394 25.1368 0.0300109 6.40721e-06 -0.000106728 0 
-0.364802 0.0567203 -0.0025403 0.00164479 0.0585337 -0.0585337 0.00164479 17131.8 17012 25.1557 25.1531 0.0302054 -0.000166682 -0.000112288 0 
-0.361118 0.0577527 -0.00261317 0.00165958 0.0584779 -0.0584779 0.00165958 17178.6 17058.8 25.1717 25.1692 0.0304031 8.97591e-05 0.000158374 0 
-0.357433 0.0588361 -0.00248628 0.00148833 0.0584217 -0.0584217 0.00148833 17225.4 17105.6 25.1876 25.185 0.0306024 0.000120821 4.98313e-05 0 
-0.353748 0.0597151 -0.00214436 0.00117846 0.0583651 -0.0583651 0.00117846 17272.2 17152.4 25.2032 25.2007 0.0308019 -0.000162398 -0.000184903 0 
-0.350063 0.0601347 -0.00157217 0.000777414 0.0583082 -0.0583082 0.000777414 17319 17199.2 25.2186 25.2161 0.031 -3.20894e-05 2.40609e-05 0 
-0.346378 0.0599328 -0.000785541 0.000329802 0.0582509 -0.0582509 0.000329802 17365.8 17246 25.2338 25.2313 0.0311955 0.000186519 0.000182047 0 
-0.342693 0.059244 0.000100559 -0.000128706 0.0581932 -0.0581932 -0.000128706 17412.6 17292.8 25.2488 25.2463 0.0313891 -7.2891e-05 -9.74352e-05 0 
-0.339008 0.0582615 0.000951447 -0.000564228 0.0581352 -0.0581352 -0.000564228 17459.4 17339.6 25.2635 25.261 0.0315813 -0.000151868 -0.000150629 0 
-0.335323 0.0571788 0.00163244 -0.000942878 0.0580768 -0.0580768 -0.000942878 17506.2 17386.4 25.278 25.2756 0.0317731 0.000161297 0.000159221 0 
-0.331639 0.0561894 0.00200887 -0.00123077 0.0580181 -0.0580181 -0.00123077 17553 17433.2 25.2923 25.2899 0.031965 6.65751e-05 9.58708e-05 0 
-0.327954 0.0554531 0.00199485 -0.00139942 0.057959 -0.057959 -0.00139942 17599.9 17480.1 25.3064 25.304 0.0321577 -0.000204478 -0.000201025 0 
-0.324269 0.0550214 0.00166182 -0.00143771 0.0578996 -0.0578996 -0.00143771 17646.7 17526.9 25.3203 25.3178 0.0323514 4.51733e-05 -2.59243e-05 0 
-0.320584 0.054924 0.00111289 -0.00133803 0.0578399 -0.0578399 -0.00133803 17693.5 17573.7 25.3339 25.3314 0.0325462 0.00018689 0.000218099 0 
-0.316899 0.0551907 0.000451169 -0.00109278 0.0577797 -0.0577797 -0.00109278 17740.3 17620.4 25.3473 25.3448 0.0327423 -0.000150359 -4.98264e-05 0 
-0.313214 0.0558511 -0.000220234 -0.00069433 0.0577192 -0.0577192 -0.00069433 17787.1 17667.2 25.3604 25.358 0.0329398 -0.000110969 -0.000209511 0 
-0.309529 0.0568855 -0.000812868 -0.000154343 0.0576583 -0.0576583 -0.000154343 17833.8 17714 25.3733 25.3709 0.0331386 0.000216965 0.000122356 0 
-0.305844 0.0581122 -0.00128611 0.000452707 0.0575971 -0.0575971 0.000452707 17880.6 17760.8 25.386 25.3836 0.0333382 -3.39549e-06 0.000177681 0 
-0.30216 0.0593163 -0.00160909 0.00103954 0.0575355 -0.0575355 0.00103954 17927.4 17807.5 25.3985 25.3961 0.033538 -0.000223434 -0.000184241 0 
-0.298475 0.0602834 -0.00175092 0.00151887 0.0574735 -0.0574735 0.00151887 17974.1 17854.3 25.4107 25.4083 0.0337373 0.000124496 -0.000127448 0 
-0.29479 0.0607987 -0.00168074 0.00180343 0.0574112 -0.0574112 0.00180343 18020.9 17901 25.4227 25.4203 0.0339357 0.00016503 0.00023042 0 
-0.291105 0.0607089 -0.00139618 0.00183548 0.0573484 -0.0573484 0.00183548 18067.6 17947.7 25.4344 25.432 0.0341326 -0.000217804 6.49911e-05 0 
-0.28742 0.0600631 -0.000989051 0.00165485 0.0572854 -0.0572854 0.00165485 18114.3 17994.4 25.4459 25.4435 0.0343284 -5.53619e-05 -0.000258478 0 
-0.283735 0.0589522 -0.000570572 0.00132147 0.057222 -0.057222 0.00132147 18161 18041.1 25.4572 25.4548 0.0345236 0.000255749 3.26177e-06 0 
-0.28005 0.0574672 -0.000251969 0.000895283 0.0571582 -0.0571582 0.000895283 18207.7 18087.8 25.4682 25.4658 0.0347187 -7.73448e-05 0.000268534 0 
-0.276365 0.0556988 -0.000144456 0.000436235 0.057094 -0.057094 0.000436235 18254.3 18134.5 25.479 25.4766 0.0349142 -0.000225408 -7.15801e-05 0 
-0.272681 0.0537727 -0.000313539 -5.95934e-06 0.0570295 -0.0570295 -5.95934e-06 18301 18181.1 25.4895 25.4872 0.0351104 0.000198032 -0.000262716 0 
-0.268996 0.0519309 -0.00067193 -0.000415758 0.0569647 -0.0569647 -0.000415758 18347.6 18227.7 25.4998 25.4974 0.0353072 0.0001319 0.000135559 0 
-0.265311 0.0504395 -0.00110045 -0.00078475 0.0568994 -0.0568994 -0.00078475 18394.2 18274.3 25.5098 25.5075 0.0355041 -0.00027415 0.000244476 0 
-0.261626 0.0495647 -0.00147993 -0.00110453 0.0568338 -0.0568338 -0.00110453 18440.8 18320.9 25.5196 25.5173 0.035701 3.07401e-06 -0.00019237 0 
-0.257941 0.0495726 -0.0016912 -0.00136667 0.0567679 -0.0567679 -0.00136667 18487.3 18367.4 25.5291 25.5268 0.0358974 0.000284035 -0.000217957 0 
-0.254256 0.0506086 -0.00164374 -0.00155899 0.0567015 -0.0567015 -0.00155899 18533.8 18413.9 25.5384 25.5361 0.0360931 -0.000146858 0.000240744 0 
-0.250571 0.0524101 -0.00134396 -0.0016565 0.0566349 -0.0566349 -0.0016565 18580.3 18460.4 25.5475 25.5452 0.0362884 -0.000222311 0.000187498 0 
-0.246886 0.0546279 -0.000818768 -0.00163148 0.0565678 -0.0565678 -0.00163148 18626.8 18506.9 25.5562 25.554 0.0364833 0.00026409 -0.000280771 0 
-0.243202 0.056913 -9.50536e-05 -0.00145625 0.0565004 -0.0565004 -0.00145625 18673.2 18553.3 25.5648 25.5625 0.036678 0.000101041 -0.000157298 0 
-0.239517 0.0589163 0.000800287 -0.0011031 0.0564327 -0.0564327 -0.0011031 18719.7 18599.8 25.5731 25.5708 0.0368728 -0.000325343 0.000313555 0 
-0.235832 0.0603586 0.00182152 -0.000570089 0.0563646 -0.0563646 -0.000570089 18766 18646.1 25.5811 25.5788 0.0370678 5.34467e-05 0.000131249 0 
-0.232147 0.0611984 0.00285844 5.65743e-05 0.0562961 -0.0562961 5.65743e-05 18812.4 18692.5 25.5889 25.5866 0.0372628 0.000313928 -0.000340741 0 
-0.228462 0.0614453 0.00378705 0.000671842 0.0562273 -0.0562273 0.000671842 18858.7 18738.8 25.5964 25.5941 0.0374577 -0.000206937 -0.000112977 0 
-0.224777 0.0611091 0.00448335 0.00117066 0.0561581 -0.0561581 0.00117066 18905 18785.1 25.6036 25.6014 0.0376525 -0.000229404 0.000363985 0 
-0.221092 0.0601994 0.00482335 0.00144799 0.0560885 -0.0560885 0.00144799 18951.2 18831.3 25.6106 25.6084 0.0378468 0.000325144 0.000106039 0 
-0.217408 0.0587748 0.00472369 0.00143541 0.0560186 -0.0560186 0.00143541 18997.4 18877.5 25.6174 25.6152 0.0380407 8.72971e-05 -0.000384348 0 
-0.213723 0.0570638 0.00424171 0.00119145 0.0559483 -0.0559483 0.00119145 19043.6 18923.7 25.6239 25.6217 0.038234 -0.000381129 -0.000114177 0 
-0.210038 0.0553316 0.00346521 0.000802099 0.0558777 -0.0558777 0.000802099 19089.7 18969.8 25.6301 25.6279 0.0384267 8.4638e-05 0.000401505 0 
-0.206353 0.0538434 0.00248199 0.000353338 0.0558067 -0.0558067 0.000353338 19135.8 19015.9 25.636 25.6339 0.0386188 0.000360727 0.000141474 0 
-0.202668 0.0528645 0.00137985 -6.88433e-05 0.0557354 -0.0557354 -6.88433e-05 19181.9 19061.9 25.6417 25.6396 0.0388103 -0.000252505 -0.000412646 0 
-0.198983 0.052582 0.000245532 -0.000393519 0.0556637 -0.0556637 -0.000393519 19227.9 19107.9 25.6472 25.645 0.0390012 -0.00026497 -0.0001921 0 
-0.195298 0.0529088 -0.00083796 -0.000602565 0.0555917 -0.0555917 -0.000602565 19273.9 19153.9 25.6523 25.6502 0.0391916 0.000383197 0.000410954 0 
-0.191613 0.0536983 -0.00178843 -0.000689422 0.0555193 -0.0555193 -0.000689422 19319.8 19199.8 25.6572 25.6551 0.0393816 0.000109298 0.000269112 0 
-0.187929 0.0548035 -0.00252369 -0.00064753 0.0554466 -0.0554466 -0.00064753 19365.6 19245.7 25.6619 25.6597 0.0395716 -0.000450661 -0.000383784 0 
-0.184244 0.0560775 -0.00296154 -0.000470329 0.0553735 -0.0553735 -0.000470329 19411.5 19291.5 25.6663 25.6641 0.0397615 7.99514e-05 -0.000371308 0 
-0.180559 0.0573697 -0.00305259 -0.000165069 0.0553001 -0.0553001 -0.000165069 19457.2 19337.3 25.6704 25.6682 0.0399516 0.000440305 0.000311283 0 
-0.176874 0.0585158 -0.00286387 0.000212015 0.0552263 -0.0552263 0.000212015 19503 19383 25.6742 25.6721 0.0401416 -0.000270779 0.000486788 0 
-0.173189 0.0593486 -0.00248819 0.000593831 0.0551521 -0.0551521 0.000593831 19548.7 19428.7 25.6778 25.6757 0.0403313 -0.000350905 -0.000167936 0 
-0.169504 0.059701 -0.00201836 0.000913283 0.0550777 -0.0550777 0.000913283 19594.3 19474.3 25.6811 25.679 0.0405203 0.00043123 -0.000582238 0 
-0.165819 0.0594058 -0.0015472 0.00110328 0.0550028 -0.0550028 0.00110328 19639.9 19519.9 25.6841 25.682 0.0407084 0.000194057 -6.71517e-05 0 
-0.162134 0.0583724 -0.0011452 0.00111478 0.0549277 -0.0549277 0.00111478 19685.4 19565.4 25.6869 25.6848 0.0408953 -0.000534547 0.000590661 0 
-0.15845 0.0567861 -0.000802719 0.00096358 0.0548521 -0.0548521 0.00096358 19730.8 19610.9 25.6894 25.6873 0.0410813 8.42706e-06 0.000381446 0 
-0.154765 0.0548941 -0.000492121 0.000680026 0.0547763 -0.0547763 0.000680026 19776.3 19656.3 25.6916 25.6895 0.0412663 0.000562987 -0.000412033 0 
-0.15108 0.0529434 -0.000185777 0.000294458 0.0547001 -0.0547001 0.000294458 19821.6 19701.6 25.6936 25.6915 0.0414505 -0.000228518 -0.000674143 0 
-0.147395 0.0511811 0.000143942 -0.000162782 0.0546235 -0.0546235 -0.000162782 19866.9 19746.9 25.6952 25.6932 0.0416341 -0.000509771 -3.34357e-05 0 
-0.14371 0.0498132 0.000513076 -0.000653763 0.0545467 -0.0545467 -0.000653763 19912.1 19792.1 25.6966 25.6946 0.0418172 0.000436492 0.000701241 0 
-0.140025 0.048897 0.000895537 -0.00111298 0.0544695 -0.0544695 -0.00111298 19957.3 19837.3 25.6978 25.6957 0.0419998 0.000379086 0.000637766 0 
-0.13634 0.0484555 0.00125568 -0.00146867 0.0543919 -0.0543919 -0.00146867 20002.4 19882.4 25.6986 25.6966 0.0421818 -0.000605094 -0.000158233 0 
-0.132655 0.048512 0.00155784 -0.00164907 0.054314 -0.054314 -0.00164907 20047.5 19927.5 25.6992 25.6972 0.0423633 -0.000184493 -0.0008574 0 
-0.128971 0.0490899 0.00176638 -0.00158241 0.0542358 -0.0542358 -0.00158241 20092.5 19972.4 25.6996 25.6975 0.0425443 0.000712757 -0.000806639 0 
-0.125286 0.0501732 0.00185628 -0.00122982 0.0541573 -0.0541573 -0.00122982 20137.4 20017.4 25.6996 25.6976 0.0427247 -5.37315e-05 -7.65369e-05 0 
-0.121601 0.0516031 0.00184173 -0.000673415 0.0540784 -0.0540784 -0.000673415 20182.2 20062.2 25.6994 25.6974 0.0429044 -0.000745571 0.000778838 0 
-0.117916 0.0531873 0.00174587 -2.3102e-05 0.0539991 -0.0539991 -2.3102e-05 20227 20107 25.6988 25.6969 0.0430836 0.000311781 0.00127405 0 
-0.114231 0.054734 0.00159189 0.000611205 0.0539196 -0.0539196 0.000611205 20271.8 20151.7 25.6981 25.6961 0.043262 0.000697921 0.00128974 0 
-0.110546 0.056051 0.00140293 0.00111959 0.0538397 -0.0538397 0.00111959 20316.4 20196.4 25.697 25.695 0.0434397 -0.000565474 0.000996154 0 
-0.106861 0.0569774 0.00119997 0.00141942 0.0537595 -0.0537595 0.00141942 20361 20241 25.6957 25.6937 0.0436167 -0.000571918 0.000627921 0 
-0.103176 0.0574673 0.000995745 0.00152956 0.053679 -0.053679 0.00152956 20405.5 20285.5 25.6941 25.6921 0.0437927 0.000792956 0.000333115 0 
-0.0994916 0.0575017 0.000801109 0.00149248 0.0535982 -0.0535982 0.00149248 20450 20329.9 25.6922 25.6902 0.0439677 0.000375903 0.000151144 0 
-0.0958067 0.0570617 0.000626899 0.00135066 0.053517 -0.053517 0.00135066 20494.3 20374.3 25.69 25.688 0.0441414 -0.000976687 5.91632e-05 0 
-0.0921218 0.0561283 0.000483958 0.00114658 0.0534355 -0.0534355 0.00114658 20538.6 20418.6 25.6876 25.6856 0.0443139 -0.000122374 2.00624e-05 0 
-0.088437 0.0547272 0.000377045 0.000918052 0.0533537 -0.0533537 0.000918052 20582.9 20462.8 25.6848 25.6829 0.0444849 0.00110464 5.90003e-06 0 
-0.0847521 0.0530533 0.000288018 0.000685327 0.0532716 -0.0532716 0.000685327 20627 20506.9 25.6818 25.6799 0.0446551 -0.000174377 1.50284e-06 0 
-0.0810672 0.051341 0.000193338 0.000464519 0.0531892 -0.0531892 0.000464519 20671.1 20551 25.6786 25.6766 0.0448247 -0.00117083 3.30466e-07 0 
-0.0773823 0.0498247 6.94684e-05 0.000271742 0.0531064 -0.0531064 0.000271742 20715.1 20595 25.675 25.6731 0.0449945 0.000500752 6.24084e-08 0 
-0.0736975 0.0487389 -0.000107128 0.000123109 0.0530233 -0.0530233 0.000123109 20759 20638.9 25.6712 25.6693 0.0451649 0.00117527 1.00504e-08 0 
-0.0700126 0.0482627 -0.000350123 2.90533e-05 0.05294 -0.05294 2.90533e-05 20802.8 20682.7 25.6671 25.6652 0.0453361 -0.000846348 1.36771e-09 0 
-0.0663277 0.0483648 -0.000635584 -2.16553e-05 0.0528563 -0.0528563 -2.16553e-05 20846.6 20726.5 25.6627 25.6608 0.0455069 -0.00112359 0 0 
-0.0626428 0.0489634 -0.000930615 -4.54087e-05 0.0527723 -0.0527723 -4.54087e-05 20890.2 20770.2 25.658 25.6561 0.0456757 0.00120632 0 0 
-0.058958 0.049977 -0.00120232 -5.85985e-05 0.052688 -0.052688 -5.85985e-05 20933.8 20813.8 25.6531 25.6512 0.0458409 0.00102719 0 0 
-0.0552731 0.0513238 -0.00141781 -7.76163e-05 0.0526034 -0.0526034 -7.76163e-05 20977.3 20857.3 25.6479 25.646 0.0460011 -0.00158428 0 0 
-0.0515882 0.0529036 -0.00155264 -0.000115651 0.0525185 -0.0525185 -0.000115651 21020.8 20900.7 25.6423 25.6405 0.0461555 -0.000905928 0 0 
-0.0479034 0.0545436 -0.001615 -0.000173532 0.0524333 -0.0524333 -0.000173532 21064.1 20944 25.6366 25.6347 0.0463072 0.00199757 0 0 
-0.0442185 0.0560538 -0.00162096 -0.000249109 0.0523478 -0.0523478 -0.000249109 21107.4 20987.3 25.6305 25.6286 0.0464597 0.000796898 0 0 
-0.0405336 0.0572443 -0.00158656 -0.000340232 0.052262 -0.052262 -0.000340232 21150.5 21030.4 25.6242 25.6223 0.0466169 -0.00248749 0 0 
-0.0368487 0.0579248 -0.00152787 -0.000444751 0.052176 -0.052176 -0.000444751 21193.6 21073.5 25.6176 25.6157 0.0467824 -0.000781315 0 0 
-0.0331639 0.057963 -0.00145645 -0.000559659 0.0520896 -0.0520896 -0.000559659 21236.6 21116.5 25.6107 25.6089 0.0469581 0.00313396 0 0 
-0.029479 0.0574514 -0.00136627 -0.000678614 0.052003 -0.052003 -0.000678614 21279.5 21159.4 25.6036 25.6018 0.0471384 0.00108048 0 0 
-0.0257941 0.0565373 -0.00124701 -0.000794453 0.0519161 -0.0519161 -0.000794453 21322.3 21202.2 25.5962 25.5944 0.047316 -0.00404984 0 0 
-0.0221092 0.0553684 -0.00108836 -0.000900019 0.0518289 -0.0518289 -0.000900019 21365 21244.9 25.5884 25.5866 0.0474836 -0.00246079 0 0 
-0.0184244 0.0540919 -0.000879994 -0.000988151 0.0517413 -0.0517413 -0.000988151 21407.6 21287.5 25.5804 25.5786 0.0476337 0.0049415 0 0 
-0.0147395 0.052829 -0.00061537 -0.00105373 0.0516534 -0.0516534 -0.00105373 21450.1 21330 25.572 25.5702 0.047761 0.00828302 0 0 
-0.0110546 0.0515976 -0.000302797 -0.00109966 0.0515651 -0.0515651 -0.00109966 21492.5 21372.4 25.5633 25.5615 0.0478686 0.00500206 0 0 
-0.00736975 0.0503898 4.57377e-05 -0.00113088 0.0514767 -0.0514767 -0.00113088 21534.8 21414.7 25.5544 25.5526 0.0479614 0.00117876 0 0 
-0.00368487 0.0491977 0.000418247 -0.00115227 0.0513881 -0.0513881 -0.00115227 21577.1 21457 25.5454 25.5436 0.0480442 5.09251e-05 0 0 
0 0.0480134 0.000802743 -0.00116875 0.0512995 -0.0512995 -0.00116875 21619.4 21499.2 25.5363 25.5345 0.0481221 0 0 0 
